episode,episode_reward,p_loss,v_loss,t_loss
0,-68.82839720882171,1.2253275275230409,8.479797744750977,9.705125045776366
1,-58.64838375219803,1.0419898867607116,8.021128177642822,9.063118076324463
2,-63.83946954053647,1.1343073844909668,10.114131736755372,11.248438930511474
3,-75.90165248588013,1.357735848426819,10.59870662689209,11.95644245147705
4,-92.13938233178048,1.6426775455474854,12.525964832305908,14.168642234802245
5,-101.85551737536045,1.8179421782493592,10.314684200286866,12.132626342773438
6,-63.172050321322615,1.129108762741089,7.681009149551391,8.810117816925048
7,-46.89979237275783,0.8362776756286621,7.494030952453613,8.330308532714843
8,-88.6364072267584,1.5747677683830261,10.90229549407959,12.477063179016113
9,-85.4115025009354,1.524886953830719,9.44136610031128,10.966252994537353
10,-73.29516469743204,1.3043349266052247,9.691279029846191,10.995614051818848
11,-66.99774230779835,1.1906803011894227,9.63496503829956,10.825645256042481
12,-78.38514408786457,1.3964816331863403,10.382157897949218,11.7786395072937
13,-52.12540681419009,0.93046053647995,5.5545329570770265,6.484993505477905
14,-75.4164480790152,1.3436259865760802,8.353118896484375,9.69674472808838
15,-62.80249430467779,1.1209135890007018,6.797041940689087,7.917955541610718
16,-87.82428517451648,1.565114963054657,9.556028652191163,11.121143627166749
17,-84.39116576486168,1.4994051218032838,9.356630420684814,10.856035614013672
18,-39.079289132015376,0.6792075276374817,9.560522651672363,10.239730262756348
19,-80.77977437958705,1.4388785243034363,7.631206369400024,9.070084857940675
20,-68.31468452515423,1.2123705267906189,10.135986328125,11.348356819152832
21,-90.11732267327207,1.6025113701820373,8.062521743774415,9.665033054351806
22,-76.31115315887092,1.3573974132537843,10.713958549499512,12.07135591506958
23,-60.42380438636638,1.0715906023979187,8.760607147216797,9.832197666168213
24,-67.13019510191741,1.191920554637909,9.117672538757324,10.309593105316162
25,-89.65261480729914,1.591190767288208,9.533216667175292,11.124407386779785
26,-78.65921417658186,1.3894914150238038,8.012823486328125,9.402314949035645
27,-86.88561709373589,1.5396926283836365,8.999470138549805,10.539162731170654
28,-88.91421597810314,1.575005829334259,9.904021072387696,11.479026794433594
29,-59.034158528201836,1.0396118998527526,7.2059084415435795,8.245520401000977
30,-85.96828836732159,1.5219877243041993,9.248487663269042,10.77047519683838
31,-75.6948642812466,1.3394664883613587,8.81105604171753,10.15052251815796
32,-74.32912911511029,1.3176430463790894,9.80964708328247,11.127290153503418
33,-94.17988119243645,1.6664864063262939,10.690997219085693,12.35748348236084
34,-56.573175325326716,0.9959927260875702,6.290617275238037,7.28661003112793
35,-78.09859362985146,1.3828869342803956,8.170226764678954,9.553113651275634
36,-69.95581761543734,1.2373332262039185,6.9203064918518065,8.157639598846435
37,-80.79791538701048,1.42932288646698,8.454584980010987,9.883907985687255
38,-40.01947610185458,0.7015159845352172,8.314633464813232,9.01614933013916
39,-67.90421811071683,1.1973945140838622,11.007786560058594,12.20518102645874
40,-77.58607131160994,1.368660569190979,11.302198886871338,12.67085952758789
41,-80.00552244588047,1.411285948753357,10.193645477294922,11.604931545257568
42,-41.48034682111111,0.7305053472518921,4.657787084579468,5.388292551040649
43,-80.79698646278436,1.4202030420303344,8.878315925598145,10.298518848419189
44,-62.38585545582662,1.0965649008750915,6.278511428833008,7.375076341629028
45,-75.11418293677134,1.3252097249031067,8.58800811767578,9.91321783065796
46,-67.41642706309368,1.1808789730072022,7.651487493515015,8.832366561889648
47,-56.402382686305685,0.9910406649112702,7.512535047531128,8.503575706481934
48,-65.08105439902867,1.1457976579666138,11.050114727020263,12.19591245651245
49,-63.30065733968164,1.1136954069137572,7.003189516067505,8.116885089874268
50,-53.05229799529198,0.9300807833671569,5.731505870819092,6.661586713790894
51,-45.661249998481324,0.7937825977802276,8.758631801605224,9.552414321899414
52,-65.75702922281096,1.155338418483734,6.912092304229736,8.067430686950683
53,-59.2885236110008,1.0381740927696228,6.699730300903321,7.737904357910156
54,-43.58571311731872,0.7654723584651947,6.415404510498047,7.180876874923706
55,-88.33292375022202,1.5494466423988342,11.31799840927124,12.867445182800292
56,-35.59814341415499,0.6163932263851166,7.327013683319092,7.9434069156646725
57,-38.85905245432417,0.6763766288757325,6.082967805862427,6.759344387054443
58,-55.73343725296564,0.97608123421669,6.999553775787353,7.975635004043579
59,-43.97807418851097,0.7675985872745514,8.153011322021484,8.920609855651856
60,-44.1992991151199,0.7701383888721466,5.312546586990356,6.082684946060181
61,-58.023442072542665,1.013974404335022,5.661024141311645,6.674998569488525
62,-63.91437252156757,1.1213032841682433,8.141678047180175,9.262981510162353
63,-63.1128118575636,1.104799175262451,7.380256795883179,8.485056114196777
64,-37.53690254746783,0.6426409900188446,5.879825162887573,6.522466135025025
65,-62.48558040471062,1.0903757810592651,8.258469295501708,9.3488450050354
66,-51.169446765430735,0.8904808342456818,9.379412651062012,10.269893550872803
67,-46.4079186621154,0.80838383436203,5.407990455627441,6.216374349594116
68,-65.02838765942428,1.1373310089111328,6.736711072921753,7.874042129516601
69,-53.058810225502185,0.9199566423892975,7.095648288726807,8.015605020523072
70,-54.00766357147386,0.9342998445034028,8.71766119003296,9.651961040496825
71,-58.98394696948904,1.0311057686805725,6.512401962280274,7.543507623672485
72,-70.28034020781831,1.229585015773773,8.80783452987671,10.037419605255128
73,-71.40941216408562,1.2437311291694642,8.865410041809081,10.10914125442505
74,-50.07208747345318,0.8708885848522187,7.5265453338623045,8.397433853149414
75,-60.01104483547486,1.0436015605926514,6.4989586353302,7.542560195922851
76,-56.28586122273704,0.971928334236145,6.396541357040405,7.368469667434693
77,-41.69074711713573,0.7165865004062653,8.690658569335938,9.407245254516601
78,-47.528698304555256,0.8037684261798859,10.07721471786499,10.88098316192627
79,-50.189692493157594,0.8680311143398285,5.965719938278198,6.833751106262207
80,-55.61776793268038,0.9658426105976105,4.792257595062256,5.758100175857544
81,-30.509236819435507,0.5121333837509155,5.865006017684936,6.37713942527771
82,-59.41437080921,1.026936984062195,6.950705718994141,7.977642679214478
83,-36.834497585935125,0.6197129309177398,6.916406583786011,7.536119508743286
84,-58.67934348279021,1.014677631855011,9.261629676818847,10.276307392120362
85,-64.48557629537133,1.1194675326347352,5.938459587097168,7.057927083969116
86,-47.779283164564035,0.8183710873126984,6.498695802688599,7.31706690788269
87,-46.568277620280426,0.8044616162776947,7.155907487869262,7.9603691577911375
88,-66.85249479146587,1.15790798664093,6.780088806152344,7.937996816635132
89,-54.404308557658936,0.9297641634941101,7.950062894821167,8.87982702255249
90,-71.21871572662596,1.236751878261566,9.538793754577636,10.775545501708985
91,-44.82885466732178,0.759466677904129,7.2550794124603275,8.014546155929565
92,-64.24596517442916,1.1083284735679626,9.44301242828369,10.55134105682373
93,-61.254284562506456,1.051695501804352,6.442761993408203,7.494457578659057
94,-29.46859248290611,0.4893862307071686,5.202887916564942,5.692274141311645
95,-53.66044562260846,0.925322848558426,6.0535026550292965,6.978825473785401
96,-31.924620952868487,0.5299880623817443,7.721782875061035,8.251770877838135
97,-59.59079530149751,1.0265312433242797,9.227362632751465,10.253893852233887
98,-23.794353479669365,0.38664313554763796,5.666459751129151,6.05310287475586
99,-42.106347772936395,0.7162423968315125,6.110714054107666,6.826956415176392
100,-71.06014437649945,1.2227622509002685,8.550283718109132,9.773046016693115
101,-42.23526531865383,0.7192555427551269,7.236330509185791,7.955586004257202
102,-46.23661424432943,0.787522840499878,6.267004728317261,7.054527521133423
103,-51.873835658310924,0.8877271294593811,5.335460376739502,6.22318754196167
104,-39.89148938810299,0.6650459825992584,4.6836014747619625,5.348647546768189
105,-67.69847597342314,1.165796732902527,10.369587516784668,11.535384178161621
106,-47.27869375362967,0.799862164258957,6.71611065864563,7.5159728050231935
107,-27.822361489060782,0.4571517646312714,5.242158985137939,5.699310731887818
108,-47.1986930567265,0.7950795352458954,5.5317747592926025,6.326854276657104
109,-33.57702230120931,0.5459806859493256,4.243258619308472,4.789239311218262
110,-52.797753880552186,0.8884600520133972,8.160289192199707,9.0487491607666
111,-46.920385196808425,0.791819828748703,4.867082214355468,5.6589020729064945
112,-33.847449296755855,0.5524484217166901,6.393272066116333,6.945720481872558
113,-23.261241914261156,0.3738105475902557,6.854998970031739,7.228809547424317
114,-48.621493222521636,0.8208096921443939,7.627729797363282,8.448539543151856
115,-44.32746444580126,0.735739278793335,6.752811670303345,7.488550901412964
116,-28.71366694842461,0.4682528555393219,3.7946999073028564,4.26295280456543
117,-48.57461205661217,0.8183435916900634,12.734684276580811,13.553027820587157
118,-35.280261390943124,0.5872904777526855,4.357322359085083,4.944612789154053
119,-64.28961374106518,1.0936363458633422,8.743098640441895,9.836735057830811
120,-48.34017846318237,0.8100555539131165,5.408579301834107,6.218634843826294
121,-36.672522255263694,0.5967122256755829,5.830408573150635,6.427120780944824
122,-44.82332022785418,0.7536197900772095,4.282997703552246,5.036617565155029
123,-44.842326785772286,0.753763610124588,6.762207555770874,7.515971088409424
124,-45.012880315295476,0.7601570010185241,9.626404571533204,10.386561679840089
125,-55.679808877298456,0.9407867074012757,5.522258949279785,6.463045644760132
126,-55.368596381373024,0.9437204718589782,5.747443342208863,6.691163778305054
127,-68.53005802277579,1.171955120563507,8.352543926239013,9.524499034881591
128,-66.1914034535285,1.1304322123527526,7.040176010131836,8.170608139038086
129,-58.1412681453252,0.9808964431285858,5.986011505126953,6.966907930374146
130,-23.14207743279208,0.3642877221107483,4.949792194366455,5.314079904556275
131,-71.05983025459417,1.2219419836997987,6.813329267501831,8.03527135848999
132,-29.91400077381047,0.4889563411474228,3.717329716682434,4.20628604888916
133,-47.62667292603126,0.7938309788703919,4.6984734535217285,5.492304468154908
134,-30.241268590242704,0.47679403722286223,6.672507286071777,7.149301338195801
135,-35.24293594857541,0.580345731973648,6.856204462051392,7.436550235748291
136,-56.04050038643524,0.9464462578296662,5.605530834197998,6.551977109909058
137,-43.73799474008346,0.7253265082836151,5.164353704452514,5.8896801471710205
138,-16.8926744818344,0.24320862889289857,4.741473865509033,4.98468246459961
139,-35.071792325587644,0.5741490840911865,8.02511157989502,8.599260425567627
140,-16.646961664872798,0.23984703570604324,3.088861894607544,3.3287089347839354
141,-51.425818980185156,0.8518878161907196,6.930053043365478,7.781940841674805
142,-38.098613848415376,0.6286901533603668,4.316331386566162,4.945021486282348
143,-42.885227525108895,0.6940483927726746,10.043016815185547,10.73706512451172
144,-33.41309306534073,0.5354461431503296,4.226936483383179,4.762382650375367
145,-46.69197947372123,0.777359026670456,4.7601484775543215,5.5375075340271
146,-38.37432200334617,0.616442984342575,7.220442104339599,7.836885070800781
147,-52.3936932118296,0.8771346807479858,5.539540386199951,6.416675090789795
148,-32.5201515173524,0.5110159456729889,4.130816173553467,4.6418322086334225
149,-45.9533578386483,0.7621174037456513,7.635400056838989,8.39751739501953
150,-45.76512047280462,0.7547427535057067,3.3197195291519166,4.074462270736694
151,-55.71063772664415,0.9225580811500549,5.8953009128570555,6.817859077453614
152,-28.71520607093253,0.44899746477603913,5.553886079788208,6.002883529663086
153,-23.820082973405206,0.3569328784942627,5.239815425872803,5.596748304367066
154,-31.707364929662845,0.5079352796077728,3.688039994239807,4.195975255966187
155,-26.354726596319992,0.4039709150791168,5.531567621231079,5.935538578033447
156,-46.84013650844052,0.7788798034191131,7.278309106826782,8.057189083099365
157,-39.37185002463727,0.6467625200748444,7.520931196212769,8.16769380569458
158,-24.607347182591134,0.3725232869386673,3.18858323097229,3.5611065149307253
159,-51.72670607515284,0.8455532729625702,5.610917806625366,6.456471061706543
160,-43.043834521343015,0.6963752090930939,4.170835542678833,4.867210721969604
161,-18.221138477002533,0.2635054111480713,2.6437870502471923,2.9072924613952638
162,-31.800607164175645,0.5087128818035126,7.1365838050842285,7.645296669006347
163,-43.746803154206724,0.7271439254283905,8.04685468673706,8.773998546600343
164,-26.79470053740095,0.40860762894153596,5.1701489925384525,5.578756618499756
165,-21.8984302410422,0.3185922533273697,3.7361175775527955,4.0547099113464355
166,-44.06703222631694,0.7238979637622833,3.3634904861450194,4.0873884677886965
167,-38.934086966555554,0.6324203789234162,4.08794059753418,4.720360994338989
168,-38.14213594806469,0.6130345344543457,5.2710517883300785,5.884086322784424
169,-36.00577699521387,0.5754032552242279,8.237316513061524,8.812719821929932
170,-41.08397421162573,0.6645647585391998,8.082512187957764,8.747076988220215
171,-28.883286473823027,0.4585586577653885,5.170101642608643,5.628660249710083
172,-27.250257208678615,0.4199865847826004,3.8520183086395265,4.2720049858093265
173,-38.56382029595688,0.6120170772075653,6.788208961486816,7.40022611618042
174,-39.97108973265603,0.6524179756641388,7.0474790096282955,7.699897050857544
175,-36.730749336319676,0.5909696698188782,7.107410669326782,7.698380327224731
176,-31.65078783505289,0.49666145741939544,7.20365891456604,7.700320434570313
177,-44.678507414420366,0.7173129022121429,8.302251815795898,9.019564723968506
178,-26.50772788270381,0.40995691120624544,5.076407384872437,5.486364364624023
179,-44.46113477188656,0.7297180593013763,4.502945804595948,5.232663869857788
180,-39.467986777726715,0.6319897830486297,4.403399991989136,5.035389757156372
181,-37.26211458222801,0.6017806172370911,5.382622480392456,5.984403133392334
182,-32.58604038315516,0.5099572151899338,3.9867793321609497,4.496736621856689
183,-40.52425432907387,0.6593873560428619,5.8135912895202635,6.472978591918945
184,-35.86158485194696,0.577094954252243,5.3739156246185305,5.951010608673096
185,-30.981232007446785,0.48993208408355715,4.755759811401367,5.245691967010498
186,-22.567823980235847,0.3147478997707367,5.152670812606812,5.467418766021728
187,-23.178415605767274,0.34543976187705994,3.0676443338394166,3.413084125518799
188,-30.865256100638295,0.47767566442489623,5.506490278244018,5.984165954589844
189,-43.77715423883119,0.6932257175445556,8.799524402618408,9.492750072479248
190,-43.502085192502406,0.7075726330280304,5.2453429222106935,5.952915525436401
191,-54.36904206884654,0.8807215034961701,5.820774126052856,6.701495504379272
192,-47.955455861624245,0.7872625052928924,6.332323789596558,7.119586324691772
193,-42.334842361123975,0.6804004609584808,5.25123233795166,5.931632709503174
194,-36.73913281373029,0.5743458986282348,3.8498353242874144,4.424181270599365
195,-47.8172826201738,0.7755521833896637,8.205094623565675,8.980646800994872
196,-34.4940643004089,0.5473894596099853,5.112252712249756,5.659642171859741
197,-42.022492553160866,0.6779237806797027,7.0682158946990965,7.746139717102051
198,-45.530079768934755,0.7302588641643524,5.651246881484985,6.381505823135376
199,-38.497473560583536,0.6062095999717713,8.322936916351319,8.929146575927735
200,-34.02614634207624,0.5259145379066468,5.733617448806763,6.2595319747924805
201,-65.14631419795771,1.0842949986457824,7.154396486282349,8.238691520690917
202,-37.65002702253532,0.6005825340747833,4.865721940994263,5.466304445266724
203,-51.32991799242926,0.8256358921527862,7.589971208572388,8.415607166290282
204,-39.72461477502165,0.636775654554367,7.0849121570587155,7.7216877937316895
205,-46.001795997336764,0.7432144939899444,6.728397560119629,7.471612024307251
206,-56.27024431019971,0.9292695879936218,11.163933658599854,12.093203258514404
207,-46.020032970039246,0.7526401519775391,5.366253757476807,6.1188939094543455
208,-42.07301861537438,0.6833945333957672,6.848489999771118,7.531884479522705
209,-53.66251754969002,0.8834014773368836,6.308043479919434,7.1914451122283936
210,-50.0246690423253,0.8182697296142578,8.174055576324463,8.992325401306152
211,-54.6913715643708,0.9068852484226226,3.6798112630844115,4.586696529388428
212,-45.63829780261548,0.7164134562015534,6.325243139266968,7.041656589508056
213,-46.68034792817483,0.7576292335987092,4.8864658832550045,5.644095087051392
214,-57.80896986763567,0.9267784118652344,6.261196231842041,7.18797459602356
215,-56.12177242319521,0.9286433041095734,6.222346258163452,7.150989532470703
216,-47.48864116753141,0.7772911190986633,5.7272562980651855,6.504547452926635
217,-55.83143769809911,0.9191944241523743,9.349684906005859,10.268879318237305
218,-50.4788197821231,0.8222175180912018,5.86692180633545,6.689139318466187
219,-48.67882207197839,0.7868712723255158,4.763316297531128,5.550187635421753
220,-53.716918928661556,0.8821714222431183,6.933073568344116,7.815245008468628
221,-52.9189016023538,0.8641972601413727,9.913963222503662,10.778160285949706
222,-53.19065273723798,0.8650728702545166,5.691248559951783,6.556321430206299
223,-60.128708561762735,0.9921062707901,7.637773942947388,8.629880142211913
224,-48.72543830255458,0.7691974699497223,6.808490753173828,7.577688264846802
225,-59.619472344314744,0.9815796256065369,8.56539535522461,9.54697494506836
226,-59.39241704860037,0.9787028014659882,5.143663358688355,6.122366142272949
227,-53.5759112958021,0.87063969373703,4.374348592758179,5.244988298416137
228,-54.389258528588854,0.8878918647766113,3.88744261264801,4.77533450126648
229,-44.36219811835385,0.706733226776123,4.060959339141846,4.767692565917969
230,-67.25419931175122,1.1130849361419677,8.976067733764648,10.089152717590332
231,-58.67423370494316,0.9622069597244263,7.032132720947265,7.9943396091461185
232,-54.27856874145577,0.8646751701831817,8.212038898468018,9.076713943481446
233,-65.88352354993096,1.0664052367210388,7.505136156082154,8.57154140472412
234,-54.099771836192375,0.8755464196205139,5.590065288543701,6.465611696243286
235,-61.92690480120856,1.009329605102539,8.887892723083496,9.897222328186036
236,-45.321667087238154,0.6949205577373505,5.740511465072632,6.435432004928589
237,-57.80110707581907,0.9423886001110077,6.849706506729126,7.792095136642456
238,-62.5448608964862,1.0344542741775513,8.599560356140136,9.63401460647583
239,-70.74584642011467,1.1725752472877502,9.96467628479004,11.137251377105713
240,-57.29295273459884,0.9191846489906311,4.258564424514771,5.1777490139007565
241,-66.3222389149357,1.0775151014328004,7.0340948581695555,8.111609935760498
242,-54.30601646013663,0.8784584045410156,5.8360137939453125,6.714472246170044
243,-49.913154415956924,0.7990321457386017,6.757196140289307,7.556228303909302
244,-55.45758551364489,0.8884570896625519,6.054933786392212,6.943390846252441
245,-62.19007226908148,1.0155882596969605,6.319071960449219,7.334660243988037
246,-69.27848528388368,1.1441696047782899,8.280180835723877,9.424350357055664
247,-64.45885791759649,1.0553639888763429,6.3453912258148195,7.400755214691162
248,-63.16522150203387,1.0357410073280335,5.555405569076538,6.591146612167359
249,-63.50578524819792,1.0469497799873353,9.047348117828369,10.094297790527344
250,-59.727316357070166,0.967202615737915,11.22988681793213,12.197089290618896
251,-66.9468152368695,1.1024071812629699,5.637848901748657,6.740256071090698
252,-56.74981069993427,0.9188492119312286,6.356472539901733,7.275321817398071
253,-65.60654526450733,1.0813350439071656,4.572419023513794,5.653754091262817
254,-57.62474823772058,0.9324384808540345,5.731291770935059,6.663730144500732
255,-77.03608779992278,1.2763270378112792,7.53043761253357,8.806764793395995
256,-54.96362104118504,0.874453866481781,5.280684757232666,6.15513858795166
257,-56.923969482637894,0.9176547646522522,7.415773725509643,8.333428382873535
258,-68.25958468026619,1.1195300698280335,4.721350955963135,5.840881061553955
259,-55.30385636964331,0.8838437676429749,6.2571571350097654,7.1410009384155275
260,-63.1568673095341,1.0343966722488402,6.586543321609497,7.6209399700164795
261,-55.19829933175961,0.8884311378002167,4.614859199523925,5.503290271759033
262,-65.67738750056603,1.0789902091026307,6.450766134262085,7.529756307601929
263,-64.29357108564965,1.0470469117164611,5.82483549118042,6.871882438659668
264,-62.117311013649115,1.010546875,4.778965187072754,5.789512062072754
265,-68.25424333289953,1.1124131798744201,7.605184650421142,8.71759786605835
266,-68.39408284674104,1.1203019142150878,8.525538635253906,9.645840549468994
267,-57.67270702339603,0.9287570416927338,6.927910900115966,7.85666790008545
268,-67.43867709689299,1.1047656178474425,10.929473972320556,12.034239578247071
269,-61.63960111508388,0.9999228715896606,5.860995197296143,6.860918045043945
270,-64.84998472717108,1.0555671811103822,6.957862854003906,8.013430070877074
271,-63.58556789488914,1.034262752532959,6.991554498672485,8.025817394256592
272,-73.23728438780773,1.2063212156295777,9.8917706489563,11.098091983795166
273,-70.92016986861796,1.1600539565086365,10.013833999633789,11.173888015747071
274,-59.11276700525741,0.9467632293701171,8.165906047821045,9.112669372558594
275,-65.22795189847804,1.070402705669403,7.324434614181518,8.394837379455566
276,-66.91031135567924,1.0915470480918885,8.479377174377442,9.570924282073975
277,-52.88523153724226,0.8488483786582947,4.175074911117553,5.023923301696778
278,-59.28257095779337,0.9618002533912658,3.9821614742279055,4.943961715698242
279,-65.102642108645,1.0553967475891113,6.082954597473145,7.13835129737854
280,-61.83828994296801,0.9952690720558166,7.977857971191407,8.973126983642578
281,-64.09521981785441,1.0369160175323486,8.22676706314087,9.26368293762207
282,-68.4237683485723,1.0992740154266358,6.66938419342041,7.768658256530761
283,-62.52873273603845,1.009916090965271,3.2174905061721804,4.227406692504883
284,-68.23808749488713,1.1083516478538513,6.051105165481568,7.159456872940064
285,-69.36552699617447,1.1275884866714478,8.174537754058838,9.302126216888428
286,-63.749882899335205,1.0281699538230895,5.988434934616089,7.016604804992676
287,-64.93852072446339,1.050132954120636,5.788800430297852,6.838933324813842
288,-63.459604279513385,1.023385798931122,5.791806888580322,6.815192794799804
289,-62.270304957306706,1.0017883241176606,4.304060077667236,5.3058483600616455
290,-56.01353651177709,0.8922568202018738,4.776337146759033,5.66859393119812
291,-75.02596461717988,1.2329717040061952,8.671242618560791,9.90421438217163
292,-69.26680791812362,1.1294583797454834,7.724175882339478,8.853634262084961
293,-68.20804792590442,1.090442681312561,6.696204328536988,7.786646986007691
294,-74.70847279302414,1.212985360622406,9.090359687805176,10.303345108032227
295,-71.85988976725007,1.171649205684662,6.1407183647155765,7.312367534637451
296,-61.938248802867676,0.9959361612796783,4.250506353378296,5.246442556381226
297,-71.59979446317286,1.169332456588745,8.138808536529542,9.30814094543457
298,-66.70268167211167,1.082932710647583,4.430558395385742,5.513491153717041
299,-65.35082500624264,1.0438732862472535,7.0067061424255375,8.050579261779784
300,-67.06343414906708,1.0827628254890442,6.489656639099121,7.572419452667236
301,-60.40005002211069,0.9737807810306549,3.5950256824493407,4.568806505203247
302,-74.89078899629618,1.2244048476219178,9.944680500030518,11.169085216522216
303,-68.2677387059282,1.102545714378357,6.222187471389771,7.32473316192627
304,-65.82381147142658,1.0622283935546875,4.76809983253479,5.8303282260894775
305,-66.9051333806226,1.071862483024597,5.277981328964233,6.349843883514405
306,-69.22823841553318,1.1306689739227296,6.256389808654785,7.387058734893799
307,-73.62214191528311,1.2122612714767456,7.730356979370117,8.94261817932129
308,-71.0408646118033,1.1585622549057006,6.615832233428955,7.774394464492798
309,-71.16590719264283,1.1532392859458924,4.9587953090667725,6.112034559249878
310,-67.11408179015486,1.0866722345352173,7.390063714981079,8.476736068725586
311,-69.26297777692093,1.1147222518920898,7.387452173233032,8.502174186706544
312,-65.35519408025829,1.0661222100257874,4.014551782608033,5.0806739807128904
313,-68.40295240881623,1.110591673851013,5.952884578704834,7.063476276397705
314,-63.55582989312967,1.0173333644866944,4.697315406799317,5.714648771286011
315,-62.575220219848774,0.999518620967865,3.4361151695251464,4.435633754730224
316,-56.453778791517465,0.8985047161579132,3.4405155897140505,4.3390203475952145
317,-72.70984180753189,1.1741236686706542,6.885326719284057,8.05945053100586
318,-72.82657665348107,1.1749491453170777,7.707774209976196,8.882723331451416
319,-64.7056601196393,1.0493061184883117,6.401699495315552,7.451005554199218
320,-57.144426711146195,0.8952796995639801,4.155817270278931,5.051097059249878
321,-66.8259066807838,1.078729009628296,7.320606708526611,8.399335765838623
322,-66.70297955207107,1.0632270574569702,4.37517466545105,5.438401746749878
323,-69.13225311369092,1.1135682940483094,4.817291593551635,5.93085994720459
324,-63.08838248921737,1.0101089000701904,4.136396503448486,5.146505355834961
325,-72.8326548431179,1.1781696319580077,7.962200689315796,9.14037036895752
326,-70.57897171423306,1.14282888174057,6.479227542877197,7.622056531906128
327,-72.04519850435747,1.175403082370758,7.096683073043823,8.272086238861084
328,-72.93005479428467,1.178523564338684,9.11445484161377,10.292978382110595
329,-75.31585554804929,1.2253501415252686,9.889972496032716,11.115322589874268
330,-69.34833703497316,1.1222271919250488,6.936611175537109,8.05883855819702
331,-70.09925806101076,1.134589159488678,3.7632490396499634,4.897838163375854
332,-73.34494208314811,1.1849998235702515,6.783668518066406,7.968668365478516
333,-72.17160011435354,1.16350976228714,6.666199207305908,7.8297089576721195
334,-68.1214265278952,1.092136013507843,6.246289587020874,7.338425493240356
335,-65.12137804050748,1.0471976399421692,4.854887580871582,5.902085256576538
336,-64.54591854047766,1.0280535101890564,5.344925117492676,6.372978544235229
337,-68.02477563400801,1.081425929069519,5.280415821075439,6.361841678619385
338,-61.555876333247284,0.972515219449997,3.4013535499572756,4.373868703842163
339,-70.00214105853583,1.1135708808898925,5.550291395187378,6.663862323760986
340,-66.18417337804044,1.0601762771606444,5.455289649963379,6.515465974807739
341,-76.93746665176911,1.2377771377563476,5.235243844985962,6.47302098274231
342,-66.47118092383846,1.0603692889213563,6.936097860336304,7.996467161178589
343,-70.82733839862898,1.1339868664741517,7.826982116699218,8.960969066619873
344,-58.32497684229067,0.907632565498352,4.18376350402832,5.091395998001099
345,-70.98346853190267,1.1155049324035644,7.701279783248902,8.81678466796875
346,-74.91586670938446,1.21075758934021,5.693717813491821,6.904475450515747
347,-62.50770045213174,0.973282378911972,4.080769014358521,5.054051446914673
348,-74.54275968752594,1.198723268508911,5.658177471160888,6.856900835037232
349,-73.05369734906745,1.1657677292823792,6.072433757781982,7.238201522827149
350,-69.42142936866608,1.1173946261405945,6.319377803802491,7.436772441864013
351,-74.64353019485526,1.200784933567047,6.244841194152832,7.44562611579895
352,-67.17406175337806,1.0567270398139954,5.335217761993408,6.391944789886475
353,-64.1422759956461,1.000350821018219,4.284064197540284,5.284415006637573
354,-73.34876807335405,1.14853036403656,7.875930738449097,9.02446117401123
355,-63.8272245125754,0.9990366041660309,3.766279935836792,4.765316534042358
356,-71.96529070212571,1.1475888252258302,6.986004781723023,8.13359375
357,-68.79527120968613,1.083437716960907,5.966631364822388,7.050069141387939
358,-59.2710995439511,0.9213765859603882,3.7022722721099854,4.6236487865448
359,-72.87000721532604,1.1617680311203002,6.9306192874908445,8.092387199401855
360,-73.9438419706598,1.1815762639045715,7.18976936340332,8.371345710754394
361,-76.64169080525787,1.234604811668396,5.780622911453247,7.015227746963501
362,-73.55128981600322,1.1793951630592345,8.269085311889649,9.44848051071167
363,-64.25501914098066,1.0139881134033204,4.122014570236206,5.136002683639527
364,-70.83106550823939,1.128821361064911,6.491599607467651,7.620421028137207
365,-70.40089374126757,1.1234933376312255,6.204607009887695,7.328100347518921
366,-69.17582149840467,1.1025932669639587,6.235430192947388,7.338023471832275
367,-66.2692676862064,1.0426768898963927,3.5660722255706787,4.608749103546143
368,-61.83632309189357,0.9695520401000977,3.5449586153030395,4.514510679244995
369,-70.88409628681629,1.1224475979804993,5.372612380981446,6.495059967041016
370,-68.533659467894,1.0869848012924195,4.9762061595916744,6.063190937042236
371,-71.32268002823548,1.1341774940490723,5.752673721313476,6.886851263046265
372,-67.30726680772851,1.0662485241889954,5.39796085357666,6.464209318161011
373,-71.45403227980472,1.1196216821670533,6.690045356750488,7.8096670627594
374,-74.14472950470358,1.1802713990211486,6.6187793731689455,7.799050807952881
375,-70.82786110978455,1.1130150437355042,6.581007385253907,7.694022464752197
376,-63.45938104505576,0.9905646979808808,4.6832664012908936,5.673831129074097
377,-63.80572546912927,0.9767146289348603,5.567010068893433,6.543724775314331
378,-68.39821983143628,1.0883634328842162,4.476891374588012,5.565254878997803
379,-66.56570527698995,1.0448036432266234,5.427711868286133,6.472515535354614
380,-78.7067905847619,1.2650466680526733,8.911812019348144,10.176858711242676
381,-70.02696741457915,1.0963827133178712,5.085473823547363,6.181856536865235
382,-64.67188532438355,1.01147118806839,4.123784589767456,5.135255765914917
383,-62.80485545545635,0.9845845580101014,5.697085857391357,6.681670331954956
384,-67.08904341363089,1.0631842374801637,4.330533504486084,5.39371771812439
385,-73.01025239469229,1.1715797305107116,6.961817598342895,8.13339729309082
386,-64.44904919817193,1.0175536036491395,4.307265043258667,5.324818706512451
387,-62.04381107110781,0.9657743632793426,2.4545373201370237,3.420311689376831
388,-69.59076843803815,1.0934966921806335,5.207319593429565,6.300816297531128
389,-58.53690010051904,0.9098573327064514,2.806165671348572,3.716022992134094
390,-73.49610293856966,1.1689302921295166,7.351624393463135,8.520554542541504
391,-70.84205167250664,1.1174457550048829,5.744085693359375,6.861531448364258
392,-69.07449087286554,1.1200566291809082,4.204761695861817,5.324818325042725
393,-65.18796416397183,1.0343304038047791,4.594013786315918,5.628344106674194
394,-73.46776968529157,1.1555020213127136,5.771851348876953,6.92735333442688
395,-69.5451444695324,1.0940072774887084,6.155814123153687,7.249821472167969
396,-63.928438035195676,0.991476422548294,4.181374454498291,5.172850942611694
397,-72.79531376914176,1.149960994720459,4.642420053482056,5.79238109588623
398,-67.34873436565337,1.0523565411567688,3.484843444824219,4.537199974060059
399,-65.20119028490691,1.0100168347358705,5.176522493362427,6.1865393161773685
400,-72.62204185891824,1.1471794843673706,5.868499660491944,7.015679168701172
401,-67.3029911561347,1.064466369152069,5.9538078784942625,7.018274307250977
402,-68.74481526045014,1.0788509607315064,4.743219470977783,5.8220704078674315
403,-69.15381078471385,1.0936563849449157,6.375298881530762,7.468955326080322
404,-73.60068550507121,1.1705021023750306,4.801483058929444,5.97198519706726
405,-65.25063873479576,1.0298540234565734,3.432552218437195,4.462406206130981
406,-64.59861440702427,1.0031487047672272,3.6811379194259644,4.684286642074585
407,-70.29533520219431,1.1059179306030273,5.110879278182983,6.21679720878601
408,-68.83168098411613,1.0819712638854981,5.502040672302246,6.5840119361877445
409,-75.09258271324262,1.1996926546096802,5.477711248397827,6.677403926849365
410,-64.57985822328219,1.024599838256836,4.698181533813477,5.722781419754028
411,-71.22191942573812,1.1385284900665282,5.541300630569458,6.679829168319702
412,-78.17341345779747,1.2523486375808717,5.524140977859497,6.77648959159851
413,-68.57879475485386,1.078338611125946,4.1124077320098875,5.190746307373047
414,-64.58155435648113,1.011803936958313,4.507666110992432,5.5194700241088865
415,-74.78948599957833,1.213002049922943,6.4821783065795895,7.695180416107178
416,-77.71407873103271,1.2374357223510741,7.7052857875823975,8.94272165298462
417,-69.57603017389059,1.0998328089714051,6.05611023902893,7.155942964553833
418,-75.21793841423096,1.1924210071563721,5.570814323425293,6.763235330581665
419,-68.842371152941,1.094191586971283,4.269885158538818,5.3640766620635985
420,-73.73679162646958,1.1677626013755797,5.204138851165771,6.371901512145996
421,-70.84297389415036,1.1009544253349304,5.194064426422119,6.295018863677979
422,-70.74051267348183,1.12254900932312,6.1830977439880375,7.305646753311157
423,-69.24735131882298,1.0940247893333435,4.586251640319825,5.680276489257812
424,-74.11112775774386,1.186866581439972,5.923523330688477,7.110389947891235
425,-62.99028598125838,0.970789098739624,3.9248931646347045,4.895682287216187
426,-68.34068631821249,1.0662433862686158,6.440822315216065,7.507065629959106
427,-64.03975574586772,0.9990978360176086,2.801656723022461,3.8007545471191406
428,-67.98381499542414,1.0607985258102417,4.285643720626831,5.346442222595215
429,-74.57796844618133,1.1856571555137634,7.809835767745971,8.995492935180664
430,-73.28597807470372,1.1599663376808167,8.013458490371704,9.17342472076416
431,-81.21539663704468,1.3070045709609985,3.8568091869354246,5.163813781738281
432,-66.24082996037718,1.0303085088729858,3.9277750730514525,4.958083581924439
433,-71.33381471342966,1.1360013961791993,4.308048295974731,5.44404969215393
434,-75.53408900176456,1.203303623199463,6.287878751754761,7.4911823749542235
435,-68.0879014268218,1.0617284417152404,4.60262017250061,5.6643486499786375
436,-71.01574225623662,1.1114975571632386,6.465462779998779,7.5769603729248045
437,-70.49421671303759,1.1131583213806153,4.517119741439819,5.630278015136719
438,-74.12735368752548,1.170460033416748,5.315937280654907,6.486397314071655
439,-67.27958352136616,1.0666660070419312,3.6258318185806275,4.692497825622558
440,-70.72815070241934,1.104587697982788,5.834415245056152,6.939002943038941
441,-65.7597923340258,1.0209132194519044,3.524178886413574,4.545092010498047
442,-67.57507563615614,1.0664999842643739,4.299995231628418,5.366495275497437
443,-76.88134588014393,1.208299422264099,6.367464685440064,7.575764179229736
444,-65.13358223724791,1.0107755780220031,3.577400326728821,4.588175868988037
445,-77.323738141887,1.224168837070465,6.753279066085815,7.977447891235352
446,-65.27553104704765,1.010972261428833,3.359486627578735,4.370458889007568
447,-84.54247424279583,1.347115659713745,10.11364574432373,11.46076135635376
448,-79.62978496331516,1.2688149809837341,7.645739793777466,8.914554786682128
449,-65.98553150752926,1.0244648575782775,4.806168889999389,5.8306337833404545
450,-72.3134311749675,1.1260000586509704,5.534427070617676,6.660426998138428
451,-75.1828788271736,1.169275689125061,6.160050630569458,7.329326248168945
452,-75.91071543850208,1.2042716503143311,6.806408023834228,8.010679674148559
453,-68.51708074197343,1.0573258996009827,4.015349793434143,5.072675704956055
454,-71.31697624109522,1.106925654411316,4.30250301361084,5.409428644180298
455,-71.49906285743339,1.1199642062187194,5.629842376708984,6.749806594848633
456,-72.38234754696664,1.1297583818435668,5.522663402557373,6.652421760559082
457,-72.42704803976224,1.1387373089790345,4.70158576965332,5.840323114395142
458,-79.44968041217327,1.23173748254776,6.115549945831299,7.3472874641418455
459,-65.85284119982626,1.0150965809822083,3.9734899282455443,4.98858642578125
460,-69.2063403139071,1.0719993591308594,3.3563170194625855,4.428316402435303
461,-68.00280194435581,1.0472053289413452,3.9529778718948365,5.000183153152466
462,-64.31278082765608,0.9904181838035584,2.478355884552002,3.4687740802764893
463,-71.8319465442693,1.1310778260231018,4.401698303222656,5.53277621269226
464,-78.80891179444866,1.2304080843925476,6.738131332397461,7.968539476394653
465,-67.63877126984767,1.0474215507507325,3.5392659664154054,4.5866875648498535
466,-70.35177507112314,1.098695170879364,4.107718992233276,5.206414270401001
467,-70.85800346631414,1.0951738834381104,4.718181419372558,5.813355255126953
468,-74.26806819517876,1.1566060543060304,5.425378799438477,6.581984806060791
469,-71.353219746854,1.1062878131866456,4.2625189304351805,5.3688067436218265
470,-67.18183001249388,1.0455159544944763,3.155513858795166,4.201029825210571
471,-71.44304661865338,1.115208876132965,4.885429573059082,6.000638437271118
472,-76.6690533797795,1.2240196108818053,6.129069232940674,7.353088808059693
473,-71.12805276125533,1.102124309539795,4.698077869415283,5.800202178955078
474,-65.3976100328814,0.9892242610454559,3.4902316093444825,4.479455852508545
475,-68.57836015307575,1.0597808837890625,3.8916651248931884,4.951446008682251
476,-78.58764349360379,1.2123971939086915,5.7831720352172855,6.995569229125977
477,-71.86522477987019,1.1145705223083495,5.043447780609131,6.158018255233765
478,-64.65692362757537,1.0060944318771363,3.1481892824172975,4.154283761978149
479,-70.4126576515822,1.089026153087616,4.568498849868774,5.6575250148773195
480,-70.36560258140926,1.0879546284675599,4.4202546119689945,5.508209228515625
481,-77.03129910015224,1.199174690246582,5.915643930435181,7.1148186206817625
482,-77.12583537349548,1.2176435708999633,6.9966856956481935,8.21432933807373
483,-73.83237963316076,1.1425867676734924,4.746066427230835,5.888653230667114
484,-76.56300966887594,1.1954315066337586,5.676827383041382,6.872258806228638
485,-66.5131618040204,1.018444573879242,2.821328639984131,3.8397732257843016
486,-76.93716770579789,1.2035713195800781,6.059846591949463,7.2634178638458256
487,-80.67897943515244,1.272827410697937,6.705513620376587,7.978341102600098
488,-76.10955614161892,1.1726137757301331,5.117641305923462,6.290255069732666
489,-68.6144420897426,1.0366553783416748,4.158489656448364,5.195145034790039
490,-67.81521651771303,1.025277304649353,3.851163911819458,4.876441192626953
491,-78.99699150072642,1.222073769569397,5.749524784088135,6.971598482131958
492,-85.07668857373491,1.3300406694412232,9.150129413604736,10.480170059204102
493,-71.81680622933477,1.1073137283325196,4.217840766906738,5.325154399871826
494,-71.9728797588829,1.1048637866973876,3.1725417137145997,4.277405452728272
495,-77.83159063861495,1.2132023453712464,5.186529350280762,6.399731683731079
496,-72.3909991905175,1.1055666089057923,5.392303895950318,6.497870540618896
497,-79.6019087570615,1.2534561157226562,5.935636711120606,7.18909273147583
498,-73.37252307644732,1.1436104774475098,5.606416845321656,6.750027275085449
499,-72.58665420891032,1.1151679039001465,4.498148965835571,5.613316822052002
500,-74.52250879925268,1.1476014971733093,4.772989797592163,5.920591354370117
501,-70.83402304797573,1.095417821407318,3.951497507095337,5.0469152450561525
502,-78.41971289068137,1.217107105255127,5.682861566543579,6.899968671798706
503,-72.02988902676964,1.1147515416145324,3.947210741043091,5.061962413787842
504,-73.95925504911786,1.130828034877777,5.937271976470948,7.068100070953369
505,-78.76047856353935,1.2266565561294556,8.168860626220702,9.395517158508301
506,-70.71294674881564,1.0866951107978822,3.569559335708618,4.656254482269287
507,-68.07907334528292,1.0287273526191711,4.000326180458069,5.029053544998169
508,-72.69185769208576,1.1280739545822143,3.220574951171875,4.3486488342285154
509,-66.69464881943254,1.0037775754928588,3.6987690687179566,4.7025465965271
510,-76.55442813775714,1.1832318782806397,5.415632104873657,6.598863983154297
511,-71.47665518317615,1.0989519596099853,3.662029838562012,4.760981893539428
512,-68.87293792970534,1.0504047632217408,3.3459873676300047,4.396392202377319
513,-66.72379143813546,1.0102695405483246,2.7256195306777955,3.7358890533447267
514,-72.11819536371961,1.0956148028373718,4.3516209602355955,5.4472356796264645
515,-73.26093544551321,1.1325956106185913,4.606446313858032,5.739041900634765
516,-72.19258151082673,1.1238803386688232,4.199416065216065,5.323296403884887
517,-68.63120965363919,1.0363648414611817,4.186850118637085,5.223214864730835
518,-69.98391110702661,1.053864049911499,3.9199262857437134,4.9737903594970705
519,-71.15314821393895,1.0816403865814208,3.264399528503418,4.346039962768555
520,-73.37252453698346,1.0652130842208862,4.495140457153321,5.560353517532349
521,-59.901302956728706,0.8839479207992553,2.008173108100891,2.8921210289001467
522,-64.14026989674733,0.9605948030948639,2.6394700050354003,3.6000648021697996
523,-71.3200290963933,1.082949435710907,3.295781064033508,4.3787304878234865
524,-74.86005686459357,1.149306583404541,5.537859153747559,6.687165641784668
525,-69.6692387636437,1.0477321147918701,3.1708316802978516,4.218563795089722
526,-70.94948711550893,1.0764695525169372,3.141227102279663,4.217696571350098
527,-76.4111073996686,1.1756035923957824,5.634216213226319,6.8098197937011715
528,-71.85132330298279,1.0916611671447753,4.393399858474732,5.485061073303223
529,-77.5654649785782,1.200206196308136,5.606574392318725,6.806780576705933
530,-68.4313208376566,1.0517502069473266,3.6878854274749755,4.739635610580445
531,-76.92227072306972,1.1809646725654601,5.465248107910156,6.646212720870972
532,-71.3650383433382,1.0845215559005736,4.379648208618164,5.46416974067688
533,-69.52530009855637,1.0268693685531616,2.917943906784058,3.944813275337219
534,-71.10738186799213,1.07840815782547,3.8221767425537108,4.900584936141968
535,-63.851301624811825,0.9479248404502869,2.541385793685913,3.489310646057129
536,-73.83982695578123,1.119981336593628,4.111493396759033,5.231474733352661
537,-67.11109514948757,1.0066128849983216,3.199534368515015,4.206147289276123
538,-71.96599774446352,1.0844116806983948,4.329744863510132,5.414156532287597
539,-66.55162075779594,1.0046571910381317,2.629013252258301,3.633670449256897
540,-72.02191296988701,1.09159814119339,4.3605263233184814,5.452124452590942
541,-74.29355839192213,1.1280412912368774,3.6121761322021486,4.740217494964599
542,-67.19145312592873,1.0020594775676728,3.419144368171692,4.421203851699829
543,-64.8235210369827,0.9712242782115936,2.934710168838501,3.905934453010559
544,-74.44237020011721,1.130107295513153,5.565734910964966,6.695842218399048
545,-73.84288164821753,1.1112058281898498,4.042246007919312,5.153451871871948
546,-76.36268784512615,1.1455779552459717,5.156977891921997,6.302555894851684
547,-66.74540059231222,1.0162291765213012,2.850382137298584,3.8666113376617433
548,-74.97453560977257,1.1123483180999756,4.861516380310059,5.973864650726318
549,-71.31829107638406,1.0663678646087646,3.8874836444854735,4.953851509094238
550,-68.49213346243943,1.0226306438446044,3.440328907966614,4.462959575653076
551,-69.52108008679411,1.050786066055298,2.7979567766189577,3.8487428188323975
552,-73.30259931806167,1.1069656133651733,3.4962620973587035,4.603227710723877
553,-78.24413078526624,1.1904718041419984,5.695894384384156,6.886366128921509
554,-67.54898695151672,1.0244065523147583,3.3390061616897584,4.363412761688233
555,-73.72607573317717,1.121028685569763,4.269620084762574,5.390648746490479
556,-69.44650779757276,1.0459155559539794,2.9584438800811768,4.004359436035156
557,-73.94038746780123,1.115957760810852,4.223879861831665,5.339837646484375
558,-73.75888988309396,1.070955717563629,2.9384309530258177,4.009386610984802
559,-74.98080994770311,1.1414854407310486,4.721583509445191,5.863068962097168
560,-70.54723726614641,1.059707760810852,3.6774243831634523,4.737132120132446
561,-69.89915841648401,1.047551202774048,3.513421130180359,4.5609723091125485
562,-68.07757171905897,0.994133734703064,2.897648477554321,3.891782212257385
563,-70.40056145757012,1.0407898545265197,3.8404841661453246,4.881273937225342
564,-68.02444209052061,1.0071884274482727,3.252418637275696,4.259606981277466
565,-64.84977153873544,0.9630529344081878,2.014406514167786,2.977459454536438
566,-69.73318570018763,1.0301186919212342,3.1497095346450807,4.179828262329101
567,-73.12360315686017,1.0919975757598877,3.581365871429443,4.673363447189331
568,-77.31278601996283,1.1649973273277283,5.420340299606323,6.5853376388549805
569,-67.54598692488426,0.9925407707691193,2.5471379280090334,3.5396786451339723
570,-79.9679623875229,1.2091846823692323,5.344353675842285,6.553538370132446
571,-71.7868654950844,1.0925841569900512,3.9809133291244505,5.073497486114502
572,-80.99951988122311,1.2295157790184021,5.373775291442871,6.603291034698486
573,-72.26178791995547,1.081646239757538,3.696379017829895,4.778025197982788
574,-62.57655166123887,0.8963096022605896,1.9272438883781433,2.823553466796875
575,-71.36295974491038,1.065055787563324,2.9521345615386965,4.017190337181091
576,-75.24558008389195,1.1324475765228272,4.13491849899292,5.267366075515747
577,-66.39546635877124,0.9893818795681,2.60857036113739,3.597952198982239
578,-69.96067692321319,1.0556972026824951,2.929385185241699,3.9850823640823365
579,-72.10735088754916,1.071445345878601,3.0503947496414185,4.121840143203736
580,-59.354489866695914,0.8759948551654816,2.211621713638306,3.0876165628433228
581,-66.18934089707955,0.9649704754352569,2.6632861852645875,3.6282567024230956
582,-68.63671053924074,1.011961245536804,3.0496918201446532,4.061653065681457
583,-73.33442339253564,1.0880574941635133,4.085949420928955,5.174006843566895
584,-84.09758996249347,1.2938112258911132,6.20887975692749,7.502690982818604
585,-69.34907500542823,1.023587167263031,3.372313690185547,4.395900821685791
586,-71.23521004778176,1.0549055576324462,3.6273989200592043,4.682304525375367
587,-75.74305021803542,1.1454445958137511,3.5299030780792235,4.6753477096557620,-68.82839720882171,1.2253275275230409,8.479797744750977,9.705125045776366
1,-58.64838375219803,1.0419898867607116,8.021128177642822,9.063118076324463
2,-63.83946954053647,1.1343073844909668,10.114131736755372,11.248438930511474
3,-75.90165248588013,1.357735848426819,10.59870662689209,11.95644245147705
4,-92.13938233178048,1.6426775455474854,12.525964832305908,14.168642234802245
5,-101.85551737536045,1.8179421782493592,10.314684200286866,12.132626342773438
6,-63.172050321322615,1.129108762741089,7.681009149551391,8.810117816925048
7,-46.89979237275783,0.8362776756286621,7.494030952453613,8.330308532714843
8,-88.6364072267584,1.5747677683830261,10.90229549407959,12.477063179016113
9,-85.4115025009354,1.524886953830719,9.44136610031128,10.966252994537353
10,-73.29516469743204,1.3043349266052247,9.691279029846191,10.995614051818848
11,-66.99774230779835,1.1906803011894227,9.63496503829956,10.825645256042481
12,-78.38514408786457,1.3964816331863403,10.382157897949218,11.7786395072937
13,-52.12540681419009,0.93046053647995,5.5545329570770265,6.484993505477905
14,-75.4164480790152,1.3436259865760802,8.353118896484375,9.69674472808838
0,-68.82839720882171,1.195366690158844,8.435434436798095,9.630801124572754
0,-68.82839720882171,1.195366690158844,8.435434436798095,9.630801124572754
1,-57.525549021066844,0.9786919927597046,8.016513690948486,8.99520565032959
2,-63.83599888381053,1.0698628687858582,9.984401206970215,11.054264068603516
3,-72.00062456727105,1.2650903344154358,6.615417499542236,7.880507822036743
4,-94.19014498847164,1.6309727096557618,12.665869617462159,14.296842250823975
5,-98.86775019521924,1.717609338760376,8.772298164367676,10.489907493591309
6,-49.263128569815684,0.8327360510826111,7.879527950286866,8.712264003753662
7,-45.32908216085154,0.7550232875347137,7.6498083400726316,8.404831638336182
8,-80.42219136018002,1.3606164813041688,10.628580284118652,11.989196758270264
9,-75.79989447722723,1.306622326374054,8.480438003540039,9.787060356140136
10,-74.61913066810237,1.2554820156097413,10.087203273773193,11.342685241699218
11,-55.20710746171558,0.940620812177658,9.205548248291016,10.146169013977051
12,-64.71960572254606,1.1048595237731933,8.703978729248046,9.808838310241699
13,-42.67494647042117,0.7129470157623291,4.957748441696167,5.670695447921753
14,-57.35420536545698,0.9662942600250244,5.902765007019043,6.869059286117554
15,-65.9104090114246,1.1122965097427369,7.617435522079468,8.729732036590576
16,-65.33015374307269,1.0621001791954041,8.43671178817749,9.498811893463134
17,-54.50833226650944,0.896616883277893,6.959211187362671,7.855828075408936
18,-14.20627640778677,0.17206322461366652,7.7657699871063235,7.937833204269409
19,-34.81525952192217,0.5464056921005249,4.8015663433074955,5.3479720401763915
20,-49.75883820144854,0.7954965162277222,6.806596441268921,7.602092924118042
21,-65.4308701323699,1.0703237915039063,6.945623664855957,8.01594747543335
22,-45.16540537099061,0.7089216423034668,6.444315357208252,7.1532369899749755
23,-23.093859505262408,0.33966885924339296,6.406547374725342,6.746216230392456
24,-23.47490946749579,0.34192467868328097,4.3685353565216065,4.710460052490235
25,-38.77927001902573,0.6000600171089172,5.6268102741241455,6.226870288848877
26,-42.83368963870288,0.6497787487506866,4.5170597648620605,5.166838493347168
27,-34.767691316073766,0.5457619619369507,4.56016435623169,5.1059263229370115
28,-35.05226366048342,0.49570520997047424,6.024956550598144,6.520661735534668
29,-48.13279549282914,0.7607551085948944,5.895561923980713,6.656317043304443
30,-41.650653391597125,0.6645091438293457,5.3764024829864505,6.040911636352539
31,-19.560395224412296,0.2646892458200455,3.6635763454437256,3.9282655906677246
32,-40.132689005126664,0.6206119871139526,6.5776543617248535,7.1982663631439205
33,-45.97023903844588,0.7173362302780152,4.473457107543945,5.190793361663818
34,-32.07126111185982,0.46138993740081785,6.772326393127441,7.2337163543701175
35,-39.4571957011824,0.6108956551551818,3.9551402759552,4.56603593826294
36,-46.612308845302124,0.7195886421203613,7.076881284713745,7.7964699077606205
37,-44.231002180629034,0.6682442581653595,4.9623055839538575,5.630549850463868
38,-38.76004874913275,0.6303553259372712,5.978101205825806,6.608456506729126
39,-28.49615678588244,0.41524030447006227,4.835252857208252,5.250493154525757
40,-31.757516876387204,0.46762564361095427,5.080319766998291,5.547945442199707
41,-37.658011463666554,0.5472824943065643,5.947087755203247,6.494370279312133
42,-36.0738420586738,0.535157470703125,6.169185676574707,6.704343147277832
43,-31.05082192483578,0.46741131007671355,4.442209625244141,4.909620962142944
44,-37.94243153935713,0.5541521835327149,6.918253917694091,7.472406101226807
45,-20.272306039800828,0.27329788386821746,2.099585976600647,2.3728838539123536
46,-34.14796045636906,0.49261514604091644,4.410701246261596,4.903316392898559
47,-39.14871563953557,0.6256185245513916,4.8732560348510745,5.4988745594024655
48,-24.07289790568008,0.3193634194135666,5.667560501098633,5.986923894882202
49,-25.852326961763257,0.3496388310194016,5.293117389678955,5.642756214141846
50,-31.109923393744573,0.46471033692359925,3.580846471786499,4.045556797981262
51,-32.7196630894991,0.4799937808513641,5.9735199737548825,6.453513746261597
52,-27.050210243814554,0.3808686536550522,3.1793257331848146,3.56019437789917
53,-28.815856188844112,0.41520032703876497,3.6060696983337404,4.021270041465759
54,-47.101813187782525,0.7237868010997772,4.858768320083618,5.582555103302002
55,-30.681147262829136,0.4349202138185501,4.635082836151123,5.070003051757812
56,-18.610410579591917,0.2315059295296669,3.386486520767212,3.6179924631118774
57,-26.10145808520052,0.3621810138225555,4.5512714862823485,4.913452491760254
58,-23.220098562060915,0.307370303273201,4.709614944458008,5.016985263824463
59,-36.526115901818855,0.5284010708332062,5.899766626358033,6.428167724609375
60,-23.615892078496586,0.3012602174282074,2.9800712490081787,3.2813314628601074
61,-36.12098188158805,0.5179624664783478,3.3223328828811645,3.840295352935791
62,-28.232363456938277,0.3284079706668854,4.311178741455078,4.639586706161499
63,-34.32438809785914,0.49189974546432497,4.208341579437256,4.700241355895996
64,-27.084909693458943,0.36705830693244934,3.7457368659973143,4.1127951717376705
65,-23.305472782030602,0.32362101078033445,3.812301721572876,4.135922746658325
66,-29.908626371119617,0.4405955165624619,4.084344215393067,4.524939737319946
67,-30.008916994274045,0.4325240606069565,3.3828596878051758,3.8153837442398073
68,-19.89441821511493,0.25360142827034,3.6317442560195925,3.8853456830978392
69,-21.166959773759302,0.2689466381072998,4.424209079742432,4.693155717849732
70,-33.121116976151264,0.4569965040683746,5.9337496662139895,6.390746202468872
71,-22.25722446565592,0.2855139309167862,4.655913496017456,4.941427421569824
72,-27.276123578906255,0.38199683725833894,4.80919246673584,5.1911893081665035
73,-27.51842910893588,0.36554202795028684,4.611169500350952,4.9767115020751955
74,-10.502743938371063,0.09065760269761086,2.696976981163025,2.7876345920562744
75,-33.547292358909445,0.48319691300392154,3.871627411842346,4.354824371337891
76,-13.406725228303356,0.14107887610793113,2.338692140579224,2.479771013259888
77,-24.477677186086552,0.3035900944471359,4.795711517333984,5.099301643371582
78,-39.46292111646116,0.5561272716522216,6.747099866867066,7.303227138519287
79,-21.139826588860984,0.26065851241350174,3.8090210247039793,4.069679555892944
80,-22.116220717659697,0.2919268089532852,3.46654402256012,3.75847083568573
81,-13.966548367531162,0.1352674663066864,3.825909261703491,3.961176724433899
82,-15.661467570626122,0.17818068116903304,2.2771304750442507,2.4553111743927003
83,-23.237659256918086,0.3141968137025833,4.150360012054444,4.464556827545166
84,-4.765335510215921,0.0025157245190348477,2.6102395343780516,2.6127552700042727
85,-22.110014678404635,0.29976995408535,2.2343669033050535,2.534136862754822
86,-5.33329835354508,-0.0030772982042526565,2.263741970062256,2.2606646680831908
87,-32.98291238296683,0.4837058091163635,4.899413547515869,5.38311936378479
88,-23.453770498093846,0.307512868642807,6.364543771743774,6.67205662727356
89,-21.4189669506253,0.2435263839364052,3.305867748260498,3.549394130706787
90,-49.19410605784792,0.7363958835601807,5.857956609725952,6.59435245513916
91,-16.592953275080262,0.19935732454061508,2.2680571842193604,2.4674144983291626
92,-30.85234348684932,0.421831134557724,5.511083202362061,5.932914342880249
93,-14.367235103801697,0.15595104515552521,2.784377932548523,2.9403289556503296
94,-16.96736296382699,0.19182282894849778,3.038339672088623,3.2301625061035155
95,-21.83878147835466,0.28124854862689974,3.575536231994629,3.8567847776412965
96,-9.383621649229402,0.05339955300092697,2.549948563575745,2.603348116874695
97,-36.88591054970824,0.5747642278671264,4.331950550079346,4.9067147731781
98,-8.720536190458231,0.05326992832124233,2.1386800479888914,2.191949973106384
99,-6.088398614260029,0.013254898012528429,1.9825471305847169,1.9958020377159118
100,-26.058033420192057,0.37474090576171876,2.4796144437789915,2.8543553352355957
101,-17.809682101728605,0.23438556760549545,2.495344533920288,2.7297301054000855
102,-22.10002975049177,0.2824524408578873,2.9370628499984743,3.219515280723572
103,-10.746870889998874,0.10181641682982445,3.6912601613998413,3.7930765676498415
104,-7.2877350181423814,0.028561553042382,2.3331626510620116,2.361724200248718
105,-19.052388390434245,0.23346940398216248,3.351203217506409,3.584672646522522
106,-4.381580708751313,-0.01466254486993421,1.94063241481781,1.925969853401184
107,-14.614321540611485,0.16239808827638627,3.5266633367538454,3.6890614223480225
108,-27.65321440532513,0.38889039516448975,3.8958410692214964,4.284731473922729
109,-25.92340612262931,0.355200400352478,3.1816592407226563,3.536859645843506
110,-22.622296519091144,0.29495115756988527,5.075195245742798,5.370146455764771
111,-29.307265654685274,0.4111306416988373,6.014217081069947,6.425347709655762
112,-24.345300880428844,0.36507853865623474,3.196948356628418,3.5620269060134886
113,-16.80780962201605,0.189856114089489,3.105244002342224,3.2951001262664796
114,-8.61406486574682,0.05016684383153915,2.6444995737075807,2.694666428565979
115,-15.3067910832198,0.1714050653576851,3.1499411392211916,3.3213462257385253
116,-29.18383884497516,0.3930305141210556,2.594329514503479,2.987360033988953
117,-27.785585898465207,0.39095740973949433,4.383799409866333,4.774756813049317
118,-12.15735110401713,0.10723299846053123,2.6587878370285036,2.766020836830139
119,-23.03248450724801,0.3303947228193283,2.9990050649642943,3.3293997764587404
120,-18.8903370035644,0.24094324827194213,2.691997838020325,2.932941083908081
121,-6.518555985598979,0.015607310282066465,1.8960404944419862,1.9116478061676025
122,-30.6578031876456,0.4407096779346466,3.741598563194275,4.1823082447052
123,-8.290479946088537,0.04116685271263123,1.9386306762695313,1.9797975254058837
124,-11.059805892060645,0.08714458286762237,3.716286468505859,3.803431053161621
125,-10.576072572792315,0.09775884851813316,2.608566222190857,2.706325101852417
126,-16.092989372683654,0.19602637648582458,2.4414251708984374,2.637451558113098
127,-29.232883230958347,0.4212466114759445,2.2107638025283816,2.6320104122161867
128,-10.767297991360698,0.0917623519897461,2.2124489402770995,2.304211277961731
129,-18.149128359867248,0.23272051006555558,2.683032374382019,2.915752897262573
130,-4.834422052917823,-0.01010692336363718,2.0656151819229125,2.0555082654953
131,-27.781185836178,0.37966919839382174,4.061266283988953,4.440935468673706
132,-25.598596531213484,0.33633061110973356,2.609232234954834,2.9455628633499145
133,-19.25256594884781,0.2192539715766907,2.6431903219223023,2.8624442863464354
134,-23.78165448209047,0.3202870589494705,5.002382860183716,5.322669925689698
135,-7.352630580544046,0.018944736337289214,1.8267311549186707,1.8456758880615234
136,-13.117625294486201,0.10760588914155961,1.8399637317657471,1.947569625377655
137,-19.92262171963027,0.24709730207920075,2.050621943473816,2.29771924495697
138,-2.4218512833423613,-0.042160865291953085,1.1004975318908692,1.0583366656303406
139,-14.495690380104312,0.16973742097616196,2.2460921716690065,2.415829606056213
140,-15.557322615863209,0.1653802490234375,2.419201192855835,2.584581437110901
141,-28.34761845674577,0.38461557805538177,1.9214934539794921,2.3061090326309204
142,-18.847843948508384,0.2521812269091606,2.5090872049331665,2.761268444061279
143,-10.678903920006078,0.100628419816494,2.8424429082870484,2.943071336746216
144,-20.163280977177816,0.2328754970431328,3.1105916261672975,3.343467116355896
145,-5.704821233500031,0.006570858768536709,1.8460198473930358,1.8525907039642333
146,-9.788523709378845,0.06437014654278755,1.45613422870636,1.5205043721199036
147,-9.983215148641667,0.08177055388689042,2.2325489568710326,2.3143195104599
148,-11.787937988979902,0.09410953089594841,1.3182975268363952,1.4124070644378661
149,-12.58837597217651,0.09600428864359856,3.0289899635314943,3.1249942541122437
150,-4.637954059870079,-0.030638709472259506,1.2848424577713013,1.2542037439346314
151,-21.717445084463154,0.26896357446908953,2.151549916267395,2.420513491630554
152,-10.025201440453943,0.07429634869098663,1.516535005569458,1.5908313584327698
153,-8.410677940025222,0.039671723432838917,1.243282961845398,1.2829546809196473
154,-25.573400350803205,0.34224084138870237,2.676622262001038,3.018863110542297
155,-16.15787838267606,0.14710783332586289,2.218938055038452,2.366045904159546
156,-12.411132114011895,0.08425337925553322,1.9910562062263488,2.075309579372406
157,0.047494072895553074,-0.12625959932804107,1.1916840720176696,1.0654244780540467
158,-17.39687942830185,0.1589732614159584,2.5239744567871094,2.68294771194458
159,-28.58121907520198,0.407943519949913,2.5375211524963377,2.945464668273926
160,-26.841852091773752,0.3290600621700287,3.069455580711365,3.398515639305115
161,-9.378348698653477,0.048491494879126545,1.6407972431182862,1.6892887377738952
162,-17.585334504209133,0.1943095138669014,2.9361169719696045,3.1304264879226684
163,-13.790655055927646,0.13506448924541473,1.6399675226211547,1.7750320100784303
164,2.5225696061687266,-0.14556914642453195,1.0487185406684876,0.9031493973731994
165,-11.936941918349781,0.09540994748473168,1.3011954283714295,1.3966053700447083
166,-12.028187708872444,0.09256330639123916,1.457791359424591,1.5503546571731568
167,-12.203266523074134,0.0938153637945652,1.8105255794525146,1.904340944290161
168,-19.73510289474484,0.22168816089630128,1.9214865803718566,2.1431747484207153
169,-14.283799722330317,0.13376936465501785,1.732292947769165,1.8660623192787171
170,-22.80483126064539,0.29420614302158354,2.5052060508728027,2.7994121742248534
171,-19.93152164431142,0.2095724695920944,2.123200788497925,2.3327732563018797
172,-9.066039456150392,0.0352121264860034,1.234017026424408,1.2692291498184205
173,-26.299109611252035,0.32701604306697846,3.7356775331497194,4.062693581581116
174,-12.24108106944906,0.07159841187298298,1.3265470314025878,1.3981454372406006
175,-4.796097776978796,-0.044707491770386694,1.2059575843811035,1.1612500953674316
176,-7.124808095993288,0.016644040634128034,1.1947592878341675,1.2114033269882203
177,-20.783355877620522,0.24247933447360992,1.490370798110962,1.7328501343727112
178,-21.262064725745965,0.26753490209579467,2.595835580825806,2.8633704662322996
179,-12.990770802646804,0.10342086866497993,1.5240547800064086,1.6274756574630738
180,-15.338167538288786,0.13957467943429946,1.6108012843132018,1.750375964641571
181,-14.661098078324793,0.11927217409014702,2.44302125453949,2.562293429374695
182,-20.524803874659018,0.23600711286067963,1.9514404320716858,2.187447552680969
183,-6.230340398668549,0.007056621818774147,1.2056572365760803,1.212713861465454
184,-15.096355120645176,0.1302495175600052,1.5164315533638,1.6466810703277588
185,-2.541069163718486,-0.08414366476237774,1.5887334227561951,1.5045897603034972
186,2.1946291349088085,-0.1730995085835457,0.9166152966022492,0.7435157883167267
187,-33.262676354473925,0.4503307557106018,2.553018765449524,3.00334951877594
188,-11.571487668107329,0.05808995947241783,1.9141821789741515,1.9722721362113953
189,-17.489994964527007,0.18197308152914046,1.9552707600593566,2.1372438359260557
190,-24.166628778413724,0.307592875957489,1.4316533946990966,1.7392462658882142
191,-26.97332443378055,0.3558474445343018,1.7856961917877197,2.141543643474579
192,-38.23336206407609,0.5391181325912475,1.8537161374092102,2.392834258079529
193,-12.22631112097942,0.109636961966753,1.4271004605293274,1.5367374229431152
194,-18.94520546005917,0.21465510070323945,1.457479841709137,1.672134952545166
195,-6.154711856268008,0.0026914081937866284,0.9501725125312805,0.9528639256954193
196,-20.68526253256725,0.2569885608553886,1.6143173861503601,1.871305937767029
197,-20.657045355477806,0.2252560645341873,1.145874879360199,1.371130940914154
198,-19.44810794699024,0.2176675722002983,1.7251766896247864,1.9428442764282225
199,-17.181637616163975,0.14216454893350602,1.611217737197876,1.7533822798728942
200,-11.456438800925778,0.059669710993766785,1.3573923015594482,1.4170620131492615
201,-16.978879197534372,0.17272237449884414,1.3646443390846252,1.537366704940796
202,-7.09052338651593,-0.009395322232448962,0.8692321169376374,0.8598367941379547
203,-12.741182179807716,0.09936068147420883,1.5505094814300537,1.649870159626007
204,-14.832349329375022,0.13188551247119903,1.2466654324531554,1.3785509419441224
205,-10.48213864286659,0.04671430468559265,1.1409785842895508,1.187692883014679
206,-6.3460037198320425,-0.04181065913289785,0.8908082318305969,0.8489975714683533
207,-7.956674901806023,0.02934671498835087,0.8897842180728912,0.9191309356689453
208,-11.98251729214667,0.1111507573723793,1.0483583986759186,1.1595091557502746
209,-16.79958503095078,0.1585305443406105,1.012782187461853,1.1713127326965331
210,-11.1196972713564,0.08027155458927154,1.008157469034195,1.0884290146827698
211,-18.004142404202724,0.16813018083572387,1.455264458656311,1.6233946466445923
212,-18.147177619477457,0.14218901872634887,2.0060518765449524,2.148240876197815
213,-18.70941379702469,0.18270893067121505,1.8802920413017272,2.063000967502594
214,-12.315299156700178,0.06613434329628945,1.092500113248825,1.1586344575881957
215,-19.20931156469438,0.1842627754807472,1.4493764591217042,1.633639235496521
216,-10.236152159481852,0.018326569100827327,1.3101183223724364,1.328444890975952
217,-20.41784599701798,0.2059064692258835,1.586727442741394,1.7926339077949525
218,-7.2333866013003245,-0.05420983865857124,0.8504087996482849,0.7961989605426788
219,-21.037471547519793,0.19910979211330415,1.192307047843933,1.3914168453216553
220,-7.147375475511371,-0.044051994755864146,1.0197842860221862,0.9757322919368744
221,-13.802879305406538,0.07375544682145119,1.1309847569465636,1.2047402095794677
222,-11.627498920705673,0.04574473954737186,1.1566704607009888,1.2024152040481568
223,-1.2716583111798947,-0.10478061571717262,0.7094270825386048,0.6046464657783508
224,-18.496877766200086,0.13095714151859283,1.1451143956184386,1.276071548461914
225,-1.250516864162396,-0.14627697557210922,1.0060048758983613,0.859727897644043
226,-15.544593058852946,0.09429237067699432,1.2742468690872193,1.36853924036026
227,-11.562038556755683,0.00905900081852451,0.612743284702301,0.621802283525467
228,-14.36280826110303,0.028048549201339482,1.224735131263733,1.2527836775779724
229,-19.70801261995281,0.12383685275912285,1.3322386741638184,1.4560755348205567
230,-18.45988784313163,0.09051358610391617,1.2176084733009338,1.3081220555305482
231,-8.54285214585542,-0.06673185233026743,1.154939465522766,1.0882076168060302
232,-10.299593382818857,-0.033935181144624946,0.9633930432796478,0.9294578576087952
233,1.7171624674713328,-0.27071238309144974,0.7471434855461121,0.4764311027526855
234,-14.129264691626965,0.03881749730557203,0.9587168681621552,0.9975343704223633
235,-5.393173380353144,-0.1436569231748581,0.8617898571491241,0.7181329333782196
236,-8.304991758853818,-0.06336569663137198,0.97627006649971,0.9129043710231781
237,-12.707582851490153,0.010402808200888103,1.1711912035942078,1.1815940117836
238,-16.663281944634065,0.08556612864136696,1.1317409324645995,1.217307059764862
239,-1.242391319610789,-0.1968316075205803,0.7552748155593872,0.5584432107210159
240,-25.48469987328866,0.23077442705631257,1.2820616841316224,1.512836105823517
241,-0.7829022832188315,-0.20294638633728027,1.1033941388130188,0.9004477500915528
242,-7.95492069558348,-0.06597852669656276,1.065500396490097,0.9995218753814697
243,7.820295158868397,-0.3537038642168045,0.5881501030921936,0.2344462388753891
244,-9.588313122152327,-0.03887641711626202,1.2498527622222901,1.210976347923279
245,-4.8998890230833485,-0.14329528480768203,1.4628231167793273,1.3195278286933898
246,-16.861849153913486,0.08977693736553193,0.900713541507721,0.9904904782772064
247,-8.92213789593075,-0.0569591324776411,1.3446309661865234,1.2876718282699584
248,-16.85364768512281,0.1043187914788723,1.2629513216018677,1.3672701120376587
249,-17.68329833399055,0.11115765765309334,1.0038077402114869,1.1149653935432433
250,-2.114413104639315,-0.19411855190992355,0.9073040437698364,0.7131854939460754
251,-19.670649327362476,0.14019643425941467,1.2441432070732117,1.384339644908905
252,-10.00487140998134,-0.01727703732729424,0.8924123442173004,0.8751353120803833
253,-29.095506120020307,0.30532467246055606,1.3787838530540466,1.684108510017395
254,-4.360202613738483,-0.14275237143039704,0.9085823845863342,0.7658300149440765
255,-24.32975059350867,0.23968039363622665,1.6692153191566468,1.9088957071304322
256,-1.9596704928826654,-0.16631713390350342,0.41630374431610107,0.24998661041259765
257,4.060242525437708,-0.30078497231006623,0.5891050791740418,0.2883201068639755
258,-24.352941185277516,0.20314434170722961,1.5680232787132262,1.7711676144599915
259,-11.088254536446964,-0.03946276784234214,0.9122220277786255,0.8727592563629151
260,-22.517654259869445,0.19233131051063537,1.2639931678771972,1.456324474811554
261,-25.45581202650919,0.2412981101870537,0.9562607133388519,1.1975588178634644
262,-1.2726259791532009,-0.20022091060876845,0.6233618426322937,0.4231409323215485
263,-15.645205149788136,0.07031793192029,1.148328459262848,1.2186463856697083
264,-12.941231777524274,0.013317108200863004,0.769541130065918,0.7828582358360291
265,-3.6668672957943915,-0.13719300776720048,0.43887501060962675,0.30168200165033343
266,-7.025963328762252,-0.09481272034347057,0.8208902418613434,0.7260775232315063
267,-13.548602699462037,0.02223985329270363,0.893481947183609,0.9157217967510224
268,-5.09398071583939,-0.14151191860437393,0.7917551636695862,0.6502432417869568
269,-13.984401351610305,0.006970167122781277,0.5911689388751984,0.5981391054391861
270,-9.681810710851728,-0.044244565702974796,0.7147475039958954,0.6705029368400574
271,-14.40152140196063,0.03987431701272726,0.9445016348361969,0.9843759512901307
272,-15.255189615906813,0.04180025834590197,1.0920994746685029,1.1338997387886047
273,-1.4018957947516704,-0.2301861348748207,0.8760532021522522,0.6458670687675476
274,-5.621796252459621,-0.14590292438864708,0.6596889746189117,0.5137860494852066
275,-6.060965439387349,-0.14793503910303116,0.9027793049812317,0.7548442625999451
276,-21.092598247004812,0.15258636832237243,1.1503836011886597,1.3029699683189393
277,-15.061216095513496,0.01910570528358221,0.8961468040943146,0.9152525079250335
278,-12.807116951338713,-0.007694480008503888,0.9197654867172241,0.9120710039138794
279,-14.271095768750046,0.016395471720024944,1.326308627128601,1.3427041006088256
280,-8.829991979312275,-0.07931110478937625,0.6238088512420654,0.5444977504014968
281,-13.18875398125366,-0.007696982156485319,0.7318529903888702,0.7241560113430023
282,-21.542060722128912,0.13912038415670394,1.1115276002883911,1.2506479907035828
283,-17.968050188665913,0.09245517700910569,1.3009833216667175,1.393438494205475
284,-8.775774879496044,-0.07881437674164772,0.7506846356391906,0.6718702614307404
285,-8.421613792043486,-0.08582971885800361,0.810344934463501,0.7245152151584625
286,-8.969850335683564,-0.081850720718503,0.6239697754383087,0.5421190541982651
287,-13.933393780492791,0.009366990703856572,0.772756175994873,0.7821231687068939
288,-6.1857357417225,-0.13180594354867936,0.7833450722694397,0.6515391314029694
289,-7.284166872802171,-0.12145922422409057,1.0879406797885895,0.9664814567565918
290,-10.814123765680105,-0.06243682660162449,0.6270472919940948,0.5646104681491851
291,-22.94030553229178,0.16958488523960114,1.2373990631103515,1.4069839477539063
292,-16.55094246244549,0.019383061761036515,0.799713464975357,0.8190965270996093
293,-15.183497885404055,0.01415253859711811,0.8311581003665924,0.8453106355667114
294,-24.1100686831727,0.18325731575489043,1.0380851924419403,1.2213425016403199
295,-25.86751280046938,0.19260612159967422,0.9476937735080719,1.14029989361763
296,-12.533744879079476,-0.0007905204737471649,0.6712806022167206,0.6704900848865509
297,-20.426824043161773,0.09815331563353538,0.8636594593524933,0.9618127703666687
298,-18.7536161936596,0.08099875554442405,0.6679614591598511,0.7489602124691009
299,-2.2300713352237516,-0.2114691472053528,0.5848409938812256,0.37337184965610504
300,-14.470921711038295,-0.01921526634367183,0.7069078314304352,0.6876925671100617
301,-9.835879959904034,-0.08887532494962215,0.7472972023487091,0.6584218776226044
302,-18.837289392978526,0.05016055949032307,0.9774625968933105,1.0276231575012207
303,-23.33544868693624,0.11355308204889297,0.8723922550678254,0.9859453403949737
304,-2.311860621687444,-0.24450451850891114,1.0857199501991273,0.8412154257297516
305,-0.5260772512713814,-0.2751125770807266,0.6569175326824188,0.3818049532175064
306,-0.08881167858948302,-0.28289070069789884,0.7545312404632568,0.47164054155349733
307,-4.13020131827367,-0.2050510174036026,0.814395090341568,0.6093440699577332
308,-13.095409861342633,-0.019947513428051025,0.8944106888771057,0.874463175535202
309,-10.900412136754339,-0.08430974066257477,0.7877547180652619,0.7034449791908264
310,-14.855086567555436,-0.020457197336945683,0.6635821545124054,0.6431249547004699
311,-20.444631267758993,0.07129948697984219,0.6403605413436889,0.711660031080246
312,-10.77867844936413,-0.1132997590303421,1.333793008327484,1.2204932475090027
313,-18.6000329114433,0.049854948669672015,1.3373562860488892,1.387211241722107
314,3.8318353757875094,-0.35138164937496186,0.6406133282184601,0.2892316788434982
315,-9.176848603468786,-0.32942672312259674,1.528517770767212,1.1990910482406616
316,-11.65929266505266,-0.08126794032752514,0.8101417338848114,0.7288738000392914
317,-8.532438763483103,-0.07951832011342048,0.6615165591239929,0.5819982367753983
318,-6.37168353060849,-0.3616188848018646,0.9233164703845977,0.5616975885629654
319,3.798627317836008,-0.36136575520038605,1.132313621044159,0.7709478688240051
320,-2.9957403301786663,-0.22116073817014695,0.7156706082820893,0.4945098721981049
321,-12.92504888210862,-0.05711800664663315,0.9608333170413971,0.9037153112888336
322,-23.66940762845585,0.12688841611146928,1.1179866015911102,1.2448750114440919
323,-19.247572721307584,0.05877135455608368,0.9332652199268341,0.9920365762710571
324,-19.881932200857285,0.0727707201242447,0.7115316021442414,0.7843023240566254
325,-5.893737941107011,-0.19359766095876693,1.3342790341377258,1.1406813764572143
326,-19.744443164931912,0.07212604902684688,1.3715714740753173,1.443697521686554
327,-7.769442880256026,-0.14455122828483583,0.887876832485199,0.7433256042003632
328,-9.15645056469784,-0.13397719115018844,0.9896156430244446,0.8556384527683258
329,-11.87252148267122,-0.0570750842988491,0.8941413736343384,0.8370662903785706
330,-16.242524338325822,0.0025671380932908504,1.1826398086547851,1.185206949710846
331,-9.019131183891515,-0.24781430929899215,0.6873474025726318,0.43953309535980223
332,-14.911459208272845,-0.014866412365809083,0.836327246427536,0.8214608371257782
333,-4.7605645372063385,-0.18322344064712526,0.7071215808391571,0.5238981407880783
334,-9.764870545837073,-0.08723783187568188,1.1551465225219726,1.0679086911678315
335,-1.2792904783261498,-0.2602816513180733,0.8842090678215027,0.6239274179935456
336,-10.887814711713172,-0.06427355915307999,1.0145895874500275,0.9503160321712494
337,-22.19946263521708,0.11822713896632195,1.0416024434566498,1.159829590320587
338,-25.6089367053397,0.1658207181096077,1.0309977006912232,1.1968184185028077
339,-28.499617370418143,0.21685533761978149,1.0068085718154907,1.2236639046669007
340,-20.83185541833909,0.11882137417793275,1.2042444825172425,1.3230658626556397
341,-34.63721736225175,0.3514652669429779,0.8732951378822327,1.2247604060173034
342,-9.283780405420261,-0.11385631129145622,0.9273772180080414,0.81352090716362
343,-15.04725667292115,-0.0011706465168390423,1.0964813911914826,1.0953107464313507
344,-15.171760946179946,-0.03685569815337658,1.1037486565113068,1.0668929588794709
345,-7.7934157615823345,-0.1371272870898247,0.5822007489204407,0.44507345974445345
346,-16.745955609957264,0.03479202020913363,0.6137399303913117,0.6485319495201111
347,-26.556783065495555,0.20566328555345537,1.1158246660232545,1.3214879608154297
348,-11.883812204939218,-0.0713896207511425,0.6418973612785339,0.5705077415704727
349,-10.628930517379333,-0.10004062809050084,0.8917235600948333,0.7916829335689545
350,-6.245686246884686,-0.2122563636302948,1.0158373606204987,0.8035809934139252
351,-6.972487896218418,-0.16229609161615371,1.053246991634369,0.8909508955478668
352,-6.845023870613094,-0.1975184926390648,1.3824111771583558,1.184892680644989
353,-14.527744648556068,-0.09450098484754563,0.8111693000793457,0.7166683149337768
354,-11.337443930219749,-0.15503217726945878,1.3698075461387633,1.214775366783142
355,-4.604267739559166,-0.27810691922903064,0.9899714875221253,0.7118645703792572
356,-16.93405839861058,-0.07518617171794176,0.9715983307361603,0.896412159204483
357,-12.632974050962591,-0.12294094443321228,0.8835259246826171,0.7605849778652192
358,-13.491995995876142,-0.08583798684179783,0.7478384602069855,0.6620004737377166
359,-11.213467291140057,-0.11894888028502465,0.9217293679714202,0.8027804851531982
360,-15.665861481138393,-0.04637297859415412,1.045331470966339,0.9989584946632385
361,-11.817016953429851,-0.11026140108704567,0.8249540746212005,0.7146926712989807
362,-11.034866420485898,-0.10005170166492462,0.5391508340835571,0.4390991294384003
363,-1.5712528623924769,-0.28880997121334073,1.1405329704284668,0.8517229962348938
364,-10.386297691843314,-0.13549280509352685,0.8476728689670563,0.7121800637245178
365,-5.934732198408437,-0.1928850954771042,0.8298162651062012,0.6369311690330506
366,-13.381876951478636,-0.08661800779402257,0.9214537560939788,0.8348357474803925
367,-4.5675401965726365,-0.2252107283473015,0.9045516204833984,0.6793408954143524
368,-15.085953746796346,-0.018044064946006983,0.8834702241420745,0.8654261577129364
369,-4.435124979785542,-0.2277052319049835,1.25157963514328,1.023874409198761
370,0.8116223097749256,-0.3190980589389801,1.4107446599006652,1.091646602153778
371,-7.804072392012847,-0.1568530158698559,1.090020525455475,0.933167507648468
372,-3.762276868424742,-0.14668757304549218,0.8914559423923493,0.7447683656215668
373,-5.373906822126539,-0.12290178060531616,1.2504375195503235,1.1275357460975648
374,-9.392640649991213,-0.13156456753611565,0.9764010620117187,0.8448364961147309
375,-19.454520294354552,0.039257139079272745,1.6416777420043944,1.6809348773956299
376,-3.4263822012132596,-0.2612257006764412,1.1277240109443665,0.8664983057975769
377,-7.627379564244716,-0.17918462932109833,1.1086587369441987,0.9294741106033325
378,-16.674740212082146,-0.0002514937031082809,1.1374834752082825,1.137231979370117
379,-11.730089948739268,-0.08932970441877842,0.9791201019287109,0.8897903954982758
380,-2.5246748033453663,-0.2894467371702194,1.1654836297035218,0.876036890745163
381,-16.894166869861635,0.012869807844763272,0.8396726679801941,0.852542474269867
382,-16.828670278469573,0.007104717883012199,1.0000976526737213,1.0072023701667785
383,-18.704645262410697,0.08657878324389458,0.621756625175476,0.7083354067802429
384,-11.199442496126872,-0.10467332690954208,1.1203341698646545,1.0156608414649964
385,-15.522942918969823,0.036068548411130906,1.404990291595459,1.441058840751648
386,4.478637056893977,-0.32434776067733767,0.6852267420291901,0.3608789801597595
387,-24.20301162724788,0.10524351686239243,0.9172733843326568,1.022516906261444
388,-12.21502844023287,-0.08142407082021236,0.908980884552002,0.8275568163394929
389,-5.477461052469195,-0.21840892344713211,1.0691469156742095,0.8507379853725433
390,-7.855999569664622,-0.2089593568444252,0.8776078844070434,0.6686485254764557
391,-17.53511039593797,-0.0382941606035456,1.1866979336738586,1.1484037804603577
392,-14.177511195804724,-0.05761112552136183,0.817829704284668,0.7602185785770417
393,-16.27399675392835,-0.03164573922287673,0.7138332796096801,0.6821875393390655
394,-12.4914649041915,-0.09908147394657135,1.1553882408142089,1.0563067674636841
395,-10.394794891087338,-0.15934240102767944,0.9409086871147155,0.7815662908554077
396,-20.16076210797438,-0.034943138682283464,0.7101313066482544,0.6751881682872772
397,-6.087972565933455,-0.2694793352484703,1.2145509791374207,0.9450716412067414
398,-7.371905489900305,-0.2546573927998543,0.9999588084220886,0.7453014099597931
399,-13.300006152844222,-0.14219700261950494,0.7062290179729461,0.5640320128202438
400,-4.642546757597582,-0.27814331889152527,0.4890376877784729,0.21089436888694763
401,-0.75065521009547,-0.33508661687374114,0.8072826004028321,0.4721959853172302
402,-4.2768931885956825,-0.3264933890104294,1.5630211591720582,1.2365277600288391
403,-20.06650032147422,-0.018476033164188266,1.4360821866989135,1.4176061511039735
404,-5.529823758466499,-0.25528276681900025,1.082976815700531,0.8276940476894379
405,0.043370393696537946,-0.3145338523387909,0.9286203312873841,0.6140864777565003
406,-0.3872729672425912,-0.36156870901584626,1.0999211549758912,0.7383524465560913
407,-8.43931181600453,-0.20096745252609252,0.801417920589447,0.6004504692554474
408,-3.4066135471965815,-0.28842285335063933,0.9303014731407165,0.6418786156177521
409,-8.881168640467745,-0.18763231843709946,0.9521616637706757,0.76452934384346
410,-12.701099393088326,-0.11053984358906746,0.4705564111471176,0.3600165671110153
411,4.175414425414303,-0.41939509034156797,1.02984583735466,0.6104507505893707
412,-8.742222688359073,-0.19440669804811478,0.8586303007602691,0.6642235970497131
413,-3.1034929251611736,-0.2829632496833801,0.747151392698288,0.4641881418228149
414,-9.958531887998307,-0.16345330446958542,0.9857874441146851,0.822334144115448
415,-12.555844305949341,-0.12488612934947013,0.8734129726886749,0.748526840209961
416,-17.520802226665573,-0.004446736435056664,0.7545857751369476,0.7501390361785889
417,-7.996608740550604,-0.20824520766735077,0.723648396730423,0.5154031872749328
418,-21.005516599355907,0.016824551997706293,0.7795790934562683,0.7964036440849305
419,-25.864245407198265,0.12131299778819084,0.8485952579975128,0.9699082517623902
420,-13.618519879595636,-0.1395624853670597,1.4675042271614074,1.3279417324066163
421,-19.94446006469405,0.005890672442328651,1.1093914985656739,1.1152821695804596
422,-16.932717893475306,-0.029190238115843384,1.1719035720825195,1.142713327407837
423,-16.27137160486084,-0.04271422943100333,0.8159727549552918,0.7732585287094116
424,-18.149656153917473,-0.017551263449713587,0.8376176047325135,0.8200663411617279
425,-17.590239727893426,0.0004338388285395922,1.0004844677448272,1.0009183084964752
426,-16.911085773454726,-0.0463612353336066,1.1670505571365357,1.1206893253326415
427,-15.527847361657514,-0.0894518305361271,1.2261798000335693,1.1367279708385467
428,-7.2460800182307015,-0.19399875938892364,0.7480513536930085,0.5540525960922241
429,-1.4369927884139209,-0.3105817449092865,0.7099790966510773,0.3993973511457443
430,-18.12485463681547,0.003181117059866665,1.0740920948982238,1.0772732162475587
431,-2.029867270614055,-0.281763117313385,0.7429648447036743,0.46120172917842867
432,-11.542079598892233,-0.14519052729010581,0.8668244516849518,0.721633929014206
433,-15.843212495138978,-0.04109809949994087,0.9785105299949646,0.9374124324321746
434,-5.566088028003538,-0.25122657537460324,1.0355994188785553,0.7843728411197662
435,-20.79814654786975,0.023996674437075854,1.4141393065452577,1.4381359815597534
436,-15.004016994783054,-0.07848516922444106,1.1864556431770326,1.107970461845398
437,-4.958268128948266,-0.2586309766769409,1.4045964980125427,1.1459655165672302
438,-5.080258894751228,-0.23972066551446913,0.6922705161571503,0.4525498515367508
439,-4.792815649123,-0.2590646919608116,0.5557359427213668,0.2966712510585785
440,-15.829265412555618,-0.07504542499780655,1.1469463634490966,1.0719009399414063
441,-3.472123309264685,-0.28351988226175306,1.0701018750667572,0.7865819895267486
442,-16.60305636666358,-0.08002505533397197,0.8150632679462433,0.7350382137298584
443,-14.73858460711684,-0.0736255705356598,0.9919739973545074,0.9183484292030335
444,-10.993965910826985,-0.14750443160533905,0.9958521759510041,0.848347750902176
445,-4.318032298580853,-0.3025608092546463,0.8755429482460022,0.5729821389913559
446,2.735901927663761,-0.3912009900808334,0.5175404345989227,0.1263394445180893
447,-5.497125096601199,-0.22975905776023864,1.302828221321106,1.073069165945053
448,-10.690827113462698,-0.14619616597890853,0.8622737503051758,0.7160775840282441
449,-25.76838341178536,0.12049571618437767,0.8133119106292724,0.9338076293468476
450,-16.01521840256988,-0.06192548461258411,0.807323842048645,0.7453983557224274
451,-16.374276384041817,-0.016609814206458396,0.7319191336631775,0.7153093194961548
452,-1.6766243229589577,-0.27212711721658706,0.7431247091293335,0.47099759578704836
453,-2.5918666098398013,-0.3024767446517944,0.767437435388565,0.46496069014072416
454,-20.35148723306477,0.023134807292371988,0.530033763051033,0.5531685721874237
455,-8.189656195174344,-0.17958759695291518,0.836265686750412,0.6566780889034272
456,-10.474277482309667,-0.1322989943623543,0.9693225598335267,0.8370235681533813
457,-6.1928959317186845,-0.1846524754166603,0.9619496834278106,0.7772972118854523
458,-31.029830982725237,0.23581756860017777,1.0838454699516296,1.3196630334854127
459,-9.373702173001156,-0.11852620273828507,0.7820997667312622,0.6635735654830932
460,-8.482864317215206,-0.2011861816048622,0.5580612254142762,0.3568750429153442
461,-17.466337205589923,0.01424975404763245,0.7099817562103271,0.7242315113544464
462,-1.8427546673545443,-0.21128169000148772,1.2262219095230102,1.0149402189254761
463,-0.4599300982627881,-0.277062805891037,0.8519713354110717,0.5749085283279419
464,-1.7915671418028225,-0.2707866981625557,0.6529518949985504,0.3821651977300644
465,-15.69297079595768,-0.028678639940917492,1.235829164981842,1.207150523662567
466,-4.336819320897458,-0.26717259019613265,1.2537334251403809,0.986560834646225
467,-7.313740746879578,-0.1634363505244255,0.6753490459918976,0.5119126969575882
468,-19.76142206043142,0.03750025562942028,0.9831907296180725,1.020690987110138
469,0.8685835636136545,-0.3290898424386978,1.0289415895938874,0.6998517441749573
470,-8.199216655647616,-0.14470023572444915,0.7765124034881592,0.6318121719360351
471,-23.04336606275757,0.11939593568444253,0.8947236478328705,1.0141195785999297
472,-18.251795103738985,0.010842961992602795,1.871912350654602,1.8827553296089172
473,3.3561878428937035,-0.39793326914310456,0.9765786683559418,0.5786453968286515
474,-5.814893290332964,-0.23409145534038545,1.585166211128235,1.3510747504234315
475,-8.342444197228637,-0.17737948656082153,0.9677412819862365,0.7903617978096008
476,-3.061697288965007,-0.27119227945804597,1.007701667547226,0.7365093898773193
477,-6.08471831653948,-0.22489841818809508,0.7548870909214019,0.5299886709451676
478,0.40476890104593366,-0.32022513389587404,0.7124086272716522,0.3921834921836853
479,-2.570257978909968,-0.25498170018196104,0.6855388820171356,0.43055718183517455
480,-17.983107761870656,0.008221914469031618,0.6124970841407776,0.6207189959287643
481,2.6451195021230234,-0.3561026728153229,0.8408951032161712,0.4847924321889877
482,-8.233657096623174,-0.14603615090250968,1.2731393408775329,1.1271031892299652
483,3.871700376220666,-0.3561756604909897,0.658394125699997,0.3022184646129608
484,-8.09888881490587,-0.11441113948822021,1.1188320875167848,1.004420953989029
485,-11.494273787999086,-0.07511522948741912,0.700735388994217,0.6256201589107513
486,13.199545500077267,-0.5435352265834809,0.8770775556564331,0.3335423290729523
487,6.3725594604535765,-0.37813579916954043,0.3799008423089981,0.0017650431394577025
488,-3.150852313644714,-0.2203880023956299,1.5813617897033692,1.3609737849235535
489,-8.283451996685692,-0.10881905913352967,0.5215094166994095,0.4126903563737869
490,-4.549982499092717,-0.1813458928465843,0.8438850021362305,0.6625391101837158
491,2.96686591534878,-0.3232437014579773,1.1445496320724486,0.8213059329986572
492,-4.113118562505491,-0.19576795190572738,0.4718963593244553,0.2761284086108208
493,-16.40161489733468,-0.0008626315754372626,0.7368289577960968,0.7359663224220276
494,11.560391530428934,-0.4780798149108887,0.8469567859172821,0.36887697100639344
495,-5.700798670564819,-0.14068363577127457,1.406906886100769,1.266223256587982
496,-5.533237123377711,-0.1891919532418251,0.8725975716114044,0.6834056186676025
497,-0.24269597340093085,-0.2499716067314148,0.9487029612064362,0.6987313497066497
498,-0.8371709116565462,-0.25549740821123124,0.9636370503902435,0.7081396400928497
499,2.647934143675876,-0.3274266719818115,1.094816621541977,0.7673899531364441
500,-17.60052016688082,0.05522307254374027,1.1385974264144898,1.1938205003738402
501,-12.038552697735573,-0.02968141471967101,0.5783218789100647,0.5486404597759247
502,-11.685668781826179,-0.049733646661043164,1.423809003829956,1.3740753579139708
503,-3.197434092709898,-0.17981020599603653,0.9523835182189941,0.7725733160972595
504,-8.415394970955605,-0.09209923394024372,1.1889281153678894,1.0968288826942443
505,-0.3332946565151289,-0.2310263219475746,0.7497431755065918,0.5187168490886688
506,0.07972727797178791,-0.2247438907623291,0.9970642375946045,0.7723203468322754
507,-5.7225865848846205,-0.13061947241425514,0.65479994058609,0.5241804665327072
508,-14.623635854499778,0.025920729879289867,1.1940584897994995,1.2199792242050171
509,-14.334847310148838,4.533431667368859e-05,1.1825958228111266,1.1826411557197571
510,-9.913717029596157,-0.07129555076360702,1.428090991973877,1.3567954468727113
511,1.7988568188713678,-0.2725452435016632,1.467016611099243,1.1944713616371154
512,-25.801038689834122,0.24113911867141724,1.847729456424713,2.088868570327759
513,-9.411513451862184,-0.07507398806512355,0.7672898709774018,0.6922158813476562
514,-5.5435377813634865,-0.15479522451758385,1.025023695230484,0.8702284705638885
515,-6.376805690238346,-0.12216627359390259,0.8819579887390137,0.759791716337204
516,-14.60292922657326,-0.0072090905574441425,1.0390641164779664,1.0318550300598144
517,-2.33014675092679,-0.244765941798687,1.2043067932128906,0.9595408523082734
518,-10.57923287072023,-0.07747288033366204,0.8813391220569611,0.803866240978241
519,-5.128255812339869,-0.15148619592189788,0.7206158435344696,0.5691296494007111
520,-8.136123170015713,-0.09727197885513306,1.078764989376068,0.9814930105209351
521,-12.904815276541655,-0.01093010372016579,1.554368829727173,1.5434387254714965
522,-24.443206178101327,0.2032621482014656,1.0931211233139038,1.2963832664489745
523,-20.468059981101963,0.12511807158589364,1.0733917987346648,1.1985098695755005
524,3.9116265209652425,-0.3297534078359604,1.7909928464889526,1.4612394380569458
525,-5.421825645697908,-0.1276581920683384,1.2142678165435792,1.0866096198558808
526,-6.235290375769356,-0.11800455942749977,1.7863841819763184,1.6683796191215514
527,-8.059216025573086,-0.08505775973200798,1.0981461536884307,1.013088392019272
528,-8.004784770080253,-0.09309832751750946,1.377803566455841,1.2847052359580993
529,-15.914581918320522,0.0629727017134428,0.9436516189575195,1.0066243171691895
530,-6.5206368045618355,-0.10278019338846206,0.65366424202919,0.5508840483427048
531,-14.677010969856992,0.03199100505560636,1.173769202232361,1.2057602024078369
532,-20.834107051240025,0.11608994603157044,1.5706903886795045,1.6867803287506105
533,-20.20616776698249,0.09992231458425521,1.1418980956077576,1.2418204069137573
534,-2.1461751145195898,-0.22796727776527403,1.14748281955719,0.9195155429840088
535,-9.33276434357473,-0.0622933579608798,1.0851991641521455,1.0229058063030243
536,-6.939495289223592,-0.10030550077557564,0.9569218373298645,0.8566163408756257
537,-8.649609881290823,-0.0960821995139122,1.057603303194046,0.9615211081504822
538,-8.484165337335478,-0.07907981283962727,1.1326271462440491,1.0535473322868347
539,-16.372550093731434,0.03313999701291323,1.231351101398468,1.2644911003112793
540,-13.304846830677567,0.015113338166847824,1.0422053289413453,1.057318671941757
541,-7.761645600060641,-0.10300072759389878,1.0851288914680481,0.9821281564235688
542,-5.913962146900779,-0.11343433067202568,0.5220293313264847,0.40859499931335447
543,-0.07260136471946765,-0.25405333638191224,0.8736632347106934,0.6196098977327347
544,-20.586272262336458,0.1455240446329117,1.7925958967208862,1.93811993598938
545,-8.887765273477077,-0.0816237599402666,1.012572981119156,0.930949215888977
546,-23.437664858375065,0.1830255436897278,1.3851781272888184,1.568203673362732
547,-20.530647591011974,0.13636744529008865,0.8965692138671875,1.0329366528987884
548,-19.065133468073565,0.09297903090715408,1.3745165848731995,1.4674956130981445
549,-11.379253940754785,-0.039108032807707784,1.065367478132248,1.0262594377994538
550,-32.636275389092646,0.3258767354488373,1.0290022361278535,1.354878966808319
551,-26.16967387898393,0.20190417677164077,0.982263103723526,1.1841672801971435
552,-11.251762404516105,-0.03476229886524379,1.1353566455841064,1.1005943405628205
553,-9.40370924395905,-0.08751105442643166,1.1319052839279176,1.0443942296504973
554,-19.333029386680078,0.09679837107658386,1.5533901453018188,1.6501885151863098
555,-15.927904646137012,0.04387156166136265,0.9221711182594299,0.9660426783561706
556,-17.717193381221982,0.05566136300563812,1.5649990224838257,1.620660388469696
557,0.22405430118024583,-0.2680776804685593,1.2013171458244323,0.9332394623756408
558,-9.355619027762188,-0.07474110692739487,1.047827320098877,0.973086210489273
559,-4.365335100919349,-0.17557199716567992,1.084385905265808,0.9088139092922211
560,0.28130401425476137,-0.266988006234169,1.422554612159729,1.155566601753235
561,-18.161154707390217,0.09047596693038941,0.976736456155777,1.0672124314308167
562,-8.14833865769938,-0.07668826825916768,1.2995112609863282,1.2228229999542237
563,-30.65148609009308,0.30428899466991427,1.0919786047935487,1.3962675952911376
564,-17.483362200519508,0.08430361941456795,0.7910599613189697,0.8753635787963867
565,-26.057962314433063,0.2291816821694374,1.1100754714012147,1.3392571544647216
566,-22.385147012712377,0.1393581113219261,1.2226051568984986,1.361963267326355
567,-14.642036530096373,0.0063568637048229,1.142470520734787,1.1488273859024047
568,-8.24219721817803,-0.11087388083338738,1.1180772852897645,1.0072034049034118
569,-3.6881793001865155,-0.1688542142510414,1.0905868887901307,0.9217326748371124
570,-15.975982036404236,0.022182506266981362,1.2581035900115967,1.2802860975265502
571,-22.514491099787993,0.14488510817289352,1.7738957548141479,1.9187808632850647
572,-9.612567356200127,-0.07488831773400306,1.2230733060836791,1.1481849944591522
573,-7.653203611548012,-0.12432665064930916,1.3018992257118225,1.1775725674629212
574,-18.25708030476677,0.0909131906926632,0.9779087817668914,1.0688219714164733
575,-16.16092105500276,0.04784059315919876,2.0116899752616884,2.0595305609703063
576,-10.939585727757763,-0.06639800179749727,1.078658094406128,1.0122600948810578
577,-17.67566893792246,0.06907137580215932,1.9863862299919128,2.0554576110839844
578,-19.677301723443886,0.114781946092844,0.7024317121505738,0.8172136604785919
579,-1.428119592743343,-0.23323698192834855,1.0515152168273927,0.8182782340049743
580,-4.3307640477559275,-0.17244356095790864,1.2748206424713135,1.1023770797252654
581,-7.409865716458718,-0.12051486939191819,1.1884308433532715,1.0679159700870513
582,-16.355086025371193,0.02303421663120389,0.7887974810600281,0.8118316984176636
583,-5.982754237827727,-0.15529326543211938,1.4219575142860412,1.2666642451286316
584,-14.241749570793276,-0.00791052982211113,1.1170468616485596,1.1091363263130187
585,-15.192262542196026,0.011221461498644203,0.8759988856315613,0.8872203481197357
586,-22.28529277452916,0.1537573218345642,1.113250594139099,1.2670079159736634
587,-20.02314756538843,0.10329790234565735,2.2059512662887575,2.30924916267395
588,-17.00446591081198,0.04862195082008838,1.5657093572616576,1.6143313074111938
589,-11.659516508786854,-0.07607439421117305,1.1446825051307679,1.068608113527298
590,-19.268264126316865,0.07227976761758327,1.1823984169960022,1.2546781849861146
591,-12.65709998458269,-0.04786482612602413,1.048577196598053,1.0007123684883117
592,-9.158886378016955,-0.13238664358854293,1.2767896389961242,1.1444029879570008
593,-26.122629016562527,0.1783481928706169,1.8450158548355102,2.023364040851593
594,-7.280926122908028,-0.20899806648492814,1.3950343370437621,1.186036273241043
595,-25.202262545198447,0.16302309423685074,1.6664346408843995,1.829457745552063
596,-21.553987714780355,0.07979842856526374,0.933610862493515,1.0134092855453491
597,-26.14485978696702,0.16193051606416703,1.0781222832202912,1.240052797794342
598,-10.445647534717333,-0.0916549389064312,1.0108155310153961,0.9191605973243714
599,-25.699110609602805,0.18065311253070832,2.6636529207229613,2.8443060302734375
600,-11.252453040761477,-0.09500656627118588,1.0984345006942748,1.0034279322624207
601,-2.7663387262442267,-0.25025722712278364,1.8747581243515015,1.6245008873939515
602,-12.849916639077609,-0.05450519260019064,0.7774273324012756,0.7229221403598786
603,-13.936803897380074,-0.059871113523840905,1.1604011821746827,1.1005300664901734
604,-28.171938288729706,0.1887556329369545,0.8001526081562043,0.9889082372188568
605,-21.198281333498368,0.015755763724446297,0.971753214597702,0.9875089776515961
606,-24.602395583250722,0.03922636847943067,1.1228131198883056,1.1620394897460937
607,-11.136147694853609,-0.11991750851273536,1.006801600456238,0.8868840909004212
608,-15.327611950296975,-0.04831802479922771,2.430436444282532,2.382118411064148
609,-13.023351543672035,-0.08748607225716114,1.7519526290893555,1.664466562271118
610,4.067398531129225,-0.42168685138225553,1.4096923685073852,0.9880055129528046
611,-21.09110415671332,0.04030463807284832,0.7863597726821899,0.8266644132137299
612,-10.308627341157868,-0.19162288010120393,1.8211653017997742,1.6295424222946167
613,-23.016536643902075,0.04513217777013779,0.8257495439052582,0.8708817219734192
614,-12.766396278953273,-0.12845103725790977,0.8745988357067108,0.746147803068161
615,-13.6736118685453,-0.06119953259825706,1.0069197154045104,0.9457201838493348
616,-9.209107105859731,-0.1704103085398674,1.0162239825725556,0.8458136713504791
617,-18.673513872355205,0.03456934370100498,0.8958060383796692,0.9303753852844239
618,-6.933046482044567,-0.21944868445396423,1.2670640969276428,1.0476154136657714
619,-11.327043539525922,-0.11548125177621842,0.7205822587013244,0.6051010107994079
620,-10.691501781955457,-0.12320150434970856,1.5905552196502686,1.467353720664978
621,-18.17913618987491,-0.018126556765055285,1.793455755710602,1.7753291893005372
622,-4.040764960744854,-0.23208112448453902,1.3731752300262452,1.1410941064357758
623,3.1580930934811136,-0.38036437928676603,1.1623951864242554,0.78203080534935
624,-23.226847905675015,0.10413486555218697,1.2957850646972657,1.3999199271202087
625,-10.771958985702963,-0.11244150951504707,1.0235656082630158,0.911124095916748
626,-14.420330576492264,-0.07354491703212261,1.1161806857585908,1.0426357734203338
627,-23.38484612466787,0.09973514273762703,1.3451089406013488,1.4448440861701966
628,-7.953553231070568,-0.17386113107204437,0.8738922262191773,0.7000310993194581
629,-9.53708292268049,-0.14569286227226258,0.5233957296609879,0.377702870965004
630,-14.383192033886276,-0.049611329659819604,1.1595456075668336,1.109934275150299
631,-8.252823786680116,-0.1492813017964363,1.2051971340179444,1.055915834903717
632,-10.161696346776706,-0.13547488063573837,1.2729014873504638,1.137426607608795
633,0.9082431527118295,-0.34795119404792785,1.3345113849639894,0.9865601909160614
634,-22.09665576845691,0.08003654524683952,1.122087390422821,1.2021239399909973
635,-4.462845510057122,-0.22896031767129899,0.5540597015619277,0.32509938269853594
636,-8.68079670207895,-0.15423277705907823,1.0930273723602295,0.9387945926189423
637,-6.808203170461828,-0.2045645210146904,1.1134611856937409,0.9088966608047485
638,-9.483181853432487,-0.14391834616661073,0.8087759709358215,0.6648576247692108
639,-7.703584779329237,-0.18150723308324815,0.9078018379211426,0.726294606924057
640,-3.8301100476798737,-0.21950071841478347,0.558870587348938,0.33936986833810806
641,-10.623027504004597,-0.1165585346519947,0.9045192778110505,0.7879607427120209
642,-8.378020194237408,-0.195937642455101,1.3588034915924072,1.1628658509254455
643,6.2956781321987805,-0.43113888800144196,0.622217651605606,0.19107876360416412
644,0.43248452713556773,-0.32601381838321686,0.9919977712631226,0.6659839558601379
645,-8.731463736136607,-0.1621853819489479,1.3525310468673706,1.190345664024353
646,-6.804665794819083,-0.16609985917806624,0.7083085334300995,0.5422086751461029
647,-4.539600939613884,-0.20783239871263504,0.7622034335136414,0.5543710345029831
648,0.2875356437278853,-0.287349112033844,0.6420119071006775,0.3546627938747406
649,-7.45696840784575,-0.16065418481826782,0.8104329562187195,0.6497787749767303
650,-8.432772259632497,-0.15076227009296417,1.1524732542037963,1.0017109858989715
651,2.2368316726502577,-0.3219870042800903,0.7876464462280274,0.4656594407558441
652,-12.651978756339446,-0.06328512504696845,1.0282427620887757,0.9649576389789581
653,-12.416091953046696,-0.047634030748158696,1.1369390749931336,1.0893050420284272
654,-11.448342587616281,-0.0704627913981676,0.98674680352211,0.9162840116024017
655,-15.171694635190386,0.004097147324646357,0.8801928687095643,0.8842900204658508
656,0.6641696950986145,-0.27931696534156797,0.6524896311759949,0.373172664642334
657,-10.29939450879639,-0.07510563574731349,1.164511935710907,1.0894062972068788
658,-4.000994914121684,-0.1813676670193672,0.763148934841156,0.581781268119812
659,-3.5267685065031102,-0.18062552958726882,0.8655117571353912,0.684886223077774
660,-6.469748393469011,-0.10884881347417831,0.754620543718338,0.6457717275619507
661,-12.352194883462234,-0.002975058880983852,1.3264868211746217,1.3235117626190185
662,-4.086706522749896,-0.1683856549859047,0.5573647451400757,0.3889790904521942
663,-0.5810613723264488,-0.2737462893128395,1.1803548860549926,0.9066085970401764
664,-9.145575364507476,-0.08088589303195476,1.1192585921287537,1.0383727025985718
665,-7.386703306168108,-0.09327537626028061,0.9042372334003449,0.8109618616104126
666,4.08232341141856,-0.30811442017555235,0.8371278762817382,0.5290134519338607
667,2.9305588265794924,-0.28145612418651583,0.7458607745170593,0.4644046473503113
668,-1.8911877206873768,-0.18299970626831055,0.7838976097106933,0.6008979034423828
669,1.4813102076910383,-0.25263983219861985,0.7495325839519501,0.49689275205135347
670,-8.871675140882013,-0.058489828407764434,0.8705499672889709,0.8120601439476013
671,7.450216839583412,-0.3600699895620346,0.47040018379688264,0.11033019423484802
672,-6.36803389746283,-0.09622475452721119,0.7149667310714721,0.6187419807910919
673,-3.6963654759816116,-0.14202457129955293,0.8989674437046051,0.7569428789615631
674,0.9391685596012351,-0.20308484882116318,0.8673196303844452,0.6642347860336304
675,-27.68517969150896,0.311060551404953,1.6735833644866944,1.984643921852112
676,3.8057482453978224,-0.2833876734972,0.8778736472129822,0.5944859755039215
677,11.133545136705104,-0.40326741218566897,1.0880176186561585,0.6847502028942108
678,11.92319962924514,-0.427137525677681,1.2090175032615662,0.7818799769878387
679,3.7057440060691746,-0.25046503216028215,0.6378740274906158,0.38740899324417116
680,-14.900662875439508,0.07085326790809632,1.003088937997818,1.0739422035217285
681,-2.835503042723932,-0.13728868454694748,0.7827845656871796,0.6454958820343017
682,-4.498008620167772,-0.0955923356115818,0.5216699624061585,0.4260776287317276
683,-3.8938356160069567,-0.1025935836136341,0.9707442402839661,0.8681506562232971
684,6.169121707207648,-0.2953782761096954,0.624186338186264,0.3288080620765686
685,-11.958924859482934,0.060961942598223684,0.9877436804771423,1.0487056279182434
686,-3.2125849723972912,-0.09779308825731277,0.7442440140247345,0.6464509248733521
687,-6.831510401103056,-0.03712770964950323,1.0225079560279846,0.9853802466392517
688,3.6246541621834005,-0.2319345158338547,1.0107864081859588,0.7788518917560577
689,-1.6252352474541993,-0.12691664561629296,0.8495495009422303,0.7226328539848328
690,-2.9856655396323966,-0.12349555656313896,0.8140770804882049,0.6905815279483796
691,-7.976293754512996,0.007090500989288557,0.8633376717567444,0.8704281735420227
692,9.244868708213946,-0.3421202403306961,0.7013956177234649,0.3592753773927689
693,7.2277001162888865,-0.2864446526765823,0.786806230545044,0.5003615754842758
694,1.1743069134442656,-0.1633697482943535,1.0560448741912842,0.8926751244068146
695,-13.419953804507589,0.0846145498752594,1.640365641117096,1.7249801993370055
696,-6.947143961750996,-0.031136774907354267,1.052276177406311,1.021139394044876
697,5.7361236456924125,-0.2657646676898003,0.7687918150424957,0.5030271464586258
698,1.5125438511685871,-0.16750999927520752,0.7685578918457031,0.6010478925704956
699,12.861011730447778,-0.4027406871318817,0.5108641707897186,0.10812348365783692
700,-15.119959135787209,0.13311964198946952,1.0795217728614808,1.212641417980194
701,2.045814947698485,-0.1716467806696892,0.5440047973394394,0.37235801517963407
702,-3.7172914077019286,-0.05400339391082525,0.7506097400188446,0.696606353521347
703,-23.345424123872103,0.3196072936058044,1.9643307447433471,2.2839380359649657
704,-14.544463294488557,0.13658569157123565,1.3877166891098023,1.5243023824691773
705,-27.759597148652308,0.37588973820209504,1.290280179977417,1.6661699247360229
706,-22.1899835450848,0.25491618692874907,1.058668051958084,1.3135842418670653
707,-2.5873942382546637,-0.13236018270254135,1.4041645479202272,1.2718043637275696
708,1.7846386843565867,-0.18008378595113755,0.8480924606323242,0.6680086779594422
709,-18.994222783390335,0.17431675553321838,1.0345339798927307,1.2088507342338561
710,-0.2952496392273609,-0.14097859397530554,0.9515863955020905,0.8106078004837036
711,-19.01405669439155,0.21833286941051483,1.0967376291751862,1.315070502758026
712,-13.96946972018673,0.09438184514641762,1.7564821577072143,1.8508640027046204
713,-2.592966494882866,-0.07728633776307106,1.0129171061515807,0.9356307649612426
714,-3.528181370158851,-0.08392550341784955,0.8300670218467713,0.7461415195465088
715,-19.23352489836508,0.22046111702919005,1.351927535533905,1.5723886585235596
716,-0.25976919864541514,-0.10304749116301537,0.9511602747440339,0.8481127786636352
717,-8.213754381419285,-0.03394334305077791,0.8844327580928802,0.8504894161224366
718,6.392445886882591,-0.260138236284256,0.7765114521980285,0.5163732177019119
719,-2.0933225395400967,-0.1302780905365944,0.7827735066413879,0.6524954175949097
720,-28.497730865519543,0.41340799689292906,1.4732109689712525,1.8866189694404603
721,-1.5052146851517243,-0.10671462163329125,0.9147214388847351,0.8080068182945251
722,-0.8909534993507897,-0.14962007179856301,1.114863293170929,0.9652432262897491
723,-7.527964417231274,-0.052240811362862585,1.273905987739563,1.2216651797294618
724,1.2959868455672918,-0.1879028758406639,0.6915710997581482,0.5036682218313218
725,-11.549704834764135,0.09779296040534974,1.130731108188629,1.2285240769386292
726,2.081837061364233,-0.19662441194057464,0.42901497781276704,0.23239056497812272
727,-0.5678539936981473,-0.13041942432522774,0.6705897390842438,0.5401703137159347
728,-3.8885951052264573,-0.05143245317041874,0.6453131401538849,0.5938806879520416
729,-6.5965896628862986,-0.04185111262369901,0.810207302570343,0.7683561909198761
730,-2.067826333502694,-0.08839112728834152,0.9438538610935211,0.8554627394676209
731,-0.7773476937470392,-0.12402295261621475,0.7036915016174317,0.5796685492992402
732,1.5809294815278072,-0.18030287206172943,1.497961769104004,1.3176588964462281
733,-5.631460239489492,-0.07491846196353436,1.2135507726669312,1.1386323153972626
734,4.9452415113482395,-0.21425109416246413,0.6628629112243652,0.44861181676387785
735,2.9492209774844227,-0.14036522775888444,0.9919302737712861,0.8515650510787964
736,7.646133795460319,-0.2922171092033386,1.0226757371425628,0.7304586243629455
737,-1.08522529157705,-0.09838132083415985,1.03236301779747,0.9339816951751709
738,-5.5987091771415685,-0.0239609165629372,0.7560214757919311,0.7320605611801148
739,-3.9860454415911235,-0.05773006241768599,1.4440024924278259,1.3862724256515504
740,-8.910924366195797,0.02062843509018421,1.4776007056236267,1.4982291436195374
741,-5.28222485704487,-0.009382764121401124,0.9481207299232483,0.9387379634380341
742,3.8337275940497726,-0.1638820633292198,0.8032024741172791,0.6393204092979431
743,2.643635345452889,-0.14715660452842713,1.0696892297267915,0.9225326251983642
744,6.5156030636282765,-0.22638438254594803,0.8802146208286286,0.6538302397727966
745,-20.272120179859872,0.3108798235654831,1.0697603976726533,1.3806402206420898
746,-1.6492482521232752,-0.04569107014685869,0.883039802312851,0.8373487269878388
747,5.852705313743531,-0.20664034247398377,0.7343156242370605,0.5276752841472626
748,0.8437505357051549,-0.11196565896272659,0.5550661599636078,0.44310050189495087
749,-3.685789618176724,-0.035373411905020476,0.7468843233585357,0.7115109133720398
750,-1.108524425445001,-0.09691382169723511,0.6684592390060424,0.5715454149246216
751,-2.9167431045363905,-0.055459600910544395,0.9876065468788147,0.9321469473838806
752,2.5331342603036013,-0.16525690644979477,0.8775652503967285,0.7123083424568176
753,9.219465067533335,-0.2763797238469124,1.211230902671814,0.9348511803150177
754,-16.920970490036233,0.22418770641088487,1.1464904689788817,1.3706781792640685
755,0.031018536520829088,-0.11795967116951943,0.5557047593593597,0.43774508774280546
756,-8.584521880744532,0.020635628160089254,1.0249330377578736,1.0455686688423156
757,9.7526590928195,-0.29058951437473296,0.7922304177284241,0.5016409003734589
758,9.068225009701866,-0.27388025403022764,0.4662303721904755,0.1923501181602478
759,-15.069270383437022,0.17757945209741594,1.9717200660705567,2.1492995119094847
760,-6.278306251716376,0.022229876071214676,0.7890575122833252,0.8112873840332031
761,-13.008712151421161,0.12268393710255623,0.9080588865280151,1.0307428205013276
762,2.2589641179422664,-0.11701341897249222,0.7566496205329895,0.6396361982822418
763,10.786787131165852,-0.30014115512371065,0.6734491276741028,0.37330797135829924
764,1.5984875956028155,-0.14398596912622452,0.613358690738678,0.4693727219104767
765,-3.9029895609100365,0.000457456213189289,0.934415831565857,0.9348732888698578
766,-14.644923995287467,0.17952005237340926,1.0913218462467194,1.270841896533966
767,9.83802971009833,-0.2870516067743301,0.4644960719347,0.17744446516036988
768,-0.9645419569174081,-0.07521584711968898,0.4054348874092102,0.33021904051303863
769,-16.667114654550257,0.1733611899614334,1.5485580921173097,1.721919276714325
770,3.011120441273629,-0.18025912553071977,0.7717513954639434,0.5914922690391541
771,4.1005402264100965,-0.18526124835014343,0.8201078236103058,0.6348465704917907
772,7.189582204489465,-0.19508098989725112,0.8387165701389313,0.6436355787515641
773,-21.41479603796379,0.29139878988265994,1.2675462651252747,1.558945050239563
774,0.9047747494774541,-0.14198323860764503,0.81800989985466,0.6760266637802124
775,-15.789923866463166,0.15151211977005005,1.0088337790966033,1.1603458905220032
776,5.295947836342993,-0.21483912825584411,0.503465068936348,0.28862594097852706
777,10.050845838254993,-0.3086890059709549,0.36084056496620176,0.052151558995246886
778,-3.4817832445078842,-0.06787189189344645,0.8372272217273712,0.7693553268909454
779,-3.2524637588154555,-0.04164111740887165,0.9720850646495819,0.9304439449310302
780,-7.123469905721153,0.024912108965218067,1.0249293994903566,1.0498415100574494
781,-8.29382782081996,0.06125450178980827,0.9351955211162567,0.9964500200748444
782,10.83478013043431,-0.289708668589592,0.4656517940759659,0.1759431254863739
783,-5.728365337028844,0.037776809073984625,0.975264676809311,1.0130414807796477
784,3.666384920602514,-0.19685672223567963,0.4494455361366272,0.2525888127088547
785,-12.493091501444589,0.13314065217971802,0.6857061052322387,0.8188467562198639
786,9.682936406536044,-0.2790641093254089,0.4243726581335068,0.14530854880809785
787,-9.367051392353583,0.0680825237929821,0.9528648793697357,1.020947402715683
788,-22.140980010585658,0.3092548578977585,1.3323911595344544,1.6416460180282593
789,-6.039134007655985,0.01749490836635232,0.8547943937778473,0.872289297580719
790,-13.580035620344706,0.1982123076915741,0.6949995136260987,0.8932118225097656
791,-17.049139050097686,0.22307713061571122,1.1604598760604858,1.3835370087623595
792,-14.199039110499399,0.19657802999019622,1.2339010286331176,1.4304790496826172
793,-10.5190853881335,0.10371647715568542,1.2248891949653626,1.3286056733131408
794,10.14993685994494,-0.2633165669441223,0.6747590208053589,0.411442454457283
795,-9.347134360140434,0.058239517733454704,0.9650192022323608,1.0232587230205537
796,-9.934711735922978,0.04837753213942051,1.0824132466316223,1.1307907819747924
797,-18.216180766030995,0.23160120338201523,0.8934648501873016,1.1250660502910614
798,6.352864136369298,-0.23410338401794434,0.4620090425014496,0.22790565818548203
799,3.4736845220954002,-0.1482590329647064,0.6823431515693664,0.53408411860466
800,-2.848671533362822,-0.046871910691261294,0.5054226356744767,0.4585507243871689
801,7.486338075935286,-0.24692120283842087,0.7921483480930328,0.5452271473407745
802,-5.842540439104692,0.01294843662995845,0.609843510389328,0.6227919495105744
803,-6.066767850219605,0.03255050357431173,1.1976702165603639,1.2302207279205322
804,-4.467125811958034,0.0014990282326471061,0.6121177357435227,0.6136167633533478
805,8.737585481348155,-0.25510766595602036,0.6279931938648224,0.3728855276107788
806,-0.01772947189153129,-0.1033841148018837,0.7207338702678681,0.6173497557640075
807,-0.23128437762281706,-0.10469623252749444,0.5340357488393783,0.42933951556682587
808,-10.318156709388273,0.10126878693699837,1.3936641716957092,1.4949329543113707
809,-9.413612455813404,0.05580523788928986,0.7423009026050568,0.798106142282486
810,-13.590690373457136,0.1633879616856575,0.8093621742725372,0.9727501356601715
811,-1.8476185606074225,-0.0926370020955801,1.0498986279964446,0.9572616183757782
812,-1.4328775021690952,-0.07547139912843705,0.5990699970722199,0.5235986012220383
813,3.389907821511038,-0.1832759377360344,0.44486903250217436,0.26159309267997743
814,7.776730140749052,-0.24926485151052474,1.337538502216339,1.0882736468315124
815,-10.925241367351333,0.13073481604456902,1.147952551841736,1.2786873698234558
816,-19.455922545767056,0.2894991707801819,2.0710637164115906,2.3605628919601442
817,-6.439391509722487,0.016440205769613386,1.4907234025001526,1.5071636056900024
818,-9.085781657449873,0.08668028175830841,1.3226977849006654,1.4093780708312988
819,-3.439418936296377,-0.050781943127512934,0.6999073004722596,0.6491253530979156
820,-1.0674608627128706,-0.059720437526702884,0.6165359032154083,0.5568154615163803
821,-21.542846080528783,0.34197604537010196,2.037822208404541,2.379798254966736
822,12.420733028415455,-0.3219125950336456,0.4715810316801071,0.14966843664646148
823,-4.248419783906559,-0.004666424389579333,0.6548316001892089,0.6501651751995087
824,0.52790685101413,-0.06802170716226101,0.6248077374696731,0.5567860317230224
825,-11.81458863406056,0.1422388383746147,0.999376369714737,1.1416152095794678
826,4.766696797553024,-0.15435481935739517,1.0205449485778808,0.8661901271343231
827,-3.1471113606799364,0.012912023412063718,0.8501029479503631,0.8630149686336517
828,-6.525579334964691,0.059684797152876855,1.2171848034858703,1.2768696022033692
829,-8.754462309637809,0.06799747623503208,0.9628718292713165,1.0308693051338196
830,-4.842701566103621,0.016983033791184425,0.7293703699111939,0.7463534009456635
831,-2.047593413953571,-0.04376950802281499,0.9402652096748352,0.8964957070350646
832,-0.9169380566421168,-0.06025756046175957,0.41141924500465393,0.35116168320178986
833,3.269198663515443,-0.1438278865814209,1.067681165933609,0.9238532793521881
834,-16.408837634165877,0.22488602250814438,1.133323780298233,1.3582098078727722
835,-5.0806722641647895,0.01176545828115195,0.928253425359726,0.9400188779830932
836,0.31588038350746217,-0.09370720162987708,0.7275922787189484,0.6338850831985474
837,-3.6928380290011305,0.012512627611868084,0.7400701105594635,0.7525827407836914
838,-12.355233753346454,0.16905469924211503,1.002697273492813,1.1717519748210907
839,-3.4225253864320635,-0.024789100179768864,0.44591689229011533,0.42112779259681704
840,-2.0698382011323133,-0.07647134326398372,0.5256970512866974,0.44922570943832396
841,-8.697774412612379,0.05951529353857041,0.9348737502098083,0.9943890404701233
842,-14.905639987615142,0.15014824032783508,0.834365063905716,0.9845132970809937
843,-4.56308721479731,-0.034691317239776254,1.0745138478279115,1.0398225319385528
844,-11.483431496753877,0.08924841076135635,0.7254872643947601,0.8147356712818146
845,1.655693680615304,-0.12463660717010498,0.7711063051223754,0.6464696937799453
846,-5.568159314586154,-0.002700104843679583,0.9840237307548523,0.9813236284255982
847,-6.948431560277648,0.023359692469239236,0.5724292814731597,0.5957889759540558
848,2.9144222874640633,-0.16770252853631973,0.4654217576980591,0.29771923154592517
849,-0.7204048728643286,-0.10373717531561852,0.8316246116161347,0.7278874325752258
850,-1.8477895722388737,-0.07205180719494819,0.865715651512146,0.7936638462543487
851,-11.311085857492861,0.1202098450064659,0.42354510247707366,0.5437549459934234
852,0.9442843201741731,-0.10731962636113167,0.30587301194667815,0.19855338633060454
853,0.9079899833253791,-0.11463613212108612,0.6405716353654861,0.5259355032444
854,3.2300769818406145,-0.12922518089413643,0.37967761397361754,0.25045243203639983
855,-0.8074611923487147,-0.06910292573273182,0.8042167294025421,0.7351138031482697
856,-4.701919630401292,0.02301671024411917,0.5898328936100006,0.6128496015071869
857,-2.832260116421544,-0.0196882971317973,0.5447895741462707,0.5251012790203095
858,-3.1195242559079155,-0.04037887277896516,0.6110110104084014,0.5706321388483048
859,-13.672868629153715,0.1815278959274292,1.0908198297023772,1.2723477244377137
860,-23.112265108735244,0.3272933828830719,2.2724629259109497,2.599756317138672
861,-5.610434902019605,-0.03638330907095224,0.693781852722168,0.6573985421657562
862,-15.322769132008444,0.10708115875720978,1.0235942709445953,1.1306754398345946
863,-20.73375670992153,0.2733719199895859,1.790423538684845,2.063795449733734
864,-16.32530487267024,0.14609473764896394,1.671941728591919,1.8180364608764648
865,-0.26822926003156766,-0.1298006731271744,0.6337940442562103,0.5039933729171753
866,-5.813891998019095,-0.01736878516472643,0.46962810337543487,0.45225931763648985
867,-8.050722461157164,-0.009441302253981121,0.5701400226354599,0.5606987220048905
868,-13.376433016532165,0.08291226923465729,1.0911460661888122,1.1740583348274232
869,-0.7399756640240831,-0.1513952234387398,0.5370991909503937,0.38570396780967714
870,-1.3890154616660801,-0.08132639974355697,0.5346452659368515,0.4533188676834106
871,-3.376275971562258,-0.03957278633490205,0.587082884311676,0.5475100988149643
872,-30.024344257903167,0.4528910368680954,1.3307220005989076,1.7836130380630493
873,-14.925277514501868,0.1814916306734085,0.97754838347435,1.1590400183200835
874,-5.7402025463135296,-0.02700338026508689,0.6418244564533233,0.6148210799694062
875,-3.4520301203079775,-0.07073737137019634,0.7180244469642639,0.6472870767116546
876,-16.989932579328958,0.1748806294798851,0.9191917598247528,1.0940723884105683
877,-6.2817928375269005,-0.04033661033026874,0.3377071088552475,0.29737049728631976
878,-4.391220747373129,-0.06792673371732234,0.4012873613834381,0.3333606284856796
879,-2.051485501843736,-0.12527945160865783,0.35278912961483,0.22750967860221863
880,-22.395655774911326,0.2761803615093231,0.5640002220869065,0.840180584192276
881,-21.189282165530308,0.2628946605324745,0.8261447048187256,1.0890393710136415
882,-5.098753341742057,-0.05303621258586645,0.5924983823299408,0.5394621711969375
883,-14.890044617477262,0.09846537783741952,0.7923903167247772,0.8908556914329528
884,-19.227589560414113,0.20066365987062454,1.0592168807983398,1.2598805403709412
885,-15.980585718965777,0.10842814609408379,0.8574013543128968,0.965829496383667
886,-2.3225529107301206,-0.11390865355730057,0.7428792202472687,0.6289705622196198
887,-11.751525112955548,0.028157123550772666,1.094955894947052,1.123113021850586
888,-11.231931333166454,0.012705576305743307,1.1412274765968322,1.1539330530166625
889,-12.188174612798864,0.08609454721212387,0.7976453363895416,0.8837398874759674
890,-12.549933640627735,0.034065260626375674,0.5720394551753998,0.6061047160625458
891,-22.107274624596354,0.29333218693733215,1.0005500042438507,1.2938821864128114
892,-18.64194356993773,0.17867618829011916,1.0359205865859986,1.2145967698097229
893,-32.618179902568805,0.38677270770072936,2.1442826843261718,2.531055378913879
894,-10.69790634580248,0.0346629236266017,1.0286308586597444,1.0632937800884248
895,-19.145596309324688,0.22507480293512344,1.225108859539032,1.4501836681365967
896,-15.842187699493929,0.1147909539937973,0.7772890150547027,0.8920799612998962
897,-4.383050759969297,-0.06591545440256595,0.9903157317638397,0.9244002735614777
898,-2.0539832079091482,-0.09165475346148014,0.8217757833003998,0.7301210308074951
899,-6.897989745975101,0.015670335693284868,0.8697221529483795,0.8853924989700317
900,-8.246290212890482,0.04446251668035984,0.532007931470871,0.5764704471826554
901,-7.339859688136972,0.03282441440969706,0.582942311167717,0.6157667255401611
902,-4.021663413740438,-0.026100893317488952,0.6664437437057495,0.6403428483009338
903,-4.965211060788814,-0.05593187842518091,0.3576594513654709,0.30172757148742674
904,-16.609312298005726,0.1654122820496559,0.5917466449737548,0.7571589255332947
905,-8.601220933160281,0.03401968665421009,0.6271249353885651,0.66114462018013
906,5.905449165361638,-0.2511670550704002,0.7674018764495849,0.5162348210811615
907,-20.829042400611172,0.2613328015804291,1.0621226155757904,1.3234554147720337
908,-9.764590134479015,0.02626451328396797,1.0062959671020508,1.0325604832172395
909,-11.501244128244899,0.078678547590971,0.8525342512130737,0.9312127935886383
910,-11.167825917667326,0.05262719132006168,0.5985108196735383,0.6511380124092102
911,-11.252959458274548,0.05391574762761593,0.8078373634815216,0.8617531132698059
912,-8.71069934314564,-0.007720745452679693,0.7122503125667572,0.7045295631885529
913,-9.241678560879091,-0.006593731911780196,0.73488347530365,0.7282897424697876
914,-0.6264275412218332,-0.1694490510225296,0.7093382465839386,0.5398891967535019
915,4.916561684327906,-0.30102087259292604,1.2575009155273438,0.9564800488948823
916,-11.433046378950035,-0.004468711578520015,0.7222260177135468,0.717757306098938
917,-20.48572302313158,0.19004589855670928,1.0891745746135713,1.2792204821109772
918,-21.197705871894414,0.1508404219150543,1.182484724521637,1.3333251452445984
919,-14.908923693990452,0.07299760676920414,0.7452001738548278,0.8181977796554566
920,-2.675562633727793,-0.17143469870090486,1.0441539657115937,0.8727192628383637
921,-12.47947689902384,0.039243977330625054,0.8835430669784546,0.9227870464324951
922,-15.565169791488392,0.10697561532258987,0.6614681243896484,0.7684437441825867
923,-1.5006182086779347,-0.172703073322773,0.5022580140829086,0.3295549389719963
924,-1.8892739732782964,-0.1803221708536148,0.3874463677406311,0.20712419778108596
925,-8.174871340260555,-0.06303944658488035,0.6263958740234375,0.5633564263582229
926,-8.94166868671076,-0.0216262876894325,0.38922360956668856,0.3675973218679428
927,-4.225953779246364,-0.10725638806819916,0.6573014914989471,0.5500451046228408
928,-7.636650067612056,-0.06575251091271639,0.7781460523605347,0.7123935449123383
929,-9.211716873048651,-0.06036259140819311,0.5905629026889802,0.5302003145217895
930,-2.80600457892168,-0.15822280526161195,0.3007319408655167,0.14250913500785828
931,-17.609824492012528,0.1489337882399559,0.6044473081827164,0.7533810925483704
932,-14.842276496907207,0.13790627390146257,0.7402579140663147,0.8781641912460327
933,-20.731394496111925,0.24913687705993653,0.96279865026474,1.2119355225563049
934,-25.612750904422388,0.388122878074646,0.8772892761230469,1.2654121470451356
935,-16.927685008638754,0.20717185229063034,1.1763765692710877,1.3835484266281128
936,-26.588119772961956,0.35354355096817014,0.8908350503444672,1.2443786072731018
937,-18.523756927072,0.1911017206311226,0.600214627981186,0.7913163506984711
938,-6.506877508205987,0.012659835368394852,1.4479214477539062,1.4605812883377076
939,-13.554570334338514,0.07981128677725792,0.4010415291786194,0.480852814912796
940,-8.55415095014302,-0.031221490614116193,0.9486697769165039,0.9174482822418213
941,2.0605335542654792,-0.3189185220003128,0.3696916478872299,0.05077312588691711
942,-10.542912546796718,-0.05534799259155989,0.7667445480823517,0.7113965582847596
943,-20.949704968068932,0.18367065936326982,0.7458985638618469,0.9295692265033721
944,-22.907605767085318,0.18646399378776551,0.8784182143211364,1.0648822104930877
945,-42.18080402154972,0.6102556478977204,1.1834846782684325,1.79374032497406
946,-6.30982411486405,-0.1511358565092087,0.2892290517687798,0.1380931952595711
947,-22.248525762199108,0.2200666406750679,0.7583466839790344,0.9784133291244507
948,-8.76065677983786,-0.05773581121116877,0.41076406121253967,0.35302825152873996
949,-36.45568152897799,0.5031658810377121,1.5192650866508484,2.02243097782135
950,-15.14424286418947,0.006770885280275252,0.724842655658722,0.7316135358810425
951,-16.75834833510784,0.14278812617063522,0.5939362198114395,0.7367243444919587
952,-15.777313459719165,0.08250130280852318,0.49509373247623445,0.5775950384140015
953,-32.37057341702212,0.5033308041095733,1.2333111834526063,1.7366419863700866
954,-14.185372598914565,0.05618140779435635,0.7910260391235352,0.8472074413299561
955,-21.904804783335965,0.1546632915735245,0.8631102526187897,1.0177735435962676
956,-23.002426506809357,0.19340851187705993,0.8757355666160583,1.0691440784931183
957,-7.115616996944034,-0.10303114980459213,0.6614972734451294,0.5584661203622818
958,3.086174727366835,-0.33299025177955627,0.7691754710674286,0.4361852198839188
959,-11.420010058093506,0.002894394147442654,0.5888102674484252,0.5917046618461609
960,-8.551640049568967,-0.041963615342974665,0.33637489169836043,0.2944112741947174
961,-17.24329171677012,0.13905062675476074,0.6241356897354126,0.7631863141059876
962,-14.299549495081665,0.07572054043412209,0.41002009153366087,0.48574062943458557
963,-9.382750889237338,-0.03234146873466671,0.6197059911489486,0.5873645204305649
964,-9.596271297595434,0.05356206014752388,0.7030053269863129,0.7565673816204072
965,-14.061765019571599,0.0038167785302357514,0.7160109722614288,0.7198277509212494
966,-0.15486565506127192,-0.2703618365526199,1.1436928141117095,0.8733309781551362
967,-3.5539100522355476,-0.21017221212387086,0.5586838513612747,0.34851164013147357
968,-12.773620245212634,0.06638960719108582,0.8831506812572479,0.9495402848720551
969,-21.580174482004086,0.22502665638923644,0.6882369410991669,0.9132635962963104
970,-3.0330966333863962,-0.1913219639658928,0.7695273983478547,0.5782054388523101
971,-22.7999262610991,0.23130797892808913,0.7791396033763885,1.010447587966919
972,-26.950309246146187,0.2776846253871918,0.6045396590232849,0.8822242856025696
973,-10.672531398522676,0.010053611876210199,0.6938356399536133,0.7038892567157745
974,-3.596476384332714,-0.17326879918575286,0.5501543998718261,0.3768855983018875
975,-5.846410869640149,-0.12515856325626373,0.472134907245636,0.3469763433933258
976,-8.317683576161034,-0.02002935375436209,0.4599450069665909,0.4399156528711319
977,-22.99088393698282,0.22864393055438995,0.7162714147567749,0.9449153447151184
978,-33.19990815751665,0.4023075389862061,0.7122372722625733,1.114544804096222
979,-10.958113223004007,0.0016995767853222787,0.5275160485506057,0.5292156201601028
980,2.844687072779024,-0.264882370531559,1.0280517661571502,0.7631693947315216
981,-3.3512004871751664,-0.12146668940782547,0.8761571002006531,0.7546904075145722
982,-1.368935543349675,-0.16764921188354492,0.7272182118892669,0.5595690011978149
983,1.099418354967078,-0.19659552454948426,0.3644737386703491,0.16787821292877197
984,-13.250422482833255,0.08652616918087006,0.681201810836792,0.7677279794216156
985,-18.662254474594775,0.1594732591509819,0.9307113599777221,1.0901846194267273
986,-7.089277426487772,-0.0622938921302557,0.6148566913604736,0.5525628006458283
987,-2.986383490864579,-0.17834436863660813,0.4186078321933746,0.2402634632587433
988,-12.237936266910275,0.021714478228241206,0.641435797214508,0.6631502795219422
989,14.928132055012572,-0.4913610029220581,0.972633171081543,0.48127216279506685
990,7.690641421298167,-0.3325169712305069,0.3321921494603157,-0.0003248217701911926
991,-11.301178287759257,0.013930905852466821,0.5497498816251755,0.5636807888746261
992,-8.039373780468576,-0.06392789933830499,0.5727398037910462,0.5088119077682495
993,-4.43053557000556,-0.11773706391453743,0.5766508734226227,0.4589138120412827
994,2.9419350264250923,-0.26269233226776123,0.6755124521255493,0.4128201186656952
995,7.154239795622381,-0.3337434858083725,0.5853117662668228,0.2515682798624039
996,-11.49986094593835,-0.009534005052410066,0.7026002526283264,0.6930662488937378
997,9.700611311882813,-0.3963108205795288,1.0591621959209443,0.6628513753414154
998,9.14155283902377,-0.3884789854288101,0.4425323134660721,0.05405332803726196
999,-6.020743394009358,-0.06977421842515469,0.6805369353294373,0.6107627165317535
1000,-9.219591713262247,-0.02495569354738109,0.6846351081132889,0.6596794122457504
1001,5.382457972813558,-0.2979465681314468,0.6553639209270478,0.35741735219955445
1002,-7.018792345036919,-0.03188233950641006,1.0225589048862458,0.9906765723228455
1003,-13.794782884397248,0.06247980691492558,0.8228655207157135,0.8853453278541565
1004,-2.23499753828364,-0.13520955696702003,0.6463658690452576,0.5111563152074814
1005,-9.213010214155723,-0.0251400570361875,1.0475279128551482,1.022387855052948
1006,-0.10938656797553747,-0.16341237366199493,0.4025638371706009,0.23915146350860594
1007,-0.9564069994744564,-0.15798894703388214,0.9076855206489562,0.7496965730190277
1008,3.9082389094135053,-0.24553134977817537,0.46304564356803896,0.21751429468393327
1009,5.830497699839384,-0.27025088757276533,0.5834947156906128,0.3132438284158707
1010,-0.3497647294485908,-0.183775654733181,0.5319048780202865,0.34812922418117526
1011,6.498731679601757,-0.27575301498174665,0.8158767879009247,0.5401237744092942
1012,-10.463830231626908,0.023545776195824146,0.86069540143013,0.8842411780357361
1013,-2.3051468000504123,-0.09949402391910553,0.6258594918251038,0.526365464925766
1014,8.953106635676775,-0.3692676967382431,0.6241543638706207,0.2548866671323776
1015,-8.997380950508234,0.04190307334065437,0.9057762193679809,0.9476792967319488
1016,2.8895441612231814,-0.17466189473867416,0.7815713083744049,0.6069094121456147
1017,2.4811031065518563,-0.14547589749097825,0.6080927842855454,0.4626168876886368
1018,3.681457525693201,-0.2068301996588707,0.4181376701593399,0.21130747139453887
1019,-2.850675769189664,-0.0795066200196743,0.6543957895040512,0.5748891717195511
1020,2.319308491390064,-0.17883765637874605,0.27931048184633256,0.1004728251695633
1021,-13.492413981138991,0.14634656816720962,0.973662965297699,1.12000953912735
1022,1.839698317960611,-0.16297011584043503,0.4811702674627304,0.31820015132427215
1023,6.042618290752266,-0.24766753524541854,0.7206507396697998,0.4729832035303116
1024,6.979210935641426,-0.2574222576618195,0.3971211487054825,0.13969889134168625
1025,-7.201794912311442,-0.0066774469730444255,1.0752306830883027,1.0685532426834106
1026,-4.829104819095331,-0.04059674460440874,0.9042583060264587,0.8636615610122681
1027,-4.296466187137849,-0.0323623211029917,0.43339937388896943,0.40103705108165744
1028,1.6992866707031915,-0.1910739940404892,0.6318667006492614,0.4407927072048187
1029,-2.057989451225005,-0.13499555930495263,0.5899398398399353,0.45494427978992463
1030,-3.164000017133194,-0.08811642460525036,0.5151191699504852,0.42700274467468263
1031,8.914178387141277,-0.31550318777561187,0.44920579850673675,0.13370261073112488
1032,5.027085741795979,-0.22667717874050142,0.38625285267829895,0.1595756733417511
1033,6.490691525554531,-0.27967300564050673,0.24178109049797059,-0.03789191514253616
1034,4.572386529892729,-0.22853542476892472,0.5899873358011246,0.3614519065618515
1035,-3.4538992596883844,-0.11944568276405335,0.48765234351158143,0.36820666134357455
1036,2.4522521349492195,-0.19607493340969084,0.34025039672851565,0.14417546331882478
1037,-12.034274182574388,0.044081497192382815,1.0543972945213318,1.0984787952899933
1038,-5.689896205772769,-0.058329641222953796,0.5300635415315628,0.47173390209674837
1039,-11.796491460966063,0.04475888103246689,1.378857901096344,1.4236167883872985
1040,5.015793033857637,-0.22628667771816255,0.7418340182304383,0.5155473399162293
1041,4.4104002095627735,-0.199770567715168,0.3016154345870018,0.1018448668718338
1042,4.4163719918053985,-0.2352287593483925,0.61574258685112,0.3805138278007507
1043,13.090926515424073,-0.37664420127868653,0.4457770359516144,0.06913283467292786
1044,5.350231482401085,-0.21351994693279266,0.5467820203304291,0.33326207369565963
1045,7.832678774757444,-0.24071323812007905,0.5611168205738067,0.3204035812616348
1046,-20.429077477704652,0.23466334223747254,0.9966269540786743,1.2312902998924256
1047,4.441301285122325,-0.1589663580060005,0.5037211143970489,0.34475475758314134
1048,-4.618043676588854,-0.043131075883284214,0.836213903427124,0.7930828273296356
1049,2.6248917303743866,-0.16660230576992036,0.44709194123744966,0.28048963636159896
1050,6.327493819937139,-0.17743405282497407,0.3595167750120163,0.18208272278308868
1051,-0.24642076179870287,-0.055860035717487336,0.5694153797626496,0.5135553443431854
1052,4.469109146104586,-0.18494604468345643,0.27513138473033905,0.09018534004688263
1053,7.945353534826896,-0.231058589220047,0.3120039826631546,0.08094539344310761
1054,-8.592262655125783,0.10647699430584907,1.087787411212921,1.1942644023895264
1055,-16.393903484754986,0.2249266430735588,1.0441997957229614,1.2691264390945434
1056,7.1249459794037655,-0.24403928726911545,0.2253487601876259,-0.018690527081489564
1057,3.5224394844005786,-0.17420094847679138,0.4564151215553284,0.2822141742706299
1058,0.8746672833918474,-0.11773563057184219,0.7912037670612335,0.673468137383461
1059,-0.49146131489587574,-0.13807897582650186,0.7135936796665192,0.5755147016048432
1060,-8.773706987001685,0.04607428051531315,1.1578437876701355,1.203918068408966
1061,-1.17531547979819,-0.07275652222335338,0.7401691627502441,0.6674126422405243
1062,8.50709878582754,-0.2344721496105194,0.4041732716560364,0.16970112204551696
1063,2.920338884807446,-0.13206642240285874,0.5507560092210769,0.41868958532810213
1064,-7.1557655151984445,0.0562272485345602,0.5407737606763839,0.5970010095834732
1065,-2.094174939188452,-0.05304343298077583,0.6148423004150391,0.5617988693714142
1066,-3.4091682942876957,-0.009620386981405318,0.40252395331859586,0.39290356695652007
1067,12.713225939363191,-0.34172449588775633,0.4433991765975952,0.10167468070983887
1068,8.797423412954956,-0.3061936390399933,0.3097339555621147,0.0035403165221214294
1069,24.087058450961024,-0.5387051129341125,0.45628638565540314,-0.08241872727870941
1070,9.987306261783374,-0.2551344257593155,0.6565865349769592,0.40145210802555087
1071,-20.9895045668521,0.37341373980045317,1.2680497765541077,1.6414635181427002
1072,6.379772367916459,-0.15130902975797653,0.4840344941616058,0.3327254641056061
1073,3.265252494232641,-0.11845763847231865,0.35832652807235715,0.23986888885498048
1074,5.937141385563866,-0.14544544354081154,0.2139641535282135,0.06851871013641357
1075,-14.2619651770509,0.24281882703304292,1.8848231792449952,2.12764199256897
1076,-2.8962320793325773,0.004361697510485101,0.9261544489860535,0.9305161440372467
1077,-6.273217264135987,0.03902972847223282,0.5092504221200943,0.5482801496982574
1078,8.456455492357435,-0.17108222752809524,0.4175507712364197,0.24646854192018508
1079,-6.739474419633336,0.1096189123392105,0.5722727417945862,0.6818916535377503
1080,-0.5285390792108444,-0.03784854425815865,0.9424217283725739,0.9045731830596924
1081,-2.435481953710667,0.002203920656174887,0.6296942126750946,0.6318981289863587
1082,-3.2372911534187914,0.037314465306699275,0.6855514061450958,0.7228658747673035
1083,5.302433173721688,-0.11671846196055412,0.4031869173049927,0.28646845430135726
1084,5.5795530498793156,-0.14411509558558463,0.2531359332799912,0.10902083754539489
1085,-14.655275807492888,0.2415858143568039,0.9033500480651856,1.1449358701705932
1086,12.72704371550546,-0.32409291982650756,0.22155776470899582,-0.10253515511751175
1087,-15.349559130209734,0.21925974011421204,1.0513461542129516,1.2706058931350708
1088,0.4459177060132049,-0.054870878159999845,0.3111525133252144,0.256281635761261
1089,11.22883344642906,-0.25671993046998975,0.3416356378793716,0.08491570740938187
1090,10.510424986772183,-0.25749308794736864,0.29189410954713824,0.03440102159976959
1091,6.6713409353248,-0.16083380609750747,0.31915259420871733,0.15831878751516343
1092,-14.675244408792086,0.22722242534160614,1.1115306568145753,1.3387530827522278
1093,-11.46154024709358,0.15177089631557464,0.6084437537193298,0.7602146530151367
1094,-3.9127485173066354,0.016305536348372698,0.69571537733078,0.7120209121704102
1095,-17.70248804834239,0.31866916418075564,1.0064415383338927,1.3251106977462768
1096,-4.34733066621299,-0.0016985358035890386,0.7643027222156524,0.7626041865348816
1097,-1.1328740668657709,-0.037629509326070544,0.31567531526088716,0.2780458077788353
1098,-4.570151514750645,0.04855259545147419,0.6208980011940003,0.6694505965709686
1099,-0.4829312457935586,-0.018562628701329232,0.3477449107170105,0.3291822826862335
1100,6.794360394185187,-0.16408154964447022,0.34371512770652773,0.17963357746601105
1101,4.7124533162594915,-0.10167937755584716,0.2719249254465103,0.17024554714560508
1102,-8.203917079848221,0.1530115383863449,0.6301733088493348,0.783184849023819
1103,-7.957503376694493,0.11384547755122185,0.3538786345720291,0.4677241134643555
1104,-0.8230931702130562,-0.012102101639611647,0.6197953498363495,0.607693246603012
1105,13.085923692015182,-0.2416336765885353,0.22083605349063873,-0.020797623097896577
1106,-1.9282354938945971,0.05219441123306751,0.5023438835144043,0.5545382928848267
1107,-1.3870170944172777,0.05610338114202022,0.42643640041351316,0.4825397777557373
1108,6.823198531920141,-0.08560402810573578,0.792733302116394,0.7071292746067047
1109,2.388146121238325,-0.06182108908891678,0.354983434677124,0.29316234558820725
1110,1.7329429054744239,-0.047632209099829195,0.2818562513589859,0.23422404110431672
1111,-4.817889822168052,-0.0007151813872042112,0.7186265468597413,0.717911365032196
1112,-6.694618256884635,0.11929795950651169,0.8211701095104218,0.9404680681228638
1113,-1.8783846709946204,0.010483233900740742,0.4722589945793152,0.4827422267198563
1114,5.0658103433176045,-0.09318150252103806,0.38483193159103396,0.2916504263877869
1115,3.458528689880449,-0.0669903190433979,0.3604332733154297,0.29344295352697375
1116,-0.8193552114218683,0.05025659613311291,0.3292406803369522,0.3794972771406174
1117,6.078725020290708,-0.07693572454154492,0.28931001901626585,0.2123742941021919
1118,-5.394050839973417,0.09326314941048622,0.7402006125450135,0.8334637677669525
1119,4.525850048554208,-0.10468526884913444,0.295001408457756,0.1903161409497261
1120,-3.596683669920825,0.08036914378404618,0.720831549167633,0.801200692653656
1121,-2.2077327158452604,0.07281227469444275,0.24470654278993606,0.3175188171863556
1122,4.938192311318151,-0.09047923102974892,0.24586438208818437,0.15538515150547028
1123,-5.332113635074894,0.13416869819164276,0.6496565008163452,0.7838252019882203
1124,-0.09933849695481811,-0.014876317451708018,0.4269558131694794,0.412079496383667
1125,-4.629897597083058,0.09494246020913125,0.5625564712285995,0.6574989342689515
1126,-7.312947185679004,0.1278419767320156,0.46857374370098115,0.5964157164096833
1127,-11.862960697093971,0.22792713612318038,0.7546782159805298,0.9826053500175476
1128,3.4281976164443257,-0.10904142290353774,0.5507069134712219,0.4416654920578003
1129,3.6293785889529495,-0.04843955704942346,0.6153729319572449,0.5669333761930466
1130,10.163311187649626,-0.16580270797014238,0.3193338170647621,0.15353110939264297
1131,1.1799427641464888,-0.009336231682100333,0.4662583553791046,0.45692212343215943
1132,-5.732605041165929,0.1548377591371536,0.8169620561599732,0.9717998123168945
1133,4.5962478251925525,-0.04515478458255529,0.5582721674442291,0.513117384314537
1134,-4.999656582865427,0.09036633864045143,0.7398020100593566,0.8301683461666107
1135,-6.7846628520603645,0.10399578720331192,0.41418352723121643,0.5181793159246445
1136,9.373440533852033,-0.1919077843427658,0.2822707331180572,0.09036294847726822
1137,8.21529480115834,-0.12419839411973953,0.3679545241594315,0.24375612854957582
1138,0.4706344220186871,0.04475782208144665,0.3971895039081573,0.44194732546806337
1139,-13.531395724035114,0.28126431405544283,0.8021445024013519,1.0834088134765625
1140,1.879230256159751,-0.01739198495168239,0.4431545042991638,0.4257625186443329
1141,2.7110561563399074,-0.015685039761010558,0.31576885223388673,0.3000838142633438
1142,-10.37142841726839,0.23769023895263672,0.7128421497344971,0.9505323910713196
1143,-7.853547559359285,0.16180958360433578,0.5285235834121704,0.6903331673145294
1144,1.069764805512559,0.02367360148578882,0.29410787642002106,0.31778147697448733
1145,-10.333786625375684,0.18499279379844666,0.7875054800510406,0.9724982750415802
1146,-1.4118930269598202,0.04194319151341915,0.27068099707365034,0.3126241874694824
1147,3.047287771709115,-0.06879205770790577,0.34394196689128875,0.27514990866184236
1148,-4.743644250925904,0.10965839520096779,0.508134909272194,0.6177933061122894
1149,0.8545256943057282,0.010697102975100278,0.5161806744337082,0.5268777787685395
1150,6.872295197105817,-0.09570829048752785,0.2729428932070732,0.17723460346460343
1151,-3.646380115482316,0.11480328515172004,0.42108511686325073,0.5358884018659592
1152,-0.6739802128467964,0.009270780230290257,0.759018886089325,0.7682896625995635
1153,-5.937911504474162,0.17085520684719085,0.23283980578184127,0.4036950147151947
1154,-7.377785835111887,0.160629540681839,0.5022839546203614,0.6629134953022003
1155,-0.7365990514020702,0.018182291332632303,0.31657532274723055,0.3347576123476028
1156,-4.660176033326188,0.07482003316283226,0.41740563869476316,0.4922256702184677
1157,-4.2312171108950025,0.09910031840205193,0.38369459986686705,0.4827949172258377
1158,-8.040742279135522,0.1475497618317604,0.5316029149293899,0.6791526794433593
1159,-17.180543535610248,0.321755348443985,0.8962263119220734,1.2179816579818725
1160,-4.2116149098888656,0.07009927794337273,1.0623019015789033,1.1324011778831482
1161,-19.025515742917403,0.34233074426651,1.473007049560547,1.8153378057479859
1162,-3.6235566142918607,0.11980737507343292,0.5797679936885833,0.6995753693580627
1163,5.764990670859593,-0.10612242385745048,0.38185806810855866,0.27573564380407334
1164,2.407503502456109,-0.055133548863232136,0.35408271074295045,0.2989491614699364
1165,2.4367501153613347,-0.058474787548184394,0.6373474311828613,0.5788726437091828
1166,-2.011521017919083,0.019874354600906374,0.29233354568481446,0.31220789909362795
1167,4.092266705471843,-0.08141167260706425,0.20594956129789352,0.1245378889143467
1168,1.5961505444557318,0.00023657175770495087,0.446954630613327,0.447191202044487
1169,-6.648645873582197,0.13334859520196915,0.6620546054840087,0.7954032027721405
1170,-10.055477686351079,0.20983539044857025,0.559421237707138,0.769256626367569
1171,4.406978509890774,-0.06782184243202209,0.3056013572216034,0.23777951538562775
1172,-10.11093483632709,0.17693441838026047,0.7769077539443969,0.9538421738147735
1173,-10.842828619400464,0.2065351450443268,0.5354875653982163,0.7420227122306824
1174,-19.807993678728018,0.37590853095054627,0.6515968215465545,1.0275053548812867
1175,-11.96391196313939,0.2880552142858505,0.5176233911514282,0.8056786072254181
1176,10.754951020744226,-0.20353682309389115,0.36556101381778716,0.16202419012784958
1177,4.0799812701146685,-0.06810185760259628,0.23540014863014222,0.1672982905805111
1178,-16.779248271417725,0.31548907279968263,0.6385009372234345,0.9539900064468384
1179,0.9554078157570629,-0.010774478066014125,0.27279444396495817,0.26201996594667437
1180,-0.33460479205455584,-0.006555845476977993,0.449192978143692,0.44263713240623476
1181,-11.580973286480305,0.24394216895103454,0.45911300599575045,0.7030551743507385
1182,-5.916563953950483,0.09505687803030013,0.5405729103088379,0.6356297850608825
1183,-3.0060277908699966,0.05647492960095406,0.1986860516667366,0.2551609808206558
1184,-13.958837422119643,0.310819571018219,0.5197487992048263,0.8305683708190919
1185,-8.17746985764903,0.1826392039656639,0.7990211427211762,0.9816603410243988
1186,-16.09828014478573,0.3296275043487549,0.6811120176315307,1.01073952794075
1187,-18.174928454648317,0.3810683035850525,0.6102472919225693,0.9913156020641327
1188,-3.9480853127631512,0.08383229166269303,0.2794243523478508,0.3632566440105438
1189,-3.106752755144793,0.07133347250521183,0.5702914679050446,0.6416249406337738
1190,-0.13295984157064922,-0.01501071693841368,0.2624164164066315,0.2474056985974312
1191,-4.107188963094149,0.08646984413266182,0.39220431506633757,0.4786741590499878
1192,-11.892570843406268,0.20222434401512146,0.3345988953113556,0.5368232381343842
1193,-1.5496335293954466,0.01837783807888627,0.3489316123723984,0.3673094516992569
1194,2.2447928014648575,-0.06620614483952522,0.37384113132953645,0.3076349875330925
1195,-22.96433281691248,0.5033308601379395,0.9192998290061951,1.4226306939125062
1196,-10.83152653398863,0.20541357576847077,0.4635406076908112,0.6689541852474212
1197,-13.085971473717237,0.25063029795885083,0.6514452123641967,0.9020755207538604
1198,-14.705804161927148,0.28737947702407834,0.923130773305893,1.2105102443695068
1199,0.6913539740107524,-0.02505957894958556,0.4647412467002869,0.4396816700696945
1200,-5.016289377408224,0.06391387797892094,0.33388133585453034,0.397795215845108
1201,-6.466583216817867,0.11488485157489776,0.4542612963914871,0.5691461503505707
1202,-34.40033370771593,0.65158731341362,1.0471527791023254,1.6987400937080384
1203,-5.65833133538807,0.07759023487567901,0.33977983355522157,0.417370069026947
1204,2.7608849247192104,-0.08230549387633801,0.37935577511787416,0.2970502820611
1205,-0.8682079345744711,-0.023475671065971256,0.321533807516098,0.2980581369996071
1206,-15.448696798440903,0.2941227066516876,0.9556336307525635,1.2497563338279725
1207,1.4361820816119675,-0.10898884028196335,0.25873701125383375,0.1497481706738472
1208,2.598591696253763,-0.1730197262763977,0.2955931812524796,0.12257345467805862
1209,-13.104930229495462,0.17376735299825669,0.6934245371818543,0.8671918904781342
1210,-4.347143343819624,0.06078415125608444,0.5993145680427552,0.6600987207889557
1211,-8.517074233049396,0.10951633542776108,0.4913680744171143,0.6008844137191772
1212,-13.367297245958014,0.21176473289728165,0.5158130657672882,0.7275777983665467
1213,1.5233021930867885,-0.07614658683538438,0.5328038084506989,0.4566572207212448
1214,-2.6534894329316963,0.0030014928036871426,0.3487734031677246,0.35177489459514616
1215,0.8929125718709869,-0.06646321326494217,0.21035759389400482,0.14389438092708587
1216,0.46123150827932946,-0.050233782529830934,0.3702926442027092,0.32005886018276214
1217,2.7651652991609446,-0.11454951986670495,0.27069153428077697,0.1561420139670372
1218,-4.243752330265945,-0.005114890136756003,0.37296182215213775,0.3678469318151474
1219,-6.112024944559973,0.04431728422641754,0.48063753604888915,0.5249548202753067
1220,-4.64790654315156,0.06621382988989354,0.9806499195098877,1.0468637597560884
1221,6.672863362359912,-0.16690751582384108,0.4159942889213562,0.24908677309751512
1222,-6.469736517170393,0.007523910442832857,0.633172698020935,0.6406966090202332
1223,-0.338138540676745,-0.04646860748529434,0.37187088072299956,0.32540227472782135
1224,-4.6051813568003155,0.031455421559512614,0.45351031243801115,0.4849657368659973
1225,3.3025619453253867,-0.1330543676018715,0.4529528683423996,0.3198985028266907
1226,-6.533747942679398,0.05854580163955689,0.44586813390254976,0.5044139367341995
1227,7.959747219084029,-0.209064237177372,0.5198521018028259,0.31078786343336107
1228,-19.316160237536803,0.2805430245399475,0.8293934559822083,1.109936476945877
1229,3.664225874551704,-0.14591751515865325,0.6713574433326721,0.5254399287700653
1230,5.413996925706336,-0.16460689514875412,0.33572599947452547,0.1711191040277481
1231,-1.193138971034351,-0.03488422639667988,0.3943347752094269,0.35945054769515994
1232,3.474585635305207,-0.13659206926822662,0.49438783824443816,0.3577957665920258
1233,6.337068282353371,-0.19043491989374162,0.3523061788082123,0.1618712592124939
1234,3.427391181363948,-0.1269119431078434,0.3502623450756073,0.22335040152072907
1235,-5.302540217063246,0.0008942842535179807,0.39837855339050293,0.3992728370428085
1236,-4.868658408789823,0.021880378518253564,0.6722229325771332,0.6941033124923706
1237,0.25346401263696094,-0.09520866885781289,0.3684736967086792,0.2732650288939476
1238,1.1543077357830818,-0.11886595264077186,0.47026374042034147,0.3513977873325348
1239,-6.380222841370909,0.00036286867602029814,0.5925441193580627,0.5929069882631302
1240,6.5658651779235875,-0.244783698618412,0.42036782920360566,0.17558413058519362
1241,6.954524118211992,-0.24485548794269563,0.34854357481002807,0.10368808686733245
1242,-13.682466399450536,0.1295286676287651,0.5149572449922561,0.6444859147071839
1243,-11.593021883099917,0.1383793145418167,0.8748884403705597,1.01326775431633
1244,-13.2125869481497,0.15300683796405792,0.38927097260952,0.5422778111696244
1245,-15.399394053928544,0.23427262097597124,0.9431658840179443,1.1774384999275207
1246,-1.3837596239189907,-0.039816728327423334,0.5946670150756836,0.5548502856492996
1247,-18.908517897564906,0.2605630910396576,0.8166778409481048,1.0772409307956696
1248,-5.450496591617068,0.02539253681898117,0.6209246706962586,0.6463172066211701
1249,-4.6903285298059885,0.003356969602755271,0.5498155522346496,0.5531725215911866
1250,-1.352387046150433,-0.08311891436576843,0.32458325117826464,0.24146433740854265
1251,-2.6079954763579245,-0.06169533584266901,0.55027907371521,0.48858373463153837
1252,-6.661362504584826,0.01114396690391004,0.6160121941566468,0.6271561592817306
1253,-4.032821324156533,-0.037065821308642624,0.6916079771518707,0.654542156457901
1254,-1.8796334619838255,-0.0563708321750164,0.517577817440033,0.4612069845199585
1255,-14.988176099946262,0.1593116545677185,0.7952262938022614,0.9545379436016083
1256,-14.605310453387396,0.1610330018401146,0.5936145424842835,0.7546475410461426
1257,-7.664500082505203,0.021769368462264536,0.2437829178571701,0.2655522871017456
1258,-3.802642830490763,0.020720776841044425,1.059369215965271,1.0800899910926818
1259,-17.99210291777888,0.18695198357105255,1.1124889993667602,1.299440987110138
1260,-6.895781982491695,0.01601333877071738,0.3907537403702736,0.40676707863807676
1261,-10.615008212984353,0.10716048657894134,0.7063597142696381,0.81352019906044
1262,2.4877373491852843,-0.15943839401006699,0.2492972731590271,0.08985887914896011
1263,-5.997696818970894,-0.00407439200906083,0.4173231017589569,0.41324870884418485
1264,-18.27050405314327,0.2708778315782547,0.42569523453712466,0.6965730655193328
1265,-1.8912377329803256,-0.04911850246600807,0.7546322619915009,0.7055137610435486
1266,-3.6512866256696377,-0.00857157964783255,0.42456150472164156,0.4159899240732193
1267,-9.070046940390895,0.11682985857129097,0.5832983732223511,0.700128229856491
1268,-5.321031484682511,0.046203607991337776,0.7936343395709992,0.8398379445075989
1269,-7.237002561266358,0.03580800745636225,0.9229851925373077,0.9587932002544403
1270,1.1423979437280884,-0.1330588236451149,0.57369469165802,0.4406358689069748
1271,-4.566097441362956,-0.006154616132553201,0.8554695248603821,0.8493149077892304
1272,-10.505025427638774,0.11993589267134666,0.5119694995880127,0.6319053941965103
1273,2.364045097473511,-0.13295016065239906,0.7546083128452301,0.6216581511497498
1274,1.140012469271312,-0.107181246727705,0.45406347036361694,0.3468822240829468
1275,3.571455959146668,-0.14256154790520667,0.348778572678566,0.20621702402830125
1276,-6.873535759234226,0.053069070652127265,0.5629083359241486,0.61597740650177
1277,-9.186026601139524,0.0689155163615942,0.6940771043300629,0.7629926204681396
1278,-8.69170309445085,0.11244210228323936,0.8333794414997101,0.9458215451240539
1279,5.814897319215653,-0.1888281512260437,1.2677744364738464,1.0789462864398955
1280,-3.0136325621675653,-0.01232536991185043,0.29123132169246674,0.27890595048666
1281,2.3171836717172667,-0.15170684844255447,0.33871512770652773,0.18700827926397323
1282,-1.2370996079562069,-0.061560457572340965,0.36452408850193024,0.30296363174915314
1283,-14.25071409795582,0.2930649226903915,0.8746114027500153,1.167676317691803
1284,9.498108092770288,-0.24116497844457627,0.5427672171592712,0.3016022381186485
1285,1.8857662733958875,-0.07698547013103962,0.39615760028362274,0.3191721299290657
1286,-23.049874429279093,0.39266190350055696,0.7710145664215088,1.1636764669418336
1287,0.065419916585018,-0.03451680248603225,0.7350515401363373,0.7005347371101379
1288,-10.424360308358619,0.11585259214043617,0.6604564332962036,0.776309027671814
1289,-0.5593324141256915,-0.06164198949933052,0.42198489010334017,0.3603429013490677
1290,-8.244850040363758,0.1302299343049526,0.8383743977546692,0.9686043310165405
1291,-17.45177429319253,0.26790125370025636,0.7763810348510742,1.0442822885513305
1292,-3.8399719070941707,-0.016311834627995268,0.5797264778614044,0.5634146422147751
1293,2.371480852564737,-0.11601046055555343,0.5372965002059936,0.4212860423326492
1294,-11.534546949778726,0.13550465762615205,0.6064533793926239,0.7419580376148224
1295,-1.2957322259721877,-0.018663631029776296,0.8130533015727996,0.794389671087265
1296,-4.819544143754534,0.0350777067989111,0.7047755551338196,0.7398532617092133
1297,7.149847154226006,-0.1848294511437416,0.8622751522064209,0.6774457097053528
1298,-12.533757362026158,0.12466024547815323,0.3623785829544067,0.4870388299226761
1299,-10.48935120903322,0.10870771676301956,0.4647344249486923,0.5734421414136887
1300,3.025846026379714,-0.14719535380601884,0.5570453643798828,0.4098500144481659
1301,-6.026621483341174,0.025566375479102135,0.41387546956539156,0.4394418460130691
1302,9.580494051047737,-0.25814351081848147,0.5376362764835357,0.27949276447296145
1303,-5.122177767447326,-0.00777565149764996,0.37387005388736727,0.36609440445899966
1304,3.991969359669362,-0.1521872714161873,0.2951395082473755,0.14295223712921143
1305,-12.360618484481957,0.12297047689557075,0.5286631429195404,0.6516336178779603
1306,7.415517772640616,-0.24162348091602326,0.38897717535495757,0.14735369473695756
1307,-1.1367294522064988,-0.06649029441177845,0.42772540330886843,0.36123510777950285
1308,-9.366985107746736,0.11169086962938309,0.8318984115123749,0.9435892856121063
1309,-1.8440162508573472,-0.033888320121914145,0.48482569694519045,0.4509373766183853
1310,-1.6299036639388547,-0.037134712429251523,0.7502053582668304,0.7130706477165222
1311,-4.319739137956802,-0.0011339506349031581,0.2630671665072441,0.2619332164525986
1312,-1.4687919222641987,-0.04100869361311197,0.3826507532596588,0.3416420578956604
1313,-5.240417139276513,0.019918772839009762,0.5339896547794342,0.5539084249734878
1314,-4.095849590042082,0.0030502578760206235,0.3153548264503479,0.3184050840139389
1315,1.9913647346632857,-0.09993013128638267,0.5982815849781037,0.4983514541387558
