episode,episode_reward,p_loss,v_loss,t_loss
4,-93.46419490592241,0.9624787986278533,2272.043212890625,568.9732788085937
9,-111.0848232183638,0.6651536047458648,1864.693115234375,466.8384307861328
14,-120.56560519551702,0.7952961802482605,1912.7691650390625,478.9875854492187
19,-116.7128068602847,0.873555701971054,2671.887939453125,668.8455444335938
24,-114.2000613243794,0.8548702239990235,3118.85009765625,780.5673889160156
29,-138.11835376790467,0.9776262581348419,3024.044189453125,756.988671875
34,-146.28428313678342,0.9213362157344818,2895.50048828125,724.7964538574219
39,-142.126963742434,1.001616656780243,3516.730712890625,880.1842895507813
44,-85.31997029033927,0.7897311925888062,1487.681640625,372.71014404296875
49,-136.3339771756354,0.8963212072849274,2225.91796875,557.3758117675782
54,-116.6046911190272,0.7870048403739929,2712.54296875,678.92275390625
59,-132.1321261584805,0.9313377320766449,3389.77587890625,848.3753112792969
64,-152.32090552855004,1.1369098544120788,4113.65576171875,1029.5508544921875
69,-151.62179962853804,1.1381031632423402,3950.28125,988.7084106445312
74,-135.6933956276529,1.1071867942810059,3079.890625,771.0798461914062
79,-149.36219791546165,1.1990386605262757,4071.441650390625,1019.0594482421875
84,-151.19132125189242,1.1985656142234802,3962.253662109375,991.7619873046875
89,-129.32244042293968,1.0934284925460815,3728.153076171875,933.1316955566406
94,-165.88689913136892,1.0640254974365235,3757.28759765625,940.3859191894531
99,-144.64747899196135,1.1727783918380736,3639.5517578125,911.0607116699218
104,-159.2753763370991,1.1575629115104675,3941.5859375,986.5540466308594
109,-137.4816269300869,1.0500613689422607,3466.713623046875,867.728466796875
114,-145.91587050464227,1.0735851407051087,3198.887939453125,800.7955688476562
119,-150.60386553674962,0.9881610035896301,3549.984375,888.4842590332031
124,-147.9508822185989,1.086881422996521,3664.5126953125,917.2150512695313
129,-148.61339217055374,1.1204094529151916,3245.798828125,812.5701171875
134,-146.1138386286931,1.0963880896568299,3600.8271484375,901.3031799316407
139,-149.465736938916,1.2074710249900817,3960.385009765625,991.3037231445312
144,-149.52944610486836,1.1195245265960694,3338.575927734375,835.7635070800782
149,-153.68102668978474,1.10250244140625,3455.99951171875,865.1023803710938
154,-151.7888444015362,1.125414824485779,3630.038818359375,908.635107421875
159,-149.49802442390498,1.064785647392273,3698.149169921875,925.6020751953125
164,-156.18583570504924,1.134703767299652,3919.8896484375,981.1071166992188
169,-143.8640097630331,1.12552330493927,3250.116943359375,813.6547546386719
174,-132.8263220426649,0.9620621621608734,2863.339111328125,716.7968383789063
179,-125.39262701949302,0.948074334859848,2229.592529296875,558.3461975097656
184,-109.20295339536473,0.8231259703636169,2296.268310546875,574.8902099609375
189,-114.61039648022594,0.8545043587684631,2390.169189453125,598.3968017578125
194,-123.72387312878914,1.034944725036621,2764.52978515625,692.1673889160156
199,-131.59164072603392,0.9947724640369415,2489.7255859375,623.4261596679687
204,-111.35968214372429,0.8863007605075837,1569.9971923828125,393.38560180664064
209,-104.82743742167487,0.7314713060855865,1614.753662109375,404.4198883056641
214,-82.17429044704,0.6492197692394257,1141.486328125,286.0208038330078
219,-83.82074809000422,0.5411625742912293,1144.2431640625,286.601953125
224,-107.68765630184257,0.6861309945583344,1397.205078125,349.9873992919922
229,-81.81495995658692,0.8550257444381714,1925.527099609375,482.23680419921874
234,-91.99817762321825,0.7467574417591095,1305.1732177734375,327.0400634765625
239,-117.74701968371986,0.7739547908306121,2124.55078125,531.9116516113281
244,-111.68997078185072,0.86608966588974,1736.6204833984375,435.0212066650391
249,-103.36018255835106,0.7141632378101349,1850.997314453125,463.46348876953124
254,-83.8502998443924,0.5494620263576507,1460.8724365234375,365.76756896972654
259,-73.19406226270094,0.4275002360343933,1360.56201171875,340.56800537109376
264,-94.35207686546835,0.4554428279399872,1015.3442993164062,254.29151763916016
269,-77.84577322154664,0.587630707025528,939.6549682617188,235.50137329101562
274,-55.03158051051108,0.4547746479511261,1124.884765625,281.67596435546875
279,-71.91812276223625,0.5836628675460815,1197.6351318359375,299.99244995117186
284,-87.18676132767897,0.6430256307125092,1152.7391357421875,288.82781372070315
289,-99.99892120516235,0.7836269021034241,1842.1318359375,461.31658630371095
294,-76.7580475387848,0.7335178077220916,1073.1124267578125,269.0116271972656
299,-100.74864304195363,0.7648514091968537,1379.9710693359375,345.7576202392578
304,-110.55919896252449,1.022581261396408,2949.791015625,738.4703369140625
309,-104.15235932472167,0.992822790145874,2182.596435546875,546.6419311523438
314,-134.93936110976566,1.02819864153862,2789.575927734375,698.4221862792969
319,-110.1035371699441,0.7491374015808105,1487.9588623046875,372.7388549804688
324,-112.26859322040706,0.7948474407196044,2292.9033203125,574.0206848144531
329,-109.18509615675254,0.7787919223308564,2070.53564453125,518.4127014160156
334,-134.36582657808512,0.8632128000259399,3141.379150390625,786.2080078125
339,-111.56777664088634,0.9561334550380707,2871.3603515625,718.7962280273438
344,-158.6107569785765,0.9698932707309723,3072.98193359375,769.2153747558593
349,-160.56888501395824,1.0356114029884338,3803.6962890625,951.9596801757813
354,-150.58087569693785,1.1108373999595642,4059.43017578125,1015.9683837890625
359,-138.3053768265155,1.040697157382965,3636.5966796875,910.1898681640625
364,-141.18229890105906,0.9617895185947418,3085.396484375,772.3109069824219
369,-159.65273891107083,0.914596039056778,3342.985107421875,836.6608703613281
374,-156.80498724927511,1.0183025360107423,3818.948974609375,955.7555541992188
379,-151.7729163476315,0.96882244348526,3653.78759765625,914.4157287597657
384,-141.98283743318416,0.8708714067935943,3637.50390625,910.2468444824219
389,-127.82509701536156,0.8638674318790436,3273.830078125,819.3213928222656
394,-123.10826268203016,0.8276362836360931,3334.280517578125,834.3977661132812
399,-137.8028495719435,0.8791706383228302,2481.077392578125,621.1485168457032
404,-99.93971253706903,0.7523293733596802,1710.21142578125,428.3051788330078
409,-112.83467959541859,0.5703343451023102,1551.378662109375,388.4149963378906
414,-89.70726405003396,0.6452291369438171,1457.2918701171875,364.96819763183595
419,-94.30371675558249,0.5315302014350891,1596.256103515625,399.595556640625
424,-80.09948436363177,0.35592942237854003,1286.03955078125,321.8658203125
429,-72.8055072902905,0.4353646457195282,1338.35791015625,335.02483825683595
434,-55.78571623927579,0.4691378980875015,1280.893310546875,320.6924652099609
439,-93.90923325663644,0.466110298037529,1441.7808837890625,360.9113342285156
444,-85.90831839672211,0.4789008110761642,1054.058349609375,263.9934875488281
449,-52.55885352141325,0.3658558040857315,1038.783447265625,260.0617218017578
454,-63.50836886540377,0.6062859416007995,781.2349243164062,195.9150177001953
459,-66.67591647215676,0.576814466714859,835.8148803710938,209.53053588867186
464,-67.876742665497,0.4478113889694214,977.1541137695312,244.73634033203126
469,-63.51908460942988,0.5228821754455566,827.4323120117188,207.3809616088867
474,-44.302689710538814,0.42808226943016053,609.9327392578125,152.91126861572266
479,-59.36352392367341,0.5258397877216339,879.987548828125,220.5227279663086
484,-48.42654892390854,0.41040201783180236,541.0174560546875,135.66476593017578
489,-37.390876394581454,0.31281890273094176,1056.490966796875,264.43556213378906
494,-48.02693641033506,0.427898582816124,900.3773193359375,225.52222900390626
499,-76.47154695147692,0.4977073460817337,881.2265014648438,220.80433349609376
504,-99.93397034139937,0.693037497997284,1622.3057861328125,406.2694793701172
509,-58.35089105645909,0.3076689183712006,1099.054443359375,275.07127990722654
514,-73.74636336614276,0.5577984571456909,936.6739501953125,234.72628784179688
519,-58.417607605299565,0.34926925897598265,702.19091796875,175.8969985961914
524,-69.14051321177537,0.4864932090044022,880.5436401367188,220.62240447998047
529,-51.266013629111136,0.4495676577091217,528.6197509765625,132.60450592041016
534,-67.31527221601928,0.34449082911014556,679.1216430664062,170.12490234375
539,-47.95952383942836,0.25799683630466463,1007.0576782226562,252.0224182128906
544,-87.95192706381394,0.4532945454120636,1390.7738037109375,348.14674682617186
549,-72.59751998763426,0.46133299469947814,971.6480102539062,243.3733352661133
554,-100.65857055187281,0.5232649266719818,1366.442138671875,342.13380126953126
559,-65.1537520199655,0.5151593625545502,1064.9937744140625,266.7636016845703
564,-84.91165875269459,0.7536169826984406,1350.990966796875,338.50135803222656
569,-85.05582731463633,0.8203547716140747,1966.027099609375,492.32712707519534
574,-75.70148341361352,0.40502638220787046,1102.689208984375,276.07732849121095
579,-98.64651853080241,0.5838431179523468,1537.9267578125,385.06553344726564
584,-95.88914131685026,0.5985805094242096,1426.9569091796875,357.3378051757812
589,-76.58666203630331,0.5851278066635132,922.4698486328125,231.2025924682617
594,-98.17389920224382,0.6152971744537353,1366.795166015625,342.3140899658203
599,-110.30956882652913,0.3549352020025253,1722.2989501953125,430.92967224121094
604,-92.43594308422543,0.5564207434654236,2199.92822265625,550.5384765625
609,-83.8810634984072,0.6136475086212159,2333.299560546875,583.938525390625
614,-93.77782223182591,0.5515293717384339,2117.085205078125,529.8228332519532
619,-109.46919003663905,0.7159532189369202,2781.795654296875,696.1648742675782
624,-84.33751635373619,0.4736777484416962,1874.0419921875,468.9841705322266
629,-97.44058490034126,0.46246754825115205,1775.61865234375,444.36713256835935
634,-95.078017559131,0.6767997145652771,1542.2103271484375,386.22938232421876
639,-106.08177105792743,0.6086147844791412,1938.0062255859375,485.11016845703125
644,-121.69245683026651,0.6991927683353424,2160.771240234375,540.8919982910156
649,-100.04680437063746,0.7678600966930389,2053.337646484375,514.1022705078125
654,-119.79661216176126,0.6626670181751251,2520.005615234375,630.6640686035156
659,-134.9927797535568,0.9534060239791871,3211.330078125,803.7859252929687
664,-79.84330260081558,0.5005826056003571,1761.5625,440.8912109375
669,-69.77628609576118,0.3558863252401352,1580.8885498046875,395.57802734375
674,-100.91400204125627,0.5436262428760529,1914.8792724609375,479.26344604492186
679,-93.76043587697532,0.6034269094467163,2097.060302734375,524.8684997558594
684,-105.98342834872216,0.727638441324234,2405.562255859375,602.1181945800781
689,-77.59848752264334,0.5506782233715057,1390.50537109375,348.17702331542966
694,-106.68206279553911,0.38450401425361636,1974.9949951171875,494.1332489013672
699,-100.846808993791,0.46696244478225707,2220.1279296875,555.4989440917968
704,-88.37657599730977,0.5275697886943818,1877.1961669921875,469.8266082763672
709,-80.92871463746876,0.4572315692901611,2173.391845703125,543.8051879882812
714,-77.43258302408793,0.5826878130435944,1913.76806640625,479.0247039794922
719,-97.39570199791729,0.4837113589048386,2471.8857421875,618.4551452636719
724,-76.5959756874941,0.4634396255016327,1741.313232421875,435.7917449951172
729,-85.2009688619345,0.4534088671207428,1192.8460693359375,298.6649230957031
734,-99.03974410339707,0.5877889633178711,2493.185546875,623.8841796875
739,-99.72545326577925,0.31712007224559785,2207.219970703125,552.1221069335937
744,-86.40025584200176,0.6447417855262756,2659.735107421875,665.578515625
749,-90.63706594531988,0.42111403346061704,2015.027587890625,504.1780090332031
754,-82.76568592247958,0.38620310127735136,1548.5272216796875,387.51800537109375
759,-65.70574268630237,0.5011425286531448,817.9740600585938,204.99465942382812
764,-71.09945788737672,0.16999120861291886,750.2274169921875,187.72684478759766
769,-67.93691478761816,0.5090609133243561,823.4260864257812,206.36558532714844
774,-56.73313439235001,0.3019754230976105,729.1362915039062,182.58604736328124
779,-81.12840441964089,0.40727941393852235,1065.146240234375,266.69383850097654
784,-86.08934110868641,0.4884271681308746,1655.6671142578125,414.4052032470703
789,-65.0632908738717,0.5388124167919159,954.9993896484375,239.28865814208984
794,-90.2429826474397,0.293550518155098,978.304443359375,244.86966247558593
799,-74.2480897636488,0.49576654732227327,752.979736328125,188.7407012939453
804,-64.76719604483199,0.5843927085399627,1017.28564453125,254.9058044433594
809,-75.40689928340905,0.5052542746067047,782.1160278320312,196.03426055908204
814,-80.62582525851424,0.291798061132431,677.51416015625,169.67033843994142
819,-104.10631395547966,0.47311736941337584,1111.7342529296875,278.40668029785155
824,-55.80406986640617,0.6784684121608734,1331.5152587890625,333.5572845458984
829,-94.15731380291967,0.45532828867435454,1029.3338623046875,257.78880004882814
834,-58.396663209176154,0.3844868719577789,769.1311645507812,192.6672790527344
839,-77.54408334391519,0.58034348487854,766.7063598632812,192.2569320678711
844,-47.69178503978573,0.6315151751041412,858.7704467773438,215.32412719726562
849,-86.38113020125805,0.6692247033119202,1482.0013427734375,371.16956481933596
854,-119.77502614055012,0.6299600064754486,1229.4912109375,308.0027587890625
859,-85.6308440064981,0.6769094049930573,1180.57763671875,295.8213165283203
864,-103.30080135327859,0.7752227485179901,1600.311279296875,400.85304260253906
869,-83.69603411034642,0.621943187713623,1241.190185546875,310.91949157714845
874,-97.10332942180976,0.7289333820343018,1816.7161865234375,454.90797729492186
879,-124.10257602098622,0.7360743343830108,1463.5174560546875,366.6154388427734
884,-92.16284155770795,0.7261936962604523,1523.912841796875,381.70440368652345
889,-87.36549116420278,0.840592885017395,1746.5908203125,437.48829650878906
894,-112.26012807939983,0.7752645552158356,1906.8541259765625,477.4887969970703
899,-88.87751579571324,0.6924546837806702,1628.32861328125,407.77460327148435
904,-90.13954307256223,0.6681960821151733,1627.6776123046875,407.58759765625
909,-114.88038808162132,0.7504089057445527,1801.708740234375,451.17759094238284
914,-133.1988975479913,0.9091648399829865,2716.12890625,679.9413757324219
919,-76.59965249253497,0.6560205280780792,1682.461181640625,421.2713165283203
924,-102.14804060596391,0.7887408792972564,2095.547119140625,524.6755249023438
929,-124.57595237583519,0.723716402053833,2098.457275390625,525.3380310058594
934,-111.6673591226933,0.9240674614906311,2335.938232421875,584.9086303710938
939,-122.05492323684089,0.7203295350074768,1991.4837646484375,498.5912689208984
944,-107.00619652938656,0.7716317236423492,1437.0435791015625,360.03252563476565
949,-71.76380524161934,0.5819824814796448,1016.4078369140625,254.68394470214844
954,-84.26506213534302,0.6559177339076996,1092.0889892578125,273.67816467285155
959,-66.89601112342665,0.4622130304574966,795.259521484375,199.27709350585937
964,-81.2526429991163,0.4550104379653931,1184.9080810546875,296.68203125
969,-78.5156939213909,0.6525743424892425,1105.2283935546875,276.9596771240234
974,-76.92694018029091,0.5095841288566589,765.2634887695312,191.82545776367186
979,-58.531614072111296,0.3360304176807404,596.689697265625,149.50845642089843
984,-71.5696000436526,0.5475093960762024,1034.600341796875,259.1975982666016
989,-81.48886040242694,0.40073836147785186,1032.9873046875,258.64756469726564
994,-65.46287549323714,0.41998244524002076,696.8308715820312,174.62770080566406
999,-53.04274575575404,0.1780066505074501,624.2318725585938,156.23597564697266
1004,-61.54166867472313,0.44589671194553376,963.2200317382812,241.25090484619142
1009,-93.03332666113734,0.4916671484708786,1013.9733276367188,253.98500061035156
1014,-68.59062485046785,0.5482140600681304,937.2557983398438,234.86216430664064
1019,-53.92366632128464,0.39178847670555117,1017.9754638671875,254.88565368652343
1024,-86.6115838852886,0.4314237147569656,890.9149169921875,223.1601531982422
1029,-79.64780244505576,0.5744064390659332,780.927978515625,195.8063980102539
1034,-86.31195766576916,0.3652247339487076,750.5965576171875,188.01436614990234
1039,-59.81012167551029,0.5443131566047669,891.3069458007812,223.3710494995117
1044,-94.40883550070377,0.44836257100105287,830.4707641601562,208.06605377197266
1049,-76.81029990614184,0.5012681424617768,1185.1529541015625,296.7895080566406
1054,-76.5240251144121,0.5011142790317535,698.5731811523438,175.1444107055664
1059,-67.4662086143128,0.34573050737380984,923.0335083007812,231.10410919189454
1064,-83.22396799393539,0.42573543190956115,899.8988647460938,225.40045166015625
1069,-110.30024583951345,0.7751809120178222,1349.8380126953125,338.23468627929685
1074,-96.59018898198492,0.6355359792709351,1229.8707275390625,308.1032196044922
1079,-98.69468291971629,0.6016834437847137,1761.6768798828125,441.0209014892578
1084,-94.56605605179162,0.7706671297550202,1626.744873046875,407.45688781738284
1089,-110.4157840850029,0.8797991216182709,2597.9326171875,650.3629516601562
1094,-103.25492137653663,0.6308602929115296,1510.9990234375,378.3806121826172
1099,-102.24694545357141,0.6809232175350189,1663.5909423828125,416.5786560058594
1104,-82.17474846696513,0.6821068465709687,1348.820068359375,337.8871246337891
1109,-78.22617551667503,0.9015954852104187,1495.80810546875,374.85362243652344
1114,-75.3400547648811,0.6017515003681183,1082.4052734375,271.203076171875
1119,-125.51059380872641,0.6275793433189392,1737.554443359375,435.0161956787109
1124,-106.32455519184472,0.6893082797527313,1697.4249267578125,425.04554443359376
1129,-110.2321359877416,0.7225405931472778,2242.370849609375,561.3152526855469
1134,-119.9575866761449,0.6590630769729614,2057.43896484375,515.0188049316406
1139,-68.97430818498788,0.7577472031116486,1659.6097412109375,415.6601867675781
1144,-100.26155294935845,0.7361954510211944,1331.21728515625,333.5405212402344
1149,-91.09664363765924,0.7766394734382629,2257.05419921875,565.040185546875
1154,-95.52921059329068,0.6082610785961151,1386.12744140625,347.14012145996094
1159,-124.72474353616005,0.7135053098201751,1909.4927978515625,478.0867034912109
1164,-91.20413704007771,0.7197313785552979,1298.72216796875,325.4002716064453
1169,-86.70234219370408,0.6694335997104645,1139.9476318359375,285.6563415527344
1174,-93.56392541297289,0.4104126036167145,848.2658081054688,212.47686462402345
1179,-79.81169947266191,0.6195834577083588,1167.0201416015625,292.37461853027344
1184,-64.83363047318386,0.36090012490749357,520.3923950195312,130.45899810791016
1189,-33.95188212223624,0.363220551609993,582.5380249023438,145.9977264404297
1194,-46.66592339849279,0.4381297677755356,963.2984619140625,241.26274566650392
1199,-52.47684966821033,0.3285061001777649,801.4901123046875,200.70103607177734
1204,-95.07979512810829,0.5694666385650635,891.5022583007812,223.44503173828124
1209,-44.78603872858635,0.5529363274574279,738.282958984375,185.1236770629883
1214,-71.55643392357419,0.7241701781749725,1069.3299560546875,268.05665893554686
1219,-77.15906251747029,0.5970338940620422,764.2008666992188,191.64725036621093
1224,-86.20199407466527,0.7882519662380219,1201.2891845703125,301.1105529785156
1229,-73.39545901955351,0.5837345659732819,839.3966064453125,210.4328842163086
1234,-65.78300646692341,0.5927652418613434,931.84912109375,233.55504608154297
1239,-71.50385349597498,0.49541862308979034,736.8248901367188,184.70164184570314
1244,-68.28610669096264,0.5868916571140289,784.20849609375,196.6390151977539
1249,-85.22460973524642,0.5353266417980194,1206.0577392578125,302.0497619628906
1254,-86.4296602334227,0.4020119607448578,991.47900390625,248.27176361083986
1259,-76.42461441169145,0.7494296967983246,1031.981689453125,258.74485168457034
1264,-52.020947625145276,0.5848980724811554,964.28271484375,241.65557556152345
1269,-74.83510781078876,0.7770274162292481,1131.3614501953125,283.6173889160156
1274,-70.91476891714058,0.3852275162935257,659.8291015625,165.3425033569336
1279,-57.438190808614735,0.5973245441913605,865.8777465820312,217.06676025390624
1284,-78.39707668139728,0.4940981507301331,895.4008178710938,224.34430389404298
1289,-86.19087167766915,0.4920816749334335,980.0872802734375,245.51390075683594
1294,-90.58665000353727,0.4222234636545181,919.5009765625,230.29746856689454
1299,-85.63448696019842,0.6138275921344757,1350.9825439453125,338.3594665527344
1304,-76.2922471512265,0.6378825962543487,1266.9036865234375,317.3638061523437
1309,-36.85554721576031,0.6850394666194916,802.5131225585938,201.31331787109374
1314,-77.29253944644505,0.5108749747276307,941.9889526367188,236.00811157226562
1319,-76.85474897577355,0.5697321414947509,1146.7301025390625,287.25225524902345
1324,-90.63568098120021,0.5626717269420624,1005.583251953125,251.95848388671874
1329,-81.63358409129816,0.3597856521606445,758.883544921875,190.08067321777344
1334,-84.46014295063097,0.5100150763988495,1065.1376953125,266.7944396972656
1339,-71.82153758523008,0.5597635865211487,1179.3770751953125,295.40403137207034
1344,-112.0056536375703,0.7054194808006287,1529.96337890625,383.19626770019534
1349,-70.91343241439166,0.6218874335289002,1017.5986328125,255.02154541015625
1354,-98.1604153775298,0.5735380113124847,949.1304931640625,237.85615997314454
1359,-88.52528676468648,0.6355200946331024,1374.178955078125,344.1802581787109
1364,-82.32656564010935,0.5125355005264283,803.2291259765625,201.31981506347657
1369,-73.37808407017127,0.6610090970993042,941.3368530273438,235.99522399902344
1374,-85.27151940504282,0.7384224593639374,1662.05712890625,416.25270690917966
1379,-92.23532927437427,0.4778309315443039,1129.3568115234375,282.81703491210936
1384,-79.01490046940867,0.7368670463562011,1252.4346923828125,313.8455383300781
1389,-88.54620071169208,0.5436346411705018,1226.3267822265625,307.1253326416016
1394,-77.21396527304387,0.612643551826477,1198.92431640625,300.3437194824219
1399,-79.92595241005361,0.5696880936622619,1152.2100830078125,288.62221069335936
1404,-62.93616709604096,0.5131088018417358,621.2388916015625,155.8228317260742
1409,-63.881143494259554,0.4243782550096512,1018.8787231445312,255.14406127929686
1414,-70.81295419457174,0.391613245010376,745.112548828125,186.6697525024414
1419,-51.121874807987425,0.27900982797145846,835.0452270507812,209.04031677246093
1424,-45.86318200992422,0.3845840781927109,713.4672241210938,178.7513885498047
1429,-92.40957501499824,0.6161177694797516,999.7125244140625,250.54424896240235
1434,-73.41742827766586,0.5043715953826904,784.5590209960938,196.64412536621094
1439,-78.48706834626928,0.427014496922493,846.017822265625,211.9314697265625
1444,-68.78298346541919,0.3743249148130417,763.665283203125,191.29064331054687
1449,-78.80405805330483,0.45080475211143495,628.4613037109375,157.56613006591797
1454,-75.89818296525644,0.5161290228366852,696.2791748046875,174.58592529296874
1459,-69.98574363521021,0.577053302526474,774.7322387695312,194.2601104736328
1464,-64.2186802386969,0.6066192388534546,915.5501708984375,229.4941619873047
1469,-58.031765754779556,0.5221519112586975,788.0755615234375,197.54104461669922
1474,-56.28566089830488,0.47870779037475586,746.2598876953125,187.0436782836914
1479,-43.138247043538456,0.5253672361373901,797.2247924804688,199.8315643310547
1484,-95.65975416173158,0.4138221651315689,838.4943237304688,210.03740234375
1489,-64.16079489442653,0.42293536365032197,816.106201171875,204.4494842529297
1494,-62.57210394507072,0.3869174897670746,917.07568359375,229.6558364868164
1499,-85.36517294498623,0.46013420820236206,889.25244140625,222.77324371337892
1504,-67.71826540532405,0.4790687680244446,740.4404296875,185.58917694091798
1509,-74.39319877458874,0.48955435752868653,792.2489013671875,198.5517822265625
1514,-60.480021209071424,0.5932671010494233,995.7367553710938,249.52745361328124
1519,-63.14474079829297,0.5982570350170135,980.4267578125,245.70494537353517
1524,-79.2984842068861,0.4395302712917328,660.0350341796875,165.4482894897461
1529,-97.05486878288129,0.44926449954509734,836.0906372070312,209.4719253540039
1534,-74.97880118811989,0.6464867651462555,1176.5904541015625,294.7941009521484
1539,-95.2671735708995,0.5027239799499512,1046.713134765625,262.18100891113284
1544,-93.61885774907014,0.45343338549137113,856.4380493164062,214.5629455566406
1549,-72.96288786250395,0.47236199080944063,620.9690551757812,155.71462707519532
1554,-63.16418933924146,0.5162441492080688,668.8350830078125,167.72501525878906
1559,-61.198740917627056,0.2873585492372513,828.576904296875,207.43158416748048
1564,-104.9302737375394,0.4273299962282181,873.4427490234375,218.78801727294922
1569,-66.97930219276996,0.4076231747865677,784.951416015625,196.64547729492188
1574,-80.44055359485031,0.5550763249397278,864.6819458007812,216.7255630493164
1579,-68.02654529208388,0.5643524050712585,852.5269165039062,213.69608154296876
1584,-83.879726474773,0.5885931968688964,992.8302001953125,248.7961441040039
1589,-79.87118923377935,0.5653514504432678,1068.8973388671875,267.78968505859376
1594,-79.40682346210893,0.36198664009571074,887.037353515625,222.12132263183594
1599,-90.6020955231468,0.7149521052837372,1130.554931640625,283.3536895751953
1604,-60.95489626064561,0.3855592370033264,740.7596435546875,185.57546844482422
1609,-75.87985120075774,0.5788358926773072,928.9528198242188,232.8170425415039
1614,-69.75396739230001,0.48582813143730164,798.3336791992188,200.06925048828126
1619,-62.84313960483604,0.4118410050868988,741.7069091796875,185.83856964111328
1624,-53.601860470786455,0.4383912324905396,812.290771484375,203.511083984375
1629,-75.48297872950496,0.5484219670295716,1030.251708984375,258.11134948730466
1634,-52.987588709965436,0.3890807628631592,667.9226684570312,167.36974639892577
1639,-66.74061491546014,0.7857015311717988,1189.250244140625,298.0982604980469
1644,-46.032209406846675,0.37894877791404724,714.0155029296875,178.88282470703126
1649,-83.13630146179867,0.4236855894327164,691.9574584960938,173.41304931640624
1654,-67.66666504637058,0.544574362039566,824.3226928710938,206.6252471923828
1659,-85.05194598760554,0.44653943181037903,845.2125244140625,211.74966888427736
1664,-76.11245187820312,0.5515992403030395,1105.135498046875,276.83547058105466
1669,-50.11543964832285,0.4616338282823563,732.4533081054688,183.57496337890626
1674,-83.97481223399606,0.7019940376281738,1042.2991943359375,261.27679443359375
1679,-60.83647602798291,0.6571275055408478,1074.763916015625,269.3481109619141
1684,-56.44639690963142,0.5966987431049346,671.8795776367188,168.56659393310548
1689,-73.86926563129819,0.5616104900836945,810.3189697265625,203.14135131835937
1694,-73.40302569899919,0.4224837332963943,635.1027221679688,159.1981628417969
1699,-77.72275713173485,0.4441522419452667,1067.416259765625,267.2982208251953
1704,-57.14155918070466,0.494355121254921,1128.8482666015625,282.7064239501953
1709,-64.85617900517474,0.5199773073196411,789.960205078125,198.01002655029296
1714,-67.65613319416097,0.6526995837688446,919.2472534179688,230.46451263427736
1719,-89.89420990574163,0.6309938549995422,1128.695556640625,282.8048828125
1724,-81.28357806997315,0.5276512444019318,906.4033203125,227.12848205566405
1729,-93.1725766711875,0.5147048771381378,802.884033203125,201.2357147216797
1734,-84.20775615936249,0.4785403460264206,773.706298828125,193.90511474609374
1739,-83.70219958784307,0.41481044590473176,951.0431518554688,238.17559967041015
1744,-96.85211852945598,0.6297357201576232,814.8177490234375,204.33417205810548
1749,-85.60021446915952,0.433527073264122,939.619384765625,235.3383758544922
1754,-58.6438128770634,0.5575587749481201,767.83740234375,192.51690979003905
1759,-77.10397833922228,0.488851523399353,1041.5284423828125,260.8709655761719
1764,-37.56072284436823,0.3401415258646011,548.2398681640625,137.40010986328124
1769,-59.32914247858491,0.364868026971817,792.994140625,198.6134017944336
1774,-79.26048995947525,0.6088607966899872,1019.5962524414062,255.50792694091797
1779,-72.76061645097785,0.5079765856266022,678.6077880859375,170.15992431640626
1784,-88.34063688609767,0.7043696641921997,1188.5267333984375,297.8360534667969
1789,-87.34287490115898,0.6595353662967682,1066.6029052734375,267.3102600097656
1794,-79.57352163979255,0.587244176864624,1062.9052734375,266.3135589599609
1799,-55.83070431549638,0.6353214800357818,983.953369140625,246.62366333007813
1804,-96.62645953412947,0.751246702671051,1353.658203125,339.1657989501953
1809,-79.4429630594202,0.4476729899644852,954.9730834960938,239.1909423828125
1814,-75.01257855080564,0.6316914141178132,951.4002685546875,238.48175811767578
1819,-77.18085376497068,0.5250432074069977,784.9431762695312,196.7608383178711
1824,-69.83218294727072,0.5266903817653656,841.5380859375,210.91121368408204
1829,-57.35746033657018,0.542249608039856,811.03173828125,203.30018463134766
1834,-73.43199852356531,0.5601336359977722,981.2548828125,245.8738540649414
1839,-75.9949051418049,0.5628753006458282,859.4171752929688,215.41716918945312
1844,-50.9081879664911,0.5571438431739807,1184.937744140625,296.7915832519531
1849,-64.1609871743625,0.5398418784141541,1028.5841064453125,257.6858642578125
1854,-86.4556728142255,0.6241076707839965,910.6094970703125,228.27648010253907
1859,-96.56622725095994,0.5655776143074036,993.911376953125,249.04342193603514
1864,-81.74119233660409,0.4685903012752533,740.4143676757812,185.57218170166016
1869,-80.26935525576818,0.553950411081314,1060.2154541015625,265.6078155517578
1874,-75.58178920205752,0.5458010494709015,886.5148315429688,222.17451019287108
1879,-74.23857027699212,0.5566253304481507,944.3446044921875,236.6427780151367
1884,-59.79804653583082,0.7620894074440002,1312.897705078125,328.98651733398435
1889,-33.327357789766836,0.544949346780777,793.8199462890625,198.99993438720702
1894,-87.71243469525578,0.6097372829914093,960.524169921875,240.74078216552735
1899,-75.32713654912901,0.5855087518692017,1162.8651123046875,291.3017913818359
1904,-71.44879520600475,0.6043937087059021,810.4502563476562,203.21695861816406
1909,-68.88637459392633,0.33319754898548126,909.5214233398438,227.71355438232422
1914,-57.544160924021945,0.4732335925102234,685.7171630859375,171.90252685546875
1919,-91.75457784996351,0.38587639629840853,795.8322143554688,199.34393005371095
1924,-56.85681750102283,0.5472764670848846,937.4508056640625,234.90997619628905
1929,-65.53035901587222,0.3299023449420929,802.9708251953125,201.072607421875
1934,-81.05726226635988,0.49527613520622255,857.4786987304688,214.86494903564454
1939,-62.82388855656838,0.28855483531951903,778.28662109375,194.86021118164064
1944,-89.21322776564574,0.5181957244873047,966.720947265625,242.19843292236328
1949,-69.51561451613384,0.7863360464572906,1073.7286376953125,269.21849670410154
1954,-74.43527346664212,0.5489061295986175,836.18115234375,209.5941925048828
1959,-32.854125521093664,0.43380807936191557,628.134033203125,157.46731719970703
1964,-66.65068733112201,0.4577490299940109,747.9229125976562,187.4384796142578
1969,-74.47526241531277,0.6717166066169739,970.8876953125,243.39364166259764
1974,-83.65945373833878,0.5979074597358703,1018.0281372070312,255.1049377441406
1979,-72.14966793036432,0.5304670929908752,639.1927490234375,160.32865295410156
1984,-62.5622491758455,0.5008997738361358,706.7521362304688,177.18893585205078
1989,-73.52968996243956,0.5681279718875885,932.1537475585938,233.6065643310547
1994,-107.98285100357006,0.5748775482177735,1061.603515625,265.9757568359375
1999,-73.62414926919632,0.5134618401527404,675.592529296875,169.41159362792968
2004,-68.50764904619787,0.5509298861026763,1119.606201171875,280.4524841308594
2009,-77.68186707141841,0.4906380742788315,715.37158203125,179.33353424072266
2014,-66.07726358402489,0.617762666940689,862.5182495117188,216.24732513427733
2019,-73.36980663676376,0.5239556670188904,889.7349853515625,222.95770111083985
2024,-87.32075719738603,0.5730925798416138,1226.601318359375,307.2234252929687
2029,-76.3237436128544,0.500241219997406,729.7490844726562,182.93751373291016
2034,-74.42401898457426,0.711176198720932,920.4779052734375,230.83065338134764
2039,-75.54627440837363,0.3736515730619431,717.2210083007812,179.67890319824218
2044,-59.92135891779833,0.614429259300232,836.0304565429688,209.62204284667968
2049,-89.39147789049191,0.38704522848129275,732.2850341796875,183.45830383300782
2054,-70.38689798498115,0.5380365490913391,687.4703369140625,172.4056198120117
2059,-82.40124009278904,0.5933741927146912,1079.857421875,270.55773010253904
2064,-86.81257080107271,0.6369525194168091,826.521484375,207.26732330322267
2069,-63.90794659038035,0.472275373339653,856.994140625,214.72080841064454
2074,-60.49707442010626,0.5757863581180572,1104.1534423828125,276.61414794921876
2079,-39.93405384265118,0.43153115808963777,709.9505004882812,177.91915740966797
2084,-66.16007086291933,0.5984319925308228,610.3560791015625,153.1874526977539
2089,-84.87521197908227,0.47538199424743655,808.277099609375,202.5446578979492
2094,-61.27981842734717,0.400700843334198,687.740478515625,172.33582153320313
2099,-55.91023585553761,0.2384650304913521,528.2383422851562,132.2980484008789
2104,-99.2835991822384,0.7788030803203583,1088.5399169921875,272.9137817382813
2109,-63.170758488151385,0.37340143620967864,567.6951293945312,142.29718475341798
2114,-72.69422225017192,0.6539638817310334,841.4344482421875,211.0125747680664
2119,-70.9446491909381,0.6593239605426788,888.028076171875,222.66634216308594
2124,-52.909714786802795,0.41769113540649416,842.6522216796875,211.08074798583985
2129,-66.46302540949128,0.567532479763031,835.1651611328125,209.35882110595702
2134,-55.55074729056265,0.46199084222316744,904.8563232421875,226.6760726928711
2139,-70.01532411319192,0.746162211894989,996.5396118164062,249.88106536865234
2144,-73.23119497764766,0.47404579222202303,741.2333984375,185.7823944091797
2149,-77.65190405342467,0.6017772674560546,963.3306274414062,241.43443298339844
2154,-88.72773755654985,0.6738397002220153,908.092041015625,227.69684906005858
2159,-42.62697364795379,0.5502526581287384,710.60205078125,178.20076446533204
2164,-75.28566065873562,0.7163546025753021,749.3084106445312,188.0434585571289
2169,-70.61833448800932,0.5786803185939788,869.9244384765625,218.05978698730468
2174,-83.13385873302084,0.22962657660245894,844.3576049804688,211.31902770996095
2179,-83.04189556895014,0.6237162351608276,920.455078125,230.73748474121095
2184,-62.734036284497805,0.5927090585231781,812.7750854492188,203.78648071289064
2189,-85.93406961318229,0.5449072778224945,828.2022094726562,207.595458984375
2194,-63.97645043801148,0.44315298795700075,712.762451171875,178.6337646484375
2199,-91.7043781917253,0.5500809073448181,967.7913818359375,242.4979278564453
2204,-84.78572253813762,0.5046379804611206,681.8305053710938,170.96226196289064
2209,-72.09846670036319,0.46203908920288084,784.905029296875,196.68829650878905
2214,-76.71049379566387,0.43327750265598297,801.2032470703125,200.73408966064454
2219,-80.16784860316433,0.6725573420524598,1049.0765380859375,262.9416931152344
2224,-75.02703566354124,0.5586939811706543,790.5006713867188,198.1838607788086
2229,-72.96929439019189,0.38372857570648194,723.2074584960938,181.1855926513672
2234,-60.74748103208813,0.44636279046535493,747.5508422851562,187.33407440185547
2239,-99.07879560630043,0.5684411823749542,822.4156494140625,206.17235565185547
2244,-76.53134522370979,0.418841090798378,957.8540649414062,239.88235778808593
2249,-59.43625921013435,0.5502796590328216,747.8599243164062,187.5152603149414
2254,-52.971784534796015,0.5882114171981812,711.3095703125,178.4156021118164
2259,-74.08535327833809,0.5890625655651093,949.6190185546875,237.99381561279296
2264,-88.86582861242789,0.4444226503372192,748.1035766601562,187.4703140258789
2269,-56.24979924604834,0.44713653028011324,904.2823486328125,226.5177230834961
2274,-63.27818002263887,0.5260849177837372,718.1386108398438,180.06073608398438
2279,-78.39321958106584,0.5508827686309814,927.9758911132812,232.54485473632812
2284,-69.33262693498348,0.4365531325340271,900.5072021484375,225.5633544921875
2289,-72.94359828336837,0.524569821357727,690.1536865234375,173.06299285888673
2294,-62.086848966154975,0.6920388758182525,916.9012451171875,229.91735076904297
2299,-61.14989610120022,0.47224587500095366,752.0039672851562,188.47323760986328
2304,-82.61569186680231,0.6163273394107819,932.5086669921875,233.74349365234374
2309,-61.30038633780072,0.6139903724193573,1009.7545166015625,253.05261840820313
2314,-79.25648907365171,0.6538816928863526,951.818115234375,238.60841064453126
2319,-79.53226451916382,0.4791171133518219,899.0015869140625,225.2295120239258
2324,-65.49279702638799,0.6063784539699555,896.6575927734375,224.7707763671875
2329,-67.08919420663577,0.6628329217433929,973.9734497070312,244.15619506835938
2334,-57.164998783484904,0.5517729341983795,745.3370361328125,186.8860321044922
2339,-52.962688673247165,0.5117533445358277,929.1012573242188,232.7870666503906
2344,-55.46029131914301,0.3714970231056213,477.7857666015625,119.81793975830078
2349,-66.00304084275632,0.5036246120929718,895.093017578125,224.2768783569336
2354,-98.50389748850984,0.5909334778785705,1025.947265625,257.07774963378904
2359,-72.30895671904774,0.433127349615097,837.1526489257812,209.7212890625
2364,-78.41207467373664,0.473688593506813,670.1121215820312,168.00171966552733
2369,-74.13244304430455,0.4351614862680435,871.68310546875,218.3559371948242
2374,-77.36941252374805,0.5175858557224273,892.7610473632812,223.70784912109374
2379,-89.91095531229834,0.39325623512268065,841.1243896484375,210.67435455322266
2384,-54.45557307502114,0.36973748803138734,506.181396484375,126.91508560180664
2389,-63.06597674893119,0.46123117208480835,696.6937255859375,174.63466186523436
2394,-61.27031807386405,0.676506519317627,862.8078002929688,216.37845916748046
2399,-62.65622266633524,0.4349253624677658,695.7847290039062,174.38110809326173
2404,-75.57393541164474,0.6010828793048859,935.1768798828125,234.39530334472656
2409,-73.77318027481681,0.6242103338241577,900.2615966796875,225.68960571289062
2414,-47.190019681993135,0.42396627366542816,796.4390258789062,199.53372192382812
2419,-71.58490848662609,0.4647066593170166,656.619384765625,164.6195556640625
2424,-58.28892683757531,0.2466524913907051,750.509521484375,187.87403106689453
2429,-66.23745936160392,0.3935387820005417,769.3828735351562,192.7392578125
2434,-102.89078117844214,0.7026946783065796,1120.8035888671875,280.9035949707031
2439,-79.12640199223587,0.4147110015153885,770.316162109375,192.9937515258789
2444,-80.53666555241846,0.32014037370681764,856.9009399414062,214.54537506103514
2449,-70.23160180586342,0.439827972650528,753.9434814453125,188.92569732666016
2454,-95.41553794358319,0.6011001169681549,917.1375122070312,229.8854766845703
2459,-67.64741076561323,0.39420361518859864,559.352783203125,140.2323989868164
2464,-69.50499163855976,0.5380690097808838,912.8265991210938,228.74472045898438
2469,-85.3366761420171,0.3994684606790543,792.3467407226562,198.48615570068358
2474,-74.26091181068952,0.576841127872467,879.3134765625,220.40520935058595
2479,-69.51430368499474,0.41129296720027925,674.4993896484375,169.03614044189453
2484,-58.52817893494788,0.478557750582695,810.1693725585938,203.0208999633789
2489,-65.25721195795344,0.6072030961513519,924.0889892578125,231.62944946289062
2494,-90.10799424787898,0.434214261174202,683.3978271484375,171.2836715698242
2499,-55.60048394177529,0.7003242313861847,791.8446655273438,198.66148986816407
2504,-56.77537700712108,0.48168161511421204,659.5173950195312,165.36103057861328
2509,-75.97677900312378,0.599155730009079,881.8341674804688,221.0576965332031
2514,-67.99219442785227,0.3251155138015747,711.8471069335938,178.2868896484375
2519,-65.79194571753374,0.28017687499523164,495.4906005859375,124.15282669067383
2524,-68.17100080609146,0.34319007992744444,740.3193359375,185.42302398681642
2529,-82.04443395563918,0.40700967609882355,676.0474243164062,169.4188659667969
2534,-52.78792701854398,0.36368030309677124,972.6415405273438,243.52406463623046
2539,-69.2030817858222,0.4780412793159485,815.8515014648438,204.4409149169922
2544,-61.15183975996898,0.5405120372772216,830.5079345703125,208.16749725341796
2549,-63.582049067074536,0.5812963724136353,958.6810302734375,240.25155334472657
2554,-93.65218091451409,0.4288912326097488,730.3950805664062,183.02765960693358
2559,-54.73552273791829,0.5130087554454803,718.16552734375,180.05438995361328
2564,-73.38012526196789,0.4613523334264755,697.5926513671875,174.8595169067383
2569,-53.3830197963577,0.40272881388664244,601.7098388671875,150.83018951416017
2574,-60.134924146709224,0.4073511064052582,736.871337890625,184.62518768310548
2579,-53.47544591130239,0.33312237858772276,718.2699584960938,179.9006103515625
2584,-76.17471056036487,0.5872888922691345,909.6563720703125,228.00138092041016
2589,-73.24391929776104,0.6029402792453766,857.6322631835938,215.0110061645508
2594,-62.075100741551125,0.5545837998390197,849.5756225585938,212.94849090576173
2599,-85.15727286790553,0.46500474512577056,885.654541015625,221.8786392211914
2604,-51.703660683697166,0.36471808552742,832.0617065429688,208.38014221191406
2609,-40.660079929932266,0.6109698951244354,828.0841674804688,207.63200988769532
2614,-60.650551180015555,0.3924849420785904,995.5191040039062,249.2722625732422
2619,-65.41261309591883,0.4546104401350021,643.6802978515625,161.3746826171875
2624,-76.42286164802373,0.3971536844968796,600.87158203125,150.61504974365235
2629,-90.29758661830056,0.5531394243240356,957.9956665039062,240.05205535888672
2634,-72.46957733558665,0.5668450951576233,691.4419555664062,173.42733306884764
2639,-83.42575941242856,0.6967833697795868,784.806640625,196.89844360351563
2644,-80.76222393450423,0.3215698480606079,973.438720703125,243.68125
2649,-45.875808714150764,0.6505729496479035,625.0238647460938,156.9065368652344
2654,-59.988105034458,0.32720084488391876,629.8801879882812,157.79725036621093
2659,-85.19345605945782,0.5661726117134094,759.5922241210938,190.46422882080077
2664,-59.396256866579606,0.5085163474082947,513.57666015625,128.9026840209961
2669,-82.86489255898684,0.5818113505840301,931.9520263671875,233.56981658935547
2674,-59.13360508885664,0.2705649197101593,557.019287109375,139.52538452148437
2679,-57.245494184041995,0.2953125715255737,533.4581909179688,133.65986328125
2684,-69.49811181580033,0.4179192095994949,722.60009765625,181.06794281005858
2689,-68.35008181156374,0.37239291667938235,599.0409545898438,150.13262939453125
2694,-77.7137042723339,0.6607262909412384,811.6231689453125,203.56652069091797
2699,-63.819982605781085,0.3376552641391754,462.2255859375,115.89405136108398
2704,-46.24260814481287,0.5463557839393616,849.85693359375,213.01058807373047
2709,-51.39230146358561,0.21389792263507842,521.17724609375,130.50820770263672
2714,-51.1842953931134,0.46379012167453765,680.5941772460938,170.61233367919922
2719,-61.049116029676554,0.43020921349525454,558.2138671875,139.98367462158203
2724,-36.86450331946067,0.4719246685504913,692.8541259765625,173.68545684814453
2729,-58.57636777581661,0.5523336052894592,914.5977783203125,229.2017791748047
2734,-55.757822924804756,0.47924045026302337,719.2376098632812,180.28864288330078
2739,-44.65283170739495,0.26554137766361235,443.5029296875,111.1412742614746
2744,-61.16429149821336,0.5768914461135864,775.6687622070312,194.49408264160155
2749,-69.51204337675276,0.45921399593353274,897.6605224609375,224.8743469238281
2754,-68.17616621203149,0.3448150247335434,584.0576171875,146.35922088623047
2759,-73.4339597325687,0.42851721346378324,569.8905639648438,142.90115966796876
2764,-56.40156086194179,0.4439812570810318,464.5286865234375,116.57615280151367
2769,-45.07283300374723,0.2339272379875183,446.7977600097656,111.93336715698243
2774,-66.89101953257016,0.3058562934398651,602.7509765625,150.99360198974608
2779,-71.41351291516038,0.3290939539670944,607.206298828125,152.13066864013672
2784,-41.777880251725115,0.3220591187477112,376.2370300292969,94.38131713867188
2789,-44.53011761544292,0.4401367276906967,558.504638671875,140.06629486083983
2794,-40.1316857950188,0.5217976868152618,664.9402465820312,166.7568588256836
2799,-65.47853779380588,0.22436611503362655,534.698974609375,133.89910888671875
2804,-62.20476138310766,0.3341710060834885,528.1466064453125,132.37082214355468
2809,-45.14476592200719,0.5081645727157593,640.8988647460938,160.73287963867188
2814,-59.43830220941774,0.3832523822784424,655.29248046875,164.2063720703125
2819,-57.56539675510054,0.4459939479827881,751.8187866210938,188.40069274902345
2824,-77.0198500416796,0.35536958575248717,737.3271484375,184.6871566772461
2829,-61.1966120256328,0.4624355435371399,557.7509155273438,139.90016174316406
2834,-64.65770368571407,0.4087303638458252,669.7377319335938,167.8431640625
2839,-49.382418367035186,0.38339929580688475,603.7962036132812,151.33245086669922
2844,-77.38487092459104,0.5127989888191223,727.8916625976562,182.48571166992187
2849,-60.37538978138166,0.48052287101745605,589.8572998046875,147.9448471069336
2854,-66.73119221677578,0.4644017398357391,682.2921752929688,171.03744354248047
2859,-48.92954597182458,0.40071635544300077,713.5899658203125,178.79820861816407
2864,-58.82950944956793,0.37850338220596313,790.1761474609375,197.92253875732422
2869,-58.723341239232546,0.3910907357931137,631.27587890625,158.2100570678711
2874,-49.531964164775374,0.40226673781871797,619.8948364257812,155.3759750366211
2879,-27.258261850653206,0.41640124320983884,567.4769287109375,142.28563232421874
2884,-42.065810171167975,0.44100832045078275,518.648681640625,130.10318145751953
2889,-42.917201434739596,0.5670350790023804,535.4595336914062,134.43191680908203
2894,-62.8176534088435,0.5107852935791015,649.723876953125,162.94175415039064
2899,-62.424685120808505,0.19315614700317382,547.7033081054688,137.11898651123047
2904,-47.68161965069952,0.39610557854175565,587.4596557617188,147.26101837158203
2909,-58.52905018800113,0.44955882132053376,686.5047607421875,172.07575225830078
2914,-65.65543924689494,0.30799880921840667,897.1651611328125,224.5992889404297
2919,-75.31218273482654,0.38877514004707336,561.9654541015625,140.88013763427733
2924,-69.07946387745622,0.61784747838974,710.520751953125,178.24803314208984
2929,-63.129565916555805,0.5415410876274109,705.2973022460938,176.8658676147461
2934,-79.27581622611244,0.5595614552497864,689.740478515625,172.99468078613282
2939,-72.06454050830288,0.5272203624248505,677.5933837890625,169.92556762695312
2944,-70.44825711539124,0.25658842325210574,435.69110107421875,109.17936325073242
2949,-51.765309862368575,0.6158111274242402,645.700439453125,162.0409194946289
2954,-48.67751450567354,0.6537743866443634,805.8857421875,202.12520904541014
2959,-62.60253544715494,0.3704256355762482,770.979248046875,193.11523895263673
2964,-47.41891908087183,0.3472792744636536,515.5986328125,129.24693603515624
2969,-60.684470113016445,0.4199454516172409,948.8851318359375,237.64122772216797
2974,-43.26447788970586,0.49621548056602477,749.9572143554688,187.9855178833008
2979,-39.542811024233224,0.21355020701885224,473.6542663574219,118.62711715698242
2984,-43.742655351941885,0.5704353272914886,735.1416015625,184.3558349609375
2989,-52.515143213517675,0.22731083035469055,622.244140625,155.78834533691406
2994,-59.15902452958366,0.24225678741931916,447.6025695800781,112.14289932250976
2999,-86.50704682093388,0.486032047867775,619.4385375976562,155.34566650390624
3004,-38.59952637325897,0.508540940284729,522.2935791015625,131.08193664550782
3009,-53.671700111580094,0.37193719744682313,412.8531494140625,103.58522567749023
3014,-47.67542132362085,0.2694381773471832,559.4949340820312,140.14317321777344
3019,-52.61669094282612,0.42200265228748324,617.476318359375,154.79107971191405
3024,-82.58235018839699,0.5025670289993286,872.9588623046875,218.7422836303711
3029,-68.94202033748394,0.5399689137935638,542.9434204101562,136.27582397460938
3034,-57.951968311142195,0.4080700695514679,792.766357421875,198.59965972900392
3039,-24.79377552146956,0.25267030894756315,613.275146484375,153.5714569091797
3044,-48.21051271742044,0.51519415974617,539.99609375,135.51421966552735
3049,-78.95365031220493,0.4876933008432388,811.9100341796875,203.46520233154297
3054,-58.2340227521573,0.26458280682563784,708.3896484375,177.36199493408202
3059,-61.440885698165005,0.41194194853305816,400.51983642578125,100.54190139770508
3064,-60.34603881256226,0.5368713438510895,648.7894287109375,162.7342300415039
3069,-66.7742558810647,0.36279429495334625,622.54833984375,155.99988250732423
3074,-64.12711223779057,0.3292880982160568,760.7896118164062,190.5266891479492
3079,-56.12036046374077,0.4036810457706451,628.4172973632812,157.50800323486328
3084,-55.91403049280765,0.5579336822032929,846.3136596679688,212.1363494873047
3089,-84.86610385312332,0.42900738418102263,647.2879028320312,162.25098419189453
3094,-67.55773653702366,0.2595393657684326,539.3731689453125,135.10283203125
3099,-60.64455806486623,0.49241059422492983,553.3269653320312,138.82415313720702
3104,-33.67785401441937,0.39961099326610566,565.0426025390625,141.66026153564454
3109,-62.84832474349775,0.4998782366514206,677.156982421875,169.78912506103515
3114,-74.48974351436519,0.43130911588668824,543.9193725585938,136.4111541748047
3119,-79.15593737518019,0.4572330951690674,953.5559692382812,238.84622192382812
3124,-56.72407674426846,0.5458034157752991,503.3800048828125,126.39080352783203
3129,-64.4665851865822,0.5329783201217652,661.8882446289062,166.00503997802736
3134,-72.56620957573442,0.39623163640499115,575.8966064453125,144.3703842163086
3139,-64.23532886458247,0.42913478016853335,591.4130249023438,148.2823913574219
3144,-69.99619494129983,0.45694508850574495,606.4864501953125,152.07855834960938
3149,-75.97360839563515,0.27968774139881136,741.8729858398438,185.74793548583983
3154,-66.05446513419628,0.30510270297527314,530.934326171875,133.03868408203124
3159,-81.08697999313941,0.422627592086792,1035.1810302734375,259.21788635253904
3164,-73.36856183596214,0.41697404384613035,789.2870483398438,197.73873748779297
3169,-76.18252137865385,0.41918429732322693,712.0829467773438,178.4399215698242
3174,-54.94541264081277,0.4798363924026489,660.8244018554688,165.6859359741211
3179,-60.29773444040376,0.4394832789897919,536.9164428710938,134.66859436035156
3184,-38.94997016309284,0.32595891654491427,570.6927490234375,142.9991455078125
3189,-73.03725949217753,0.46922464966773986,772.1964111328125,193.51832580566406
3194,-42.83352033846833,0.4856393963098526,592.8341674804688,148.69417877197264
3199,-36.844980330439654,0.5069980978965759,705.1292114257812,176.78930053710937
3204,-46.37854989891305,0.3324111431837082,576.1861572265625,144.3789520263672
3209,-96.46054265392786,0.5602252185344696,816.2468872070312,204.6219482421875
3214,-69.6342659632741,0.4748681247234344,625.1085815429688,156.75201416015625
3219,-45.4778132952886,0.3947234362363815,561.693115234375,140.81800079345703
3224,-79.21122962370838,0.5683940052986145,915.6502075195312,229.48094482421874
3229,-69.39458291107445,0.5337948679924012,725.2291259765625,181.84107360839843
3234,-72.47243078205221,0.4267188608646393,1028.73388671875,257.6101898193359
3239,-65.78135975256139,0.44317892789840696,693.1515502929688,173.73106689453124
3244,-86.33042995456003,0.42892575562000274,739.8687133789062,185.39610290527344
3249,-74.6952661202668,0.2980200707912445,692.7252197265625,173.4793243408203
3254,-72.60770076844909,0.508208590745926,849.1246337890625,212.78936614990235
3259,-56.03434212586784,0.38748006522655487,532.7736206054688,133.5808853149414
3264,-63.571224502210534,0.3258154481649399,424.8417053222656,106.5362419128418
3269,-69.82915559520401,0.5311955094337464,706.1322631835938,177.06426086425782
3274,-46.58377106552666,0.3883496016263962,761.465087890625,190.75462036132814
3279,-93.13986382431945,0.32121230065822604,617.8176879882812,154.7756332397461
3284,-71.46278577262477,0.46725037395954133,781.395263671875,195.81606750488282
3289,-56.963817951547725,0.5372850358486175,887.236083984375,222.34630584716797
3294,-81.2399501071983,0.3527928292751312,585.0979614257812,146.62728576660157
3299,-61.61240837488708,0.3142914086580276,650.83740234375,163.02364501953124
3304,-59.07354994349815,0.38015826642513273,513.09521484375,128.65396118164062
3309,-62.5765764015032,0.4439609467983246,669.21435546875,167.74755096435547
3314,-83.27170541704109,0.41340810656547544,519.9218139648438,130.39386291503905
3319,-59.65540861301852,0.410011950135231,742.9713134765625,186.15283966064453
3324,-57.8483896507784,0.3008019536733627,478.36474609375,119.8919891357422
3329,-89.77155389631574,0.5292169392108917,674.76513671875,169.2205032348633
3334,-43.67861235105732,0.578979104757309,845.315673828125,211.90789642333985
3339,-95.74381297844634,0.4399082064628601,672.5840454101562,168.58592071533204
3344,-84.85265229596416,0.6184807538986206,828.9987182617188,207.86815948486327
3349,-82.86432071894298,0.42783173322677615,723.7864379882812,181.37444000244142
3354,-48.60729677907007,0.5913083553314209,816.4561157226562,204.70533752441406
3359,-88.81852758499164,0.4819814383983612,562.0921020507812,141.0050064086914
3364,-75.19200572248319,0.36876427829265596,592.4078369140625,148.4707229614258
3369,-74.18636238350481,0.3781924545764923,738.4686889648438,184.9953643798828
3374,-60.87103519307135,0.39142129123210906,680.2994384765625,170.46628112792968
3379,-84.8103739626255,0.4868233650922775,770.23779296875,193.04627075195313
3384,-57.203326458262424,0.5672121405601501,831.9151611328125,208.54600219726564
3389,-88.83973375630657,0.5997574806213379,877.4246826171875,219.9559295654297
3394,-52.50758195824283,0.4192558765411377,689.0416870117188,172.67967834472657
3399,-47.64932535994812,0.5576242864131927,740.8023681640625,185.75821380615236
3404,-62.20178606258236,0.5973132610321045,757.3764038085938,189.94141387939453
3409,-73.30524992018314,0.6049163520336152,1045.7462158203125,262.0414672851563
3414,-92.00552597600688,0.5538177967071534,742.4487915039062,186.166015625
3419,-70.84839555443455,0.4020408570766449,500.809326171875,125.60437240600587
3424,-59.81465314221371,0.2755457043647766,647.8827514648438,162.24623260498046
3429,-48.228799603903944,0.45744157433509824,607.51416015625,152.3359817504883
3434,-83.23675842980828,0.4050673544406891,654.0429077148438,163.9157958984375
3439,-49.98445694049137,0.399386128783226,774.8260498046875,194.10589904785155
3444,-41.08948573761063,0.3605810791254044,617.4134521484375,154.7139434814453
3449,-61.110380659901445,0.47585894763469694,672.7750244140625,168.66961822509765
3454,-21.81690611635721,0.5168612539768219,585.9879760742188,147.01385498046875
3459,-73.2732262924371,0.572160130739212,912.5426025390625,228.7078109741211
3464,-73.61693189136108,0.5187697768211365,717.2962646484375,179.84283599853515
3469,-61.39733103584767,0.5306774020195008,538.77685546875,135.22489166259766
3474,-50.892652251011896,0.43977333009243014,732.4227294921875,183.5454559326172
3479,-63.13287301588964,0.5404157161712646,746.6351318359375,187.1991989135742
3484,-72.03388431006982,0.5355676114559174,690.3051147460938,173.11184692382812
3489,-64.2028271734573,0.43742179572582246,871.0202026367188,218.19246978759764
3494,-88.93872048075329,0.6149281859397888,907.695068359375,227.5386962890625
3499,-73.8815814319539,0.43046932220458983,895.4078979492188,224.28244323730468
3504,-66.47381715242157,0.36532258093357084,467.5433044433594,117.2511489868164
3509,-41.82505743661743,0.5728038489818573,928.8228149414062,232.77850952148438
3514,-58.457998481502955,0.49262681901454924,768.7423095703125,192.6782012939453
3519,-59.876605837410494,0.3915561616420746,699.178466796875,175.18617401123046
3524,-50.14937584318271,0.3418171346187592,490.6676025390625,123.00871810913085
3529,-73.86146680771851,0.34529835283756255,836.1099243164062,209.3727783203125
3534,-66.4627977069668,0.37540757954120635,704.8675537109375,176.59229736328126
3539,-72.95934846610045,0.38468135595321656,852.09423828125,213.40823974609376
3544,-66.3408806807662,0.5378198623657227,690.7194213867188,173.21767578125
3549,-69.35064763519148,0.618207973241806,824.2003173828125,206.6682861328125
3554,-54.57475736433564,0.32933867573738096,698.5711669921875,174.97212829589844
3559,-69.9439584818841,0.602802848815918,897.0838623046875,224.87376708984374
3564,-84.5839561696856,0.492196387052536,763.7725219726562,191.4353271484375
3569,-70.5889309570305,0.4603227019309998,606.0177001953125,151.9647445678711
3574,-87.00401733300288,0.3956644803285599,833.4519653320312,208.75865783691407
3579,-67.13128654726854,0.49636867046356203,924.002197265625,231.49691772460938
3584,-68.48891906979219,0.5791487753391266,678.8324584960938,170.28726196289062
3589,-89.48122938044042,0.5066969931125641,639.5767822265625,160.40089263916016
3594,-60.9907689028839,0.5092599630355835,819.302978515625,205.3350036621094
3599,-68.30334088578161,0.549055552482605,839.3389282226562,210.3837890625
3604,-87.06581596798365,0.6026016891002655,669.5834350585938,167.9984619140625
3609,-64.39411449118816,0.4509762853384018,587.2443237304688,147.26205444335938
3614,-67.77218596648048,0.39640002250671386,477.2633056640625,119.71222763061523
3619,-52.4417558844693,0.47106148302555084,631.1264038085938,158.2526626586914
3624,-76.57702083560433,0.6870198667049408,867.9098510742188,217.66448211669922
3629,-61.016183387345066,0.3873521566390991,593.3712158203125,148.73015289306642
3634,-63.3642525717251,0.27278155386447905,528.7666015625,132.4644332885742
3639,-90.61664947154735,0.6957804679870605,861.0714721679688,215.9636459350586
3644,-52.5190357428603,0.6587516903877259,849.1649780273438,212.9499984741211
3649,-45.83839283047076,0.48122471272945405,888.2537231445312,222.5446548461914
3654,-63.033492379323626,0.384978586435318,602.751220703125,151.07278442382812
3659,-79.60442081714592,0.3654925853013992,666.0947265625,166.88917236328126
3664,-68.13095337502989,0.4348705679178238,693.3077392578125,173.76180572509764
3669,-41.70964202179063,0.36218641996383666,375.2501525878906,94.17472457885742
3674,-73.56135709265581,0.29845625460147857,738.1538696289062,184.83692474365233
3679,-59.291078068876104,0.16846537888050078,534.05029296875,133.68103942871093
3684,-60.6184281344921,0.4855291098356247,788.9584350585938,197.72513732910156
3689,-75.13096954367613,0.5111549139022827,898.2146606445312,225.0648208618164
3694,-56.55833057143941,0.49035685062408446,685.1818237304688,171.7858123779297
3699,-54.60517398618893,0.42611390352249146,704.6218872070312,176.58158264160156
3704,-64.43849578389212,0.4349249809980392,601.8058471679688,150.88638610839843
3709,-50.438855458854654,0.2644602656364441,477.1332092285156,119.54776229858399
3714,-61.21708007529791,0.49066894352436063,756.2769775390625,189.5599136352539
3719,-67.06856463651438,0.4875587046146393,865.3240966796875,216.8185806274414
3724,-45.91763666742018,0.49079790711402893,776.198974609375,194.54054260253906
3729,-67.40001665897779,0.2737459152936935,583.7788696289062,146.2184631347656
3734,-49.82514122624834,0.4476432204246521,804.763916015625,201.638623046875
3739,-71.52608974852446,0.5594478487968445,958.4281005859375,240.16647338867188
3744,-78.94817715317738,0.6119123339653015,979.7369995117188,245.5461624145508
3749,-37.48810797890748,0.45623897314071654,820.1419677734375,205.49173278808593
3754,-72.01937281588125,0.5210750281810761,727.1323852539062,182.30417175292968
3759,-94.42403117158636,0.39996478259563445,612.6782836914062,153.5695373535156
3764,-55.06596413547895,0.48669135868549346,603.2577514648438,151.3011276245117
3769,-68.7315841244328,0.340634885430336,614.6459350585938,154.0021179199219
3774,-93.36476104339226,0.38399121463298796,688.5614624023438,172.52435760498048
3779,-62.22882899562198,0.5478417634963989,1130.5782470703125,283.19239807128906
3784,-21.8619199769713,0.43773365020751953,645.015869140625,161.69169921875
3789,-64.13771344753329,0.30647699534893036,537.1737670898438,134.59992065429688
3794,-61.7864153159889,0.4083622068166733,578.9990234375,145.15811614990236
3799,-75.83554767043275,0.6641807377338409,909.977294921875,228.15850219726562
3804,-70.71449018792524,0.4467934161424637,514.2402954101562,129.00686492919922
3809,-40.56207273235384,0.47324757277965546,603.6748046875,151.39194946289064
3814,-54.08008027474888,0.5568381011486053,662.4442749023438,166.16790618896485
3819,-55.48192494109665,0.4238607227802277,885.192138671875,221.72189636230468
3824,-51.634917223043324,0.27927736937999725,866.0103759765625,216.78187255859376
3829,-51.09885534931137,0.561928904056549,744.8624267578125,186.7775390625
3834,-85.75215510099527,0.5671541154384613,716.7697143554688,179.75957946777345
3839,-56.56470330762397,0.4094522088766098,613.41943359375,153.76431121826172
3844,-86.22878896078325,0.4588198095560074,827.5638427734375,207.34978179931642
3849,-61.32832429024374,0.5427217602729797,671.5259399414062,168.42420806884766
3854,-72.57813375601023,0.43869479596614835,860.39208984375,215.53671875
3859,-72.65367829759217,0.5170717120170594,777.9342041015625,195.00062255859376
3864,-58.356841675977265,0.36162810027599335,904.0897216796875,226.38406066894532
3869,-68.10277243968551,0.4483922868967056,923.4188842773438,231.30311279296876
3874,-72.46246980027036,0.3666003346443176,832.562744140625,208.50728607177734
3879,-83.24300982775605,0.4182483732700348,892.2056884765625,223.46967163085938
3884,-39.33354554842688,0.4888908416032791,560.4931640625,140.6121826171875
3889,-68.35815136863059,0.3383352279663086,719.0011596679688,180.0886245727539
3894,-61.14247432718504,0.27942910194396975,614.021484375,153.78479919433593
3899,-80.45646604982899,0.5350776493549347,816.8455200195312,204.7464569091797
3904,-74.7736462031412,0.5179941177368164,763.4998779296875,191.3929656982422
3909,-71.61016379522218,0.5987736284732819,812.5484008789062,203.73587341308593
3914,-65.17914498493286,0.21992962807416916,643.7427978515625,161.15562896728517
3919,-79.90668922459929,0.3707380026578903,801.6590576171875,200.7855026245117
3924,-76.18448835819672,0.3466981679201126,800.8973388671875,200.57102966308594
3929,-58.96766997064235,0.41357275247573855,478.16094970703125,119.95381088256836
3934,-61.90741934226047,0.3473626434803009,698.2801513671875,174.9174011230469
3939,-55.16700027369194,0.635154527425766,841.7651977539062,211.07645416259766
3944,-51.88722282776392,0.46385492384433746,733.0663452148438,183.73044128417968
3949,-74.93318715061524,0.47447566986083983,692.3458251953125,173.5609329223633
3954,-91.46951803096209,0.38271018862724304,658.4647216796875,164.99889221191407
3959,-84.75842768704968,0.519866669178009,882.9903564453125,221.2674575805664
3964,-60.06525573297225,0.3219486027956009,690.42578125,172.92839660644532
3969,-84.29179792846307,0.3902109533548355,684.0491333007812,171.40249633789062
3974,-81.32051831166761,0.5196364343166351,666.600341796875,167.1697219848633
3979,-59.99390614000585,0.4028625011444092,641.424560546875,160.75900268554688
3984,-59.86932706037521,0.6099553585052491,782.8933715820312,196.3332962036133
3989,-59.6431992006415,0.49969921708106996,572.92724609375,143.73150787353515
3994,-79.40756188796344,0.4066339910030365,588.59765625,147.5560501098633
3999,-42.29528035344105,0.6806665182113647,769.4239501953125,193.03665313720703
4004,-71.09498804643378,0.6074556767940521,753.5135498046875,188.98584442138673
4009,-51.53962429388777,0.3013652771711349,761.6260375976562,190.70787506103517
4014,-60.582270259802165,0.606880396604538,868.9771118164062,217.85115966796874
4019,-82.38348649113777,0.6717500865459443,960.040283203125,240.68182220458985
4024,-74.29053274388883,0.42347629368305206,808.7113037109375,202.60130462646484
4029,-56.80092929875376,0.5920019268989563,863.6957397460938,216.51593780517578
4034,-84.96909701684976,0.32584773898124697,612.1991577148438,153.3756362915039
4039,-56.850547960807376,0.444834491610527,766.4407348632812,192.05501708984374
4044,-66.94950531179433,0.2703053832054138,568.9205322265625,142.50043640136718
4049,-45.40759536261923,0.49867636859416964,911.4051513671875,228.34996337890624
4054,-53.90510725563293,0.498416531085968,709.612060546875,177.90143280029298
4059,-58.05165431901848,0.44745357930660246,603.9085693359375,151.42459716796876
4064,-61.767944328537965,0.2097420796751976,522.6251220703125,130.86602325439452
4069,-75.45983240680204,0.5893363356590271,635.3566284179688,159.4284927368164
4074,-61.29817355106163,0.3416866630315781,809.684326171875,202.76276702880858
4079,-57.183863426526294,0.5841138482093811,790.2332153320312,198.14241638183594
4084,-66.58311985796034,0.4863526374101639,616.1580810546875,154.52587432861327
4089,-87.3008763418714,0.526294219493866,812.27587890625,203.59526519775392
4094,-73.27805744156603,0.38956896066665647,738.5283813476562,185.02166290283202
4099,-53.133004160078784,0.5211062252521514,777.2545166015625,194.8347366333008
4104,-55.627039365770194,0.6056169211864472,729.2854614257812,182.9269821166992
4109,-46.57376027373334,0.43430137932300567,685.3123779296875,171.76239318847655
4114,-59.24766622930072,0.28550604581832884,437.53558349609375,109.66940155029297
4119,-75.18304612507893,0.39165890514850615,562.7300415039062,141.0741714477539
4124,-69.68687602847179,0.5112756371498108,697.8955078125,174.9851547241211
4129,-91.28394635374977,0.5273648500442505,804.0322265625,201.5354217529297
4134,-43.776395702498085,0.4624863713979721,804.719970703125,201.6424789428711
4139,-23.695664842707004,0.4635370522737503,674.8566284179688,169.17769470214844
4144,-85.99671575908482,0.42714465260505674,877.0325317382812,219.6852767944336
4149,-44.10125826215585,0.39574180245399476,612.1171875,153.42503814697267
4154,-72.59516165542085,0.49868113696575167,735.9193115234375,184.47850799560547
4159,-61.32997634947192,0.48441016376018525,632.5785522460938,158.6290496826172
4164,-93.34751072955785,0.2977141410112381,681.2725830078125,170.61585998535156
4169,-70.2958937013623,0.4515960991382599,807.5977783203125,202.35103759765624
4174,-109.6396015100753,0.5064219832420349,1056.6888427734375,264.6786315917969
4179,-49.65078765679448,0.4768769919872284,697.6810302734375,174.89713439941406
4184,-43.580326485910206,0.5301720321178436,710.1618041992188,178.07062530517578
4189,-73.53243217479839,0.3598804771900177,663.0164184570312,166.11398315429688
4194,-66.99041338765755,0.3327042102813721,804.3670654296875,201.42447204589843
4199,-63.521811144621296,0.49540256559848783,774.2435913085938,194.056298828125
4204,-82.79714905015034,0.4469526529312134,640.6993408203125,160.62178802490234
4209,-25.03803750533154,0.2852723926305771,465.2890930175781,116.6075454711914
4214,-73.528131498193,0.25769602656364443,660.8984375,165.4823028564453
4219,-86.09848475378058,0.4913941353559494,836.2157592773438,209.5453353881836
4224,-70.04498675862354,0.5834023177623748,739.5972290039062,185.4827117919922
4229,-52.373650448688615,0.5663941085338593,929.144775390625,232.8525863647461
4234,-76.90029138689266,0.36751864552497865,762.8193969726562,191.07236938476564
4239,-71.04555903271347,0.5399415969848633,882.14990234375,221.0774154663086
4244,-50.96776229755801,0.4662221997976303,685.9730834960938,171.9594940185547
4249,-38.239445609475105,0.29564367830753324,604.5552978515625,151.4344680786133
4254,-98.71773119890395,0.34816630482673644,774.7252807617188,194.02948608398438
4259,-58.92692214292429,0.39395579099655154,576.5650634765625,144.53521881103515
4264,-64.62756699087274,0.4939016282558441,715.8363037109375,179.4529769897461
4269,-65.54526881308124,0.4098468691110611,618.7906494140625,155.10750579833984
4274,-72.49909394672636,0.46112185418605806,682.5950317382812,171.10987854003906
4279,-81.24137140872352,0.6523901224136353,678.7957763671875,170.35133514404296
4284,-74.34702308617723,0.29624787867069247,541.0283203125,135.55332794189454
4289,-50.68385963327039,0.4356207013130188,572.4724731445312,143.55373992919922
4294,-78.90057588599979,0.5824405074119567,1076.6510009765625,269.7451965332031
4299,-69.25770782419218,0.4397799432277679,621.0256958007812,155.69620361328126
4304,-74.13628842987592,0.4695518255233765,836.0250244140625,209.4758071899414
4309,-77.1568782931333,0.332972252368927,795.987060546875,199.3297378540039
4314,-98.90146014126324,0.31196282505989076,739.1718139648438,185.10491790771485
4319,-57.533361738858,0.582411241531372,630.0911254882812,158.10519256591797
4324,-54.77202685651042,0.3348474562168121,621.0374755859375,155.5942138671875
4329,-62.38230070965267,0.5625520467758178,821.5377197265625,205.94698333740234
4334,-66.11382998119339,0.22125563770532608,577.9781494140625,144.71579284667968
4339,-79.99278195618773,0.3469282954931259,757.7582397460938,189.78648681640624
4344,-63.61990192508115,0.3083889871835709,520.311767578125,130.3863311767578
4349,-90.66662562837699,0.22619883567094803,552.126220703125,138.25775451660155
4354,-61.017117707677926,0.3959654211997986,617.3071899414062,154.72276306152344
4359,-74.84923064201004,0.5887508153915405,950.5421142578125,238.22428131103516
4364,-69.17165433842973,0.47074094414711,563.7985229492188,141.42037200927734
4369,-59.53204213606503,0.4950138866901398,630.0215454101562,158.00039978027343
4374,-62.77367961676981,0.5388574838638306,697.1602172851562,174.82891082763672
4379,-60.07554437932295,0.3976868808269501,561.7824096679688,140.84329223632812
4384,-34.835511770945956,0.38905531764030454,696.2593994140625,174.4539047241211
4389,-73.71586593643282,0.4447920799255371,602.664306640625,151.11087036132812
4394,-61.33033899488473,0.5644658625125885,584.9112548828125,146.7922821044922
4399,-53.22705594425577,0.2384500339627266,529.7275390625,132.6703353881836
4404,-52.18024394320982,0.34116762280464175,686.2271728515625,171.89796142578126
4409,-69.2096553857962,0.6024718463420868,813.8267822265625,204.05916748046874
4414,-90.45622781351487,0.4322118997573853,578.6559448242188,145.09619903564453
4419,-45.19453389679579,0.3922748267650604,683.9845581054688,171.38841552734374
4424,-51.33279797829093,0.5652691185474396,679.3043212890625,170.39134979248047
4429,-70.33143686106379,0.5602723240852356,847.373046875,212.40353393554688
4434,-52.55252013301636,0.36874489188194276,823.89404296875,206.34225616455078
4439,-31.814077893284733,0.3562813937664032,512.798095703125,128.5558059692383
4444,-74.58847469311408,0.3414622604846954,629.4566040039062,157.7056121826172
4449,-65.0231821145019,0.5159990012645721,713.7814331054688,178.96135711669922
4454,-50.79944563494797,0.2522692114114761,659.85498046875,165.21601409912108
4459,-65.83605804866674,0.558946293592453,887.0961303710938,222.33297882080078
4464,-47.592252105514476,0.5625770568847657,578.06201171875,145.0780792236328
4469,-57.67839794914562,0.29698357582092283,653.2660522460938,163.61349639892578
4474,-66.92140938898882,0.4631789207458496,622.7540893554688,156.15170288085938
4479,-53.11725079666901,0.5593486368656159,732.6927490234375,183.73253784179687
4484,-73.33641288016389,0.5494376659393311,806.3075561523438,202.12632751464844
4489,-69.76228292347716,0.26433228254318236,817.8572998046875,204.72865600585936
4494,-32.1975005482046,0.4873447209596634,523.8223266601562,131.44292755126952
4499,-37.89788149548844,0.3260910600423813,672.912841796875,168.55430297851564
4504,-63.42384617961436,0.27280275523662567,515.4360961914062,129.13182525634767
4509,-73.26466046653277,0.32410979866981504,675.962158203125,169.3146484375
4514,-80.94386381174424,0.6410504758358002,692.8997192382812,173.86598205566406
4519,-51.176383539469775,0.44921942353248595,564.1788330078125,141.49392700195312
4524,-72.75391895576186,0.3615272045135498,679.8282470703125,170.31858673095704
4529,-50.407807140163115,0.2981143742799759,558.5170288085938,139.9273696899414
4534,-79.39363361029567,0.45535707771778106,678.0072631835938,169.95717010498046
4539,-57.48633906101179,0.372488459944725,866.2247314453125,216.92866973876954
4544,-67.20004367033295,0.5736949622631073,755.4561767578125,189.43773803710937
4549,-59.22312078546888,0.46122523248195646,820.5321044921875,205.59425201416016
4554,-70.81125373777182,0.36068191230297086,559.938720703125,140.345361328125
4559,-47.248069896340525,0.4726291000843048,565.5780029296875,141.86712799072265
4564,-70.61700813893027,0.5495965123176575,652.0982666015625,163.57416229248048
4569,-70.55137284261849,0.19505267441272736,636.9972534179688,159.44436492919922
4574,-76.75159517077608,0.34787207245826723,581.6318969726562,145.75584869384767
4579,-55.36807622530404,0.522618156671524,799.5512084960938,200.4104202270508
4584,-50.74779466134967,0.3619122445583344,629.2150268554688,157.66566619873046
4589,-81.53207244356662,0.5641246616840363,725.43505859375,181.92288818359376
4594,-48.60915291007578,0.2678050100803375,555.7656860351562,139.2092269897461
4599,-71.19708535171583,0.4875658690929413,852.3048095703125,213.56376953125
4604,-56.82722620544537,0.47057377398014066,696.5493774414062,174.60792083740233
4609,-60.87734311714982,0.44188633263111116,624.193603515625,156.49028778076172
4614,-58.858388153772275,0.35427792072296144,641.1593017578125,160.64410552978515
4619,-54.20763007379021,0.541657030582428,749.558837890625,187.93136596679688
4624,-68.31355099188734,0.35631494522094725,728.4525756835938,182.4694595336914
4629,-56.58145867245886,0.2437537983059883,613.5276489257812,153.62566680908202
4634,-74.06653742866204,0.4395459294319153,923.3522338867188,231.27760467529296
4639,-26.929258337890687,0.4732375890016556,644.9393310546875,161.70807037353515
4644,-49.26409584228415,0.4600238710641861,1002.3526611328125,251.04818878173828
4649,-77.0309115758053,0.6241214632987976,757.1154174804688,189.9029800415039
4654,-77.93607398944121,0.4975609302520752,719.4815673828125,180.36795349121093
4659,-43.823191613309376,0.533624279499054,434.9305725097656,109.26626739501953
4664,-55.20972942406728,0.5750199735164643,620.6221923828125,155.7305679321289
4669,-56.98331541658905,0.5875460207462311,647.8971557617188,162.56183319091798
4674,-69.36957736890795,0.4301820367574692,1071.259033203125,268.24494018554685
4679,-73.97100465818991,0.2558531999588013,596.5811157226562,149.40113220214843
4684,-86.65628069288458,0.4148224234580994,963.0443115234375,241.17589874267577
4689,-78.95412547492664,0.5507891118526459,883.7438354492188,221.48674926757812
4694,-91.12870493590434,0.4298691153526306,660.82666015625,165.63653259277345
4699,-62.70737080687458,0.554402881860733,883.094482421875,221.32802124023436
4704,-64.83532126299775,0.36856588125228884,550.772705078125,138.0617416381836
4709,-49.96707844333993,0.3226351350545883,583.5889282226562,146.21986694335936
4714,-34.00718963315259,0.32752521634101867,596.0636596679688,149.34344024658202
4719,-50.41757009654914,0.5353032886981964,831.72998046875,208.4677963256836
4724,-51.23457332100266,0.3471214443445206,565.3992309570312,141.69692993164062
4729,-61.0523536650344,0.45554220080375674,509.9237060546875,127.93647003173828
4734,-55.36969130356869,0.5113294720649719,863.09423828125,216.2848876953125
4739,-74.09516599233565,0.38149839341640474,799.71240234375,200.30959930419922
4744,-58.32448214328792,0.6005940973758698,718.03125,180.10840911865233
4749,-96.47229092336096,0.29028733670711515,586.07275390625,146.80847625732423
4754,-28.71819184382766,0.3504008144140244,512.9734497070312,128.59376220703126
4759,-61.96491601019701,0.3921718955039978,511.1365051269531,128.17629699707032
4764,-69.83073396174895,0.4678381621837616,690.7095947265625,173.14523620605468
4769,-66.90593780428463,0.39590372145175934,720.8977661132812,180.62034912109374
4774,-63.40460664117365,0.4532539278268814,916.6658935546875,229.6197296142578
4779,-76.89957225026205,0.6798473060131073,767.2782592773438,192.4994140625
4784,-79.73657551317848,0.37787667810916903,669.1231689453125,167.6586700439453
4789,-48.967323621436876,0.41415745615959165,582.339599609375,145.99905853271486
4794,-52.19148183342931,0.4823046803474426,712.6766967773438,178.65147857666017
4799,-75.09398178702831,0.5257807314395905,762.11669921875,191.0549545288086
4804,-62.87257097014971,0.43905641734600065,648.5570678710938,162.5783218383789
4809,-55.81026023442014,0.4973556846380234,785.2269897460938,196.8041015625
4814,-74.4476377377317,0.6721725702285767,959.2337036132812,240.48059997558593
4819,-78.70540911075395,0.541217702627182,748.4281616210938,187.64825897216798
4824,-87.66930194897172,0.49536469876766204,760.0877685546875,190.5173080444336
4829,-54.55803960313576,0.47669498026371004,458.3676452636719,115.06860733032227
4834,-64.39523209051649,0.37313754856586456,568.5464477539062,142.50975036621094
4839,-46.27512228031196,0.31235724985599517,479.6618347167969,120.22781600952149
4844,-89.51895610344984,0.43493421375751495,713.6619262695312,178.8504165649414
4849,-65.0497732990851,0.3316262006759644,567.4880981445312,142.20365142822266
4854,-53.374901986442595,0.314710995554924,546.4136962890625,136.91813201904296
4859,-79.63236070373709,0.26898648738861086,596.888671875,149.49115447998048
4864,-65.83499498220331,0.21542342901229858,610.5728149414062,152.85862884521484
4869,-71.51224039875395,0.4589840739965439,887.635009765625,222.36773681640625
4874,-67.03644248247292,0.5648108541965484,790.1888427734375,198.11202087402344
4879,-54.35005748844222,0.4383143812417984,830.502197265625,208.0638641357422
4884,-56.883157165186056,0.37735713422298434,579.3305053710938,145.2099838256836
4889,-59.70185313034721,0.4235173135995865,644.9169921875,161.65276641845702
4894,-76.14915309181794,0.46495561599731444,803.1319580078125,201.24794311523436
4899,-72.36883572870376,0.43030206561088563,762.1309814453125,190.96304626464843
4904,-46.88674255944177,0.4247989594936371,688.610107421875,172.57732543945312
4909,-74.4497747321657,0.47475230395793916,769.1239624023438,192.75574188232423
4914,-69.19836012320667,0.5338883519172668,673.4857788085938,168.90533447265625
4919,-62.80728469871114,0.39432216584682467,675.8587036132812,169.35899963378907
4924,-78.97814151754937,0.3198893219232559,638.068115234375,159.83692016601563
4929,-70.55268076312115,0.3805465579032898,815.5798950195312,204.27552032470703
4934,-64.41278163165804,0.5014856696128845,716.6336669921875,179.65990447998047
4939,-66.88527166317968,0.4307000458240509,709.7537841796875,177.86914672851563
4944,-87.37659182995398,0.325306898355484,805.1484375,201.61241455078124
4949,-70.67309211768368,0.453976982831955,725.480712890625,181.82415466308595
4954,-78.31118967348775,0.41437478363513947,972.2658081054688,243.48082580566407
4959,-66.16988704961167,0.593560540676117,739.9843139648438,185.58963928222656
4964,-53.206942565302285,0.5588335812091827,824.5791625976562,206.70362396240233
4969,-72.12050041791177,0.552063524723053,780.5230102539062,195.6828170776367
4974,-59.51015317393579,0.3168837666511536,573.9977416992188,143.81631927490236
4979,-79.85198173897668,0.5474237382411957,792.379638671875,198.6423355102539
4984,-76.15251982106423,0.4450352728366852,873.223876953125,218.75100402832032
4989,-47.24270645304497,0.6039499580860138,1017.8770751953125,255.0732177734375
4994,-83.76778537839229,0.35590105652809145,589.32177734375,147.68634490966798
4999,-49.839093995076425,0.4323569893836975,586.7579345703125,147.12183990478516
5004,-61.158421339334375,0.4653377264738083,757.1317749023438,189.74828033447267
5009,-80.1418929049093,0.5289386808872223,603.7373046875,151.46326446533203
5014,-61.67146071189951,0.39190579354763033,640.2339477539062,160.4503936767578
5019,-44.187638808936555,0.345957937836647,571.5623168945312,143.23653717041014
5024,-52.420548258913136,0.41288059651851655,630.711669921875,158.0907989501953
5029,-78.50391660919591,0.44322232306003573,670.699462890625,168.1180877685547
5034,-70.94726531882561,0.4314613938331604,780.6752319335938,195.6002685546875
5039,-58.53017825111692,0.30320925116539,462.96343994140625,116.04406967163087
5044,-55.488602636653596,0.49106546938419343,624.5971069335938,156.64034271240234
5049,-72.15918041504212,0.5079360127449035,696.6052856445312,174.6592559814453
5054,-64.199423770297,0.36789931952953336,780.454345703125,195.48148193359376
5059,-64.14572289982087,0.5431783378124238,710.691650390625,178.2160903930664
5064,-54.576661566743866,0.4772366344928741,772.236328125,193.53631896972655
5069,-73.89383179543016,0.4293339103460312,631.8761596679688,158.39837188720702
5074,-57.63510903684852,0.43420215845108034,499.34149169921875,125.26957473754882
5079,-61.30247275295691,0.39863758683204653,446.7033386230469,112.07447128295898
5084,-66.93667212642912,0.24268856048583984,525.4467163085938,131.6043670654297
5089,-74.83164405318885,0.5060702323913574,621.95654296875,155.99520721435547
5094,-68.74002652488707,0.4541622817516327,589.1641235351562,147.7451919555664
5099,-75.52430969355841,0.5590112030506134,564.79248046875,141.75713043212892
5104,-44.728785427518744,0.4917440742254257,789.226318359375,197.79832305908204
5109,-57.88400702116676,0.3813991636037827,656.0418090820312,164.39185028076173
5114,-72.75526625997693,0.4822059661149979,668.8180541992188,167.68671722412108
5119,-63.701662475673395,0.36171968579292296,601.680419921875,150.78182373046874
5124,-60.875161397386535,0.34335308372974394,687.1746826171875,172.13702545166015
5129,-63.40962118163763,0.5210183382034301,631.6605224609375,158.43615112304687
5134,-60.729532117869525,0.4537509888410568,638.1942138671875,160.00230407714844
5139,-55.407534377502074,0.4460221230983734,774.1781005859375,193.99054718017578
5144,-84.90854895416312,0.575818556547165,894.0562744140625,224.0898864746094
5149,-60.27247417210256,0.31357978880405424,447.4822998046875,112.18415603637695
5154,-52.17249407997765,0.4266773909330368,561.468017578125,140.79368286132814
5159,-77.1903114649264,0.4266004651784897,451.5172119140625,113.30590362548828
5164,-45.553376214986514,0.41295156478881834,597.8145141601562,149.8665786743164
5169,-79.86931924722467,0.49463694989681245,695.22705078125,174.30139923095703
5174,-80.96577184586928,0.43449272215366364,712.1928100585938,178.48269500732422
5179,-59.7041810178316,0.3837593376636505,687.89501953125,172.35751342773438
5184,-90.06727272266382,0.524834144115448,851.097900390625,213.29930877685547
5189,-58.26409546148142,0.6018764674663544,977.8426513671875,245.06253967285156
5194,-95.78027695539497,0.46189914345741273,880.0374145507812,220.47125396728515
5199,-56.32511662921297,0.3293553292751312,474.899169921875,119.05414733886718
5204,-64.03800206908784,0.3995420813560486,720.669677734375,180.56696166992188
5209,-70.661627994249,0.508648157119751,920.8116455078125,230.71156005859376
5214,-49.08403085929197,0.4798033505678177,631.2728881835938,158.29802551269532
5219,-72.6716616651735,0.5851084947586059,569.293701171875,142.90853424072264
5224,-50.60533679988265,0.50928875207901,679.7679443359375,170.45127563476564
5229,-55.435598755738,0.5957237184047699,495.23504638671875,124.40448532104492
5234,-64.42215440724686,0.4997758060693741,886.9765625,222.24391479492186
5239,-49.98565090859352,0.2900038570165634,494.040771484375,123.80019683837891
5244,-76.12786468355826,0.4647621810436249,750.55322265625,188.10306701660156
5249,-54.828362600021094,0.38941205143928526,585.8128662109375,146.842626953125
5254,-40.31422250407459,0.2540518015623093,452.06719970703125,113.27085189819336
5259,-67.26800702289987,0.5850960373878479,691.8456420898438,173.5465072631836
5264,-69.73796591965117,0.38590438663959503,603.34423828125,151.22196502685546
5269,-44.60777563939274,0.26212913990020753,559.5763549804688,140.15621795654297
5274,-69.63058479810579,0.5167454063892365,794.133056640625,199.05000762939454
5279,-56.4048404324336,0.514205402135849,655.7308959960938,164.44692840576172
5284,-57.60829549542919,0.3419579803943634,703.0809936523438,176.11220703125
5289,-49.55456826393072,0.45623464584350587,637.792236328125,159.9042938232422
5294,-76.18480662684999,0.5171491861343384,754.7655029296875,189.20852661132812
5299,-90.7796867158367,0.35785681903362276,692.2218627929688,173.41332397460937
5304,-66.26595302465265,0.45170851051807404,681.8709106445312,170.9194366455078
5309,-78.57784286407436,0.42017376720905303,763.6250610351562,191.3264404296875
5314,-55.62915649233075,0.40667819380760195,703.9209594726562,176.3869201660156
5319,-47.50153651699401,0.3401042461395264,634.7022094726562,159.01565704345703
5324,-46.00905394048715,0.4266312599182129,374.5609130859375,94.06685943603516
5329,-64.22985289063082,0.4293433755636215,663.400634765625,166.27950134277344
5334,-60.50371213132914,0.5199671804904937,578.9956665039062,145.26888427734374
5339,-74.62609653130347,0.2542602688074112,856.1320190429688,214.28726654052736
5344,-54.47083439422971,0.4850336700677872,665.5326538085938,166.86819763183593
5349,-46.08261645722867,0.32237360179424285,463.5203857421875,116.20247039794921
5354,-67.26699554631976,0.3903743773698807,665.7293090820312,166.82270202636718
5359,-82.12274283520338,0.49235660433769224,605.9590454101562,151.98211669921875
5364,-52.819926107688104,0.2329538494348526,425.7752685546875,106.67677154541016
5369,-47.87264022231715,0.49978690445423124,714.32568359375,179.08120727539062
5374,-86.98550336736331,0.383793967962265,814.4872436523438,204.00560302734374
5379,-57.21685617116744,0.49481714963912965,839.1841430664062,210.29085388183594
5384,-75.1278573937352,0.49378675520420073,714.5529174804688,179.13201446533202
5389,-61.6966062901983,0.5277560353279114,896.731689453125,224.71067810058594
5394,-66.77755684759072,0.5995410144329071,801.007080078125,200.85131072998047
5399,-59.176691003161864,0.49180951416492463,599.4854736328125,150.3631790161133
5404,-89.99959312203714,0.43427362143993375,709.2183837890625,177.7388687133789
5409,-53.456065871642025,0.5390757858753205,620.6691284179688,155.70635833740235
5414,-59.183033615638465,0.20501077473163604,903.7346801757812,226.13868103027343
5419,-36.143081096998934,0.3009129136800766,586.0120239257812,146.80391845703124
5424,-83.68042305367035,0.5052114069461823,969.7467041015625,242.94188690185547
5429,-66.45595234940183,0.7219667136669159,833.2376708984375,209.03138732910156
5434,-61.27539866071235,0.293179589509964,568.753173828125,142.48147277832032
5439,-69.79862624271851,0.5726101756095886,582.4873657226562,146.19445190429687
5444,-56.59889268921367,0.43228196501731875,651.18017578125,163.22732238769532
5449,-49.893756855580264,0.32405591905117037,401.57696533203125,100.71829757690429
5454,-60.147917035397114,0.10502857714891434,496.4388732910156,124.21474761962891
5459,-43.17131284850959,0.3321668416261673,381.00738525390625,95.58401336669922
5464,-49.1763875666481,0.4535656809806824,672.98681640625,168.7002716064453
5469,-47.366586388561224,0.23914809077978133,531.3082275390625,133.0662048339844
5474,-80.93880480536183,0.35199618339538574,771.9536743164062,193.34041595458984
5479,-74.4714273055343,0.3283356577157974,625.1195068359375,156.60821228027345
5484,-47.863505143807714,0.38563127219676974,645.6807861328125,161.8058288574219
5489,-61.94075942066415,0.24714903384447098,498.76885986328125,124.93936386108399
5494,-46.36525691611176,0.1696499243378639,735.8938598632812,184.143115234375
5499,-65.67699205152621,0.4156343787908554,539.4194946289062,135.2705062866211
5504,-65.78351628952788,0.5598442733287812,716.0537109375,179.57327117919922
5509,-52.38370160409836,0.45070825815200805,499.27716064453125,125.26999740600586
5514,-48.136314505915806,0.2825724869966507,493.7134704589844,123.71093978881837
5519,-53.597522005063496,0.2222704455256462,565.2479858398438,141.53426818847657
5524,-62.4979722335286,0.49146030843257904,504.14532470703125,126.52779083251953
5529,-78.1275460241972,0.6008025825023651,789.9908447265625,198.0985122680664
5534,-35.86318289388829,0.2707208782434464,403.5054931640625,101.1470947265625
5539,-63.851727837540366,0.5596002161502838,704.2503051757812,176.62217712402344
5544,-53.346209588005074,0.2588776111602783,557.350341796875,139.59646301269532
5549,-43.76961751069564,0.5160961210727691,482.3236999511719,121.09702072143554
5554,-62.25749282639919,0.35241840183734896,881.4531860351562,220.71571502685546
5559,-64.52628182513351,0.1827643632888794,544.9847412109375,136.42894897460937
5564,-67.68340408061906,0.5943786442279816,704.2220458984375,176.64989166259767
5569,-48.84521804619631,0.5867784976959228,649.748779296875,163.023974609375
5574,-17.762457890487724,0.36331422328948976,465.197265625,116.66263046264649
5579,-50.176282233233394,0.23407691568136216,565.5145874023438,141.61272430419922
5584,-56.82330004746676,0.35700769126415255,563.2438354492188,141.1679656982422
5589,-67.93719882095145,0.5633853793144226,810.191650390625,203.11130065917968
5594,-65.78218775944306,0.44792010486125944,649.706298828125,162.87449340820314
5599,-42.48017402180035,0.3828819841146469,633.566162109375,158.77442169189453
5604,-46.2383446449296,0.28433187305927277,765.3142700195312,191.61289978027344
5609,-80.39306637177583,0.49135621190071105,581.4716796875,145.85927734375
5614,-58.03852573168767,0.3418172836303711,576.7615966796875,144.53221435546874
5619,-48.22671541670269,0.6512444198131562,904.0223388671875,226.65682830810547
5624,-68.45932024386894,0.30449458360672,725.4365234375,181.66362457275392
5629,-80.09751850180741,0.4483802855014801,1005.6846923828125,251.8695526123047
5634,-58.71421814647539,0.2799800217151642,676.3965454101562,169.37911529541014
5639,-76.38399397811767,0.3753203213214874,745.5084228515625,186.75242614746094
5644,-54.64010416790447,0.2805686414241791,630.5870971679688,157.9273452758789
5649,-78.8956293038832,0.2381152927875519,633.3638305664062,158.5790756225586
5654,-46.67105800665916,0.35264754891395567,501.8829650878906,125.823388671875
5659,-79.80484146652844,0.4949121356010437,709.1416015625,177.78031311035156
5664,-70.59236293984205,0.5341133296489715,696.2512817382812,174.59693450927733
5669,-74.59560842489162,0.6709034085273743,783.398681640625,196.52057495117188
5674,-57.11504859861479,0.3273824155330658,710.3792114257812,177.92218475341798
5679,-71.67022235422048,0.361976882815361,562.0867919921875,140.88367462158203
5684,-95.04550294145196,0.37310742437839506,730.1829833984375,182.91885681152343
5689,-103.15380236314935,0.3623013585805893,811.2015380859375,203.16268615722657
5694,-77.05652133326174,0.43951883018016813,791.5297241210938,198.32194976806642
5699,-87.9548500260771,0.3342947751283646,667.1017456054688,167.10973052978517
5704,-65.82048267599407,0.5860829591751099,634.4069213867188,159.18781280517578
5709,-22.74657725808147,0.36855714619159696,676.129638671875,169.40096740722657
5714,-65.96126069418955,0.4921103626489639,666.6578369140625,167.1565673828125
5719,-48.135453255208816,0.3102159023284912,578.5848999023438,144.9564407348633
5724,-72.76683470658811,0.3644076853990555,679.2313232421875,170.1722412109375
5729,-48.27268048762917,0.3159345269203186,531.5692749023438,133.2082534790039
5734,-73.1378576028279,0.5728145241737366,548.1824951171875,137.61843719482422
5739,-49.82220562038462,0.449244886636734,855.7265014648438,214.38087005615233
5744,-49.578237091476275,0.24879318922758104,498.34674072265625,124.83547821044922
5749,-55.340671796036844,0.6153618454933166,768.0101318359375,192.6178955078125
5754,-63.24882362673691,0.5210994839668274,702.50341796875,176.1469528198242
5759,-79.21991853815302,0.487030953168869,702.0942993164062,176.01060638427734
5764,-77.72229308852467,0.45745682418346406,563.9490356445312,141.44471893310546
5769,-45.44453621195886,0.48090002238750457,574.834228515625,144.18945770263673
5774,-29.146538713912328,0.4958943486213684,692.4417114257812,173.6063232421875
5779,-54.65678155144357,0.4740395575761795,849.4855346679688,212.84542083740234
5784,-58.99068519332634,0.24563897997140885,471.8940124511719,118.21914215087891
5789,-76.98228747840591,0.6053577303886414,616.1167602539062,154.6345474243164
5794,-74.8460996041323,0.48549613952636717,859.6444091796875,215.39659881591797
5799,-73.25925118312877,0.4247343271970749,760.2872314453125,190.49654388427734
5804,-70.40255714947173,0.4072975546121597,680.9947509765625,170.6559860229492
5809,-36.781490189482724,0.3923141598701477,476.0815734863281,119.41270751953125
5814,-56.07031629059689,0.21865588128566743,419.1994323730469,105.01851425170898
5819,-76.73553690098674,0.5406701624393463,1009.1759643554688,252.83465881347655
5824,-60.18261477761164,0.3065997302532196,532.1445922851562,133.34274597167968
5829,-65.67241727267347,0.5632369756698609,778.4537353515625,195.17667083740236
5834,-47.76236327245717,0.5332488417625427,740.2996215820312,185.608154296875
5839,-48.52424681447034,0.33979278802871704,463.169921875,116.1322738647461
5844,-71.75954876310709,0.35208537578582766,475.27069091796875,119.16975860595703
5849,-59.10423385995455,0.4657321095466614,605.290283203125,151.78830261230468
5854,-85.8752199892136,0.52778080701828,781.845458984375,195.98914489746093
5859,-51.118062556770255,0.17754504978656768,633.8460693359375,158.6390625
5864,-66.75943758216731,0.5265225350856781,639.51611328125,160.40555114746093
5869,-45.40947334749106,0.5339499056339264,682.0909423828125,171.0566833496094
5874,-82.08493639724445,0.36259599924087527,697.95849609375,174.8522216796875
5879,-56.13194493454259,0.36924136579036715,581.2984619140625,145.69385681152343
5884,-58.21310300183252,0.39447890520095824,700.0753173828125,175.4133087158203
5889,-49.025602474350265,0.45782235264778137,540.511474609375,135.585693359375
5894,-79.72192638554833,0.47929816544055937,673.8416137695312,168.93970184326173
5899,-86.52826036759629,0.3674717307090759,593.9176635742188,148.84688720703124
5904,-64.66058518683064,0.5122092962265015,919.0735473632812,230.2805953979492
5909,-63.92965935458619,0.43875759840011597,509.8890686035156,127.91102600097656
5914,-67.61805421396724,0.38060520887374877,663.324462890625,166.21172180175782
5919,-76.45994059721679,0.4227017521858215,806.7648315429688,202.11390991210936
5924,-61.76105573796502,0.4539677292108536,811.5825805664062,203.34961395263673
5929,-48.62617989402695,0.4176248997449875,620.2233276367188,155.47345733642578
5934,-75.54088377771976,0.36623881161212923,470.8100891113281,118.06876068115234
5939,-66.02100293736989,0.31115140616893766,666.5297241210938,166.9435821533203
5944,-52.492926754530515,0.5554606199264527,718.5517578125,180.19339752197266
5949,-24.001198959977447,0.41196320950984955,608.0874633789062,152.43383026123047
5954,-69.56049915850217,0.27789427936077116,641.2457885742188,160.58934326171874
5959,-44.25225235132601,0.5225813388824463,503.6896667480469,126.44499740600585
5964,-52.693013082359386,0.3942227989435196,564.4202880859375,141.4992919921875
5969,-49.39709612798552,0.3372508406639099,589.5340576171875,147.72076721191405
5974,-60.78442955785346,0.3130116552114487,475.8465881347656,119.2746566772461
5979,-49.23414257032171,0.3978868842124939,572.7383422851562,143.582470703125
5984,-74.89987434784162,0.5669772207736969,681.9468383789062,171.0536880493164
5989,-68.06035517647645,0.2422448992729187,427.2266845703125,107.04891433715821
5994,-44.25976589924139,0.44453164041042326,569.611083984375,142.84730224609376
5999,-68.91771808283949,0.3556793242692947,612.1920166015625,153.40368041992187
6004,-73.24311043230743,0.4389191955327988,463.45013427734375,116.30145263671875
6009,-67.1724496583974,0.4529024213552475,461.311767578125,115.78084335327148
6014,-68.66375815087092,0.3529022425413132,586.8997192382812,147.07783203125
6019,-65.75253154804693,0.253709203004837,507.3277893066406,127.08565750122071
6024,-66.99630701714955,0.3885024905204773,712.2703857421875,178.4560974121094
6029,-38.16622495296737,0.4251879781484604,434.04632568359375,108.93676834106445
6034,-40.94764821441005,0.4110370188951492,628.977294921875,157.65536193847657
6039,-51.067546995643426,0.36818039119243623,466.3098449707031,116.94564208984374
6044,-73.5087535719649,0.5480983674526214,807.7144165039062,202.47670288085936
6049,-49.92833758092324,0.44624677002429963,643.3724365234375,161.2893539428711
6054,-77.86178528335444,0.393300661444664,565.4889526367188,141.76553802490236
6059,-82.90779709712984,0.520808857679367,824.2296752929688,206.5782272338867
6064,-19.899025882873097,0.5016318738460541,610.239990234375,153.06162872314454
6069,-55.94475964232238,0.3729804068803787,589.6151123046875,147.7767593383789
6074,-71.76587293140969,0.31518739461898804,490.8514709472656,123.0280548095703
6079,-64.00656043793512,0.6204036891460418,789.21630859375,197.9244812011719
6084,-50.60814915100813,0.48484780788421633,654.3003540039062,164.0599365234375
6089,-47.784055833275914,0.40778053998947145,760.0729370117188,190.42601318359374
6094,-61.16288648499564,0.4120284289121628,611.8148803710938,153.3657485961914
6099,-37.667697210314095,0.4177968502044678,730.7266235351562,183.09945220947264
6104,-73.43834289971467,0.580391651391983,859.0734252929688,215.34874725341797
6109,-54.915321890162375,0.5797538816928863,975.4923095703125,244.4528335571289
6114,-67.56612336781862,0.5148051142692566,609.8704223632812,152.98241119384767
6119,-59.81442398953573,0.30303834974765775,525.5901489257812,131.70057525634766
6124,-62.830551582975275,0.32855674624443054,537.8291625976562,134.7858444213867
6129,-61.35484260020699,0.38832167685031893,734.0352783203125,183.8971389770508
6134,-55.12160591736691,0.24576737135648727,772.9999389648438,193.495751953125
6139,-68.68276428322761,0.4515463888645172,740.2789916992188,185.52129364013672
6144,-65.33110669556143,0.3081460654735565,773.0940551757812,193.58166046142577
6149,-48.49788876908475,0.3303160429000854,437.38482666015625,109.6765235900879
6154,-59.4789366136353,0.3515234112739563,680.0379638671875,170.36101379394532
6159,-75.3905463368878,0.4295718431472778,531.3284301757812,133.26167755126954
6164,-79.69680364580063,0.28768607676029206,663.0110473632812,166.0404479980469
6169,-57.23383902623911,0.5424034416675567,677.1980590820312,169.8419174194336
6174,-65.94754936055429,0.3641107797622681,484.4403381347656,121.47419509887695
6179,-44.304221784436855,0.3464195907115936,358.6889953613281,90.01866836547852
6184,-75.8444630731791,0.392161226272583,661.7860717773438,165.83868103027345
6189,-85.17610529186365,0.35439233481884,779.5437622070312,195.24033203125
6194,-70.06903925816468,0.5398196995258331,890.5989990234375,223.18956909179687
6199,-61.50426684430349,0.4725505143404007,715.1029052734375,179.24827880859374
6204,-83.15700869652406,0.5039251267910003,659.8662109375,165.4704803466797
6209,-67.70549502716702,0.4896807104349136,768.0550537109375,192.50344543457032
6214,-63.50066961245254,0.3608923971652985,893.32861328125,223.69304656982422
6219,-57.211336923258244,0.469948011636734,727.2137451171875,182.27338256835938
6224,-62.45437058857457,0.4606168568134308,432.2651062011719,108.52689208984376
6229,-71.75777693267298,0.36465765833854674,543.7262573242188,136.29622344970704
6234,-50.619531831129514,0.490809965133667,594.6808471679688,149.16101989746093
6239,-44.018486340951966,0.33973283469676974,499.428955078125,125.19697189331055
6244,-65.52274695173642,0.42658135294914246,596.99072265625,149.67425994873048
6249,-42.38625194888506,0.16047790348529817,408.0223388671875,102.16606369018555
6254,-52.240553039275504,0.4804746598005295,657.73193359375,164.91345977783203
6259,-45.18470285827257,0.505139684677124,611.81494140625,153.45887451171876
6264,-54.55386721186904,0.37888366281986235,463.5206604003906,116.25904922485351
6269,-52.720624048483415,0.6019501864910126,595.8546752929688,149.56562042236328
6274,-59.61593631287991,0.3126097798347473,570.4122314453125,142.91566772460936
6279,-73.37419751198895,0.3985331028699875,744.3974609375,186.49789733886718
6284,-57.63368320841461,0.284961599111557,675.3622436523438,169.12552185058593
6289,-94.60765081974391,0.6204352676868439,728.3489990234375,182.7076843261719
6294,-53.106715694021794,0.42758193910121917,536.6137084960938,134.5810073852539
6299,-56.66982771095138,0.19305478036403656,457.45147705078125,114.55592346191406
6304,-69.00728660951943,0.39063737392425535,638.7899780273438,160.0881317138672
6309,-74.2187141144019,0.363399863243103,820.9141845703125,205.59194641113282
6314,-53.952050584027866,0.42763303220272064,567.4263916015625,142.28423156738282
6319,-79.13712349913922,0.42653587460517883,753.1912841796875,188.72435760498047
6324,-45.38514465082334,0.48961506187915804,568.8383178710938,142.69919128417968
6329,-54.61525561461988,0.5622982621192932,892.5408325195312,223.6975082397461
6334,-73.84221408453972,0.44037741124629975,735.540283203125,184.32544860839843
6339,-47.41292443913449,0.4108162045478821,602.5201416015625,151.0408508300781
6344,-62.79147687053222,0.45844936966896055,601.6152954101562,150.86227111816407
6349,-67.47733006929793,0.5183833956718444,740.0833740234375,185.53922576904296
6354,-51.80720469013592,0.5479283094406128,829.5581665039062,207.93747100830078
6359,-45.47953498894407,0.32440030574798584,523.7916259765625,131.27230529785157
6364,-58.072017004280546,0.29419697225093844,624.92919921875,156.52649688720703
6369,-50.78227015607918,0.16130654960870744,537.2435913085938,134.47220611572266
6374,-57.42080505191046,0.4641734898090363,765.81103515625,191.91693115234375
6379,-58.57512727076944,0.5080789446830749,863.731201171875,216.44087829589844
6384,-67.03212340209527,0.551901376247406,719.5870971679688,180.44867706298828
6389,-51.07157215936155,0.5386352181434632,616.523681640625,154.6695556640625
6394,-54.56421415085357,0.414784374833107,701.4155883789062,175.76868286132813
6399,-72.02553452933638,0.5124474167823792,818.5927124023438,205.16062622070314
6404,-62.517610953542885,0.5123253762722015,600.6463623046875,150.67391815185547
6409,-46.84793012711107,0.45664593279361726,549.9854736328125,137.95301208496093
6414,-52.9882610497214,0.2854666352272034,519.825439453125,130.24182586669923
6419,-63.1551142979914,0.5508820712566376,728.1168823242188,182.5801025390625
6424,-48.075598776758376,0.3420364707708359,501.7033386230469,125.76787185668945
6429,-67.76288212885243,0.6117516279220581,630.3768310546875,158.2059585571289
6434,-55.8075915779546,0.224734391272068,416.8321533203125,104.43277282714844
6439,-51.22403306730045,0.25806455612182616,493.994873046875,123.75678253173828
6444,-60.20925351451076,0.44247294366359713,594.394775390625,149.04116821289062
6449,-68.4566812941267,0.3987030267715454,559.7491455078125,140.33599090576172
6454,-45.679730098023114,0.43443790078163147,657.0146484375,164.68809967041017
6459,-28.771358553903916,0.6070238053798676,613.5591430664062,153.99680786132814
6464,-54.11410155037391,0.3470293045043945,658.105712890625,164.8734558105469
6469,-71.46531296740196,0.3052791029214859,601.3528442382812,150.64348907470702
6474,-61.02459726103052,0.5382957220077514,714.1187744140625,179.0679901123047
6479,-63.37811194917768,0.3911807596683502,683.3170776367188,171.22044982910157
6484,-39.56543585184552,0.290214991569519,879.7980346679688,220.2397216796875
6489,-79.3404477805472,0.4703206181526184,572.724853515625,143.6515335083008
6494,-57.565248401599234,0.3237683862447739,618.2562255859375,154.88782501220703
6499,-60.9608460902399,0.43445072174072263,534.7809448242188,134.1296875
6504,-79.22784850144208,0.4971790134906769,726.3763427734375,182.0912643432617
6509,-60.543234090988825,0.5521222591400147,607.9631958007812,152.5429214477539
6514,-66.33347133119065,0.28616300225257874,807.0086669921875,202.038330078125
6519,-59.855005246015935,0.4820828437805176,730.3997192382812,183.08201293945314
6524,-49.98387587584472,0.4110331952571869,738.5869140625,185.0577606201172
6529,-86.40573558552421,0.36430204212665557,637.9969482421875,159.86353912353516
6534,-54.08581691598778,0.6142958283424378,632.351318359375,158.7021240234375
6539,-40.901976888971525,0.32955935299396516,496.0833740234375,124.3504035949707
6544,-72.90669807365947,0.3825384557247162,560.8661499023438,140.5990768432617
6549,-34.460781864048464,0.39399832785129546,512.0247802734375,128.4001922607422
6554,-61.65240486542358,0.35718121826648713,753.7737426757812,188.8006149291992
6559,-57.06649436131441,0.23574848026037215,457.7629699707031,114.67649002075196
6564,-61.45166243857794,0.4360973358154297,667.272705078125,167.2542739868164
6569,-45.053142711937326,0.22768400013446807,513.9147338867188,128.70636901855468
6574,-80.09365681760795,0.5929421544075012,739.8826904296875,185.56361389160156
6579,-44.64579497814003,0.34196261167526243,414.6949462890625,104.01569900512695
6584,-80.61177278557578,0.4443416059017181,624.0490112304688,156.45659637451172
6589,-67.0326924614251,0.41608719527721405,631.669921875,158.33356781005858
6594,-69.98744504546792,0.6459763765335083,666.2385864257812,167.20562438964845
6599,-64.53470732746017,0.4321721374988556,562.5784301757812,141.0767822265625
6604,-65.56005937480194,0.39710216224193573,658.5328369140625,165.03031158447266
6609,-79.68632194581886,0.484813329577446,791.7117309570312,198.41274719238282
6614,-38.11455687093466,0.2843808799982071,873.1151733398438,218.56317443847655
6619,-41.9231158060396,0.3146357208490372,658.0962524414062,164.8386978149414
6624,-65.0009049764292,0.5432922899723053,640.8951416015625,160.76707763671874
6629,-53.06477694191564,0.3678436666727066,758.498779296875,189.99253692626954
6634,-52.479279512380316,0.2434190422296524,863.9021606445312,216.21895904541014
6639,-79.31812218610673,0.6283996105194092,1010.8450927734375,253.3396728515625
6644,-90.58552517675386,0.2765135496854782,793.7772216796875,198.72082061767577
6649,-58.95423135329135,0.2606428861618042,894.3994750976562,223.86051177978516
6654,-61.63526311721647,0.5899809122085571,734.1781005859375,184.13450622558594
6659,-69.92534222514254,0.4649723470211029,803.02490234375,201.22119598388673
6664,-61.17606805633122,0.546824836730957,1058.02099609375,265.0520782470703
6669,-77.4592747260818,0.3319383442401886,785.290283203125,196.65450744628907
6674,-61.62809591112791,0.35066412687301635,897.38037109375,224.6957565307617
6679,-59.79746395601532,0.25624148547649384,1089.3626708984375,272.59691162109374
6684,-65.35607108376432,0.3372812718153,796.8799438476562,199.55726623535156
6689,-95.98943302164476,0.4629871636629105,1136.0164794921875,284.46710815429685
6694,-61.866871212542605,0.2636875957250595,1283.3990478515625,321.1134490966797
6699,-63.51354718613446,0.2549149751663208,1185.50830078125,296.6319854736328
6704,-72.07817579520226,0.3699460208415985,886.6614990234375,222.03531799316406
6709,-70.34633302972892,0.5974058032035827,904.9541625976562,226.83594818115233
6714,-59.385257171496306,0.39526530504226687,1010.3544311523438,252.98387145996094
6719,-73.00880533472684,0.4725903272628784,789.6221923828125,197.87813873291014
6724,-49.39790106613111,0.2947057008743286,600.65185546875,150.45766906738282
6729,-68.87366550871513,0.47363981902599334,1032.4288330078125,258.5808441162109
6734,-57.17497872624428,0.4193053275346756,920.201416015625,230.46965637207032
6739,-83.26482800955849,0.5937005817890167,911.0545043945312,228.35732727050782
6744,-77.25208017226936,0.41337409019470217,1251.2255859375,313.2197723388672
6749,-73.59429087819832,0.3793975472450256,767.0012817382812,192.12971954345704
6754,-64.06517883911462,0.4618024557828903,873.59326171875,218.86011810302733
6759,-78.0522623538919,0.4124320030212402,1020.9749755859375,255.6561767578125
6764,-74.59250881444476,0.21054701805114745,764.0455322265625,191.22192993164063
6769,-58.37154991761639,0.2615271478891373,870.7433471679688,217.9473663330078
6774,-47.18969267436158,0.4013356178998947,931.7203979492188,233.33143615722656
6779,-70.4776236369903,0.4774775356054306,1009.8699340820312,252.94496002197266
6784,-56.809749892806785,0.1358596444129944,974.8642578125,243.8519256591797
6789,-60.91670537070348,0.4256066381931305,1140.975830078125,285.66956481933596
6794,-63.947810887800486,0.5682507753372192,1233.2939453125,308.89173583984376
6799,-38.615583752642664,0.3455932974815369,895.4049072265625,224.19681854248046
6804,-63.61491871231409,0.41689337193965914,999.636962890625,250.32613525390624
6809,-73.66015984388751,0.42149062156677247,985.53955078125,246.8063766479492
6814,-61.11151917219717,0.39714794158935546,975.97314453125,244.39043426513672
6819,-64.15523177972565,0.13592568039894104,813.6318359375,203.54388275146485
6824,-58.822902475377234,0.20990366190671922,680.3125610351562,170.2880432128906
6829,-68.34975570355284,0.3561414033174515,747.892333984375,187.3292266845703
6834,-52.857940963778745,0.14258618354797364,806.7467041015625,201.82926483154296
6839,-43.904173112240976,0.18101419508457184,938.6414794921875,234.8413818359375
6844,-51.98113931835216,0.5229241251945496,875.794189453125,219.47146911621093
6849,-50.94029115936641,0.4818278431892395,874.834228515625,219.1903854370117
6854,-69.52867716950225,0.2915849149227142,877.4953002929688,219.66541137695313
6859,-67.67518498829234,0.36689069867134094,838.664794921875,210.03308868408203
6864,-63.02147299190936,0.3823742777109146,808.6138916015625,202.5358459472656
6869,-58.97474077824338,0.2843990385532379,842.4935302734375,210.90778045654298
6874,-71.46285013318712,0.4274460643529892,708.349365234375,177.51478729248046
6879,-68.73787380510467,0.3347923219203949,732.9261474609375,183.5663269042969
6884,-46.659843634321,0.2453361362218857,651.0249633789062,163.00157623291017
6889,-51.04405464701981,0.1864394038915634,548.6727294921875,137.35462341308593
6894,-57.3821602542757,0.36823091208934783,767.297607421875,192.19263305664063
6899,-47.55308055261493,0.31017945408821107,567.9617309570312,142.3006103515625
6904,-59.70662961034098,0.24355365633964537,882.4207153320312,220.8487335205078
6909,-47.196333639273405,0.37465656399726865,638.3753662109375,159.96849822998047
6914,-54.603162351761924,0.4581546038389206,662.2517700195312,166.02109985351564
6919,-65.07526267325028,0.24856579452753066,774.6578979492188,193.9130401611328
6924,-42.974970938166464,0.3655693978071213,805.258544921875,201.68020477294922
6929,-60.41158487276492,0.2963196188211441,863.6210327148438,216.20157623291016
6934,-62.84304350934318,0.215960493683815,626.9036865234375,156.94188232421874
6939,-48.33701566708312,0.21559298634529114,833.9069213867188,208.69232482910155
6944,-82.89839373798117,0.5227194428443909,1006.2103881835938,252.0753173828125
6949,-61.76224430275579,0.3760954082012177,1115.426513671875,279.23272399902345
6954,-52.45661020269072,0.3365281641483307,693.5488891601562,173.72375030517577
6959,-42.79635699231409,0.3481118410825729,1402.0179443359375,350.85259704589845
6964,-58.44899911124513,0.4567179650068283,921.91455078125,230.93535614013672
6969,-55.37167881560853,0.3614241719245911,985.7354125976562,246.79527740478517
6974,-68.8104711146963,0.4876895934343338,1232.2576904296875,308.55211486816404
6979,-42.4793593562121,0.1902285784482956,658.1275024414062,164.72210540771485
6984,-60.141306468662606,0.4114648073911667,934.8206176757812,234.11661834716796
6989,-49.78661521847043,0.2994531482458115,797.82861328125,199.75660400390626
6994,-46.65021988510661,0.40469270944595337,862.9711303710938,216.14747314453126
6999,-63.37442295543043,0.515602195262909,1214.106201171875,304.0421539306641
7004,-71.27449559341879,0.3247791022062302,1001.6959838867188,250.74877471923827
7009,-68.06607029302543,0.3733833163976669,1134.9810791015625,284.1186553955078
7014,-68.66575084553466,0.3751696050167084,1128.30419921875,282.4512145996094
7019,-82.44771294456461,0.43956519961357116,1178.969970703125,295.1820587158203
7024,-63.56102330365287,0.3944402694702148,1283.5946044921875,321.2930938720703
7029,-60.15794838910354,0.5123156785964966,886.4716796875,222.13023529052734
7034,-40.54732909568558,0.29512222707271574,811.90673828125,203.2718063354492
7039,-81.95651279217356,0.40886307656764986,818.56201171875,205.04936676025392
7044,-79.92875697898208,0.36397973597049715,967.110595703125,242.1416275024414
7049,-51.277732533414316,0.4599567174911499,876.3767700195312,219.55414733886718
7054,-66.04413973375904,0.32860601544380186,946.26416015625,236.89464569091797
7059,-69.45679753221401,0.3268739849328995,1341.16748046875,335.6187408447266
7064,-73.13478959454665,0.36097208261489866,1265.3402099609375,316.69602355957034
7069,-47.18051812442238,0.2213874265551567,926.7486572265625,231.90855102539064
7074,-61.26533200997093,0.34251908659935,1313.7493896484375,328.7798614501953
7079,-44.56971619080066,0.47554817497730256,958.666748046875,240.1422348022461
7084,-73.98018287082898,0.4608676195144653,935.7594604492188,234.400732421875
7089,-37.02164050845052,0.2666848570108414,733.3968505859375,183.61589965820312
7094,-68.42104340599957,0.4454250395298004,1316.012939453125,329.44866333007815
7099,-34.184803047472975,0.29895355701446535,658.1815185546875,164.84433288574218
7104,-45.942503475655336,0.31876444816589355,377.93853759765625,94.80339965820312
7109,-66.79069013018837,0.3431877911090851,548.6966552734375,137.51735076904296
7114,-64.80683642958394,0.3541952908039093,533.4583129882812,133.7187744140625
7119,-60.766040793509575,0.4852923184633255,765.2673950195312,191.80214080810546
7124,-39.33866862102473,0.4362560957670212,784.57666015625,196.580419921875
7129,-61.61830237149289,0.2690802842378616,929.5452270507812,232.65538482666017
7134,-53.35633521172262,0.2174251690506935,457.6267395019531,114.62410964965821
7139,-43.053507860907374,0.2086979255080223,501.6728210449219,125.6269027709961
7144,-80.22255995662431,0.33474508225917815,996.8121337890625,249.53777770996095
7149,-52.70567632605007,0.2617215245962143,364.8961181640625,91.48575134277344
7154,-39.961005457682916,0.4563338577747345,587.2311401367188,147.26411895751954
7159,-60.30527014196429,0.30722416639328004,542.6112670898438,135.96004180908204
7164,-48.28170411545045,0.5016881644725799,420.1718444824219,105.54465026855469
7169,-91.18418080656213,0.7146474838256835,738.3319702148438,185.29763793945312
7174,-71.03122797884853,0.19975121766328813,602.4429321289062,150.81048278808595
7179,-88.28927871631872,0.4292582392692566,905.843994140625,226.89025421142577
7184,-50.98578976402211,0.1436671331524849,842.9970703125,210.89293518066407
7189,-49.904502547560725,0.43287520110607147,769.3152465820312,192.76168670654297
7194,-58.919388684616834,0.3605823129415512,655.7606201171875,164.3007385253906
7199,-61.53974372682889,0.49847902953624723,614.8643188476562,154.21455841064454
7204,-39.6963791157242,0.18892271518707277,357.1524658203125,89.47703857421875
7209,-55.15299892986264,0.3431813597679138,354.0643615722656,88.85927276611328
7214,-50.819932155091536,0.4177950471639633,551.3545532226562,138.25643615722657
7219,-77.16923191785628,0.46270858943462373,769.378173828125,192.8072525024414
7224,-77.52236659703462,0.44952903091907503,757.8504638671875,189.91214447021486
7229,-100.82709803708732,0.714330792427063,1065.107666015625,266.9912475585937
7234,-73.98502980159313,0.3424536019563675,686.8162231445312,172.0465118408203
7239,-53.48138073126988,0.28387590944767,646.8043823242188,161.98497009277344
7244,-71.23188075322767,0.5144092261791229,748.0318603515625,187.52237701416016
7249,-67.77550076872458,0.40338853001594543,691.58203125,173.29889526367188
7254,-66.88574956593823,0.4726385444402695,769.8787841796875,192.942333984375
7259,-56.54926096782202,0.4262117624282837,587.3381958007812,147.26075897216796
7264,-62.37645358271354,0.3564721405506134,772.916259765625,193.58553771972657
7269,-24.708062842257377,0.22966274470090867,556.4058837890625,139.3311340332031
7274,-48.187030510293006,0.30144874155521395,502.2145690917969,125.85509033203125
7279,-74.19550021373037,0.25028358548879626,689.0140991210938,172.5038055419922
7284,-39.1958632210503,0.4007731914520264,554.7792358398438,139.0955825805664
7289,-51.142365032559596,0.3247374325990677,758.3028564453125,189.90045166015625
7294,-83.01825507979026,0.3880177140235901,739.6998291015625,185.31297607421874
7299,-50.69660592334882,0.3684279710054398,796.6943969726562,199.54202575683593
7304,-66.75971472044638,0.4170696705579758,739.9605102539062,185.40719604492188
7309,-61.946196580294625,0.3148155570030212,673.5188598632812,168.69452972412108
7314,-70.14095426207486,0.47444488704204557,755.9627685546875,189.46513671875
7319,-57.27715743486593,0.28639396727085115,469.2101745605469,117.5889389038086
7324,-69.74944320324806,0.45254801511764525,658.9385986328125,165.18719940185548
7329,-59.931306547150115,0.35072866678237913,609.517333984375,152.73006286621094
7334,-67.03860480151019,0.48227138817310333,674.6934204101562,169.15562744140624
7339,-36.12320138680052,0.24259228855371476,498.6865234375,124.91422271728516
7344,-40.53808146734282,0.41407343447208406,771.3200073242188,193.24407501220702
7349,-71.44770924980912,0.4206055372953415,884.7247314453125,221.60178833007814
7354,-30.883779401698916,0.552794998884201,637.8920288085938,160.0258026123047
7359,-51.61086489798343,0.11721584498882294,476.393310546875,119.21554336547851
7364,-49.54616721264443,0.28889894485473633,456.27392578125,114.35738143920898
7369,-48.29959182958889,0.24442937076091767,478.8638000488281,119.96037979125977
7374,-39.40563185401073,0.21794203221797942,440.55450439453125,110.35656814575195
7379,-47.522128390859926,0.3426606744527817,548.792236328125,137.54072265625
7384,-30.947895937979986,0.06443758755922317,517.8226318359375,129.5200973510742
7389,-45.22785571997528,0.251310333609581,656.8045043945312,164.4524353027344
7394,-24.211631578928465,0.34230704605579376,498.84967041015625,125.05472412109376
7399,-39.57771252223651,0.34118513762950897,491.6445007324219,123.2523094177246
7404,-25.020585198293016,0.3342253714799881,634.167236328125,158.87603607177735
7409,-45.932441033421114,0.13626860082149506,428.1431884765625,107.17206420898438
7414,-34.56488768514108,0.3722636550664902,365.7962951660156,91.82133712768555
7419,-37.082063603720414,0.16632068157196045,383.58123779296875,96.06162948608399
7424,-40.66660582761831,0.272729954123497,425.5328369140625,106.65593948364258
7429,-54.47824419697761,0.40598174929618835,466.403076171875,117.00675048828126
7434,-56.38905596043885,0.2519081339240074,468.3177185058594,117.3313377380371
7439,-58.579360359982466,0.35353744924068453,630.9965209960938,158.10266876220703
7444,-40.52622806792466,0.2880702406167984,557.44921875,139.65037536621094
7449,-28.90981557791065,0.2541147738695145,411.1275634765625,103.03600616455078
7454,-45.16276393922804,0.1941161647439003,353.4112548828125,88.54692993164062
7459,-45.046426254648885,0.19567836225032806,543.1416625976562,135.98109436035156
7464,-60.921851612504895,0.21662918329238892,833.5224609375,208.5972427368164
7469,-43.36585721691098,0.20570399165153502,497.49945068359375,124.58056640625
7474,-28.982666113476537,0.03608724735677242,468.48443603515625,117.15719604492188
7479,-39.883970483605225,0.1735244169831276,568.9281616210938,142.40556640625
7484,-50.79303001949425,0.15498917400836945,582.2103271484375,145.707568359375
7489,-41.54354780081522,0.15875024497509002,403.5016784667969,101.0341697692871
7494,-47.59447468370836,0.27937157154083253,664.4984741210938,166.40398864746095
7499,-49.177161847764054,0.386857682466507,485.6618957519531,121.80233230590821
