episode,sum_reward,loss,param_change,T
1,1743.1102978708414,0,0,209.36020471832717
2,5.931367367488873,320.4481201171875,0.15172002401959617,295.1706811793213
3,82.08911285447941,16.045700073242188,0.2082200512086274,267.5070842666495
4,-360.31368277574103,10.140853881835938,0.27716299530584365,269.825646990917
5,-122.36509846595888,16.685909271240234,0.15732023737655254,242.19289254698134
6,-383.36557575189556,7.2293500900268555,0.10938772853114642,270.09265994277274
7,-393.90066897616776,20.60787582397461,0.14583861999562941,261.5987030973718
8,-243.4536794517576,20.06085968017578,0.1364301118228468,274.1832250593407
9,-61.288958274486774,13.323983192443848,0.11844415735686198,234.2586159705479
10,-143.8961056999164,11.884469032287598,0.11722966269371682,251.5263380058139
11,-422.76350006854034,8.764002799987793,0.1312267890680232,256.4038879304995
12,-236.5955660091049,24.295286178588867,0.1142962033081858,240.67755903639033
13,-175.18742606751795,17.020366668701172,0.10458647442646907,231.39289535336508
14,-266.06721958689315,5.872974872589111,0.15295843260537367,258.91872444883626
15,-371.56972051657357,11.143932342529297,0.16307834377948893,244.0173546968786
16,-244.50620572748412,14.731976509094238,0.08943207018455723,276.71741661137736
17,-539.3957241434113,11.216925621032715,0.21104177420784254,291.80666521751385
18,-210.21089417851263,28.75743865966797,0.09227921631099889,235.5491568959382
19,-228.79585273997426,17.09342384338379,0.08061571352664032,259.3366887435268
20,-654.9279336271917,9.293664932250977,0.12502354514435865,246.85274278490027
21,-439.55022647863626,40.28696060180664,0.16717730196251068,259.45014293906735
22,-228.94314320901913,17.560657501220703,0.13207675043668132,247.64930274613033
23,76.32154217407368,7.190954208374023,0.10086188862260315,197.0883816735184
24,-899.9204976966755,11.680559158325195,0.092875801736227,327.7727844096932
25,-706.5458001156917,79.70645141601562,0.09419601007539313,271.5769443955854
26,-535.7514681518392,44.40363693237305,0.0968301404864178,266.1693718978313
27,-369.9722195578429,27.103713989257812,0.1582049456628738,268.63909458335354
28,-378.3773301639473,13.387032508850098,0.16526303489808924,276.66976449942155
29,-600.4226045915103,14.815441131591797,0.21892393560847268,239.3896323659064
30,-587.1829914488562,30.6923828125,0.09890708138118498,261.03745704065625
31,-537.8423085049736,25.595617294311523,0.11067175160133047,278.24115418350567
32,-415.49082698379783,25.151390075683594,0.10104585052613402,262.4030039375322
33,-537.7630212041057,13.362296104431152,0.1052335214408231,241.01793115982835
34,-303.6572903072977,21.574289321899414,0.140144861106819,213.56340291242776
35,-455.2377290500081,8.035493850708008,0.11079684711876325,285.38442589643705
36,-721.9175834261184,17.25644302368164,0.13940181479119929,271.6975151872304
37,-560.7286465300685,34.3566780090332,0.18774563961778767,337.03634184375784
38,-584.5038150486045,34.134193420410156,0.12177699225139804,249.07597496187768
39,-651.5360647909413,22.5214786529541,0.10680733148547006,238.25902845797663
40,-395.4914898836886,30.99738311767578,0.1079479363579594,201.7389755186009
41,-512.9256631465944,9.691500663757324,0.12049642385682091,274.859850466665
42,-444.68608674502156,12.140131950378418,0.09575903114819084,236.5316690303651
43,-605.0301192449276,11.250226974487305,0.09843981534686463,254.10899946484196
44,-739.7521165430023,18.126529693603516,0.1410951956786448,296.9729636976297
45,-639.0841574160547,28.10954475402832,0.1534769935242366,289.3611258677732
46,-545.5976197603608,19.98691177368164,0.1221172968398605,251.33898217458005
47,-610.6895270372448,16.073801040649414,0.1407038710603956,334.09968085126604
48,-323.88782760251064,30.217288970947266,0.13085243157911464,225.41057946149112
49,-325.9901795191623,6.954290866851807,0.15766034015541663,249.82155273365217
50,-611.2591809151058,5.676629543304443,0.15622158125188434,320.59418397478123
51,-433.93451856343086,17.593990325927734,0.13190365261471015,260.8507107058634
52,-671.421653418695,6.891641139984131,0.13722369151582825,274.1581256482608
53,-564.1866603215518,20.663745880126953,0.13788670637222822,260.20034368502246
54,-512.9386951992332,8.253981590270996,0.1332682650136121,255.06165487628846
55,-442.7651377653727,8.144725799560547,0.19517019107297529,254.40445353170574
56,-521.6058629991721,7.4306535720825195,0.14896966511878418,188.37436697700343
57,-614.275122196635,18.629749298095703,0.14030361775439815,229.75909662173194
58,-729.9409952461273,9.31716537475586,0.133332163994055,304.2998562576882
59,-414.1505360090814,15.821198463439941,0.1864894162354176,203.0869549975606
60,-342.2045991590284,9.54988956451416,0.2555759679962648,271.99369053206476
61,-322.4989606782974,9.56367301940918,0.21378742687375052,226.1696736782618
62,-468.48123297111357,5.863630771636963,0.16782279505423503,254.2407511681575
63,-801.6427772109918,7.507207870483398,0.2278786817623768,282.5458934702862
64,-666.1796240017129,20.617393493652344,0.16324621688909247,259.648976482105
65,-749.978796050067,10.992792129516602,0.21344547173794126,312.6992728596813
66,-686.2318299455189,12.395305633544922,0.16064720215581474,306.4787854209392
67,-523.0623831556293,12.39479923248291,0.22441401123069227,271.89356509283095
68,-325.14482159533935,9.030458450317383,0.20988685267366236,255.87614932512423
69,68.3352337751846,18.40170669555664,0.2494404813478468,157.1561712055968
70,-602.7962907258483,21.845504760742188,0.26115397972171195,261.80281858313606
71,-588.9046861756841,7.265719890594482,0.2340926992619643,252.81235415933978
72,-609.1545677944798,12.407231330871582,0.21667196982889436,288.22760669572284
73,-754.6473085791658,12.15480899810791,0.20769112560810754,301.551888949935
74,-587.5571201908743,15.582151412963867,0.24437918908370193,231.14365704427183
75,-221.90070948550442,17.86214256286621,0.18306054654385662,225.32280853268998
76,-603.372535470143,7.520090103149414,0.21903062302590115,263.4346022736713
77,-543.5846142548445,7.391453266143799,0.23810473547928268,243.18546570079752
78,-477.84312132312925,6.88100528717041,0.2729438612150261,243.34212946258904
79,-951.2782122989264,12.128540992736816,0.17901015741881565,349.86627626024796
80,-813.7831591804384,31.559497833251953,0.16898388377740048,262.199884129492
81,-557.458716672973,10.230308532714844,0.17895350774051622,219.08497508565418
82,-866.7964717298595,15.874080657958984,0.2191307190587395,282.4593774380625
83,-579.4860049965745,10.596935272216797,0.29067664983449504,195.16607491090545
84,-562.6374675224888,7.84861946105957,0.2472220740019111,231.57513316346984
85,-676.2883012659299,6.323720932006836,0.2344209529037471,262.4311272844917
86,-964.3028295573274,18.901817321777344,0.288583203611779,307.3731427442023
87,-747.7316136791501,19.753522872924805,0.2064544505556114,302.13632892818157
88,-740.6715320715869,14.308063507080078,0.2582227962848265,271.50373363303237
89,-806.9961113315549,8.596782684326172,0.2256345420391881,319.63348460154793
90,-340.3518278479994,20.65127182006836,0.2555206554097822,278.4250930649405
91,-453.8762841494189,9.7427339553833,0.23163534752529813,268.3371383060851
92,-637.7609249816511,9.268057823181152,0.21866658960061613,278.28552501912634
93,-894.9432444992156,16.803953170776367,0.21686664337175898,238.45748020076144
94,-690.718243800085,9.423566818237305,0.23420516634359956,289.13182811727245
95,-547.6731765591529,12.193486213684082,0.2061506109275797,224.76508922410042
96,-482.15205926550175,8.542943000793457,0.29040105479361955,243.43302593022673
97,-879.2661991411443,10.839929580688477,0.1957826932775788,294.6483013404876
98,-712.0395672235337,14.55285930633545,0.1764862489362713,278.20228829149215
99,-563.3851308379312,8.393402099609375,0.20720150202760124,273.14432601773217
100,-863.6085032719725,13.149785995483398,0.19179468365837238,282.80374925933916
101,-804.7595546356808,9.932327270507812,0.19451239873160375,313.09855012615645
102,-427.86520309210124,16.417461395263672,0.27782490890240297,264.62307992741097
103,-702.0402551587309,9.489449501037598,0.3041105475713266,289.4806130087369
104,-878.551380964218,15.078109741210938,0.2095597491315857,300.4936684105349
105,-775.0172845364343,9.262039184570312,0.19876284734345973,309.84439662446715
106,-823.9407607109771,11.446410179138184,0.25925005607132334,301.8211399338504
107,-745.1001983241979,11.438604354858398,0.17862958092337067,299.7367016838522
108,-801.7986271739185,14.907147407531738,0.27471206165500917,277.1165959038901
109,-744.5126898117626,9.7368745803833,0.3246497758955229,272.394842629919
110,-250.18052901506977,26.778799057006836,0.21735244142837473,220.21830919476105
111,-456.8238253073095,17.78797149658203,0.18289995080522203,232.19053504478777
112,-840.3925749348439,11.900510787963867,0.17722344853063987,287.4559572337218
113,-850.1653215046045,0,0,282.2423497030693
114,-808.9899093865438,11.548076629638672,0.23105166082677897,260.8336905155723
115,-623.5530751184898,11.85146713256836,0.19686429740249878,252.93367693247168
116,-873.3752309770996,7.649280071258545,0.6052594604552723,270.78311488021967
117,-398.35523777328416,12.475602149963379,0.21897334820096148,220.80978580477802
118,-695.907747702763,12.087138175964355,0.19971347969112685,298.5596846555113
119,-951.9016122845898,11.229852676391602,0.1837056473332268,301.97842186982416
120,-503.05182371475394,22.10807228088379,0.21136955526890233,211.16540393320608
121,-879.0518549000066,8.755239486694336,0.18647487223165626,306.6157638124136
122,-700.413463538504,12.626962661743164,0.18419643239685257,260.08418790105486
123,-847.3870113746316,9.19908332824707,0.18525673210628213,300.93433194572117
124,-785.6927243687576,11.80660343170166,0.19284183644231234,301.20492265052826
125,-832.5804481401744,8.964829444885254,0.18595540000404043,275.59293112693865
126,-159.11868172113742,14.292637825012207,0.18594558763822988,202.06855248422806
127,-684.0846396675599,32.841373443603516,0.2895903337630443,278.12484245928533
128,-606.4023129833084,8.10203742980957,0.3776780922053149,286.01261626214745
129,-854.6609599275016,9.29451847076416,0.2334833533859637,304.60530983072846
130,-970.403565319491,13.224000930786133,0.19368193946665713,283.5323878891487
131,-697.6917930700955,20.625242233276367,0.19690834236530463,281.28413663265513
132,-1045.6842568040445,10.58574104309082,0.41433616500580683,295.2876637858869
133,-609.9097245654958,28.787887573242188,0.19623127842874055,250.51357876114164
134,-730.4781080289177,9.302395820617676,0.19383424169622288,265.80077591420513
135,-1012.3777244701581,10.62402629852295,0.2205561575538013,310.80712083484065
136,-723.4686652073196,26.49105453491211,0.19999219152578007,304.5621921857152
137,-945.4259245618571,11.076349258422852,0.21068528703290212,301.32354011715313
138,-624.1856488184626,16.621112823486328,0.19550649117718422,262.5170284722464
139,-687.6689451899606,6.371244430541992,0.2193198758541257,224.14011665253904
140,-830.9331979385336,10.010562896728516,0.1860810977862286,265.3400187793606
141,-728.0275378980733,10.36564826965332,0.18438890046994594,290.16556406841096
142,-450.20743993227126,12.757796287536621,0.18461748984543647,279.57706497744937
143,-949.1595411803771,12.545602798461914,0.19589309812181455,307.4366127316525
144,-586.8734585475733,19.19135284423828,0.430592533753952,238.07191981064057
145,-547.5247438200214,8.19384479522705,0.18450944916492062,255.3593396090975
146,-1100.019193058551,7.255837440490723,0.18612075847045162,292.9068590720485
147,-1024.398649992309,27.64689826965332,0.21305192663930939,312.9751623993383
148,-576.3064868844499,21.554792404174805,0.18556483105953703,272.88369281209975
149,-649.6112119871209,10.376422882080078,0.18494500598887953,263.5401442186521
150,-773.9767414281638,8.516107559204102,0.2035739660168474,237.33083222619618
151,-495.5511528762246,14.152528762817383,0.19134335018407,250.81133152253142
152,-504.7719615979107,11.732048034667969,0.19899704070485313,239.7665524435583
153,-922.4785457451138,16.14516830444336,0.33294389296497684,317.1035670304864
154,-708.1840304075773,13.631866455078125,0.19345889319515663,252.91516761075724
155,-481.71843508007254,8.239251136779785,0.21344717006286373,225.26951815151756
156,-863.5874050823779,9.193665504455566,0.277060865497333,284.2707639661778
157,-549.7818904299518,14.63537883758545,0.30585629754205,274.9584743760864
158,-748.8730505210059,10.567026138305664,0.3680003932240652,254.68281525953583
159,-699.0711712589275,10.01511001586914,0.4230850607564207,249.33609786492391
160,-801.6574565680106,10.28604793548584,0.2982940962028806,303.22813260403086
161,-875.1887587460649,16.383272171020508,0.26591876862585195,307.35164562543747
162,-750.5647736666589,27.928781509399414,0.22446920660058822,281.60894888469437
163,-581.6341345311138,11.61922550201416,0.3210405000281753,241.53414076416024
164,-739.030960743876,10.71786880493164,0.28993350570090115,320.87093370111114
165,-688.8935605692768,16.5346622467041,0.24281706057445263,247.58760027848004
166,-662.776678180554,8.781349182128906,0.22512036403622915,266.3872138538007
167,-627.0208417602812,8.074773788452148,0.38322789741505403,242.88179418918003
168,-884.3009964953503,9.152276039123535,0.2701200668452657,310.94119416662016
169,-936.7143530101414,14.73893928527832,0.2241147002814614,303.3392026708637
170,-500.46659969177375,17.009563446044922,0.2424538476007001,238.69239940510624
171,-825.7608072465412,11.526041030883789,0.3309245033451589,308.56034403181235
172,-903.21345830916,11.75693416595459,0.5448951149883214,328.7663365493979
173,-307.7046263283058,29.424640655517578,0.2638712656844291,262.20362124459837
174,-1020.9351329334387,9.887895584106445,0.22177373976865056,323.8235389346625
175,-871.5922460888863,21.333637237548828,0.2431505338718125,298.0620306156264
176,-788.5808778547758,14.546101570129395,0.4881035380240064,293.66902185477085
177,-452.4092853062195,12.342840194702148,0.2168516758865735,236.14988719655048
178,-944.3957713921684,9.906084060668945,0.38394860086555127,311.8561058454783
179,-933.6685105667176,20.366594314575195,0.2879082934377948,309.6391373517312
180,-667.6363382026873,17.006868362426758,0.20877453827597492,299.2275673276791
181,-847.9971793286247,9.77434253692627,0.2642325381748378,302.9956611891039
182,-846.9062334615418,9.82543659210205,0.28990406524098944,308.5203286833457
183,-697.3627984499095,16.382354736328125,0.22235849212665926,279.7596143310309
184,-606.4392370899183,13.683476448059082,0.2428230219593388,310.67456018123147
185,-1153.9807083539754,15.495851516723633,0.3927302175434306,336.412753033433
186,-541.9538299573047,27.70199966430664,0.2626812683447497,272.0294194913042
187,-809.3053204053158,7.185859680175781,0.26788464553828817,329.08643018462374
188,-416.9572936514605,19.36558723449707,0.20825600633907015,228.43023233704596
189,-904.6887854600952,15.03458309173584,0.2500437019698438,294.13164796373786
190,-988.386195195922,16.953041076660156,0.19173278074231348,287.1604877787916
191,-707.7924586699137,9.914192199707031,0.23683205786073813,286.9735612530449
192,-1002.1133172041776,10.296083450317383,0.17705766219296493,350.2873610453496
193,-1114.7250430536667,29.606834411621094,0.16001022159252898,379.83783582821445
194,-1072.6255622028643,43.04853439331055,0.158779530756874,375.0065113312283
195,-747.1961241450689,31.06389617919922,0.1448769186026766,270.44501244482643
196,-963.0155836325388,8.083467483520508,0.13561889972879726,320.76598854411816
197,-1135.8435686194055,14.87477970123291,0.12528754761433447,370.0569717193331
198,-425.3874435499545,38.0925407409668,0.11625592852630007,225.69139394890547
199,-899.803432713403,15.867128372192383,0.11547060677100518,313.2509082324548
200,-885.4823669518001,20.686338424682617,0.13160250138753327,332.8490720501013
201,-971.6635010968026,14.937615394592285,0.13119523769273655,328.28867783318555
202,-987.1283838089114,21.238595962524414,0.14223164474060468,299.9439477737343
203,-979.679023932605,22.671489715576172,0.1270075498146923,281.4555771184899
204,-586.0855854131937,18.579116821289062,0.1429885693869437,305.7915536086651
205,-729.038458474097,12.492493629455566,0.17817899613510235,309.6757001557135
206,-928.3606881077676,17.497760772705078,0.15746539469182608,352.6811106312807
207,-549.948806237567,25.594886779785156,0.15036552926358127,260.62383825673504
208,-880.9249224218128,9.755516052246094,0.13739895948265257,333.92932307778864
209,-813.6382090454035,20.127296447753906,0.1307767801912405,320.3559998068592
210,-1096.0706018035946,21.303529739379883,0.13004509039598489,347.7780985799193
211,-777.8130627356207,22.316701889038086,0.19435523028369062,319.666888500511
212,-763.0410074106054,13.651443481445312,0.2201289172298857,298.7407813656606
213,-1013.6286414042154,18.577503204345703,0.15881740362601704,294.44352212009477
214,-796.5137137532757,7.979119300842285,0.13312796925765724,293.981077128234
215,-709.9480754430156,17.860759735107422,0.1348483326501082,287.44997045482063
216,-410.25503057304314,22.55701446533203,0.14463285309830098,251.5042626845771
217,-1114.9603516687534,29.24940299987793,0.1296200379210859,362.35166007923686
218,-674.2166137562045,23.2567081451416,0.13334192409320167,311.7808087092699
219,-724.6434429533026,10.257878303527832,0.13178087332835275,276.85286725286227
220,-726.1565509190416,9.929896354675293,0.13258433839041572,268.8537962617431
221,-758.0395376266118,11.05611801147461,0.13753510689093673,305.61045383795556
222,-556.2288749191396,14.341090202331543,0.19994681360549293,236.82344851685374
223,-763.5591321393712,8.762474060058594,0.1542699152150817,271.60379929910584
224,-620.7191040545773,17.296754837036133,0.15763103980589221,318.366407308976
225,-1054.157767372093,0,0,315.87049092398223
226,-906.7055023211808,31.688705444335938,0.16441534268415126,270.5225481249752
227,-972.4889303508755,12.971760749816895,0.18065848413971253,354.5728749530725
228,-1186.39820860953,25.254318237304688,0.16423601874703309,336.5586795040331
229,-1053.4581768236965,35.93647384643555,0.19688429251255002,270.60219406677845
230,-784.3176156386129,21.512908935546875,0.17502161956508644,275.60347228913344
231,-965.4708952965344,18.431520462036133,0.15857868596503977,344.5658998860639
232,-875.2030701605742,22.226694107055664,0.14980746347464446,317.3261569899028
233,-565.6065825464863,14.646989822387695,0.13253149467345793,295.54648411602534
234,-757.9597769562045,16.005813598632812,0.19620638408378,331.42226105455336
235,-967.7395326420017,17.81307601928711,0.13782713137334213,327.54261949703454
236,-741.2708489766019,22.069725036621094,0.11902815440430459,306.3355385818289
237,-615.3955621701457,11.445609092712402,0.15717217461497057,276.1174595051393
238,-1009.9212535881536,13.629870414733887,0.11819099295735214,372.5235789477344
239,-543.5887686702871,30.77104377746582,0.22894523036666214,223.1143365380345
240,-1309.2352927165255,13.371491432189941,0.11953326496222871,367.8011070865802
241,-786.1142729012801,48.92689895629883,0.1256885196416988,296.3911952304407
242,-1072.2488805038836,8.445123672485352,0.12363732081303169,328.1787830573447
243,-832.3745660970928,24.956501007080078,0.14596211223761202,321.3267204289555
244,-596.5571350885267,14.099780082702637,0.12213853037064837,270.5226284080502
245,-774.1882892371236,13.813998222351074,0.1425918851418828,299.37740037967916
246,-917.8900951567081,10.477507591247559,0.14464439328730805,334.8211121944092
247,-855.5372849053593,15.741764068603516,0.13352777993532072,316.4427702085162
248,-995.0604484097042,19.249467849731445,0.14636505539601785,329.16529919543825
249,-734.0682597814238,16.76568031311035,0.2009737602347741,276.37109030775554
250,-538.6843057632722,13.312385559082031,0.12395786798469999,265.37280172612066
251,-795.3475058693106,11.408669471740723,0.1596201798020047,311.73745067347704
252,-853.1170071228759,9.219959259033203,0.1493049932832946,320.0301486691439
253,-837.5761724477707,11.927482604980469,0.13339333324802283,292.9430635857481
254,-940.1473380860238,10.930068969726562,0.13660197667195462,330.6725962690086
255,-590.168500078857,18.599781036376953,0.1250983705899671,318.03814754950315
256,-329.850468298019,23.995269775390625,0.14603817044189782,212.88491182444264
257,-608.2757918293312,17.5765438079834,0.13521855219187273,193.77875720177047
258,-1006.744830890011,14.932047843933105,0.14738491466050618,264.5642064788275
259,-537.9853699033908,20.16010093688965,0.1401886377007031,268.79157344668215
260,-592.935148289655,14.033629417419434,0.1666413776074478,280.93494208309886
261,-660.9771110940374,13.10014820098877,0.15691920873359777,295.0785404079464
262,-859.0022230163853,9.547018051147461,0.25918206811184064,315.19729496537485
263,-607.7269715523788,16.73333740234375,0.1477281244860933,267.00350052741027
264,-1057.9923242957411,10.668902397155762,0.1818969958803791,348.00880867196304
265,-996.0754222631814,26.882307052612305,0.1735049911076203,350.194290997846
266,-848.2616053553247,26.468706130981445,0.14913706714833097,347.13400006725465
267,-899.1267928707485,22.199748992919922,0.2076343452790752,325.38788700112156
268,-748.1235642232816,16.16402244567871,0.14360905356261355,332.03218656223976
269,-614.4967459135366,16.50880241394043,0.14429956739422778,303.67663762166785
270,-681.1821614752929,10.0773286819458,0.13470734576048926,297.1823764406746
271,-845.7363123588962,9.4635591506958,0.15256832234990725,280.2136691609924
272,-793.5388710779777,12.42976188659668,0.14975557812067564,291.255854236413
273,-772.5817908805057,8.478955268859863,0.13859071995648264,305.2443831412867
274,-1203.4568040351205,14.364727020263672,0.15252805065756547,340.07658201997833
275,-752.6569307921568,45.53425979614258,0.11575280278930222,304.8135286968701
276,-660.9073686999143,10.880415916442871,0.11193606402275691,294.4244926390734
277,-906.1319084169775,8.610747337341309,0.17432592663681135,296.3706684734865
278,-1149.5447967231396,17.457178115844727,0.12716345352964709,327.4767266945496
279,-834.3357559733423,33.889129638671875,0.11620463103281509,297.0855675042822
280,-648.6309435511544,11.709853172302246,0.09659926074732539,288.69259059733554
281,-880.3855545810798,8.818034172058105,0.13744638752177707,329.29032681022676
282,-830.4180118634238,14.985960006713867,0.15269214402360376,332.57388432164
283,-1052.436058780007,14.79768180847168,0.13909478770074202,360.42438293731925
284,-996.6400987775463,29.887126922607422,0.12222256990571623,330.371106874944
285,-922.1977854462899,22.297475814819336,0.1764335578045575,358.6702822582629
286,-625.6996221418909,33.18653106689453,0.1193786926037319,300.9021271173277
287,-605.199842121627,11.882145881652832,0.184868705298868,295.39686321097264
288,-941.3998002615865,14.313340187072754,0.326772608270403,337.04887323329837
289,-604.4675371865325,19.224754333496094,0.2564314719347749,269.24708219669327
290,-926.5616762689774,10.515280723571777,0.2801846363436198,324.2805980292804
291,-931.1344254659027,14.996647834777832,0.13810761006607208,298.39400790600934
292,-730.0288582520992,12.745047569274902,0.22518960709567182,292.73901654566674
293,-949.1984880281448,13.218799591064453,0.35982565698213875,296.1865534804645
294,-1023.6675429027372,10.142788887023926,0.32714505498006474,336.47203548000584
295,-843.5872162665038,21.18862533569336,0.30657890552538447,306.3451164613863
296,-1081.376331593129,13.728772163391113,0.23356990226602647,374.83402634190537
297,-882.4979440541289,31.964519500732422,0.2694753746764036,340.7570924469418
298,-355.4392524623596,34.820777893066406,0.2803959726879839,281.4608877299061
299,-950.4729988174234,14.693256378173828,0.2780225275346311,282.4658212408432
300,-773.9579330285655,12.288847923278809,0.35507841338403523,289.59432384588183
301,-657.2081984897902,14.554250717163086,0.4626772237243131,291.8191310263908
302,-423.87640969985466,19.682313919067383,0.33686589331773575,268.2257854718642
303,-792.881867891997,12.333321571350098,0.23279526623082347,301.47106943751555
304,-385.2570343079171,20.20740509033203,0.30257786343281623,231.37316118801573
305,-755.038679110797,12.144220352172852,0.231284999215859,313.5309536783341
306,-807.6340221495377,11.713580131530762,0.18288265195587883,257.6712375576231
307,-585.8522026570167,11.685035705566406,0.3283832433517091,246.418573162732
308,-1055.2564976547014,14.442743301391602,0.2577653008629568,325.5138294359423
309,-607.6178638628578,19.024738311767578,0.17015589264337905,258.0251076814743
310,-703.4548314318679,8.182196617126465,0.1665964053645439,250.72827389638516
311,-685.510703567462,6.928472995758057,0.23296223860234022,276.7849375893284
312,-611.1108276711437,12.463887214660645,0.14931133723075618,230.47103635376666
313,-953.5173547122414,14.042115211486816,0.17962807631556643,346.7485164269861
314,-904.4987029575046,23.859203338623047,0.16971223708242178,340.4366385848544
315,-507.9852635180484,20.93838882446289,0.14476403192384169,273.3866564297306
316,-691.9630905414313,7.468620300292969,0.18627436026145006,228.62518129221255
317,-839.2816373721508,13.809812545776367,0.19703042020410066,286.1032821191707
318,-403.84926292875065,20.52902603149414,0.1897942729483475,240.08220211312067
319,-615.4448184420988,8.799946784973145,0.15817602296738187,271.5526003728251
320,-816.5662909943019,10.522092819213867,0.19570442489930429,301.3144337789719
321,-881.3619095989966,14.671661376953125,0.14477766621348565,270.9215261859176
322,-836.3634104687668,12.255524635314941,0.26134130446007475,259.36643632590824
323,-591.1626956533736,9.848800659179688,0.14903332817993942,264.01941871651434
324,-720.5145755403506,7.202003479003906,0.15788941123901168,296.04295364461825
325,-836.0896484645727,11.392921447753906,0.13245492493297206,295.59666762758746
326,-738.5644583600349,17.6569766998291,0.15192029801983153,326.88084282941526
327,-858.9792425674678,15.69672679901123,0.15935649381572148,296.53717725535944
328,-847.4633923624501,12.409195899963379,0.17131762603094103,294.4770460224379
329,-815.4393706991923,9.618270874023438,0.220130961650284,301.86643586743253
330,-653.0961287659043,11.868992805480957,0.14862644390086643,283.98806813996015
331,-758.3079595992945,14.330595970153809,0.1370676684382488,308.6882113447666
332,-928.8742289584663,15.991636276245117,0.1019423992074735,307.8712595575462
333,-817.3349137671856,12.239030838012695,0.09400326584545837,289.590392148536
334,-545.7812956607171,11.589742660522461,0.08741217093029263,267.08011521762063
335,-922.0582364389795,12.680039405822754,0.07858350288029214,258.2243717832987
336,-677.8288930965996,8.858854293823242,0.07866906868594015,246.30443206356938
337,-941.0609585830141,0,0,319.2800534462813
338,-861.5227823952367,18.06805419921875,0.1303400973411044,332.80260575308057
339,-430.2077180667343,16.99349594116211,0.09840008231003594,259.03212910145464
340,-535.2784734447049,17.193723678588867,0.17243885820062133,217.1466043260122
341,-536.3216531999246,13.851564407348633,0.08777224698224018,279.0194166144822
342,-896.486996041912,13.936891555786133,0.10427207302200259,342.52865469255664
343,-639.8163053570851,18.709455490112305,0.0841031127520182,230.71296278100286
344,-579.8956645639921,10.58407974243164,0.1494516368402401,250.6468171716089
345,-478.3047784014572,13.783588409423828,0.11811648305229028,265.25122855930874
346,-644.4379702195242,11.445030212402344,0.1654918899948825,250.85103233765466
347,-651.7922263190802,9.475794792175293,0.12043017066025641,268.1693283844748
348,-685.1497396265262,10.607373237609863,0.16262985963840038,275.9780267536117
349,-622.0559613088894,8.647327423095703,0.18393058485526126,252.49307156062866
350,-855.9829966464681,7.653860092163086,0.3537494196789339,289.52485861473497
351,-901.2310064953103,12.378565788269043,0.11824573057310772,303.30413722477954
352,-661.1844240080596,17.25278091430664,0.14499743052874692,257.51898842305405
353,-273.96766906764776,11.791946411132812,0.17740585812862264,216.1818077037609
354,-646.3425834392425,17.211050033569336,0.11042011586368972,290.53076182046476
355,-872.2598834299508,8.275785446166992,0.18736042315867962,272.5178289393408
356,-475.72898002897415,14.844623565673828,0.19762774067203281,234.78771019487738
357,-659.0072477416398,8.697535514831543,0.11770374534353323,262.5124209889493
358,-814.7495508038182,7.081953525543213,0.12858845069786184,268.9617119760268
359,-498.47224267259577,12.518463134765625,0.13774258743796963,275.1815144933537
360,-635.485643569556,10.381293296813965,0.1314358200506831,274.84212939503885
361,-655.2464666151611,7.448484897613525,0.11909501079026086,288.83122061010573
362,-951.3973437371528,7.8791985511779785,0.19773288871510886,306.1687581677611
363,-801.6552170597381,24.576108932495117,0.1579635855196102,287.6692700976705
364,-690.7030293052468,16.19631004333496,0.18016068996075774,298.38689755659016
365,-684.6620485496536,13.594857215881348,0.14371595267220982,309.13765178059646
366,-726.4674450303766,11.423718452453613,0.3033307355362922,286.95702247648666
367,-875.9156034346729,8.859318733215332,0.11451304292131681,314.2191835439396
368,-856.335098382444,16.450761795043945,0.26011383735749405,262.59340396504
369,-529.8787496237059,11.790393829345703,0.14423623503898853,248.7794345425958
370,-610.2864760493926,8.654134750366211,0.3049157938803546,254.26829591275649
371,-742.9476208920631,8.996501922607422,0.12810038289171644,286.31356497057567
372,-980.6109434003431,9.275749206542969,0.2180142478464404,315.1874536940659
373,-783.180973732792,23.036846160888672,0.12734439784253482,333.06794712745614
374,-990.8315362159442,18.732669830322266,0.15478305506985635,311.7866652553554
375,-565.9510768045377,19.020992279052734,0.09015517815441854,224.1354038640083
376,-823.6573226252306,9.340799331665039,0.22457212733570486,329.42390264724145
377,-754.457110755775,14.14225959777832,0.21451689448440447,275.89179977546985
378,-848.8679454224904,11.454242706298828,0.14207860535680084,233.26524617139864
379,-644.2472611568941,12.574073791503906,0.21622115923673846,258.32061010929834
380,-957.0383118142677,14.275672912597656,0.10911679008677311,329.91966348718745
381,-844.5012692783596,20.778087615966797,0.09322474425458438,308.90098049781375
382,-652.40055396758,12.0713472366333,0.1188566392957,261.40555691403097
383,-919.4494056860533,10.275079727172852,0.17700860273907892,318.2925440037734
384,-1060.4763076376391,12.078715324401855,0.11119874020255338,362.506010311729
385,-506.4347050550136,31.08920669555664,0.12389575063934899,275.90878633621156
386,-831.2656404774252,12.279934883117676,0.13621143109776312,319.14304220351096
387,-801.0838949343172,12.991406440734863,0.44714207778451964,312.99994761325627
388,-810.7468515207307,12.44997787475586,0.13693030906961212,294.141448852756
389,-866.1826749062897,12.666784286499023,0.30465010918851476,292.3229102564171
390,-565.2848480255337,18.57338523864746,0.17822892196272733,263.57799567572704
391,-626.8842252955984,14.627836227416992,0.15200025986268884,243.81165391268223
392,-799.9586385479746,7.849950790405273,0.17452865393352113,298.3433169062608
393,-697.4642345527197,13.09106731414795,0.14332802576700487,289.1179383349143
394,-901.8999423555996,9.343976974487305,0.13498277155986216,314.3198762980651
395,-980.0492075131899,15.124770164489746,0.136443442880136,342.1676393983248
396,-954.5043565645487,17.256860733032227,0.14507022460293229,340.90709270812886
397,-890.5593494740359,17.86977767944336,0.1721365839766804,316.48130771085613
398,-803.582906750082,12.734477043151855,0.13825595519006129,251.10689144998236
399,-336.4524696599745,18.9426326751709,0.37415096335462295,241.12263489158414
400,-1137.6229904830086,22.57470703125,0.1396359865075425,345.0868596346535
401,-945.7365528434968,35.78902816772461,0.1407233393581926,291.8029814480221
402,-650.6646468657353,11.798916816711426,0.1424941824217285,263.47416263126433
403,-711.6397852312409,6.7632880210876465,0.14582657964706414,247.5119904310256
404,-841.5742735714932,8.207794189453125,0.15805625318080274,273.26630096624467
405,-833.3568924487662,8.426502227783203,0.14770006301750982,305.8833056869147
406,-782.6040581914793,10.831061363220215,0.14957032514985258,293.6656733186394
407,-217.9533980331148,28.286359786987305,0.20375579089886742,260.37076814279504
408,-745.262421088253,15.332503318786621,0.244092061817355,232.27323390978273
409,-1066.8156253503319,15.412935256958008,0.15773644616820093,323.8564451676192
410,-713.8869601744351,13.258458137512207,0.14938309581275355,291.30207946586216
411,-503.34702621516624,9.90334415435791,0.15055773183686938,255.98779336748856
412,-969.25487795681,13.790657043457031,0.15209045839404212,282.31610283253997
413,-816.6937936997309,22.680442810058594,0.15249818703296114,292.63918454677236
414,-759.2614356910431,8.351362228393555,0.15542510606019277,279.97105476261044
415,-712.5322701726371,11.8704833984375,0.1551859543833416,265.32313809981946
416,-891.2241986430763,9.880830764770508,0.15329139186009932,340.09505855032677
417,-843.7518732569689,20.653949737548828,0.19777215533031267,314.6110165948517
418,-574.593555925309,17.73588752746582,0.15685474255178633,267.8202040025704
419,-962.1262315921268,11.648042678833008,0.1568950556047639,306.2232593237887
420,-685.5335188188761,14.858123779296875,0.15248951800519306,280.76926435617145
421,-726.876249189814,8.059439659118652,0.1523995359506536,307.8369231590769
422,-466.46544891763017,17.25787353515625,0.1536461162627803,268.20077384479777
423,-488.39068013490356,14.880785942077637,0.1562046846565277,255.79829132876148
424,-1006.7037651775908,13.156061172485352,0.15759592049852333,306.1846830559659
425,-984.854657343789,17.977596282958984,0.2127566908384324,324.8797386907216
426,-687.1368379862799,17.363134384155273,0.4307112066599075,289.10988168819233
427,-881.7791945316633,12.332926750183105,0.15489700753638358,313.0980346773995
428,-729.6098628622036,11.361217498779297,0.1534681009919865,290.629317868446
429,-819.1391997499267,7.891303539276123,0.15564067882223753,320.62629513630554
430,-1001.7406699452507,16.255069732666016,0.14853253045675174,331.2726903552192
431,-1009.6928295449519,26.82427406311035,0.145004856812875,342.4181236553764
432,-609.8210248924956,16.961973190307617,0.15074458131493884,249.5859098078277
433,-907.4298736643472,10.69672966003418,0.16217296356262523,324.20117659308784
434,-739.5068910294583,13.381590843200684,0.13719610741731003,293.1589960299532
435,-873.3123023898047,16.323877334594727,0.16125396579809603,296.54903175932617
436,-679.7803792985783,13.403082847595215,0.14332917613501195,290.4445404652924
437,-908.6028328638484,11.334467887878418,0.13024222307788602,334.1681188030545
438,-1019.236107198364,17.874279022216797,0.1297572596342067,328.3235472715626
439,-404.54706669969886,27.412517547607422,0.1538922770505451,268.20342924628955
440,-574.6895381399364,12.498025894165039,0.13269736115455544,273.0985048437997
441,-771.5263320877673,10.516003608703613,0.1377285363687406,287.1501109788806
442,-1031.1934501346973,19.136747360229492,0.13444866155542812,341.7813779093196
443,-857.3903492531199,19.414953231811523,0.1348586410694459,352.57338211393966
444,-766.4743968528109,16.580507278442383,0.13547279453275962,313.9993250931221
445,-1134.885720697882,28.10197639465332,0.13447265179723233,348.1817091527775
446,-952.900897326718,18.45877456665039,0.13448275783775898,346.8074152739285
447,-1112.3233776339528,24.354209899902344,0.13297736347833755,312.6796127060561
448,-952.5104080045528,14.98823356628418,0.13412453321012974,330.203696338106
449,-1189.3495232799653,0,0,358.5567593139922
450,-853.5613727382679,31.77669906616211,0.17034775817592163,363.6329312767181
451,-1121.8344379531798,26.394699096679688,0.14800975148546058,334.0104362277035
452,-905.292915220623,26.682764053344727,0.1566527163581668,295.7320945350501
453,-602.4744613173888,12.57072639465332,0.16564642674077845,298.8849245262102
454,-792.6149508122753,21.070226669311523,0.17257296513328413,268.06635904362787
455,-815.2208929549107,10.616715431213379,0.17698778348013278,265.79819985339583
456,-1026.895270299772,11.923218727111816,0.1797575727468086,326.52887151561106
457,-1091.5132033840614,12.672228813171387,0.18270707635288375,366.2407924035034
458,-860.0351314840027,21.161306381225586,0.18778580865293293,281.52966313125387
459,-793.4169985208596,14.595558166503906,0.1908873527119681,301.86545812462333
460,-800.6277267197909,13.811319351196289,0.19697841170409447,322.35401432551873
461,-967.06062955046,15.046937942504883,0.2000921528597246,319.9877210306838
462,-1122.0070247056724,17.173744201660156,0.3047534663201077,344.09883533757824
463,-933.6592585457248,21.622352600097656,0.21915717178490013,322.60076678259395
464,-825.2232457580274,18.023012161254883,0.208636793311598,321.23140539835026
465,-908.9409819847431,13.687520980834961,0.20606830600445392,328.7150411241627
466,-931.0279890156248,12.929659843444824,0.26526925732468953,297.00423819242775
467,-690.9138233701491,12.691142082214355,0.19221131184826845,274.2890437136261
468,-826.1567711016095,11.900485038757324,0.18917957288174136,245.10023166686963
469,-855.5660537396099,11.825640678405762,0.1860462039579165,314.4280091663626
470,-709.3620311851512,10.986464500427246,0.18413155519726843,288.0475232612688
471,-916.5271174690806,15.981208801269531,0.43081958426046185,328.85089044531617
472,-672.2780850458123,12.764740943908691,0.17603613075789326,290.73138173211873
473,-745.790587739686,14.475403785705566,0.19728621036119875,283.2564817229955
474,-864.2080028007832,13.157872200012207,0.24413839172484586,311.91181949277495
475,-1141.2442806552924,11.925485610961914,0.1895627049925679,327.2572177379582
476,-1049.1140276915748,27.22555923461914,0.22801083847298287,356.4639782986972
477,-549.7543357169607,26.846221923828125,0.18266958216372586,223.59429247610552
478,-774.3106042588013,24.91582489013672,0.2526296168434783,263.63552584632845
479,-1002.6245291430108,10.92334270477295,0.21888274990487844,331.9344159387522
480,-820.5764858727682,21.296478271484375,0.2047692067535536,277.8208835395707
481,-1177.0406508135138,9.721514701843262,0.33886763235204853,375.27134715063846
482,-1000.8055559407106,34.49732208251953,0.27256032382138073,295.51364098157364
483,-813.4407450440654,18.849233627319336,0.26501288784493227,336.63024072452544
484,-879.8533833376723,15.769478797912598,0.24085318091965746,319.298508385331
485,-1185.005972416857,15.464056015014648,0.2556088820711011,330.7144579235008
486,-989.2929030215221,29.310041427612305,0.24520942845992977,319.5689719095995
487,-931.7192979949125,13.752511978149414,0.326546645082999,336.58066483673826
488,-791.0533916057303,14.662532806396484,0.2014456451361184,283.50751478195554
489,-796.8328523844816,10.840038299560547,0.1803187829136732,261.43339067355646
490,-560.1399442505182,13.235514640808105,0.17591208229657695,282.53347082458833
491,-724.3996571121004,19.682863235473633,0.1819306574257098,246.66322432166803
492,-697.0860671007523,10.013012886047363,0.19416753177210921,294.28853384821093
493,-1303.894982436702,13.493143081665039,0.25320464637479745,391.16549769198537
494,-787.2020257552109,56.05198669433594,0.17201580378458203,328.28983255634733
495,-709.2513370191838,16.821168899536133,0.18434049829920696,279.13918360040327
496,-889.3974160654479,10.754851341247559,0.3749132575467229,239.6452094535392
497,-1090.043071732714,12.932765007019043,0.1837529262938915,344.05925310984355
498,-855.6430064526417,22.48649024963379,0.16902989122570689,271.68727816035204
499,-870.7062952327423,14.947210311889648,0.20044550774400705,332.12928313281026
500,-1046.941040037021,15.400492668151855,0.18584982416723506,311.45120449795894
501,-486.6042547445815,28.00442123413086,0.1976231251610443,224.01896508842518
502,-789.2356117401108,22.64481544494629,0.28099710142123513,329.92598951584944
503,-885.5028636105696,16.75883674621582,0.16580983789791137,261.36650427756587
504,-817.5434715783658,11.211846351623535,0.17357925331089064,323.7286223228697
505,-604.1197875359617,16.217634201049805,0.19716859114487306,235.4461609026052
506,-1047.9667609511887,16.747587203979492,0.1893429069987178,295.8556063873859
507,-1131.669326328837,14.222097396850586,0.17838621438568225,355.27070671630065
508,-1169.9557491565952,36.63492965698242,0.17296747258660616,307.2465043744271
509,-984.1092905383455,21.128427505493164,0.1664535174768389,322.313411393819
510,-572.4821250633198,18.583660125732422,0.20812494480560417,242.2977094481685
511,-743.5993596229426,13.971419334411621,0.1801696810143767,282.4574113392894
512,-573.1895208381698,8.271027565002441,0.17284804668452125,227.28647280502753
513,-905.88797230459,17.390512466430664,0.20246498727647122,323.8043241017417
514,-802.7871343616501,17.39710235595703,0.1825426310824696,272.6457302217588
515,-518.0074523084351,13.123703002929688,0.1638160577704184,248.91818091707867
516,-957.7241247532644,15.9071626663208,0.19715202541192411,263.63978279258833
517,-711.6527973605477,12.03637409210205,0.1645823843064136,330.3515096941114
518,-746.3081181119965,13.724660873413086,0.17148351768901193,310.70629853980034
519,-936.6415391749065,12.671974182128906,0.16721770017284143,309.5215162170539
520,-851.1808207219913,15.627214431762695,0.16128451734024907,282.4024494072934
521,-707.0797747267093,9.31711483001709,0.16231543077276456,284.72892493910587
522,-915.463654808639,8.202310562133789,0.16346548391834403,337.8303356994477
523,-875.5372975406984,18.45740509033203,0.16273897760280231,313.0375533905291
524,-622.141127141376,17.741626739501953,0.200908775193966,259.86838847559363
525,-712.7146112267257,8.423644065856934,0.19511341700490448,279.8229167778864
526,-1027.2771158702208,20.422334671020508,0.18490361318072246,258.48185899322806
527,-847.1083518858641,19.538368225097656,0.16795515232661273,237.83801192347772
528,-845.638831991563,7.825345039367676,0.17444112164776016,321.32420265615895
529,-672.3025596738738,19.72224235534668,0.16716417149564222,290.0469240864508
530,-742.166958825256,12.003351211547852,0.18572123423655285,276.5595204665825
531,-802.0891879470503,9.638898849487305,0.1550015622869978,298.7707390040335
532,-1117.2734052916953,18.44500160217285,0.1550387724518032,376.20191953937496
533,-764.8810234318136,34.515010833740234,0.15434581066347164,288.3642648979229
534,-1171.7005604453993,17.12213897705078,0.156280592078474,353.0017465079866
535,-1071.8087407072915,28.538103103637695,0.14405758454449824,365.8560903128447
536,-800.6674303630456,25.17962074279785,0.17332360353975673,290.48592985517007
537,-758.4701924030372,11.359575271606445,0.1675779304423486,316.4661660949181
538,-988.1970124267509,14.435456275939941,0.14333119485672796,312.56771888072694
539,-606.291854391314,12.207141876220703,0.14036931446389644,240.66465269316035
540,-855.8845402515199,13.153824806213379,0.15242876648335368,249.28884802582505
541,-657.4719516311546,10.718938827514648,0.1333535294925241,239.21935808107776
542,-886.3436555847637,9.700860023498535,0.15578525021192036,333.85013750909263
543,-866.2997359450743,13.01599407196045,0.1380330487681931,286.67786679237
544,-917.7940762974415,9.79481315612793,0.130143030302861,312.5423489443531
545,-1070.0321281542538,16.520416259765625,0.12653537285314087,320.14855880544525
546,-1015.8657705514386,15.748196601867676,0.13250873581819178,326.00861427261606
547,-681.5294584975761,17.024431228637695,0.12570062305348984,309.3411588158261
548,-616.8952997051239,16.455171585083008,0.12184851514439288,274.46448409052033
549,-651.8196461716068,10.859381675720215,0.11906691187380147,247.19018261311047
550,-982.3078542775598,15.334035873413086,0.12192257133824569,274.91583891389604
551,-897.5929643496908,14.402719497680664,0.12183933112578416,248.4217972419551
552,-929.6377514527064,11.705948829650879,0.12345215905133955,290.5010320032791
553,-904.8958695910644,14.168499946594238,0.13348654178298602,315.76278458127115
554,-897.8999029149301,16.78350830078125,0.13071048156962206,318.2952401586515
555,-488.8740747192689,19.93314552307129,0.1206470854692725,240.45911389945968
556,-981.0528589018771,15.166289329528809,0.12137445176298911,289.6117981150875
557,-996.5440610015689,12.10824203491211,0.12274312625936545,301.9663151196936
558,-692.0125586071065,14.949076652526855,0.12372163021382221,261.2175356025266
559,-537.276599886794,19.781692504882812,0.14703800827555824,216.92281109439065
560,-679.2707925435723,14.086419105529785,0.1342812494676764,209.12607275749733
561,-808.4522025138237,0,0,324.8308034420271
562,-1100.5674109321146,12.366527557373047,0.16681231447000755,327.66978869608533
563,-491.66952626816374,25.211673736572266,0.1725545679255447,234.88115420016064
564,-1022.9537665494531,14.683710098266602,0.14296726845532248,298.1882682835378
565,-1119.8327865387153,23.261770248413086,0.2581674104440026,368.7136601519195
566,-359.63930297125955,35.54810333251953,0.14684107308767125,242.64541553103976
567,-796.0781822624282,22.60812759399414,0.28757779572333675,321.84002271200586
568,-1114.3478296945127,11.597535133361816,0.22188507325336104,334.737673927017
569,-680.731651619575,26.18362808227539,0.18220972559356596,288.85104472550233
570,-1200.3327218427323,10.415837287902832,0.14414076509592633,339.24640368253114
571,-813.7790777470149,32.662330627441406,0.18419111072216765,317.9432521753605
572,-439.18503972637296,11.254097938537598,0.19416074705077335,259.2133464292296
573,-593.5553147863449,18.58440399169922,0.1484779152833653,307.3412831449991
574,-272.2415477984982,13.84810733795166,0.1626602581309271,173.52668319196616
575,-697.574590023596,37.93171691894531,0.26289509737398475,234.0526342452189
576,-649.7498050100513,15.164730072021484,0.1644381263959076,262.7545014214231
577,-1041.7479849585825,10.488236427307129,0.18363990689613274,305.91520357150205
578,-867.815409533175,22.29648208618164,0.16809140215991647,305.2832553903653
579,-1071.8205558361979,13.90996265411377,0.4215973804530222,329.32191443455093
580,-771.729792250352,34.498565673828125,0.28852551356249023,298.82823262705534
581,-344.3850002522074,15.226470947265625,0.25489053677301854,230.47488593033228
582,-1195.3339974743358,18.267107009887695,0.25211006625613663,333.156613252338
583,-886.2099001964548,41.71432876586914,0.2082982446081587,305.7161333048602
584,-538.7925992087435,15.810770034790039,0.2536208290985087,223.77504565304147
585,-727.0782744763422,10.862348556518555,0.1957111819756392,293.53011262220645
586,-784.783273212758,10.119155883789062,0.3214502591144992,285.1880607839703
587,-639.7132375035618,12.114442825317383,0.16515093774978595,265.7561864346689
588,-964.0771740951421,8.306173324584961,0.1471326816099463,253.98526930162097
589,-621.8596816133452,18.942514419555664,0.16811056677397573,280.31557941589614
590,-911.6378442829405,10.253501892089844,0.14555832122096035,298.69524373341534
591,-941.5811982762992,15.40844440460205,0.14625756653458666,293.9403825226838
592,-986.435970261892,20.358074188232422,0.14469574540635222,322.771414888448
593,-948.7055789845982,17.622365951538086,0.14934794692817377,277.12212454465777
594,-1066.637234779424,16.205047607421875,0.1593935751589015,315.1388190100668
595,-770.705327483512,31.4970645904541,0.11385802573204273,273.1664222267645
596,-1069.233545365386,12.958264350891113,0.10978429601891548,350.4228434894025
597,-1105.568206582422,25.76451873779297,0.09629617510017852,306.31199944388004
598,-457.3930425114717,23.56755828857422,0.09583223940080643,249.1231125060134
599,-769.3139195388278,21.87051010131836,0.0971408481555045,244.56789347185588
600,-1152.8999347399986,11.600920677185059,0.2679099636588944,333.7964521756544
601,-1095.1228176518318,25.294015884399414,0.15661073513911106,308.42630879671185
602,-703.1509666194636,19.92060089111328,0.11110997079777007,261.8479857198526
603,-1024.175899403012,11.50087833404541,0.11006602531915632,282.99053727242193
604,-821.33323390597,15.516082763671875,0.12271682044138288,331.2252777184603
605,-1068.168026895159,13.466219902038574,0.11959827008195134,318.98176082425766
606,-896.2761722122481,15.951112747192383,0.12513738430243393,281.9452415905449
607,-679.1592720225684,12.277176856994629,0.13763467885291902,256.9156061534397
608,-856.5648172376202,16.776485443115234,0.1341506853186729,302.67286484701305
609,-802.241547333237,13.920109748840332,0.12911851788157946,290.7091721731676
610,-1078.8073368621024,12.10900592803955,0.12799752023602196,319.34948784517485
611,-685.1890597301657,21.04680633544922,0.12430413060064893,278.77666639825145
612,-762.4109917288754,14.592028617858887,0.1232928862064,310.37430951002034
613,-677.7370958878505,13.87620735168457,0.11387806668199119,303.77200735613883
614,-796.778554631356,13.166404724121094,0.11653872802435217,247.28197775623553
615,-874.4484650111029,11.976482391357422,0.13476035048006452,323.7782947658756
616,-1039.9015371487585,14.85583209991455,0.11595921797561459,279.9944101835479
617,-530.9188110890404,28.663957595825195,0.14602372459194157,251.7317328396619
618,-1118.9018140178414,11.004955291748047,0.11940922240137297,321.4899409131091
619,-405.51373491081387,31.654062271118164,0.1374709487608925,193.08239162926364
620,-551.7998926202881,20.10123634338379,0.14094539485449786,231.01816822538214
621,-521.9872138877449,14.162633895874023,0.13389493871909508,278.76937916512617
622,-1018.3193368191197,15.309576988220215,0.1546138555277139,329.03490281561085
623,-841.5350599139637,23.531497955322266,0.17355662196860067,288.65496764059185
624,-1067.7452283273403,12.295735359191895,0.14285871900710845,339.39479122264476
625,-674.2054175798673,28.778545379638672,0.2104633575945627,283.39716234313886
626,-881.7413369258396,12.425381660461426,0.1482067399083462,321.17975985856106
627,-841.2575574135244,13.221226692199707,0.15109669094636047,277.77387113994405
628,-622.7192917860062,12.41661262512207,0.15754474206005398,277.65485350052626
629,-568.252411545406,9.13512897491455,0.147844465520393,233.5333912405966
630,-942.3269541281354,12.69621467590332,0.148662355461056,318.3822298117712
631,-952.996397981022,21.70794105529785,0.13918244883916486,313.78343279405203
632,-883.9458026598717,15.7232027053833,0.13614873729147803,315.030445802595
633,-938.9945457136429,19.780155181884766,0.13278631151206355,314.1066550004406
634,-758.0552760623366,16.779457092285156,0.12533918503686436,264.7771918112386
635,-771.8105032343017,12.452133178710938,0.22011098303482868,305.2331249987667
636,-718.5965864921169,12.289134979248047,0.12129958843979693,288.0549832183322
637,-1276.1112222334636,22.17561912536621,0.11236815756092255,350.03495419585977
638,-689.1402365710705,31.527244567871094,0.09270321019675976,288.63712704051954
639,-924.2282346671489,12.739084243774414,0.09900046612347069,291.0267477135835
640,-719.7324293313814,14.29000473022461,0.10438024295035575,268.37761193863753
641,-878.0586756514721,11.39205265045166,0.15371953773865243,277.13382588475065
642,-1069.651801946611,11.427652359008789,0.19237970301765017,275.17456127826046
643,-949.125603196907,21.48078727722168,0.09580866705528024,309.19973587303804
644,-914.805129324458,15.144070625305176,0.10078829982899151,335.7406656686843
645,-761.9063564426535,18.827722549438477,0.14463138861901825,301.2332478178858
646,-833.2004780470968,13.306903839111328,0.13358837803571078,297.04305063831197
647,-881.2229916107236,12.071090698242188,0.13311725405401376,279.47183189212376
648,-745.1303155306774,12.552042961120605,0.25514634502178524,255.18327979204477
649,-595.2076998874827,14.959956169128418,0.2830920607666485,259.17470622487014
650,-910.4780332186713,13.885750770568848,0.7151599017088301,300.5682126205391
651,-1270.7178388536893,26.078083038330078,0.5363283105252776,356.71422938527667
652,-905.8520104033503,24.0196590423584,0.281473039634875,298.62813438642195
653,-743.0343714777856,10.449383735656738,0.1923943012516247,310.6602866210965
654,-597.5489707947319,16.148046493530273,0.14324720503009303,255.8773749760218
655,-877.7352688717673,13.93893814086914,0.1914333637614618,301.42439201424463
656,-1129.9492870442023,22.87260627746582,0.18059396803801064,312.163677133727
657,-765.4608410565005,12.8091459274292,0.22801889589754865,306.28933237457244
658,-1291.1215621411718,30.951454162597656,0.45514734645257704,352.71223588578573
659,-613.6264309584834,27.742307662963867,0.33267358236480504,238.47148132347886
660,-1030.4855034377094,16.224735260009766,0.3237788553087739,312.9278101846282
661,-731.7446792881783,12.539000511169434,0.4085092308232561,300.1707034959844
662,-579.1701685487546,14.836282730102539,0.24089995439862832,259.962771999833
663,-817.4074845530994,12.04207706451416,0.26657383228302933,314.60978542550725
664,-922.1571753181996,11.82973575592041,0.208753504222841,293.52145931779074
665,-991.2743825030229,12.433775901794434,0.6976737178629264,308.08520377092344
666,-1046.7809448425644,19.943416595458984,0.1440354120345546,306.5783857557171
667,-1041.776656821638,16.71067237854004,0.1733006155482144,329.4715658318171
668,-764.1553186439393,13.017510414123535,0.20001210390910273,301.8658306581734
669,-1019.9451120515618,19.72404670715332,0.24261223794019315,335.6824574101961
670,-721.5444065983396,15.671680450439453,0.18676552686883952,286.26631001869515
671,-864.5182875609682,11.65204906463623,0.3547736133332364,279.95698621706583
672,-642.0255148086987,17.378734588623047,0.333981568008312,276.11309776491294
673,-765.079120391492,0,0,274.17996877416056
674,-811.5089260777962,10.135710716247559,0.36425195608171634,299.2066966738208
675,-908.7389241550125,10.547593116760254,0.16044734409115335,285.7417911565133
676,-926.8345960316876,14.455581665039062,0.3816997838730458,298.6921100293597
677,-652.1666244573958,12.629179000854492,0.2164616862864932,230.3123476754495
678,-1073.753684840559,13.35794734954834,0.2049166320284712,337.6657792369946
679,-729.8538631378208,22.00048828125,0.14887103619912523,250.53611635275993
680,-688.7640097584042,11.461475372314453,0.3164334778120974,290.99764491679855
681,-654.2037566223985,11.859578132629395,0.2157806506365887,306.2567544402786
682,-654.3061728082314,17.12472152709961,0.17428284435663954,240.9837640497556
683,-855.8138404062497,12.285821914672852,0.22654366619099164,247.280627343253
684,-610.8142534701602,15.899991035461426,0.14684766561731522,278.9594735886558
685,-987.0688484260556,9.852411270141602,0.18036148033934296,312.46655336156533
686,-627.9689939427328,16.995121002197266,0.15221228057635017,268.27067023318983
687,-763.1090404004242,18.966411590576172,0.1955621776796761,290.3965625441161
688,-657.6252376123988,11.788680076599121,0.24883583796327002,294.4742793909654
689,-1078.852589508248,9.282918930053711,0.17570122850884218,318.1089698580398
690,-657.719559870567,25.86404037475586,0.20341039018239826,224.32568711760808
691,-884.6751934390367,9.177693367004395,0.1602449856509338,280.6760316463938
692,-631.2855150952072,13.490147590637207,0.16615888868182083,225.6570491818236
693,-704.3545504500643,13.207700729370117,0.1519796736210992,287.1853756801739
694,-668.5577433989807,13.447005271911621,0.17813152546295896,281.98871592442316
695,-975.7131030542315,11.536397933959961,0.13556057543792122,314.09832874807284
696,-845.230290804102,23.531217575073242,0.15334027834251174,245.14532199610414
697,-688.6092895633178,12.847504615783691,0.19659877377125667,253.27028922132916
698,-816.6219196462625,8.606766700744629,0.1840007455466548,288.92048261235504
699,-876.4712971641992,10.331003189086914,0.1938760343400645,297.78897825188295
700,-858.1891900388262,15.023120880126953,0.17000666930834996,250.69714579257408
701,-547.9701174501565,15.230976104736328,0.12628287855932285,233.15488271883683
702,-767.7348865203866,10.784221649169922,0.14591576784368954,278.4213793018869
703,-1051.914047261318,9.798298835754395,0.1587653839487757,328.3360196695492
704,-586.2067060668315,22.81682014465332,0.26757650455692783,261.9627373010959
705,-642.2380827675245,10.873396873474121,0.13338687639407,273.3120829762552
706,-741.36984679197,11.206214904785156,0.15870510476452182,279.77488945549436
707,-714.0108747369388,13.249308586120605,0.21857450150855584,237.46564790060023
708,-872.562995196883,14.734391212463379,0.608368725865148,268.4710793386158
709,-303.2860442813641,30.64424705505371,0.15321101544577687,296.14640699490326
710,-688.1631105438469,20.86561393737793,0.40055673848837614,268.01960716154076
711,-911.2257806193493,12.650230407714844,0.22048285447090166,286.6896088394306
712,-793.2591688258414,16.07299041748047,0.30597840709378943,260.9812736503502
713,-926.8611130427732,10.923396110534668,0.3469616485526785,299.65307084376735
714,-815.4866174259286,16.05919075012207,0.173085857728438,259.62478839405964
715,-831.4352778408902,12.308271408081055,0.226490424516669,275.9172637236475
716,-540.6987211864516,12.150591850280762,0.23070797847321955,235.47401200202847
717,-850.0466449754338,10.68967056274414,0.3731219483888708,311.71028521624794
718,-1016.4726145747148,20.6198673248291,0.19080330836368375,252.62881659966507
719,-828.3004877746471,15.859275817871094,0.2998901106475387,292.6371018960881
720,-1202.9629250155963,18.069547653198242,0.14392068291363103,330.2040267170112
721,-838.0770814978266,23.56344985961914,0.2644514167768648,282.35374915669394
722,-1043.1523814853272,10.999268531799316,0.179257143940049,296.76037096079216
723,-871.1156486640688,15.037059783935547,0.23558398905879585,269.91803113259726
724,-780.6140311746176,12.050719261169434,0.17639375252474565,296.6655754647286
725,-888.2247755468038,10.456758499145508,0.29752411460503936,291.38357250050524
726,-836.62315556985,15.893689155578613,0.286500370973954,305.0195172995842
727,-860.4138097311836,15.007293701171875,0.2513880568294553,278.31136030961613
728,-800.2623645242462,11.747964859008789,0.2794397179968655,262.56295957571854
729,-1052.1667567448742,12.961405754089355,0.34993082653090823,311.99898507139704
730,-764.6152029581388,12.447901725769043,0.2782753762585344,294.59277127255956
731,-1182.2442114005419,11.535945892333984,0.5457713516661897,366.2088035477633
732,-874.0318475459053,25.949466705322266,0.44446860763127916,305.28568759930295
733,-596.4842165771101,20.545265197753906,0.34359865947044455,291.56336657741247
734,-1089.3607158116038,12.584716796875,0.46449688929715194,322.2080302208257
735,-1094.48656203859,16.540058135986328,0.3017527095071273,334.2185271242647
736,-616.3616489589086,19.941164016723633,0.22870984387918725,270.42225546328154
737,-982.3956388076563,18.88618278503418,0.4139780102414079,295.1763377868259
738,-850.187562259142,9.543505668640137,0.22911773328814888,287.14737382332464
739,-818.284667884616,10.924666404724121,0.28620984182634857,280.0330898181249
740,-804.3270933060671,13.120929718017578,0.18955321507291956,317.04301032565377
741,-813.719927402191,13.363570213317871,0.1965250895191275,288.8173850531692
742,-814.0906064751633,13.048497200012207,0.2747560071729822,266.39055691928286
743,-916.3084645420503,11.83212661743164,0.3030574866279494,273.4778318812073
744,-729.5330055381096,12.892106056213379,0.4090585157100577,292.8380335916038
745,-699.8078128335405,13.76719856262207,0.3086272514919983,264.1735862018982
746,-935.0810892945213,13.002751350402832,0.22716417824631208,277.53099518434453
747,-828.4126322019853,17.30169677734375,0.2591911144227197,349.65959950384956
748,-628.7964384471074,26.632535934448242,0.3064875700947596,278.6240304851064
749,-1108.4793637902546,13.158621788024902,0.27111642596355523,302.6714160119724
750,-859.0949606870232,23.4421329498291,0.3000213897175854,299.9193131336548
751,-586.738153351962,18.955778121948242,0.4491329965821933,265.5824302890645
752,-1103.3516304383957,17.26981544494629,0.29438567539909855,313.76579265431144
753,-1157.8787426263796,25.480464935302734,0.4181874443311244,357.3993135583689
754,-1030.560259120465,34.232818603515625,0.28444406310882187,336.0628649936266
755,-667.1106174483361,23.240968704223633,0.22760589533208986,207.78867196497734
756,-1038.2725500626393,18.610668182373047,0.368434543182957,312.02408443898054
757,-744.425347119377,19.637096405029297,0.19908274700537731,318.1627729427464
758,-602.0656256162046,21.987993240356445,0.2420040701617836,305.91765836438253
759,-1109.2200668858532,15.63286304473877,0.22257481352062314,317.58546076760325
760,-781.229861476492,19.089685440063477,0.19012443574501958,255.28064754256442
761,-1255.824083926635,32.120567321777344,0.16465997542150035,308.08216270917666
762,-1349.766227835016,32.028438568115234,0.22602575675409753,362.87705964573735
763,-669.1800716281826,29.5123348236084,0.2151448506701854,280.23761104637117
764,-1150.5938454963264,15.744622230529785,0.21653064906786312,336.98129413840326
765,-954.9981656741091,15.768301963806152,0.339876931233448,317.7251940300277
766,-1072.3216177837978,17.860492706298828,0.3105853661108995,333.3544459326727
767,-940.5870379200451,16.371978759765625,0.37637544905010145,304.91068833005227
768,-725.2080970318988,20.196002960205078,0.2956973608597764,311.0805511719532
769,-751.1862882428233,25.390010833740234,0.3619206340081291,325.0791877487865
770,-665.5560714529832,18.187332153320312,0.25220654734948766,261.8278092302008
771,-781.6595638488589,13.752755165100098,0.4723895887727849,288.9584620915586
772,-833.6069809279816,18.39495277404785,0.4575933072483167,329.8192221737962
773,-631.9956135520035,19.909957885742188,0.3014591048267903,259.3207437219392
774,-970.7685058337124,12.353221893310547,0.19642762670218872,311.5117463901688
775,-601.6711399619788,29.44988250732422,0.19211194537263054,224.2196384734663
776,-1147.1171528753684,22.008642196655273,0.1959452878159027,340.98676736478615
777,-1126.4517947534298,23.481473922729492,0.19574018476512833,330.2672500966469
778,-1048.7923714297049,17.774932861328125,0.19637386917142408,283.36266836364615
779,-1338.8005307755905,41.652095794677734,0.19458325973118917,380.47776605790415
780,-848.0266002022236,15.27235221862793,0.19260481820401765,278.7596916899863
781,-769.142667840815,17.026447296142578,0.2175627422184334,306.10122466631844
782,-1319.4039581973723,40.80234146118164,0.35602695896523073,364.2852330179399
783,-951.027944454393,10.650447845458984,0.18679118459340316,296.34896318922097
784,-1086.2075937566992,20.69590950012207,0.2055670693571301,339.9199027574376
785,-670.5827224215471,0,0,239.31240534620767
786,-1134.4911984758562,24.08995819091797,0.20542957085126545,360.44876709565153
787,-923.9603212422754,29.9654598236084,0.4120755716867279,310.4789949241741
788,-846.7654482542962,13.863697052001953,0.22553424176476256,342.26213040253
789,-800.5471206661742,23.795879364013672,0.2404723847648711,321.72771029353333
790,-932.9549021853462,19.168336868286133,0.23526858735567657,339.9666277395378
791,-835.5319364896117,20.247934341430664,0.5798633474914823,299.5998024022932
792,-947.9161094542392,13.179230690002441,0.3973232877324335,320.9005653082219
793,-1078.3935946799163,12.386322975158691,0.21807311213296998,317.6242220257984
794,-835.4350736557653,18.631610870361328,0.3442003634845605,305.48758993202836
795,-492.95320061004804,12.997572898864746,0.35285816206305753,212.75675962111893
796,-846.2700456402301,28.572084426879883,0.2582888329998241,293.710778357361
797,-1225.5418057806553,13.205917358398438,0.3029602415190311,349.7742173012421
798,-1198.0620767958465,26.91558837890625,0.27780682273441926,354.9167699146878
799,-943.21813684748,30.82408332824707,0.24599099090119125,334.8807406456043
800,-833.5731224682927,21.39352035522461,0.2946450133822509,325.50103753671954
801,-978.7325116454916,13.188904762268066,0.21185890344986547,311.06654456100966
802,-782.3442562758111,14.997638702392578,0.2230212028225651,290.0236611981594
803,-1054.3243209542509,17.937480926513672,0.2305798396919272,336.4732945626019
804,-1089.6051506056685,21.790178298950195,0.21381928119899385,343.63390161652484
805,-871.2148142300697,20.4118709564209,0.2077835546137976,313.8016116061585
806,-888.5434765386265,13.716739654541016,0.2602987040008884,291.1913031910349
807,-986.1442361562367,13.025733947753906,0.22190551403764402,325.5798194359494
808,-1046.740631430324,15.844958305358887,0.2360262867223355,295.093618995222
809,-850.8673042205903,17.113065719604492,0.20335427643703952,278.3226483854231
810,-1107.3133770722477,12.547786712646484,0.23997584663447924,296.66569587060474
811,-970.3222841135726,17.098922729492188,0.19949922291269218,309.2900634126055
812,-1044.4621873443948,14.06364917755127,0.23670541652245447,311.0308749805316
813,-1069.6078972093055,14.728909492492676,0.19641376990708181,312.8459966434387
814,-1395.7989908489692,21.075119018554688,0.19562915793899727,351.8304053970634
815,-1223.3065510870158,40.499385833740234,0.19785368104521694,346.8939043478332
816,-999.1153382511518,23.880081176757812,0.2317061272515275,317.9241993011787
817,-964.5672271192694,12.82955551147461,0.34873351054557133,306.1434849968015
818,-1049.097194560796,14.707451820373535,0.7712715048692189,311.0070331795457
819,-863.0181087186638,15.206583976745605,0.2194471696738045,311.10486462896387
820,-964.7487703597818,15.304106712341309,0.33781841438030824,272.13601695578916
821,-1149.0615065014172,16.208406448364258,0.29396612347773043,342.3906775725823
822,-794.4952511544449,15.94442367553711,0.2520871573306067,267.3753966975329
823,-1206.0933220792983,16.10515594482422,0.4137725672626402,342.639159913925
824,-709.8210903411183,21.234058380126953,0.265301480780181,254.59255749904355
825,-994.1142894231587,26.154245376586914,0.31224879711226095,322.1941818726947
826,-1005.1401719764365,15.938847541809082,0.3182178661809303,312.10341053636955
827,-774.5594764792728,20.052330017089844,0.2880101828413899,269.62797015474246
828,-1004.4398020950558,16.76390266418457,0.32382738700835034,337.90783767230374
829,-1453.1493586246463,19.42138671875,0.24666741131659364,366.3163837995995
830,-849.7076859861539,45.92854690551758,0.5555597484926693,268.5610249930173
831,-780.3062354160663,16.25787353515625,0.49088088420103304,209.41342888702454
832,-967.3203692258895,26.452579498291016,0.40628459566505626,322.5633383112971
833,-863.926599795105,16.729721069335938,0.2202533663903523,311.5634216774952
834,-1110.577653453096,15.059927940368652,0.2971890001936117,328.8404414451764
835,-744.9048452028737,24.09122657775879,0.24380366152399802,296.3513533577478
836,-1357.7565480214014,19.161258697509766,0.2491981973835209,376.4077605892052
837,-685.5583643385322,36.655696868896484,0.2633681957886438,263.91280207474625
838,-764.9007017825815,16.102121353149414,0.2367933812111005,253.7782030726309
839,-822.8984239029244,16.117544174194336,0.44597785934456624,301.25457316630616
840,-924.4057558325668,12.153692245483398,0.2216560921740438,319.2057805877186
841,-911.5436466678296,14.571988105773926,0.2768456040575984,323.5563522539069
842,-1262.330560381705,21.36488151550293,0.3340255029615946,362.98656561483875
843,-1146.9145647566475,35.89692687988281,0.23338438331393263,315.29111653766233
844,-1228.1646262238353,18.757225036621094,0.335956418493879,372.2305605011981
845,-1126.5721124330616,30.103546142578125,0.2716594281300786,344.7421233016332
846,-753.6128715466613,26.464658737182617,0.2691940870208782,261.8637892593089
847,-945.8330544882109,12.180764198303223,0.4498033176641911,278.89992771134234
848,-873.3666926967612,17.21889305114746,0.291843899525702,315.73265371796197
849,-1056.0815241890548,16.141029357910156,0.3552916106709745,304.067711759861
850,-950.9838674426843,16.854928970336914,0.22429031109641073,336.0868130750571
851,-719.3319590364008,25.73236083984375,0.1919850345384475,285.9871782135215
852,-961.6191483844693,14.879209518432617,0.2077868020387541,275.3934726700086
853,-1027.287051505343,14.994324684143066,0.2385820797207998,312.21248423119675
854,-719.3937674183354,13.984354019165039,0.2909176284010755,271.72017670928835
855,-1201.8819432479706,19.454029083251953,0.23520852201545495,353.20825961502754
856,-1149.9649381928098,25.405630111694336,0.2632947132078698,352.34707864837515
857,-883.3972181607182,25.625375747680664,0.2846179468979244,259.09969150473404
858,-977.1367287176066,16.83403205871582,0.20293041004242696,275.1945090428033
859,-961.6327794386508,15.703246116638184,0.22846468582793023,327.2470892578209
860,-811.9259731262855,19.463247299194336,0.2662497683559195,245.96631444488438
861,-914.1575119341302,14.022176742553711,0.24361591237175162,300.60301520781377
862,-681.4519934480937,17.074562072753906,0.27498954426846467,239.05230798698173
863,-828.3614444237543,16.10042953491211,0.46122274617664516,269.06716174279427
864,-1046.1862658538992,15.002166748046875,1.1582943439716473,307.34541544175323
865,-1029.331191217223,16.396530151367188,0.7492273366078734,320.5855546153776
866,-1303.1520515354935,27.911840438842773,0.7029972026357427,358.551060798933
867,-802.5908252812397,26.09697151184082,0.2968553188329679,299.43164178478816
868,-1091.379499448219,18.63311004638672,0.3073832200607285,360.4050314840489
869,-574.3253186500821,32.525840759277344,0.28608621433522785,270.53194797161933
870,-874.0909071886911,19.405738830566406,0.4514847908722004,300.3446822677225
871,-782.6010602660301,20.54098129272461,0.3898891776916571,273.93706341075284
872,-1182.060759323321,20.837297439575195,1.3453177644405514,348.7698366764938
873,-1378.0763507619815,42.0038948059082,1.076002122135833,356.0458987179693
874,-1161.8509997711615,31.069690704345703,0.5016151069721673,344.12180439121795
875,-765.0400105714692,23.578371047973633,0.23930229960296856,297.52362537591927
876,-932.5413318585821,15.964527130126953,0.2572849403932196,333.07870123012617
877,-1077.047818224202,23.53720474243164,0.4271595034515485,370.94154788095307
878,-899.3934903314967,26.98590660095215,0.24621209956603707,270.2351142904341
879,-1137.5263464215582,16.99420738220215,0.21729751851853507,351.63164710683566
880,-1273.6359777016953,29.184415817260742,0.23095391352035222,386.32601645550926
881,-1137.0632383667592,28.97730827331543,0.19087375644994609,342.4736425328027
882,-844.7732617543759,14.995803833007812,0.2532873746022233,290.8392000072476
883,-1285.9421324734185,27.15239906311035,0.1615396248516845,378.63659931420875
884,-911.7397815283797,23.351266860961914,0.15910547946168663,259.6775689124409
885,-888.2542891860213,21.585233688354492,0.2593145836290205,337.1345103376218
886,-781.074195145979,24.25551986694336,0.16353527225487596,308.35597960649187
887,-1104.9702698199258,18.270362854003906,0.1697427590793268,304.5613261258326
888,-750.7092460006271,21.79332160949707,0.1702070719643416,291.88588410648697
889,-958.2902142140343,17.673967361450195,0.1669916797101223,314.8423315979893
890,-1100.5799523578034,16.68941307067871,0.1840977696047048,315.35978496755644
891,-1067.1103227811302,14.815791130065918,0.17270939206900948,332.3742198328681
892,-1036.5894670973564,18.408164978027344,0.17479905279651575,330.3642650363899
893,-792.2994087002476,13.285407066345215,0.19563584569914383,250.01862551091295
894,-1250.2601552258861,37.17554473876953,0.17186206702695017,348.5272193840982
895,-1296.8984397402203,30.81106185913086,0.17214959317675493,345.24005288890805
896,-1111.1024721224376,21.179706573486328,0.1797057354970093,343.4653322504381
897,-1098.38252396943,0,0,355.5232319496835
898,-934.4900777159336,23.37247085571289,0.20865893736481667,325.6022221938281
899,-622.3199917595631,23.427671432495117,0.18774083350808723,271.45976011514597
900,-1194.476638803185,28.807174682617188,0.2995384738314897,371.1446837644523
901,-1174.8296030191257,26.33665657043457,0.18651334816649978,361.2730908997387
902,-759.4071883598008,32.03965377807617,0.18791037553774004,318.15459127200256
903,-804.7515577814075,26.306930541992188,0.18504537243416053,315.28595920735063
904,-1396.5783585959502,22.14545249938965,0.18204043824925975,342.3797168598016
905,-1318.9027593388662,36.33097839355469,0.18336530967326325,377.9734485056167
906,-1238.6577177415181,37.117252349853516,0.18315435820568382,379.8673616716805
907,-1526.9882693820725,28.669864654541016,0.1962085524592112,380.88869835789603
908,-1305.729531216375,53.39328384399414,0.1960065714747543,360.1834645100585
909,-603.3285942034759,31.075796127319336,0.29647433422360336,265.132037230032
910,-1159.820418570775,33.021244049072266,0.22556079173955368,346.14047970675904
911,-917.234392310257,26.58395004272461,0.24797916307215928,346.34432358940296
912,-971.1550856954682,26.625328063964844,0.26272979500936344,297.8082043134302
913,-1025.9260817653621,16.39032745361328,0.2790517765934055,349.8401399627189
914,-549.5842942182828,18.428953170776367,0.25092829751156387,263.24168079536753
915,-1326.050496412948,39.5922966003418,0.2522415692183131,390.18649460620156
916,-1108.386743336349,39.622684478759766,0.22784256115119206,345.8087487381514
917,-867.6068252693759,23.52440071105957,0.22327061411215254,332.37495685729453
918,-1277.5023280464,16.7281436920166,0.2976626067611505,389.3174043234459
919,-1139.0529284148251,35.712989807128906,0.22245318196473818,325.8081646362808
920,-1523.0876427484711,20.82487678527832,0.22663055059183534,420.16327480605787
921,-1003.1427506796992,63.35781478881836,0.2369655027250701,329.9629124540147
922,-1243.9883617237697,19.1145076751709,0.25325606345904816,354.2306681257402
923,-1171.0101599006057,25.66269302368164,0.33408255820540944,317.820452821205
924,-1119.124894590705,20.39075469970703,0.32190255909517873,355.6435044480704
925,-1144.945503761218,24.39310073852539,0.3168421126611065,357.6740156875581
926,-1231.8353537059884,24.65611457824707,0.30334700940193216,354.58650138175244
927,-859.1005714610858,29.09926986694336,0.5848112063249573,319.766801683798
928,-726.8294837389363,26.80839729309082,0.3852904754676274,324.57878327652514
929,-1114.3755934617795,27.066905975341797,0.43320545824826695,327.4177790598577
930,-984.4611021253343,22.090866088867188,0.34976202241159626,340.6522753889328
931,-1242.0319344076286,20.984148025512695,0.41943568871647585,350.53987631057646
932,-1019.1150289038387,27.330148696899414,0.5394559869018849,329.126065743261
933,-812.8024491272242,20.56048011779785,0.4567906484444393,313.49512052814566
934,-650.4478589086438,18.91678810119629,0.4002231195627246,243.57012669186912
935,-1071.8670877308339,27.790267944335938,0.7214688449166715,332.1334249524786
936,-1031.2551324974543,18.23354721069336,0.6471126872347668,360.565217251578
937,-967.0447211264573,20.421232223510742,0.3403963342352654,301.3278418618854
938,-1045.13323616147,14.563565254211426,0.3308162674002233,347.2796005063038
939,-1041.3036148047493,18.484622955322266,0.2562346067641563,324.51622757812686
940,-829.8085175653508,24.146223068237305,0.3221041606302606,303.98758849872684
941,-861.3697744934888,14.323054313659668,0.30714202966191806,275.7850477674644
942,-967.0778541682804,17.64259147644043,0.5318716879410204,294.5490901595117
943,-871.4550148420649,15.445588111877441,0.40574258877313696,282.8677193200409
944,-1019.9307288990441,15.362377166748047,0.26008230794911924,350.3458189647314
945,-716.4130146614198,22.96571159362793,0.2622851829009747,295.8872000006779
946,-1218.8398425405746,16.28119659423828,0.28715587851002056,359.7964398010122
947,-516.4086089225947,32.98310089111328,0.34940872889274033,239.08481391062324
948,-818.680082109597,23.795469284057617,0.31797250385716325,325.9202469310595
949,-589.6118215441455,24.021574020385742,0.27706117480030557,284.03195044575995
950,-1009.0472408390673,18.40738868713379,0.2828231405951094,316.4870711881192
951,-1304.14464954811,20.995389938354492,0.5655916828545742,338.8527344552194
952,-974.7129423516345,42.063941955566406,0.5393800203455612,283.2063653643926
953,-1189.2821720260526,14.696460723876953,0.5488878744945396,359.2210881131193
954,-945.3444350571198,33.60860061645508,0.2605335140074203,315.4136305916456
955,-977.9717860566287,19.93512725830078,0.24321635286640308,316.43697620437354
956,-1256.4901762684196,16.50444221496582,0.276509807601542,360.3674991178281
957,-855.3138187810184,33.95689010620117,0.4089462225092575,303.51985951193717
958,-884.8200126851369,11.92370319366455,0.20455081836715294,313.3240190395614
959,-1018.638779500292,12.862131118774414,0.19964859490482922,328.9597635739981
960,-865.2821693351054,17.0035457611084,0.19042016620616597,286.53975459756464
961,-904.9994715715181,17.82468032836914,0.19110638128267965,318.2844552115904
962,-1211.961195220483,16.581275939941406,0.3605691598058911,360.44132949234876
963,-835.9193029394033,22.068119049072266,0.18266340475277112,309.40304799950985
964,-1004.6057201685375,14.843018531799316,0.18243661053316185,337.47544290716047
965,-1062.7517928387904,20.952669143676758,0.23589679101132788,321.6752773110234
966,-937.520650998146,19.36135482788086,0.18478722367331102,331.0454607336437
967,-1191.66083192378,18.23725700378418,0.21021279690830852,381.9016553563216
968,-1253.2817702978582,38.403663635253906,0.1827168877897665,356.92966613790037
969,-1471.7300297960435,30.152053833007812,0.18505929573079616,373.75748643183
970,-648.5120320614216,42.05862045288086,0.19531349953558674,272.39370880911946
971,-847.9033244130071,22.105182647705078,0.1949102484402374,315.3422674398441
972,-1068.5879733252095,15.455998420715332,0.194467628487479,367.2920084157663
973,-844.1191668416751,26.736604690551758,0.19518726349958637,330.56888795799483
974,-1119.4833786803663,19.33942413330078,0.19627939660529137,348.1615002855379
975,-789.1154776038034,22.282794952392578,0.2162277395291312,279.7692369118938
976,-1004.1757054074004,16.851051330566406,0.24071759370417567,339.38371638873036
977,-1172.9970006058716,19.853008270263672,0.19487828828761877,325.072907660228
978,-1216.134650143202,21.696073532104492,0.19651660326820775,378.1778282570913
979,-740.815518657951,38.50953674316406,0.19774483482774485,284.76582281162905
980,-1141.3195735499203,19.98298454284668,0.1971900034366607,366.4003398113808
981,-780.7121141309156,28.435890197753906,0.1981594719579789,300.4883182695312
982,-701.5245132244954,21.24049186706543,0.2783991077594692,294.9370247589392
983,-1041.1577703593714,16.1793212890625,0.21695973842361127,350.053786140803
984,-1042.6453204821462,20.604446411132812,0.2316199722190504,341.1560050519105
985,-930.6159605834504,21.851518630981445,0.22163002547677024,334.59390667290654
986,-1023.238449322889,21.04486846923828,0.40943737569614314,360.28368118421236
987,-1074.9786796663323,23.57701873779297,0.20038280038852463,322.65199257023244
988,-706.1763465262245,20.383045196533203,0.2218214596159669,279.5831067094021
989,-951.9106316646929,16.111793518066406,0.2435414987266995,278.18300469474144
990,-839.1741427732964,16.369977951049805,0.21100172356818803,298.45704449033946
991,-669.5243579916042,17.157428741455078,0.2453088312977343,262.6629104626504
992,-1087.5495117471794,24.78900718688965,0.2890720980867627,324.63205531260445
993,-519.5295568299864,29.210411071777344,0.2549434340216976,288.89703280020655
994,-1010.6119077750944,19.722795486450195,0.24450749230527435,329.5998098020678
995,-924.4426234798659,18.637266159057617,0.2904158899691538,314.93449816709216
996,-782.5050990772595,15.955100059509277,0.2809666696084605,272.0809689389246
997,-814.2336113603995,13.90258502960205,0.31206425307755126,301.35603219782615
998,-683.2750193475173,13.247920036315918,0.32042299414024455,286.2165281784452
999,-974.7469480183296,16.071929931640625,0.3360533060185844,315.9811998577889
1000,-931.9370472534168,18.4544620513916,0.30234654672858596,289.6762747734343
1001,-862.1027861575762,12.921578407287598,0.3790899250889197,284.7504658211359
1002,-1051.712759848313,31.817975997924805,0.2966016863283585,360.42995668405433
1003,-1244.8570764730462,37.25646209716797,0.3881368903676048,358.76635064955514
1004,-979.0767304737491,21.976316452026367,0.24975256504785648,318.1966411095939
1005,-520.3463693750929,17.771018981933594,0.26853935746476054,228.52523860213802
1006,-1057.4290840359533,29.67275047302246,0.24649724139089813,348.6394299571409
1007,-910.2342305033648,18.912670135498047,0.21053683123500377,325.58825321300804
1008,-661.8397068884774,23.724294662475586,0.24630636472284095,273.2915531731335
1009,-1252.5178693040866,0,0,351.7183097124097
1010,-878.5748866697694,32.286624908447266,0.18810888549284543,299.0383687376716
1011,-879.3533527602425,16.94152069091797,0.1785281435826428,339.05212076092477
1012,-738.544131430325,24.58935546875,0.1715843788744995,312.59681761207474
1013,-979.6998383971282,17.818912506103516,0.16937502375824565,352.65984486084056
1014,-907.8167031856863,28.122434616088867,0.1868379566785734,290.22142446254907
1015,-987.1685680699734,14.264606475830078,0.1639457143611897,325.41378972941226
1016,-715.4717660564976,16.613632202148438,0.16096595450052886,267.07637212831855
1017,-1149.75170390416,19.298538208007812,0.16148240598122499,322.33820025158195
1018,-939.0155043195199,25.498090744018555,0.15854232067669738,303.54487873111736
1019,-1067.4951877238263,15.582383155822754,0.16692062869242363,365.0526796701126
1020,-1136.3814155914342,24.276466369628906,0.1536199098528051,338.8746925311587
1021,-951.7521108090432,21.317411422729492,0.1526344402273683,323.80422741954555
1022,-1023.169412107658,15.30173110961914,0.15506073257232322,322.2135063432564
1023,-1051.9395218814723,16.889923095703125,0.16083760368209266,336.2070152340843
1024,-1090.0643895975006,19.375900268554688,0.16964153321046838,310.57250980942956
1025,-967.6062819571462,17.42976188659668,0.18189591847440734,317.3572691030099
1026,-1128.572093923135,20.07245635986328,0.19392625581765088,365.5329272593228
1027,-1320.5135204094597,24.754087448120117,0.2096020482215204,361.4240408105471
1028,-998.5560475684211,35.415496826171875,0.2320396608359785,341.81045945036874
1029,-919.4100852775954,21.640966415405273,0.25362376958164035,336.2840832593931
1030,-1016.261151946651,22.78886604309082,0.2679966127082154,350.4323649736385
1031,-1033.9479508059771,19.596914291381836,0.2799703584345261,351.7565335092986
1032,-1102.1462163851522,20.56839942932129,0.2918801221778722,344.7352058402393
1033,-1140.7357886716493,20.247272491455078,0.29845238354701986,331.93767978108104
1034,-961.9078247556672,24.649911880493164,0.30776303984912445,354.61002912326677
1035,-1029.2822214113176,25.482662200927734,0.3119570413648711,355.4092463773021
1036,-839.6572436394431,28.165346145629883,0.31424205526593596,323.94534274219296
1037,-1165.9135285258155,19.969911575317383,0.3092265281344,366.52019265324844
1038,-958.0814340878582,25.66057586669922,0.3163693055175827,306.21424521410614
1039,-745.6973827159699,15.384527206420898,0.444912670442136,306.6025183993634
1040,-1118.8816479135003,22.788747787475586,0.295525258124401,339.13488411035974
1041,-605.6780064001819,30.33856201171875,0.28716748269268777,303.3650241809577
1042,-957.7378798726426,24.168930053710938,0.5488119634101167,316.6973062054724
1043,-1264.4426312272972,22.38467025756836,0.26485064363986055,345.5907108172336
1044,-814.9169629316192,35.37282180786133,0.25965413071334353,328.37512481758614
1045,-789.9316989434386,20.84774398803711,0.2543124248874338,332.42208055685916
1046,-954.7903627277502,24.76873016357422,0.24957509839091752,304.66523862723375
1047,-1100.2796234665495,22.079652786254883,0.24651750681313445,342.5999387297637
1048,-886.0075462822412,22.314498901367188,0.24516671644959387,301.60364882358016
1049,-882.6798275054409,16.45683479309082,0.2439050113475334,325.6783482114756
1050,-778.6765711615678,17.09148406982422,0.24236746819248545,315.0737750448276
1051,-1131.980257924495,22.27045440673828,0.24096056683330613,345.82505395297073
1052,-1139.7549548772406,26.031869888305664,0.2413429928525973,318.04596883249985
1053,-1098.393214299475,27.200300216674805,0.2442852111724445,325.5212359976379
1054,-1354.454661289716,26.316091537475586,0.249932429782449,351.5565073983607
1055,-825.9816970014327,46.89544677734375,0.26093392853528585,257.6231541640001
1056,-989.505334511897,18.235445022583008,0.27226563434510354,307.84153531132125
1057,-510.6053830627374,19.872190475463867,0.2821353203041337,262.8456597320849
1058,-1008.5410928702121,34.5285758972168,0.28590762094293076,329.1859895532034
1059,-877.8297995637688,25.076723098754883,0.2917743807219848,257.0931088735425
1060,-834.02297897347,21.901796340942383,0.2946688401206998,313.79467580775076
1061,-957.4487084592006,23.186908721923828,0.3298108905655681,285.89988212782356
1062,-573.9487783627607,29.575885772705078,0.2936796366346215,314.0323386395526
1063,-1015.0586342461089,20.95346450805664,0.2905023534768061,301.4115608617428
1064,-1062.1246141472195,20.32270050048828,0.28825172060283677,288.39408108489954
1065,-685.2976863331348,20.029909133911133,0.28791743044826035,299.23874887458174
1066,-960.2090951803056,28.584142684936523,0.2818013586463519,347.17328735015565
1067,-879.9550414741767,23.891613006591797,0.27826189416192904,336.2466045049093
1068,-962.0684037910434,22.594385147094727,0.43232792991329916,304.53489941942433
1069,-989.3594448269224,19.090747833251953,0.27335624074451204,313.10924108279755
1070,-726.9939206786449,21.713396072387695,0.2731264681715402,300.9316871246926
1071,-1093.65369083331,19.876005172729492,0.33491796258749673,361.4359658536981
1072,-1063.078663481891,24.385082244873047,0.2667472005517113,367.34682223572383
1073,-1321.6110377186724,29.93712043762207,0.2647933271100271,400.2633810660729
1074,-738.115505632128,42.34234619140625,0.2648120822211695,255.35820379210963
1075,-923.6455071797111,26.24508285522461,0.25985757365119255,300.9434785706391
1076,-658.5707135025802,18.401309967041016,0.2581156300772349,261.1360151679216
1077,-1051.28958704892,25.138916015625,0.2564717219096293,290.58409945904884
1078,-1039.5128983713641,15.936147689819336,0.2551348020405726,314.76529500438556
1079,-855.5836183853362,24.427404403686523,0.2782333965478756,317.16113719352825
1080,-648.3780597274268,23.6143856048584,0.2526169118109749,287.04131219649116
1081,-923.4652073580722,17.896129608154297,0.2513231477026636,242.62594651570785
1082,-892.659864487036,21.10264015197754,0.2505138571241199,284.7706058001469
1083,-713.8378064930179,19.829490661621094,0.2507843149934139,275.2147386138668
1084,-540.5419473459533,27.19462776184082,0.2533782312733699,288.42211954942036
1085,-1056.4373527556302,15.759763717651367,0.25655254614673484,296.2852477521826
1086,-1082.3048469193861,24.73572540283203,0.2577118117069448,303.09052158923913
1087,-1145.7077794000463,23.45831871032715,0.25727987609764114,358.12064717024344
1088,-600.2968024238586,28.325109481811523,0.26048199999877397,205.848566859412
1089,-811.385696677407,22.966894149780273,0.3242902562196832,285.74722107703934
1090,-1064.132363968521,20.818387985229492,0.2539573664584567,277.0173965642256
1091,-1141.698494917038,26.32868194580078,0.24971304208457168,343.66521729630693
1092,-1077.1134078377686,28.564197540283203,0.27471049539235537,306.593066728585
1093,-944.3694963096741,33.05775833129883,0.23612832726774968,274.70812788928146
1094,-674.427077862494,20.936649322509766,0.23464133013203536,290.68081941537207
1095,-710.4541110267035,19.675804138183594,0.2799764100345783,298.33600143339453
1096,-1015.7247919575832,16.345115661621094,0.22672247231776055,320.6640831463801
1097,-1112.0456215954619,24.60233497619629,0.24926818869425915,335.5887448299485
1098,-849.0180585430022,23.919750213623047,0.252717045834288,292.21506941010233
1099,-894.902304351057,17.22058868408203,0.43979042340652086,266.9777125526907
1100,-882.5322268692584,19.80180549621582,0.32540755326044746,320.41781998899097
1101,-986.1697467924407,13.097234725952148,0.3058018644733238,304.45952270627174
1102,-974.9010044399732,18.41814613342285,0.44651094649452716,314.2648438482953
1103,-862.0634776813091,17.12769889831543,0.3590264468220994,302.8218770124856
1104,-851.5100270425615,16.759132385253906,0.235758068094583,264.3631796043734
1105,-1201.996640299882,26.956817626953125,0.2683384337069583,330.4301983697848
1106,-813.954179901525,17.873626708984375,0.22824543898241245,277.4036419728555
1107,-800.2535825577817,17.958934783935547,0.2832589654281037,295.4910931403049
1108,-874.620023023903,18.627185821533203,0.256878985928779,240.33056383540625
1109,-696.4186406535954,21.489334106445312,0.34686150902416557,288.11042610330975
1110,-516.5017266682033,34.164249420166016,0.21794368409609888,311.3565113164759
1111,-865.8384540663877,20.66231346130371,0.21686020922788884,292.0986416055439
1112,-541.6684868597284,24.85761070251465,0.3830808933998924,246.19608368087486
1113,-923.9269895826468,22.916357040405273,0.32272077884408645,286.48764153732935
1114,-961.4953803450635,21.229433059692383,0.2629101930469915,293.2227171549415
1115,-784.2295530882308,18.948640823364258,0.22377917655272483,306.1059763642019
1116,-964.0962104732212,22.910242080688477,0.22549336785834306,278.3019713402796
1117,-940.9398078033677,22.3981876373291,0.2780713520551217,314.20191133427056
1118,-769.9753233707822,12.501897811889648,0.23058875127844658,257.33955821292335
1119,-683.2260976058147,20.512432098388672,0.23178660873963963,233.65173541133458
1120,-782.9270445703795,26.2038516998291,0.22438341899010084,282.36724606537496
1121,-743.577910633956,0,0,292.6092638496747
1122,-453.23068662068334,17.635805130004883,0.26490554014162626,279.21974011730805
1123,-1057.2979735977979,27.578536987304688,0.34935943884192966,317.1286715099863
1124,-418.55380355933875,24.652462005615234,0.23807178697322073,255.1623824399041
1125,-891.5375718815959,25.00678253173828,0.5134279949706979,305.9770654697159
1126,-1143.0060210594481,22.46648406982422,0.3703201514144894,309.4113998639297
1127,-1072.807313622937,33.4111213684082,0.2524936141984373,297.8873158564632
1128,-917.5793680341432,38.2125129699707,0.24195122230094057,284.2365930510107
1129,-579.424761888035,20.57027816772461,0.3598875044117449,245.80244240392767
1130,-1320.1730291907377,17.966033935546875,0.22260110627608687,321.49919140719624
1131,-972.3149562756673,49.52986526489258,0.23589629617708852,319.420726107393
1132,-982.6894447635362,18.7332820892334,0.2150466034454439,300.2836729924302
1133,-1116.8370500967123,19.62653160095215,0.2575383477524156,294.82625746759214
1134,-719.4402983225112,27.488826751708984,0.1958114919689251,253.51981916413794
1135,-937.3594094194531,18.790847778320312,0.25067346994183026,302.5914145051344
1136,-1115.4310632586405,20.263853073120117,0.15048257336638926,255.8088948652809
1137,-868.1781623850978,33.876991271972656,0.20873521707108011,273.66963395499135
1138,-732.1230421159311,21.293441772460938,0.13750655240073684,286.7389753106296
1139,-1195.2045822139435,18.09023666381836,0.14423910648656602,341.63330362332357
1140,-799.7189381897485,28.502317428588867,0.22036140970885754,290.77934708270254
1141,-557.8249315657065,20.501670837402344,0.13760816205285664,262.04568445519067
1142,-875.3527911713155,31.26898193359375,0.16995753080482245,329.8374745281494
1143,-889.33224928018,19.692588806152344,0.13452254313772638,280.41117345974897
1144,-793.3969488348259,21.284440994262695,0.13293449708110971,301.886484192319
1145,-847.0668012640982,22.19010353088379,0.20089452428510413,272.5434020473627
1146,-904.4444238640194,17.869600296020508,0.170150474714319,281.88730650933473
1147,-818.838031590282,16.508394241333008,0.13519869297510922,264.52306230797836
1148,-1084.3970162001765,17.863061904907227,0.13508297875258202,318.93435999675603
1149,-858.7384456983668,22.837533950805664,0.1364510437987294,303.0661522068595
1150,-1165.2126691637188,17.563161849975586,0.20178740310075227,314.7402247142041
1151,-1326.7343602650033,26.39533042907715,0.13628799074870684,359.5241606783324
1152,-1181.1016324577556,46.13691329956055,0.1327468408234166,322.0910758027766
1153,-930.6220768287867,27.43934440612793,0.13144446029477308,314.0970062268411
1154,-844.0343680544207,18.025493621826172,0.13647098523733803,254.61005350928318
1155,-968.3865832651542,20.969240188598633,0.13758745895626134,313.93747840391393
1156,-1117.0535276453002,18.47061538696289,0.1615150234392786,289.5030477405144
1157,-908.0888518405618,26.025667190551758,0.16251499261943536,267.6417967917542
1158,-955.8488972149439,20.44660758972168,0.17398577801031934,315.1645106930039
1159,-803.0032550324224,18.878719329833984,0.17577217690813995,256.53051614793213
1160,-1255.560960116777,19.14440155029297,0.21231025653833058,313.56007236174787
1161,-879.1356061762931,27.499731063842773,0.2047848204310867,276.35987944182193
1162,-996.2267241397336,18.61046600341797,0.17592392015973246,311.8277872460752
1163,-1067.2871966641678,25.909379959106445,0.180154257763661,316.3890721896341
1164,-955.1749884471758,22.488807678222656,0.17801786673012998,297.950840882092
1165,-971.7059958288174,21.961353302001953,0.1774454298654149,316.07387596399826
1166,-896.6486781957727,23.39685821533203,0.1781019456057038,277.78384644888723
1167,-1272.4353279751465,19.458513259887695,0.1758420241632912,364.2996485425269
1168,-704.6580569749668,39.38154220581055,0.22239464758240501,278.84067885154076
1169,-515.2669383140184,27.756040573120117,0.18980880249364418,266.60468925403944
1170,-826.9630791354317,24.692689895629883,0.169503896711376,275.00157774947536
1171,-943.3492334254397,25.134052276611328,0.1776036474002467,283.3503764396585
1172,-941.6710713062449,19.654441833496094,0.15900027349096463,307.11676648667935
1173,-743.6591363085389,19.79055404663086,0.15842677417845152,259.55723461513116
1174,-789.0958377919233,18.741310119628906,0.1583752723577163,284.0091161083203
1175,-1079.1690380169698,9.447102546691895,0.1567042827500672,338.8811617488087
1176,-818.3412457959328,26.388351440429688,0.1582017992262763,297.097438424004
1177,-865.8713515223334,16.42704963684082,0.17626621005001653,287.67396992409846
1178,-525.7250177863771,20.508541107177734,0.215915953493095,237.37155394585872
1179,-1072.1410188236594,22.682342529296875,0.167265354016763,277.9002157032582
1180,-742.6009361613236,26.75123405456543,0.17267711233034788,247.81494579631917
1181,-765.6168356252402,16.686735153198242,0.19459207585896365,287.28929917174884
1182,-796.1394188281787,17.884567260742188,0.1740611418908884,301.84634931523277
1183,-784.6734496197562,16.500829696655273,0.17027652308229335,276.2018249856686
1184,-765.6465879192302,18.014192581176758,0.1824507212095341,287.43171487148965
1185,-1000.71491059035,16.890710830688477,0.26948864037694875,339.13451169505385
1186,-1320.869899358001,32.7981071472168,0.22847746930347057,345.66287817406794
1187,-1075.9826088165662,44.51554870605469,0.18936724444574793,355.4416435110375
1188,-992.1680694663149,31.38128089904785,0.15935777775666793,316.56194807365836
1189,-820.2763237370498,26.010948181152344,0.16170739448170934,211.76184308856617
1190,-881.2216846264107,22.21540069580078,0.15177727705213329,292.9777740215828
1191,-986.1191567566592,19.884105682373047,0.14723732626225683,326.242510606874
1192,-704.8220984307214,21.037744522094727,0.150956772344216,261.36423355353816
1193,-985.7922988411551,18.606647491455078,0.14549275511240012,280.10382357763416
1194,-938.2015720007686,17.93275260925293,0.14642497713566627,294.0807184141741
1195,-807.069664085694,20.188779830932617,0.14758994740816256,259.9683049859442
1196,-862.7787042873697,21.082853317260742,0.17171315051928104,307.8371154995623
1197,-687.6391525460941,22.801328659057617,0.20871820275351638,256.34848771760034
1198,-681.3616274310141,24.538658142089844,0.1509767967417872,284.6874368488062
1199,-778.139402003086,18.93217658996582,0.15141810685661716,291.43749899760604
1200,-774.5775255699933,19.14856719970703,0.15841018718265332,265.3592015137723
1201,-940.8034123892138,24.16291046142578,0.16326922967891733,256.3053609170432
1202,-977.9981869536905,21.40170669555664,0.15573090721787475,287.8159627427639
1203,-1107.5143050233983,24.1160945892334,0.15625065213783385,294.5350922065584
1204,-881.2346085088797,24.038618087768555,0.15616972745639401,286.42530351522555
1205,-1033.9984144947734,21.431896209716797,0.15574533333063467,291.2185011294712
1206,-1018.9935650504642,21.950794219970703,0.15492197110868644,286.45585054442466
1207,-825.073495050655,19.563186645507812,0.15459289020727696,264.2900608122894
1208,-1172.8290015198,24.328411102294922,0.15469510603688175,330.3828413108371
1209,-894.5980034150044,21.946107864379883,0.15782019691368987,299.3374274947936
1210,-1219.9227466553402,25.576759338378906,0.22079964959266363,346.7574623160941
1211,-911.6965075987648,26.729379653930664,0.16873826045866736,305.60103578953385
1212,-1171.0168138311801,24.555273056030273,0.16796948729438554,331.25749832153787
1213,-1226.4639746299913,31.387531280517578,0.2089563755580457,346.7157778605917
1214,-1305.6457217133961,31.262920379638672,0.21998573025121004,336.0666339381006
1215,-730.3420459224675,30.911521911621094,0.19829687513421135,266.84021323043163
1216,-1069.5454425962353,34.33465576171875,0.20860146295137838,354.4892898121289
1217,-604.0390209002697,31.351144790649414,0.21647000784832926,234.43377447904467
1218,-813.412704735135,27.757917404174805,0.24248113889916567,287.9552776962072
1219,-1157.6185152339674,26.30682945251465,0.2698120790591929,334.6776291720204
1220,-1035.2963661825474,25.458791732788086,0.22627086881948344,334.2995586245597
1221,-803.0840702873995,25.273006439208984,0.22190325146038958,255.9047687751774
1222,-1180.5416689141953,28.665369033813477,0.20957704659440068,313.80758137726457
1223,-950.1426610932846,23.752471923828125,0.21033729169124626,302.32644674490115
1224,-872.5366300931611,23.599403381347656,0.24258520520379534,297.06564245406
1225,-793.61634893722,23.10536003112793,0.20733897382285704,311.25986508794665
1226,-1307.3298225693509,31.466922760009766,0.20744812445438754,341.3955735318708
1227,-957.5256478719571,23.681974411010742,0.2072673160369447,324.12515773817387
1228,-945.4380859023557,20.91361427307129,0.23567121183077688,324.8864095985559
1229,-866.4839767034256,20.56401824951172,0.20943552167470614,319.0101008005064
1230,-915.9247958533424,20.945642471313477,0.21022172916800486,293.7036381585147
1231,-842.0299391827526,20.038362503051758,0.2177436521542404,296.170864509008
1232,-772.8294942343665,32.47360610961914,0.2106579919611704,301.36908678597524
1233,-437.0548192557615,0,0,237.66157399368277
1234,-757.24999334666,38.364830017089844,0.2097676852022925,290.0266981166502
1235,-1029.0186283324397,18.36659049987793,0.24390156368826865,352.1643102502598
1236,-853.2709414125412,26.368459701538086,0.22167774472109159,276.9501783046315
1237,-1220.8402599259966,20.641864776611328,0.21977272524861746,370.2141449450518
1238,-1326.4222209196532,42.6400146484375,0.22799457919973065,316.5911075636619
1239,-1168.5081722098414,48.92082977294922,0.2238221888960652,309.2507556708518
1240,-1163.141336348389,30.748292922973633,0.23606896049386705,306.1587363961783
1241,-966.76175521268,29.561647415161133,0.22423892876395257,303.2223849282944
1242,-710.9270812303544,23.17363739013672,0.22683843274899118,291.4919708170856
1243,-1106.9237978086614,25.1217098236084,0.20752852200957772,307.20399672560825
1244,-1021.5723052878509,32.28567886352539,0.2729269580740947,301.7979380767989
1245,-849.0110558759005,24.65692710876465,0.20975193130033887,278.46125049018127
1246,-819.6548657034737,35.57868194580078,0.22269313710239658,301.4448571903548
1247,-839.5349928979311,24.48521614074707,0.23293159951936104,277.7124179943495
1248,-1168.1607222348498,23.693330764770508,0.21528030567327328,324.57116330040196
1249,-1114.144879425775,31.02113151550293,0.36164889139763545,317.14908579516384
1250,-659.28896774826,39.02217102050781,0.2189898256367182,291.3751000910563
1251,-895.1103869528808,29.83722496032715,0.2519086216307187,287.5691937729498
1252,-993.0252305585957,25.119565963745117,0.28047069414606085,249.3626378849973
1253,-762.8904495552121,29.951927185058594,0.22660371400320667,235.02626846360545
1254,-698.4637881203286,25.46617889404297,0.3123339839221444,251.84511426213254
1255,-974.0665384769595,27.839733123779297,0.2375236708163635,303.1620974254328
1256,-949.3002761467496,29.20098876953125,0.26997283410855744,325.3927471996267
1257,-1048.8490694518205,25.625886917114258,0.2527854683136628,285.54352092688674
1258,-1015.2883670289211,32.922969818115234,0.31114123426232254,269.8810215245862
1259,-1336.8676951259536,29.298322677612305,0.3521355020493502,371.4470463694767
1260,-967.2682452826015,52.98093795776367,0.3033431239819038,287.7610180616675
1261,-918.8052988396048,23.295177459716797,0.522158955805935,322.23399286898257
1262,-1151.4799803051324,23.75763702392578,0.2468205660068179,303.03619794335617
1263,-527.3619212901169,38.27815628051758,0.23976780718393798,266.81762135244094
1264,-628.5666934095511,29.065052032470703,0.23887599588509856,284.7317639388198
1265,-1277.986342840151,19.874980926513672,0.23936345651034685,339.89857389349606
1266,-1071.8407012535797,39.57441329956055,0.23517582007797433,310.46823169683023
1267,-1255.2962499290766,27.77703094482422,0.2304045767621723,330.6897086175438
1268,-799.5376988069673,37.6260871887207,0.22656618988642663,304.5206040669175
1269,-1164.248182431487,20.922229766845703,0.22691093545942564,310.77910370262117
1270,-1138.2618560673602,35.8038215637207,0.23130228544107068,341.4102744691925
1271,-1122.732026934134,26.608257293701172,0.2642746349774825,329.28663419142543
1272,-966.9597491854526,30.5881290435791,0.257307697593967,295.91767246187874
1273,-1113.4417760007473,22.061687469482422,0.2761804523641871,286.0231982497072
1274,-1156.0378478301882,24.242521286010742,0.4372247544088168,315.1941374907477
1275,-1276.993884357531,25.294477462768555,0.31946278137663153,367.43763650182916
1276,-1045.0075842821464,35.37636947631836,0.3422445086882133,354.15171712191477
1277,-810.5761118228294,31.69915008544922,0.36600551545097915,299.00500746375144
1278,-794.6266848048787,32.52208709716797,0.6411413187452126,283.7298069733626
1279,-1129.9646791168261,27.661855697631836,0.5047608536988264,338.80500269240247
1280,-749.8644999365974,29.32853889465332,0.37163653727946855,317.7434641521564
1281,-927.2619029034965,28.047332763671875,0.363840115590051,312.8994140510758
1282,-1147.5088959315271,22.47628402709961,0.3892908355301188,335.61009991228724
1283,-665.9844257171491,26.43045425415039,0.3446929846534137,230.92945415598518
1284,-1008.8580938224736,35.69541931152344,0.3343193386875214,308.2348048658155
1285,-1184.6825932459176,20.863239288330078,0.3271302709685337,362.2101406589127
1286,-558.9591179024966,29.02352523803711,0.3327276755535422,261.98099071071147
1287,-1075.3126668235404,30.866928100585938,0.32360826711624213,320.02882588560277
1288,-906.7641042841644,20.684186935424805,0.3229432127537315,287.72409507017426
1289,-981.6720904512819,20.936811447143555,0.3309897896142502,317.7591429910369
1290,-916.1877135905404,22.649734497070312,0.380331873857358,313.58483417915136
1291,-764.2108091679303,29.209026336669922,0.3983823547096108,336.93188760457303
1292,-1161.1009599816787,24.21249008178711,0.3657934574275714,308.2980778631517
1293,-1263.9399071955247,36.79146957397461,0.34455713163044877,333.8934465801903
1294,-1089.969313930266,38.094932556152344,0.3422089485005868,361.2499520893059
1295,-1099.8227390481825,35.4949836730957,0.34373634935127484,333.47323987391894
1296,-741.8865512456208,26.85281753540039,0.3330842887689869,280.95428219725164
1297,-794.0625796444095,22.528656005859375,0.5292856586602284,306.1898319540059
1298,-1205.2649376094316,26.175554275512695,0.3701463861470984,315.58682590741205
1299,-1233.3950367139828,29.828210830688477,0.31969112876026573,346.56452072845707
1300,-886.9282871956267,35.593597412109375,0.31362791891678954,291.02151238158194
1301,-1055.646299659696,25.225072860717773,0.3103093627792113,308.7219002269641
1302,-1139.0952777850853,21.806297302246094,0.32972090724433656,334.5333563019725
1303,-892.9726819414725,23.766672134399414,0.30749587732366024,315.11992107561605
1304,-1062.5470268398394,23.765119552612305,0.331307592750818,362.17064276309804
1305,-890.9084671783996,27.334081649780273,0.3937202425004216,267.5702789998314
1306,-1263.148398251446,25.50267219543457,0.31522527243578224,360.3159601139762
1307,-897.0919664388355,31.741130828857422,0.3286477579331404,282.3132044921793
1308,-1376.9468032195007,26.898468017578125,0.316508958048928,367.9054863319585
1309,-1051.2923786091576,33.33153533935547,0.31893365876471313,335.3048710268475
1310,-723.9077630727227,36.361392974853516,0.3274010273848944,301.7945014733055
1311,-1001.8770396593604,22.69854164123535,0.3670915279908513,335.74568747221076
1312,-1099.2087520096438,22.358774185180664,0.34405019688529137,313.58926205333745
1313,-1115.5197419441208,27.549549102783203,0.33197538323369713,350.95931062724674
1314,-1009.258338227787,30.98058319091797,0.334278373222304,325.39182866185513
1315,-1293.2236895366448,26.02689552307129,0.33635503467178296,342.01053647935
1316,-1289.5951020270675,35.89295959472656,0.33750678943677137,352.95632718274305
1317,-1004.9833130101898,31.12021827697754,0.3388386650606776,306.88658799202506
1318,-913.2575989812422,23.587261199951172,0.34076806848004537,280.20786275872456
1319,-1112.399695625546,29.899126052856445,0.3430990194639243,365.48164615804
1320,-1303.0472696463103,33.600914001464844,0.34461484186503455,359.68207276570354
1321,-916.7146671162998,26.707386016845703,0.348042552222978,295.1692192862452
1322,-964.7131631133385,29.774620056152344,0.34832612918314254,346.9187820537521
1323,-795.5713536486462,30.31659698486328,0.3529633895527158,312.2730292001831
1324,-1016.9450153616617,22.25160026550293,0.5324837047664914,307.91929197353267
1325,-1271.2352214519974,27.32528305053711,0.3964667462496436,382.32667613578406
1326,-1274.1801045454247,34.33427429199219,0.36360297444396217,332.91781968684654
1327,-1184.7173227650142,33.04903030395508,0.36232149782669865,326.28593357471505
1328,-1258.1999513786986,26.657617568969727,0.3597075885336096,340.26453247747577
1329,-1199.324384701835,28.567546844482422,0.3561446108393258,348.1504303141478
1330,-1371.1579128019496,35.97005081176758,0.3517933002730408,391.0604393171892
1331,-1099.4613738389394,29.97271156311035,0.34883488970511856,326.8929083253247
1332,-1291.016564525592,30.311548233032227,0.34719899965243384,353.7317400676669
1333,-946.0332676890076,25.636350631713867,0.3496356343885054,300.3778493456555
1334,-1205.2954770905221,27.148405075073242,0.3551515742342417,344.73079774173976
1335,-963.6983877987567,26.571735382080078,0.3689952200766129,311.269699594836
1336,-975.3511528822887,22.748079299926758,0.3631740093769622,360.549412018374
1337,-1053.8211318331,27.38068389892578,0.36275740636801856,304.2751117068311
1338,-1237.5633255736923,26.63804054260254,0.3583907079434496,322.6279278717349
1339,-1133.113202363129,25.869962692260742,0.39813931082971976,348.02638029648165
1340,-843.9404309923424,27.464052200317383,0.3875491529925057,294.85558042404045
1341,-1390.1613051771883,37.17325210571289,0.3701586855811456,375.50527838229834
1342,-813.6234471593106,23.73294448852539,0.3799792278014138,281.19405667221946
1343,-735.5748667550783,35.79806137084961,0.39307512897994457,318.1198126605496
1344,-1163.9250759684958,38.297515869140625,0.3986467548975394,382.6545760148818
1345,-599.4350894824067,0,0,304.7011505544359
1346,-1153.2090769807094,38.61744689941406,0.4214681971918708,340.3149665003955
1347,-1070.1607698992816,29.402801513671875,0.4403874695879617,335.80896533964807
1348,-989.3432645592486,24.2248477935791,0.45626902026494776,315.98412146118375
1349,-1156.1082144401905,23.938013076782227,0.4887871655955678,355.60119646734256
1350,-1062.552329095757,30.696969985961914,0.47628701215125346,258.47547527197275
1351,-1063.3077550239072,33.38337326049805,0.47785698905866525,347.18169484117954
1352,-831.8589300344509,26.427566528320312,0.4739637666125205,268.6147136637833
1353,-1070.3967941663072,24.784706115722656,0.5996237574872794,322.8144740348811
1354,-1228.2448667336605,31.343467712402344,0.46647180059341053,366.28027786927396
1355,-1138.7506554476995,35.1881217956543,0.5343819519039243,318.6285360369304
1356,-798.2873723438946,31.511503219604492,0.4942590990831377,304.16006161337253
1357,-1281.4780739219862,23.288358688354492,0.41197609513872724,386.44442734648237
1358,-1090.060889169408,44.90122985839844,0.39163044818974413,332.60444760428385
1359,-1076.259998819075,27.78778076171875,0.3662164872855711,328.7980577005757
1360,-1086.3241702693372,22.427505493164062,0.34421528394497725,356.1304836264923
1361,-1423.7803411255175,26.697429656982422,0.3254012003323794,353.35143865680675
1362,-1157.4977906741842,43.57918930053711,0.4253056395682506,331.0773903990986
1363,-1020.4646163740049,33.71261978149414,0.28967509519725354,325.7392002129106
1364,-1233.3783968891144,26.387189865112305,0.38902516110101715,330.5689690042164
1365,-1266.0372316746368,26.972219467163086,0.2766769762180208,386.1789152585295
1366,-1282.1234476924687,33.85454177856445,0.2809136230770173,349.7281541586512
1367,-828.548671752112,33.08814239501953,0.40583488177799154,330.934264431518
1368,-1278.0685917883222,37.40805435180664,0.406082536035683,388.15586764428053
1369,-935.6786980452031,37.11284637451172,0.34534099599477486,320.7925322183251
1370,-1254.9158758498893,30.171815872192383,0.35368383596505737,331.9583954016299
1371,-791.1111242445623,29.599592208862305,0.37089805427967804,331.11989855729587
1372,-991.6297648090882,39.58732604980469,0.30006533125772705,351.9289944864826
1373,-1032.8198632712974,33.456974029541016,0.29712802212318934,346.8933790375514
1374,-1336.2181673999235,30.787717819213867,0.30920759080800053,406.68136897428474
1375,-1285.483783512871,44.1951904296875,0.33946886363628437,345.50151053920194
1376,-965.7696450650558,32.974830627441406,0.35845592077748734,337.8813099611524
1377,-1243.7808297394506,30.849023818969727,0.4920868937188061,388.0182652618234
1378,-1138.23748577053,35.36701202392578,0.5118180228600977,318.0057485429479
1379,-1118.2993416544089,25.560832977294922,0.39828720347577473,359.97851353084314
1380,-1245.2862486803247,32.85305404663086,0.3647661004360998,378.04526785176745
1381,-826.1646811339767,43.003177642822266,0.3540602151842904,332.55404916746363
1382,-1481.1199114161186,24.793834686279297,0.3620770890156564,413.931195774572
1383,-1383.849787166447,56.214317321777344,0.3151720450854114,365.80382782984907
1384,-1166.319618535105,42.79661178588867,0.31314230047064484,363.2995739853739
1385,-1193.3842502860464,32.65635681152344,0.31336928553173493,351.9914621813004
1386,-1017.8718154422257,32.58855438232422,0.2971589634344127,326.5612046775551
1387,-1409.4559027504347,26.669313430786133,0.299839024346511,408.74595664137644
1388,-833.5907834985561,68.2774429321289,0.28949877996274154,354.9853416650325
1389,-1086.1893242749447,36.94358825683594,0.3112246735363442,331.44107886146605
1390,-1467.285529219215,28.921199798583984,0.3260624060603732,385.6948120737205
1391,-1111.32857062985,46.12101364135742,0.2931357613979344,360.63633209494475
1392,-1173.4650046614577,31.044021606445312,0.28999788286091643,382.8796751867547
1393,-1056.1774373189994,35.31065368652344,0.27484341444031873,327.6917862776932
1394,-1225.7760654873703,32.53938293457031,0.2753531203365114,386.6676404960368
1395,-1070.2464145344395,34.26347351074219,0.34113192631775746,334.5283605808753
1396,-984.811988955608,27.901782989501953,0.3028303666469583,335.9543245048552
1397,-1183.0215106894602,27.06366729736328,0.31286819939123234,340.93124672329077
1398,-1116.991418080788,33.97450637817383,0.3358335617085686,364.65526978482546
1399,-1263.115559855429,35.73744201660156,0.3157356543633796,380.7899095227126
1400,-1188.2319928002664,35.6727180480957,0.30459589068050263,338.905184370288
1401,-1082.4321369267798,33.824501037597656,0.288806961562841,342.75871818211067
1402,-1129.3479877284008,25.16999626159668,0.32436721879639663,305.2558553014765
1403,-1377.8175478127216,28.084089279174805,0.2871823188961571,402.94978014077043
1404,-842.8273029540773,52.03899383544922,0.31902213238572585,323.06953082212516
1405,-1380.5870168031759,28.762798309326172,0.2711292692896734,381.0364225187019
1406,-1134.2046152042028,37.226531982421875,0.2803875671243077,321.4510856218147
1407,-679.1863898648143,34.63320541381836,0.2978789861917903,301.281109056094
1408,-678.4559818151008,39.84648895263672,0.27645633996780816,279.59063926543524
1409,-962.2192946192342,34.366416931152344,0.3215829252185358,326.7696583772124
1410,-814.8227535592066,24.33074188232422,0.31137204790866235,280.60090606208007
1411,-925.0625290413284,30.389989852905273,0.36297034972267284,315.42548939649487
1412,-1025.657439234422,27.764217376708984,0.3928406765098771,356.97249649799426
1413,-1290.8217581652484,32.11693572998047,0.4339491561640898,379.8860407183846
1414,-1187.0480614707044,38.49612045288086,0.4416742430348677,340.04531341234997
1415,-1127.9790559030835,33.971336364746094,0.4869645333965309,317.071013897958
1416,-990.4916439773513,24.13944435119629,0.46016653037804645,357.40076875496345
1417,-725.5225833456932,31.147600173950195,0.47245649219985353,257.60871222403193
1418,-1298.9746298274551,32.51461410522461,0.46006244368527405,371.8840253151021
1419,-1324.3466238344827,53.62350845336914,0.45422941197102773,350.9478428422262
1420,-1287.3019778579628,36.75165557861328,0.40653243919405213,401.003235073558
1421,-984.8918377258781,48.56364822387695,0.7256522792449687,320.3453175476374
1422,-1294.084450114281,25.879907608032227,0.33080063839770446,394.2627117402682
1423,-1364.131619943348,54.4803352355957,0.25655986792162366,337.00996783232347
1424,-958.9772019083155,37.771141052246094,0.22550070798297384,307.93999729386593
1425,-1140.2430705233091,26.325353622436523,0.22315946511207585,319.74402508013605
1426,-1108.5044101163273,28.766498565673828,0.2315059204462102,361.1445549949846
1427,-1143.426163946456,29.885700225830078,0.27696823996484454,382.5983988896421
1428,-1328.097897463178,34.637115478515625,0.31708421037183143,374.44555348967174
1429,-1160.550977142448,35.80916213989258,0.34534226415598823,374.2548177178482
1430,-1284.7588163524294,34.63890838623047,0.3855327368937651,393.87454065082886
1431,-1256.1527316663244,34.62861251831055,0.42882015713075816,349.22374828456304
1432,-1026.3765820232645,39.327762603759766,0.4712868943333888,345.11856323169934
1433,-1318.275191267195,28.43477439880371,0.484819149127361,373.8777845673163
1434,-1079.7793592293356,34.873390197753906,0.4872424643035629,363.2940175053811
1435,-1204.1801106821983,29.419700622558594,0.5216214423126075,362.80019610734604
1436,-635.3873701558142,53.286983489990234,0.46092477868114656,262.98989670455217
1437,-1145.9292289888124,37.40696716308594,0.4217840871108365,343.86190789528683
1438,-1179.1707285293194,29.224529266357422,0.3856038538754092,360.90875119421014
1439,-1117.5089476688179,30.643075942993164,0.38827072057029,361.3972926200754
1440,-1245.3869284805137,32.564273834228516,0.3328648649949173,389.23842008489765
1441,-912.9897822312535,31.84823226928711,0.3303719744490081,258.6571784309793
1442,-1037.5011556877855,31.77450942993164,0.2999480468915863,300.6441955757909
1443,-1312.7858981425727,33.99629592895508,0.2830428923830368,361.7088180161155
1444,-804.8809379273187,34.97914123535156,0.27418779748620636,320.0926148046591
1445,-786.1570293083681,27.43292236328125,0.2869926802586633,300.94495538484574
1446,-1066.7176727136607,29.432828903198242,0.30089980286265927,311.8789940624872
1447,-770.0410980933916,30.610952377319336,0.32121888419777633,289.30438115467234
1448,-846.8172191044982,25.387197494506836,0.35617505913978675,299.12444081720434
1449,-990.1446075695812,28.81693458557129,0.3871031705223231,351.1659120696602
1450,-1159.8290474219907,39.0580940246582,0.40902605126507297,373.03024463154804
1451,-1239.9572366153784,42.47035217285156,0.4077625592522054,367.1106371728963
1452,-1191.8305550478215,43.87702178955078,0.4893734053694061,370.71249721673416
1453,-817.2670911015373,26.626359939575195,0.39599950545198226,326.98850152789123
1454,-1126.712276434781,36.69379425048828,0.3621679616987876,359.7554006324727
1455,-1102.8233422825397,28.487810134887695,0.3385821543729435,331.25124370034587
1456,-765.458099493625,37.3935432434082,0.3198212105855873,305.7872869903091
1457,-989.2534942839848,0,0,349.84025922292204
1458,-1048.555701456512,33.68472671508789,0.30451420141943686,331.4771404235097
1459,-910.6572649674388,31.697568893432617,0.28693179173878036,278.18530153011403
1460,-809.8223539243398,24.826871871948242,0.2741166771475321,274.01866696110653
1461,-704.9856372603366,28.985198974609375,0.2701759626246485,269.7774521919719
1462,-737.7957973842575,31.085880279541016,0.279965378389079,344.62534468189244
1463,-1056.7154389198372,37.95436477661133,0.29427232391955727,302.8942410780452
1464,-781.4852346609532,27.176671981811523,0.3047831661642988,324.8906005531449
1465,-706.447027924775,29.694049835205078,0.3228589366580792,227.3244388892522
1466,-805.6268575367384,30.872068405151367,0.3499130736985876,334.18925828229027
1467,-926.8173519939239,27.72749900817871,0.37998664395510673,293.6233767938037
1468,-1013.805525393054,27.6787109375,0.40496030362267277,361.5513081573176
1469,-968.9510210955601,40.84189224243164,0.4193959632203246,315.14584811510406
1470,-788.978081658618,14.176607131958008,0.4222446694354307,325.05301869828065
1471,-1144.3726118160014,27.078561782836914,0.4301404165933036,316.2171266503231
1472,-724.8621619556698,44.74080276489258,0.4144859036434809,325.2866776272652
1473,-888.4699327610255,27.589624404907227,0.5925246236583916,320.0037729668108
1474,-1159.6609426878035,29.324960708618164,0.4013412224712738,340.6569697750453
1475,-1120.1346697283825,37.422218322753906,0.907923889812082,371.72640657371034
1476,-907.1348176007189,47.69021224975586,0.33821956651283713,316.94564459778144
1477,-1208.795018904573,25.37472915649414,0.3013659105628079,369.1843990067605
1478,-930.0415579498244,40.87028884887695,0.2568554738511697,322.16871740363695
1479,-704.0355389275146,24.74012565612793,0.2216666952733135,251.89435688794816
1480,-1073.7363200489328,34.281471252441406,0.2080589926393941,337.97244659773656
1481,-852.7374348230859,34.57818603515625,0.19585974717169563,323.94549782000263
1482,-1017.5655284985645,26.84380340576172,0.19019201897314808,315.5747080909814
1483,-1129.6171777106397,11.547121047973633,0.18715634155172722,381.61865122819916
1484,-971.241218068829,38.79060745239258,0.18806655233985303,347.92345179502695
1485,-1102.2690652606068,28.079421997070312,0.19482002093523088,343.69807393375635
1486,-726.8602351258669,33.17742919921875,0.20567586687504402,319.3501962614166
1487,-1272.3905217970294,34.263492584228516,0.21052724260417222,360.6299687336823
1488,-776.4684716665192,41.84185028076172,0.22272938554277744,287.85573834995813
1489,-780.5809348242199,28.79948616027832,0.22490400175563963,283.92353755277134
1490,-835.530124066692,37.773521423339844,0.2138538157078571,329.0117306776863
1491,-1093.7539475120439,28.262340545654297,0.2053450402866588,345.2618555768662
1492,-981.6584277499531,36.03187561035156,0.3818317073601065,377.0496216467158
1493,-882.4400278535564,37.937957763671875,0.2013459566003286,311.9463567602554
1494,-1068.9310570421533,28.39908218383789,0.2065164746641126,377.71209986396383
1495,-779.7437299723625,42.24728012084961,0.21145368084503324,326.788771638281
1496,-800.693503740534,31.659320831298828,0.22509659390814107,261.8147384956821
1497,-838.4396956447222,32.412933349609375,0.24569606088274654,337.29160461419485
1498,-1077.782736923242,30.453102111816406,0.26331867516066865,354.7918107737463
1499,-748.59345696563,31.56656837463379,0.2780209187429712,327.833616753764
1500,-1010.4378128238703,31.086658477783203,0.29259637487486856,318.3322062966121
1501,-1292.8204810111274,30.616701126098633,0.29791530223633345,380.8451387203615
1502,-776.7757418580925,53.86884307861328,0.27701119096616367,322.98953020027153
1503,-612.2336903801668,28.6090030670166,0.26816988828522303,304.15041615544294
1504,-1179.513791465486,30.951597213745117,0.2665425338065255,357.70738053474423
1505,-879.6873733100127,41.24017333984375,0.2544188817458579,352.4394819302266
1506,-572.6542752491639,38.89536666870117,0.2501623574468739,285.4087432428475
1507,-1040.5801731538018,28.63463020324707,0.25679681767068185,372.06316700247436
1508,-761.3233203200859,41.84419250488281,0.36339499263704056,343.89900640644356
1509,-695.5341942001606,32.917747497558594,0.9500034060329199,273.0560914882102
1510,-886.9995916037445,26.843578338623047,0.2778522220777404,335.41100027065727
1511,-919.7331125194022,28.435068130493164,0.3075254164814396,335.8342777043969
1512,-1333.5573067183147,31.074735641479492,0.3151474311671336,404.09655684320046
1513,-755.1723681346696,65.42855834960938,0.2719160386994872,306.98278818518213
1514,-1098.9048264302826,29.883634567260742,0.25128400754442737,351.2057424689362
1515,-1296.1280067469165,31.907169342041016,0.22091243093964863,391.60519801308044
1516,-600.2404105431838,53.81901550292969,0.19458260094254953,290.1687853177848
1517,-985.5136428264498,32.37635803222656,0.19133540564545193,311.3071222156036
1518,-987.445841958984,37.781028747558594,0.194129128856801,336.0629797691205
1519,-737.8349811410525,34.07700729370117,0.20312735219818023,308.3008146319205
1520,-610.4842842882977,31.57061195373535,0.2056249702388584,263.97520700688676
1521,-1013.2617589854981,32.019866943359375,0.20412185338697242,299.04115934866735
1522,-977.3616473619376,30.57249641418457,0.20235818357238777,340.4109719560788
1523,-736.9833116855923,38.38404846191406,0.21496486993055441,326.28013864662444
1524,-778.5552728680437,28.961837768554688,0.20652957389802395,272.4535358451776
1525,-1189.050787690537,30.484933853149414,0.20463460419421153,346.3212040683007
1526,-936.7083329474058,38.499393463134766,0.2045425349439327,313.1821716231622
1527,-809.1409423617293,28.691993713378906,0.20608031355038747,298.374606694899
1528,-808.5870634011999,27.61941909790039,0.21149913844556067,302.0138350511698
1529,-1204.0208130571425,28.561059951782227,0.21161069366144147,374.58085525274845
1530,-736.3261995878951,43.616661071777344,0.2095450925149862,303.0546170607706
1531,-659.604991741468,29.49555206298828,0.21023096992610135,279.39199844184327
1532,-883.3570488005149,25.632291793823242,0.21493758308339128,315.13690198219973
1533,-1132.0822748441333,29.474933624267578,0.2163036072409028,348.8540119127979
1534,-1127.0601338216356,39.79014587402344,0.2109439189830482,350.5170330764743
1535,-727.610992545624,38.2497444152832,0.208662824320605,322.76090699480477
1536,-663.5872495897162,33.41504669189453,0.20989593909683524,318.6817536482905
1537,-945.6960717323042,25.610225677490234,0.21063376171627057,316.7079413436532
1538,-1040.8946337429152,28.885482788085938,0.21064068164174943,341.031649014423
1539,-873.6026946854485,38.05200958251953,0.21079808340335404,308.0020486704402
1540,-877.0903105715429,28.200721740722656,0.21209520210964583,301.86269462373673
1541,-1107.5971347553912,30.232929229736328,0.21504055920565257,373.5895581180625
1542,-743.6389633921634,41.51622772216797,0.2195737277744172,311.4129225120732
1543,-685.1357712514498,32.47930908203125,0.21970277294806273,300.7935849152702
1544,-793.0694477859279,30.77116584777832,0.21960831194018304,296.3378933734401
1545,-751.5718102563986,29.114900588989258,0.22042502915576279,306.5910292513206
1546,-1003.5155456727321,35.39306640625,0.220530523273748,356.3224447839191
1547,-900.5369989251578,35.63334655761719,0.22873760704260349,320.6524952221095
1548,-804.6180717297835,29.922964096069336,0.2247366283412191,337.725851227939
1549,-984.8393252547013,30.41290855407715,0.22511208560473506,341.7754748306902
1550,-910.3014723588747,34.27560043334961,0.23855713561533776,303.95206615196724
1551,-818.7960183728562,26.761598587036133,0.22441518826906304,320.4395314514076
1552,-914.5627213779456,28.525463104248047,0.22384623225070754,338.8064479092625
1553,-939.8797275049927,34.61307144165039,0.23864443076854513,294.4792501288046
1554,-996.2082519287354,30.11781883239746,0.27686626525974134,310.21190255407106
1555,-695.190603186136,32.87319564819336,0.22748540069758327,283.5436235982459
1556,-930.4484563206224,31.282785415649414,0.23070445124933503,325.35497564301005
1557,-957.4809567614928,28.899982452392578,0.2358308421874824,334.546517156824
1558,-1152.2159715818038,41.98564147949219,0.4056642480863957,368.51474132976506
1559,-956.4589239596005,37.11903381347656,0.3313669203853351,356.34523627385374
1560,-1008.8950337258636,31.776063919067383,0.42568881215993315,336.94968474467515
1561,-1095.2024126412714,20.29645538330078,0.3550223920829012,356.18313593409897
1562,-1091.8499393993507,33.34723663330078,0.38511678963050144,299.9682366266601
1563,-635.8976100626026,40.67753982543945,0.48505587855470367,303.38241356489374
1564,-970.021499861545,31.648191452026367,0.5442007054953137,300.04941570595565
1565,-721.3618173363484,32.31325912475586,0.5958161006565206,279.2453625590684
1566,-739.7847167953199,34.64016342163086,0.5219782324420521,274.5144154506911
1567,-674.1055179190264,43.70159149169922,0.8199081016355194,305.6320725751391
1568,-1289.0259914538067,62.890018463134766,0.4011808251761977,344.7302967057655
1569,-1110.7731499194324,0,0,366.0357031441459
1570,-928.8077813165611,39.78593063354492,0.38249987248013895,343.0519254253499
1571,-830.2488506921485,34.61865997314453,0.6256500780582428,302.74484040406577
1572,-952.9444525732919,31.072895050048828,0.3874610680486512,313.5056495391171
1573,-689.045209777466,36.96691131591797,0.5172092697466724,270.2333264297446
1574,-901.9504820869115,32.29276657104492,0.36084936507722887,328.39475673497793
1575,-1057.2177603850862,31.96932601928711,0.4053976803625119,331.9229730716779
1576,-811.9085513785186,34.299720764160156,0.4298103784531122,316.4981522004517
1577,-822.1744359557873,27.960018157958984,0.4350335172639461,296.83603237495913
1578,-903.335620380102,27.366121292114258,0.34692173302028095,313.8558120020574
1579,-789.6630028486504,30.170528411865234,0.3290941372306406,283.3578357838125
1580,-654.831472023545,28.384721755981445,0.3683336776230135,312.3811549331314
1581,-873.2286522138105,32.18730163574219,0.3651294935698388,295.7555765236307
1582,-846.7856459645081,30.673635482788086,0.30635815743062267,244.75597093351485
1583,-1241.3205294583054,33.042964935302734,0.3507464799040463,351.20414032110403
1584,-916.8677664187044,58.51667022705078,0.32245556993439095,337.3665166063192
1585,-949.8376230754096,36.31829833984375,0.30536806261625316,347.4259100973061
1586,-311.49187842498026,34.37619400024414,0.28992775147617067,267.1854362984755
1587,-904.8431378266047,45.98973846435547,0.3041786453650275,332.9218389183368
1588,-938.82387832012,32.073585510253906,0.3591781049835845,290.7624738784506
1589,-600.1194311150923,16.53070831298828,0.2811805009559123,240.66359038466
1590,-1071.619160230787,30.68754005432129,0.2823581369373187,326.8029109030191
1591,-1071.534292846419,35.11875534057617,0.3261843966538436,361.80388730109684
1592,-1307.1357846923427,40.384910583496094,0.5242425277538132,406.3469037623606
1593,-999.407123069599,65.88462829589844,0.47586538128962275,348.12049448294863
1594,-888.6633740042536,32.15413284301758,0.7415711733046919,317.4582170444151
1595,-926.7593205695057,29.726896286010742,0.8621061430312693,295.9492380279142
1596,-1445.0362840947455,29.287086486816406,0.638356533338083,380.81941875876754
1597,-951.3781545163422,66.6618881225586,0.8911039534723386,311.7506322931891
1598,-1024.1779366471249,31.292003631591797,0.541273255017586,330.55985311962576
1599,-859.3461421905396,35.22393798828125,0.9505814372678287,356.1306786121478
1600,-440.5194693542731,52.197608947753906,0.5323933452964411,250.33313353048115
1601,-1087.4228759696146,51.32366943359375,0.5347804626071593,312.71478374803456
1602,-816.6971692894163,39.061851501464844,0.5535319392511155,292.7977539125687
1603,-616.5421985079777,31.848615646362305,0.4431799767735356,258.7570168834368
1604,-889.7499312789802,46.56668472290039,0.40283122506161817,257.35592682074235
1605,-628.0207375240211,35.58842849731445,0.47886444444884546,263.2564436666961
1606,-719.2358131400462,39.275047302246094,0.41213860879361164,260.7778993406184
1607,-769.318203201181,36.77202224731445,0.3618369610476293,307.7838423379087
1608,-654.1814396449001,30.85700225830078,0.3916615272355557,218.5383628654351
1609,-947.001498006539,45.06098556518555,0.3930847126976005,253.23360835929668
1610,-612.9081441949729,36.27373123168945,0.34126817034498913,255.03803665611042
1611,-898.2684032290161,31.84918975830078,0.3911854354737443,283.22446144110586
1612,-869.7710021317887,31.96149253845215,0.3592692414981684,295.4431482069322
1613,-341.94854375868306,27.345670700073242,0.3669885547378726,234.75818031301912
1614,-846.4624850335438,50.34737777709961,0.39125196973691345,326.68133077816987
1615,-764.8306292596214,35.81373596191406,0.42838057532935636,295.87850326741057
1616,-820.787952873939,37.57854461669922,0.4038016204322048,282.4483794792146
1617,-933.0548983087018,38.472530364990234,0.41578883339025197,298.68690891515433
1618,-1149.8039263079727,32.768348693847656,0.42184449236810906,368.5102586834158
1619,-728.0256590516738,65.48946380615234,0.3827503120928668,259.55877530854724
1620,-922.3088742322348,31.946298599243164,0.37422360069558636,310.4291448572842
1621,-596.1460629608882,42.20957946777344,0.35203935524623375,278.1328375872848
1622,-995.3145228508141,32.74223327636719,0.32675165352293334,300.7889619982666
1623,-904.7220833717245,30.088172912597656,0.3039097176114183,339.8476909131722
1624,-731.7166009845347,37.78605270385742,0.3026816879337275,277.16281194240855
1625,-1287.2602743371765,32.58113098144531,0.31096216941659804,402.9935567973472
1626,-983.9894952201504,67.75978088378906,0.23795010207766154,262.5122464567681
1627,-838.215220463448,37.79026412963867,0.29682432676054304,313.02714292834236
1628,-836.0843452294516,31.958635330200195,0.2574768207996385,247.3253994992462
1629,-854.9854783887712,35.49954605102539,0.2658165433695103,310.1008710319044
1630,-741.78210639309,29.77750587463379,0.2644148378622049,286.0374594939762
1631,-741.7194781811855,33.336692810058594,0.2970120254685753,238.9824429216754
1632,-1048.782286419098,39.580718994140625,0.34554900455259485,293.45498860926733
1633,-961.547049640411,34.1414794921875,0.29102793411539096,287.58500062994955
1634,-935.973267195622,30.80107307434082,0.3090324352560856,301.56461104556456
1635,-1235.4496078519464,31.687774658203125,0.37311577527725603,372.06540747565367
1636,-595.1789199526528,47.170318603515625,0.3117112438285403,251.2895649670149
1637,-797.9577961911514,40.66474914550781,0.31710415677116544,303.7130404458252
1638,-934.200051507202,30.10734748840332,0.31294115159107605,305.4837609315321
1639,-1104.4047136047038,29.346820831298828,0.3073749491923081,340.830877202893
1640,-1143.4909077568134,35.526161193847656,0.2797066620832993,296.4147193074377
1641,-235.80231095029598,58.4552001953125,0.2701132665363275,205.52866434717532
1642,-1134.0907622732475,55.3281364440918,0.3105578508148028,284.2169082933326
1643,-903.8105714142113,32.46429443359375,0.2882673491149035,266.15628709173023
1644,-804.1531900049004,31.025157928466797,0.32314201483677607,263.0300211586318
1645,-1015.7781423428249,34.687538146972656,0.30111944790405687,232.32437580021818
1646,-903.2786069087929,36.873321533203125,0.28743437050434295,296.6936083699528
1647,-921.33983192506,31.316194534301758,0.2792152545935096,265.53456529474045
1648,-1042.8484480158775,41.3657112121582,0.2644398784673285,237.9022962863558
1649,-732.1036246013314,37.30088424682617,0.4524680115573574,273.110657665653
1650,-860.1217124529966,31.441076278686523,0.44284288279595785,302.5459754747986
1651,-1058.4646369101433,34.71863555908203,0.6149069928214885,265.7665457852488
1652,-1001.2455105634449,38.790645599365234,0.415367828507442,279.83150804827
1653,-626.219952038625,34.769676208496094,0.2526677312678771,272.13798250123955
1654,-817.0970110472978,33.2227668762207,0.25224252352069776,301.2904294059874
1655,-776.0213090572906,28.230775833129883,0.2528627146200506,259.8948884093581
1656,-554.409064767662,38.9368896484375,0.2855879174458096,226.76848778755624
1657,-956.1868699025854,39.04434585571289,0.5711144570668694,244.75308299060373
1658,-822.9810200232002,32.804073333740234,0.29197187813042547,296.88145911178833
1659,-883.9415078653589,34.2529411315918,0.2645984221503568,238.58991315403304
1660,-780.0178441244088,34.966583251953125,0.26513470580346166,292.0482923885256
1661,-869.1162783148937,34.25529479980469,0.2640789400958852,284.8838417633788
1662,-768.0280893655788,29.854839324951172,0.41199791060353164,259.11209393604844
1663,-852.0392712805088,34.92625427246094,0.2572418044571805,311.26651711080524
1664,-745.9833338200795,29.701929092407227,0.25852349340834735,291.1549303115049
1665,-872.0509500588921,32.97880935668945,0.34152622038527625,289.16437156474996
1666,-691.6501607236133,27.899337768554688,0.30238684056530474,249.1104296164793
1667,-792.0145345383196,33.88166809082031,0.2666810779719526,270.926866714136
1668,-678.2620467221528,29.87800407409668,0.2651194051668426,286.18393919971163
1669,-833.1373377382318,30.460094451904297,0.2558886890597023,300.7893024749808
1670,-986.3518371191955,42.291988372802734,0.24911301685119724,272.7675917710913
1671,-966.4757034352882,38.68549346923828,0.2404619875012486,296.72362725395556
1672,-980.413735334741,35.22941207885742,0.22854166347703853,295.28139347159083
1673,-900.9598197817055,34.41728973388672,0.2250450806122899,315.7223541762893
1674,-717.4218635041051,29.825305938720703,0.21492100830892014,241.88316767189326
1675,-1094.3691346094206,44.14902877807617,0.2051489690674373,341.0646626345482
1676,-738.4531792711077,37.67807388305664,0.20300328955306668,197.7525131611922
1677,-640.9356370442607,42.42970657348633,0.20306293785148455,223.89767762766132
1678,-1010.7800321501669,40.85039138793945,0.20395311864251653,314.94078421673674
1679,-714.9888804575149,27.896818161010742,0.2034645270316915,250.02087848085756
1680,-1306.2691017665206,84.08954620361328,0.32099949308030773,381.95519416939425
1681,-647.6138259370574,0,0,229.90155803973295
1682,-748.0807511094289,39.10153579711914,0.20960952654968423,263.46137180329504
1683,-1239.4533611545162,34.25455093383789,0.2071797973464342,350.3971072384926
1684,-893.4806676037397,46.551048278808594,0.2094167985370916,283.8680924766208
1685,-880.1271470601233,35.28054428100586,0.21234505636044787,251.97536150693585
1686,-899.6411227333646,36.15876388549805,0.2876705942398985,305.1648937485256
1687,-915.9900600999715,30.754106521606445,0.21656439739916777,321.15915904441795
1688,-842.697332803276,34.910823822021484,0.21809765254707258,299.8540379841802
1689,-853.1147211989936,36.3117561340332,0.22017691361804737,259.3292069907351
1690,-1014.203523470027,34.3319206237793,0.21952241635187875,290.57303984395026
1691,-1011.9647176000399,36.368141174316406,0.22071177380860263,295.3717377125803
1692,-1121.1884461649804,34.028907775878906,0.2220879313462092,321.98230576852166
1693,-849.5211529672055,38.77226638793945,0.22473056769376853,291.7680948366992
1694,-731.3944941818787,31.461164474487305,0.22745265116221702,279.90283906816063
1695,-717.6539367137048,34.311893463134766,0.2542384820553707,268.0972924255252
1696,-807.3921931816352,32.86641311645508,0.22825010026940618,272.3787754842659
1697,-769.9199184940347,33.00519561767578,0.22608199119667916,277.2094740379489
1698,-1223.5840553905648,32.2185173034668,0.22451564062157559,348.6469527804311
1699,-1027.9449330251791,47.060081481933594,0.2329378800777704,243.59313875851333
1700,-1053.065951881027,45.637638092041016,0.22255180559704257,291.09628531874864
1701,-859.820614049868,38.41004180908203,0.22321771527406753,245.392240835966
1702,-1228.39709240765,36.981536865234375,0.24023684228086495,330.7218288079054
1703,-1138.3668456160638,45.773677825927734,0.22722024657994488,311.998869532287
1704,-1286.9570534965226,38.08837890625,0.23549036431199966,328.84298387900935
1705,-1174.4401463457098,51.231536865234375,0.24510507485394584,367.9051483463875
1706,-698.8572862742805,40.40037155151367,0.26760149040683245,251.68113898549694
1707,-828.0778222921307,47.979068756103516,0.2727129246237041,289.8487074531146
1708,-783.6153304561012,39.490325927734375,0.4582229532243218,217.16240471380812
1709,-1230.861081818684,46.1978874206543,0.38683782184671145,320.9862718959022
1710,-1213.9899820307,46.14862060546875,0.2776557936494637,305.40601413470654
1711,-455.02672413995725,46.56534957885742,0.37117698707879754,247.1994773376613
1712,-796.203761329052,59.67659378051758,0.3272050481318729,280.2259184570806
1713,-608.2153375584778,42.528194427490234,0.39641666210081894,250.19350055743126
1714,-871.3907882573839,38.8250846862793,0.2580869978306737,273.503847747358
1715,-858.6476649191045,36.961368560791016,0.25558934490345564,293.3499444761175
1716,-945.0485990613581,30.929805755615234,0.300459584716009,291.2408439422019
1717,-993.4971952998586,32.965614318847656,0.36207842829753645,342.705026480312
1718,-789.6093530958593,37.35391616821289,0.26601447270604694,253.39234416160375
1719,-1047.7619159476267,32.42974090576172,0.3415337422993616,312.42793329474824
1720,-1042.0142458746445,40.6891975402832,0.28723726259704563,331.8452012922424
1721,-726.2114638105842,42.405879974365234,0.25189809526994367,269.5798906083363
1722,-735.5049959844732,31.041608810424805,0.2506315645458088,293.06481941965853
1723,-1109.4955810947617,31.66923713684082,0.2507746995377147,291.243481673756
1724,-1139.8654552146947,49.04805374145508,0.25358613560456433,312.0127248471129
1725,-844.8955853812869,38.777183532714844,0.3582941339700483,284.287648311582
1726,-860.9908196467075,34.154090881347656,0.2368731177548895,301.70514671070237
1727,-867.2000427299089,36.15110397338867,0.2490596644602192,286.3027604860454
1728,-706.0787928503612,33.80172348022461,0.23403164333608473,235.67567756557398
1729,-1077.8062898238334,37.940425872802734,0.2697843797614041,319.3160647133616
1730,-903.3630337037293,38.40629959106445,0.23439361109062418,265.0921311713388
1731,-773.7899923400813,36.987911224365234,0.23493363298243253,263.9434632024935
1732,-848.0108228063245,40.12146759033203,0.23531323649926605,257.60081797156846
1733,-898.4395936237835,36.17967987060547,0.30116445173189277,285.89486075299317
1734,-998.5102283763272,34.93304443359375,0.23669922830711343,321.5261992470725
1735,-727.904755844002,34.810245513916016,0.2373386596004683,261.4447698842384
1736,-931.860071084887,34.4724006652832,0.23804657182051514,279.227706215068
1737,-1054.9178713627205,34.090450286865234,0.23863681215090082,258.71222271209365
1738,-1059.6558926740677,47.90290069580078,0.2389851455882308,280.6233462729945
1739,-1227.4714467239332,49.195438385009766,0.23748373074434426,328.7162051361008
1740,-838.1669981674327,45.671539306640625,0.24979257010727451,272.96053210212443
1741,-986.3629879725785,35.60319137573242,0.35228043000097387,300.68239482732537
1742,-965.3660459229236,45.257076263427734,0.25188798243470956,276.11880502601815
1743,-597.4627904891805,38.98955535888672,0.25996227851555886,268.65986438452165
1744,-916.7915613426522,38.2109375,0.26539856930867245,275.83518576448824
1745,-908.4874180154303,35.46443557739258,0.278369368003041,264.11520133070525
1746,-795.7517743202914,36.477046966552734,0.26448091576094157,203.67252925301128
1747,-765.1976035388284,53.54852294921875,0.25929523519198483,254.9951529572531
1748,-1005.9805339490368,41.66338348388672,0.25710861519246464,295.98837803090515
1749,-825.454957123317,33.991371154785156,0.2693306909477542,270.9895039707442
1750,-912.5681726840116,37.258792877197266,0.26134658877617767,273.1322047473311
1751,-885.722025588241,39.04072570800781,0.2570581153427014,295.7177478254404
1752,-548.5778213007496,41.71725845336914,0.26503012279817995,270.89159022739534
1753,-1168.6483084927559,44.584434509277344,0.2683600969280633,316.3838338996134
1754,-872.9245805616056,41.218814849853516,0.2722906011812256,269.77474413061526
1755,-949.7442845825867,38.45972442626953,0.27688692220385747,290.43454557586796
1756,-962.9454281168927,38.96759796142578,0.2749405900414672,269.0270622519418
1757,-1242.1398241420895,49.285789489746094,0.27316299544042977,332.26003177667695
1758,-1099.2916831573916,44.36567687988281,0.2652785648796794,343.32561524063
1759,-733.7764143777556,41.649932861328125,0.25942562954772086,266.284191157912
1760,-853.5913067585968,35.036624908447266,0.25899517366406144,276.1501179304815
1761,-926.857118440122,33.72270202636719,0.2521638661120278,306.6970080907262
1762,-1005.0193472531456,41.6995964050293,0.25084869138913746,249.95018221346322
1763,-1077.7239979646886,42.74578857421875,0.25280942788867833,330.78981538257983
1764,-712.855318057426,42.81645202636719,0.25398544225345177,243.37283808451036
1765,-1131.5979037082286,41.79737091064453,0.25262069368420725,307.8546565332148
1766,-837.1997765373717,36.82309341430664,0.2771719165284594,274.1417062511013
1767,-695.4022322627362,40.79656219482422,0.26657759466252173,258.3263945227479
1768,-1117.5016697580127,42.094085693359375,0.26219787623676893,313.7791221024472
1769,-1105.4825318071541,41.634796142578125,0.27085999560131313,329.0550707764478
1770,-978.5116740129788,34.804996490478516,0.28045795802245266,306.32603692452506
1771,-863.8345501222566,35.077903747558594,0.28926713782675506,282.76484407897624
1772,-986.0445398284955,34.30813217163086,0.28466500612739765,323.83265222448654
1773,-1087.6894901119308,40.2126350402832,0.32703219098766567,242.50817600780715
1774,-1016.1406275064962,42.25324249267578,0.29442024398485955,279.4412297427383
1775,-904.5449936023872,34.9002799987793,0.5582685945555568,312.7493763493299
1776,-865.3773049741161,37.86492919921875,0.4592404604481999,321.36225353912266
1777,-847.9665328397347,39.13126754760742,0.4282554349047132,238.9532221873198
1778,-976.7382614869912,42.48886489868164,0.5751004131161608,297.6250562027588
1779,-854.8151093513618,35.9919319152832,0.3126139614605563,284.50610371463887
1780,-1079.028182866553,38.48625946044922,0.3680374118484906,320.8652410293201
1781,-873.055937620634,35.773529052734375,0.42054735343845095,242.27893150767494
1782,-819.1513201794246,40.37838363647461,0.4412536758609349,250.50562789914946
1783,-1159.7472919951917,45.921478271484375,0.31922458090912187,324.11182471631685
1784,-788.0623183191643,34.116676330566406,0.4310672468855046,283.90355336256425
1785,-930.1254287235167,33.95797348022461,0.4043730842095101,295.29655234646737
1786,-769.1586694669928,35.2034797668457,0.50099919384229,260.21636098814434
1787,-1238.8940562056314,51.27622604370117,0.34753195290431904,324.6754318779501
1788,-1363.4527534256315,58.70988082885742,0.39210347986227134,338.1152742687318
1789,-1182.96784722565,43.93389892578125,0.40867121431801934,328.9953575544117
1790,-701.6739714894514,34.06965637207031,0.40438115449796896,259.03961829233197
1791,-878.5751705983529,37.85983657836914,0.4136323030979838,263.5865149680703
1792,-433.1778452711499,94.3430404663086,0.38669491969631054,193.86003560150257
1793,-1053.6090561934661,0,0,323.66669697681004
1794,-1272.4226583413422,35.43364334106445,0.39116817664762493,321.31274930826623
1795,-1004.4440794494599,57.423831939697266,0.40311172253859695,344.5309136001685
1796,-933.0330499731097,38.8151969909668,0.3416271898007395,277.7047016326651
1797,-1324.6145038544896,36.92266082763672,0.4081575687159784,344.74433186676754
1798,-1078.0283110467985,56.42098617553711,0.34481359174625936,305.776191866417
1799,-1062.315529435157,38.07251739501953,0.3457392260502292,237.52208163882148
1800,-557.3035279883427,47.95621871948242,0.3692678084680665,294.3194591916637
1801,-1052.5907769000153,48.1652946472168,0.5687194135389291,285.3311950733923
1802,-1113.9231821309972,41.1138916015625,0.9581684749573469,336.02199105324706
1803,-468.57589265960337,43.87041091918945,0.4333832288029953,266.95779728279194
1804,-1163.0245847675596,50.00006103515625,0.5606801896792604,312.118123029513
1805,-1029.0377495647108,44.44380187988281,0.4193247923103627,279.720320639539
1806,-1190.8315509907009,40.790565490722656,0.4056663266128453,322.5664438231576
1807,-709.3080669711485,45.52940368652344,0.36989625431789364,294.65085710633736
1808,-753.6338203630747,41.65705108642578,0.3727242880543091,259.8219509716039
1809,-873.3421190018263,39.660804748535156,0.37826469011758945,291.06768386499425
1810,-1065.6463624978355,34.642181396484375,0.38505758780706856,327.82547722021445
1811,-989.1343472109994,37.0008659362793,0.38771835967602897,289.9865726296337
1812,-1084.1215339849978,36.38710021972656,0.41419863049304695,269.1899132507119
1813,-479.52507426096463,45.56254577636719,0.40129595987218636,249.042226163858
1814,-1137.4805244609438,52.742279052734375,0.40082602241752596,347.7188604169236
1815,-828.6948730337916,43.50973129272461,0.4057047194211467,286.51483660738677
1816,-982.2114801050975,37.81401062011719,0.45968676198026515,325.73708255787096
1817,-751.179100355612,41.72296905517578,0.8347657262347639,272.2414635796834
1818,-1051.2251954964245,38.07752990722656,0.4237793603731195,275.3974772909373
1819,-920.7749246720782,46.157283782958984,0.4278335801591311,284.4677548163769
1820,-918.837120184477,37.74829864501953,0.4251923659880106,301.2276567540835
1821,-1079.2829508588907,35.27532958984375,0.4262668937676608,308.6710552413497
1822,-1120.3874616587805,40.91997528076172,0.4142809807037793,311.03098060993693
1823,-1168.1676470289099,40.82752990722656,0.40561015087496344,319.2344822413746
1824,-1029.4916828500175,44.35314178466797,0.3836695589505439,301.0965905829337
1825,-1138.9385030073672,37.5497932434082,0.3667670774035159,314.55431648625256
1826,-1138.3436035779614,44.62358856201172,0.3863239558158966,365.48428579456373
1827,-787.7567016631782,47.791839599609375,0.4955066754773725,267.4712078705304
1828,-1037.1010292510869,43.255104064941406,0.36297384494719154,312.8523014347654
1829,-858.6468717772069,43.708580017089844,0.34338794469795175,305.90536635384285
1830,-1183.168607201823,37.387569427490234,0.37120430708819185,337.8469163841753
1831,-1173.8033470216626,41.62651824951172,0.4364680943181156,387.58006890317506
1832,-795.1072872756059,54.700401306152344,0.4786100572673604,271.68037740737395
1833,-1031.983515941367,43.0911750793457,0.3610917757077914,335.2056812023723
1834,-899.0581505635603,42.53197479248047,0.4984247685642913,320.70959520271197
1835,-756.9858672298974,38.69620895385742,0.38529511095111957,262.56110839945563
1836,-1084.2555876713695,45.12411117553711,0.3990247145993635,333.43391400295235
1837,-1016.6468236277026,43.42776870727539,0.4501855359194451,354.05649019086377
1838,-1227.3252510584823,40.04594421386719,0.47939513663732214,377.369400783024
1839,-1023.8867866264575,52.15591049194336,0.564576053613564,351.63175001755496
1840,-1233.2359650167848,38.03384017944336,0.3757873952439894,371.98105159647605
1841,-1257.8796424059833,46.543094635009766,0.38658836936519947,354.4988692129968
1842,-1221.2183525192104,46.23584747314453,0.37449243075343475,316.5819670585604
1843,-1028.1154783748323,52.04495620727539,0.3886327251784678,311.72276642545637
1844,-920.9298629252854,45.7947883605957,0.39632049625288346,329.0541008646818
1845,-969.0985530909049,35.858219146728516,0.41095726966523216,327.74905822614613
1846,-1132.0170311081235,37.85049057006836,0.38324184749671986,326.79490791860644
1847,-1198.3977278268392,38.792808532714844,0.42795559594014776,371.37487707581386
1848,-1148.002986497896,50.056976318359375,0.4307923946835217,342.3546564490243
1849,-1093.0919757081108,45.22909927368164,0.41695960559445666,340.36976920031185
1850,-1269.6389995384973,40.271060943603516,0.4007481157368602,365.06158581547095
1851,-1036.1442906614798,50.31352615356445,0.44036289445648436,378.41129226393065
1852,-1364.827330700845,47.30332565307617,0.40748664384717515,380.0778742191527
1853,-1132.2668245232549,51.89276885986328,0.41868940385798414,364.5412829358227
1854,-1348.496258075926,46.309024810791016,0.435515289992054,357.0612975029606
1855,-1175.1381261170254,47.778167724609375,0.516490308677021,349.8636286283834
1856,-391.74224745278894,80.53240966796875,0.6380406597454567,292.3348068595622
1857,-1020.6750141659162,50.117252349853516,0.4703918455797975,282.0530132028717
1858,-1196.7610152055756,45.13997268676758,0.45359258815761905,370.09736552923454
1859,-1203.9734783453373,45.47651672363281,0.4574063874724743,342.2667907287889
1860,-1189.8984185413412,40.1599235534668,0.4497954691716477,335.6952809055689
1861,-1214.5186679419073,41.1361083984375,0.450797227323271,323.96401282980713
1862,-1069.2510666798814,42.63949966430664,0.45371250498851623,340.9237177896953
1863,-1294.1874152603157,39.3592414855957,0.45295763569066594,376.07085829558383
1864,-1156.9754964404824,55.58778381347656,0.4450962192800034,386.6632643902884
1865,-1180.6766981156893,47.851932525634766,0.4869128069585713,354.27834592200065
1866,-900.1944524726197,50.925758361816406,0.4466154170464483,340.78070396548975
1867,-1110.3403379123731,41.69688034057617,0.4653583475846972,342.98630448431
1868,-1037.2485215887066,42.63933563232422,0.5692070664954372,314.9473158150061
1869,-1293.1520484161626,42.77298355102539,0.4876089143945137,355.21093353799733
1870,-930.7590422171671,50.338687896728516,0.450510281269203,332.61162190619285
1871,-1003.141935908474,42.06757354736328,0.4513695147329848,354.14314509118003
1872,-1470.0850046018854,45.76301574707031,0.5126102084032027,419.064566804441
1873,-977.1625950642793,64.20742797851562,0.5483730838386691,300.40991577399984
1874,-1275.1671151590535,46.987483978271484,0.465773018830987,341.07824616850803
1875,-1047.7876552421387,42.9254035949707,0.4556352215080892,321.9945862449869
1876,-884.3906555092741,48.18952941894531,0.49157156878209207,325.5497399755405
1877,-974.3867420104788,43.725643157958984,0.47346276200551074,318.8277489315168
1878,-1313.9160598294452,41.359107971191406,0.49421271288156277,355.7195177938081
1879,-994.3435895428523,50.80342102050781,0.47936289220342587,341.4826868266026
1880,-1137.337720215132,42.09789276123047,0.46888626268810185,309.85859019617226
1881,-971.1068416537277,45.03911590576172,0.49675996791484067,340.0024413678826
1882,-1113.7532194381283,41.21970748901367,0.534208066885185,369.61169109846423
1883,-829.5938183667955,48.62760543823242,0.5026594292139634,304.7050634233085
1884,-1070.437820518135,41.19082260131836,0.480099037716486,326.67586759522993
1885,-974.8812537148011,45.34867858886719,0.559054969024146,351.5336726952203
1886,-1028.974128009602,42.3376350402832,0.5649630922707729,347.7392081603967
1887,-1195.7542755321815,44.9227180480957,0.5152494451122038,319.0415078417028
1888,-975.8123400780544,42.834266662597656,0.5938746505271411,343.1384911682484
1889,-1216.661115610602,46.89186096191406,0.5156989695606171,344.72907370138483
1890,-1098.0816825228046,46.849918365478516,0.5083036279517046,334.8639302024896
1891,-1214.2462464134899,44.606815338134766,0.5628404622329981,356.6910778021871
1892,-1102.275864077024,42.425655364990234,0.6043754958518548,340.4592798794668
1893,-1137.8666760000592,48.7921257019043,0.4883295595063828,371.27289800196456
1894,-1213.4717401833955,49.99562454223633,0.5652862081915373,360.0071198566964
1895,-1219.8237874684864,49.47392654418945,0.5459087940107565,357.76803753792615
1896,-1220.4258907265744,48.60356140136719,0.4551503311013221,353.3224358310928
1897,-976.3054959482365,39.240177154541016,0.5215482693165541,334.48478971980745
1898,-1237.7690103128095,42.55668640136719,0.44636332784284605,343.20629176645747
1899,-1112.620248194549,42.41911697387695,0.49795977517351275,348.1415059265454
1900,-907.4529215768678,45.687435150146484,0.4285071735839665,330.71183976263916
1901,-1332.1412235833227,54.48977279663086,0.4359852307206893,384.1463812952493
1902,-1188.581585668106,45.450355529785156,0.46376808332570363,325.34841986785284
1903,-961.0344629179548,44.86537170410156,0.48203174193622544,332.87610151143633
1904,-1025.7945845381184,82.79356384277344,0.5122597351219156,343.7385010298094
1905,-1202.9381685073083,0,0,374.0491602084206
1906,-1045.292269210662,48.33420944213867,0.47453765263344394,355.55739953716966
1907,-1189.5533072024473,44.99611282348633,0.63872171791445,360.46903817235494
1908,-1309.474965861081,46.559207916259766,0.49755449265649077,371.54063754448305
1909,-1090.041761134107,54.1261100769043,0.5324822937254794,355.927001636257
1910,-920.0918430377969,46.06331253051758,0.4609194676413608,320.6246808014366
1911,-1080.9625461889366,45.508018493652344,0.44377011693632085,361.6056053131224
1912,-978.5239291087393,43.75273513793945,0.5057545835588826,334.45021838895883
1913,-729.2913970170845,45.787689208984375,0.45311689619711615,281.23095704446087
1914,-1150.9911264179354,49.17753601074219,0.47757444520311765,351.05411011986325
1915,-1040.4256791289117,46.32148742675781,0.4991150870555119,345.12140954716983
1916,-985.0026447421982,46.81200408935547,0.537643790612492,346.45389856949805
1917,-1207.846369659228,48.3271598815918,0.558273356924019,379.9676777835145
1918,-1108.0276523606424,55.321380615234375,0.6457304159266641,313.75622888537373
1919,-1170.9472241334247,43.421695709228516,0.590066694718189,354.3057363874447
1920,-971.694946376513,49.59424591064453,0.8474147697852459,337.1941860306955
1921,-1002.2250353096383,47.67799758911133,0.6280557873033104,291.6293863516284
1922,-822.3160196364001,45.90219497680664,0.5396681117998074,282.6133679025343
1923,-1309.8105247469477,41.77914810180664,0.533772805840655,312.39294432334134
1924,-977.7386187788157,59.926727294921875,0.5080754562059724,326.05946576500077
1925,-1280.6503880827381,41.527408599853516,0.48408248081844363,331.9434727791541
1926,-1007.9009976411385,54.51364517211914,0.4466891401788011,327.7477964741553
1927,-1091.8101773681071,44.05396270751953,0.4180831860594285,341.0243171451005
1928,-1202.8051432838784,43.61815643310547,0.3904610990771684,365.5080020831682
1929,-1123.7550929044412,43.85701370239258,0.36620414519118416,322.9075235342018
1930,-1111.0465765600889,43.801116943359375,0.3510036402350264,329.49656557278206
1931,-903.9429833601461,12.657440185546875,0.3450216002199935,342.1746249237833
1932,-955.8603033285827,55.30918502807617,0.3459319345782157,369.44685802654163
1933,-1177.1231749151293,52.60303497314453,0.34740207619389096,353.26602973175454
1934,-1356.0419497125984,44.87697982788086,0.34918502495653303,361.2635309902188
1935,-815.901922860956,54.148773193359375,0.35302476804832494,278.7290937598619
1936,-1016.6136610264897,48.84941101074219,0.3542894524933383,334.8554148395299
1937,-1270.7830904666857,45.41533660888672,0.35446320874478776,361.4442052244197
1938,-1394.6948726871024,44.96807861328125,0.35554339701277465,366.74045685117477
1939,-1146.2512610999063,56.505950927734375,0.35803739754807773,322.752538858603
1940,-1389.6703929293349,46.94279479980469,0.36169615183011117,402.62611823745215
1941,-1364.080130282392,57.44696044921875,0.37154346279804384,379.93105601516805
1942,-868.8022232088675,54.71903991699219,0.38568759658853935,321.2640755255634
1943,-1083.4334597389613,51.26245880126953,0.3899839323384313,362.9642364580018
1944,-978.5805125150512,45.507328033447266,0.3931016595956862,340.4550408096607
1945,-1280.0900528506859,45.036746978759766,0.38887791845800734,374.4501152954667
1946,-685.1108557219185,53.021514892578125,0.3864479143586852,303.1275982190075
1947,-1250.73148932185,58.61543655395508,0.37783032335521416,372.530737493788
1948,-1285.8451386292957,53.06863784790039,0.38183627905982576,340.81361524005155
1949,-684.7067558615981,60.11384582519531,0.37456214587725467,327.64530726401455
1950,-710.2902735544086,49.7318229675293,0.3849946493178322,288.81173803316506
1951,-1245.0194050721736,55.13654327392578,0.400357791295221,390.45982557045676
1952,-1158.575995139229,56.24591064453125,0.41988411447667096,358.7499336719552
1953,-929.7712006357586,49.984012603759766,0.4459187719885449,319.53543451700705
1954,-892.1554920263562,45.784053802490234,0.45981031799328775,326.52897644682173
1955,-977.2353899061527,41.273834228515625,0.4839238506545873,358.3423273047086
1956,-1247.0499063865707,49.4636344909668,0.49482305733584475,354.74387256823945
1957,-1206.6989179224004,53.556034088134766,0.48740971469635497,362.3845693406783
1958,-1194.872047482836,48.86052703857422,0.4675082358115219,335.014163232256
1959,-1414.8552489688104,52.6475830078125,0.43468681330845627,391.9975788648546
1960,-952.7596806507162,67.81654357910156,0.3930385582330985,333.30301864512563
1961,-1258.869712916015,44.34409713745117,0.36088559056904645,367.9264736245667
1962,-1343.4946889861105,57.23845291137695,0.33145489816743634,366.67128583398886
1963,-1052.3974578463321,61.69715118408203,0.3160364889558416,301.13056196697386
1964,-1101.9047159187642,49.583431243896484,0.3187187820437689,377.54875447334564
1965,-977.2969140755524,53.54466247558594,0.34409905970824184,337.57992652478856
1966,-1143.3594087673716,41.902339935302734,0.3445069595182051,344.72617390000164
1967,-1048.4126524063593,46.58592987060547,0.358796850418321,337.64830066561484
1968,-1355.440158226949,42.59107971191406,0.3682799707174551,403.4051082350338
1969,-1028.448744211845,56.60383605957031,0.38578688805819183,320.8308128619042
1970,-896.3724743787608,50.895816802978516,0.3800901740816811,339.3077995231358
1971,-1297.073544840572,44.61112594604492,0.37833340209138533,345.9066150686452
1972,-1062.8513262699494,57.35988998413086,0.37073768880892377,386.82111268950456
1973,-851.6052444793639,57.759307861328125,0.362312019768523,313.492412779104
1974,-1121.3490468362997,45.049278259277344,0.35417702843094767,368.7869661074127
1975,-1215.4525201166834,49.011558532714844,0.35117509468608227,370.1866947174952
1976,-1091.8266529021878,53.76314926147461,0.3518515643701193,371.4149567287374
1977,-1075.5404207826582,46.65011978149414,0.3547477766249054,354.77016082321273
1978,-1107.3115827559313,44.704795837402344,0.3587041673243334,315.87877581981417
1979,-872.237909596492,47.547515869140625,0.3645219453563229,316.28677343896334
1980,-1459.292904613154,48.93172836303711,0.3680717075279851,399.68333526773364
1981,-872.3705407000851,60.296791076660156,0.36569741961424107,272.9223102959914
1982,-934.3330216046111,45.759742736816406,0.3707261913667139,324.99679626052057
1983,-836.1782989752589,45.078765869140625,0.3798658908035889,288.97707065592743
1984,-1059.2962426974748,44.460670471191406,0.3929281982430668,309.0130954771285
1985,-1066.2496588335393,44.914859771728516,0.40597417752847753,355.6791830963947
1986,-1134.5370185629552,46.624114990234375,0.41887512321136455,344.56802944104584
1987,-1026.4544385775002,44.33119583129883,0.4378707840660354,344.97195690855074
1988,-1048.7233355411245,44.91587829589844,0.40399043905232457,314.76807317744084
1989,-596.0022763534223,58.29495620727539,0.4180895815906922,321.2262525922429
1990,-925.1286460625057,41.90548324584961,0.4345118097562519,322.441532158041
1991,-1209.3004368730926,47.16767501831055,0.44192742301590293,380.05183768706684
1992,-1237.531352069212,60.25259017944336,0.4266909375646506,361.12518530691256
1993,-804.0088311969456,48.60551452636719,0.41706726167012675,309.87903435739645
1994,-1164.4734200329924,50.25583267211914,0.3951412407678845,334.0059450806906
1995,-1170.042411692368,57.15408706665039,0.371437084766967,373.21781539859467
1996,-1348.4146161817998,62.65688705444336,0.3298994717435684,378.672105504331
1997,-834.0991320279661,60.77199172973633,0.3047519542112038,344.3858313905441
1998,-1030.9917384552043,47.395870208740234,0.2886015695294626,347.58806577572295
1999,-1293.7396648456183,54.88442611694336,0.2773126467841558,360.60607093064266
2000,-1072.767979844519,52.45402145385742,0.28093737981930644,362.0788012096258
2001,-1106.5990274896485,46.79615783691406,0.28839745459119825,359.2800240450813
2002,-1043.462930195804,50.0113410949707,0.31841572626217385,344.8998452070185
2003,-1026.297450600647,45.91797637939453,0.3149614843044617,337.0042429710804
2004,-1337.0021432753006,49.84745407104492,0.34581878965218493,385.8373366089297
2005,-984.1597353455392,51.548866271972656,0.3584648773958179,349.41247796808057
2006,-1272.9940879210578,52.575042724609375,0.35968671867307656,390.16287052065275
2007,-1178.4842636790331,50.20008087158203,0.37389990616072477,366.69149309062016
2008,-1283.0423823067472,59.23928451538086,0.6697031810763292,386.70350548284574
2009,-646.1333664642515,64.395751953125,0.3811070533671561,271.3288234908847
2010,-1384.5177361016742,67.81497955322266,0.37889124647834227,399.8711025305086
2011,-1201.6322270871785,48.66792297363281,0.380148862091513,367.79513813327867
2012,-772.5766468629186,57.425933837890625,1.0719937639660202,333.6420656853584
2013,-1325.3064935952423,65.97118377685547,0.358607222620023,406.1374225132847
2014,-1122.6581643003722,49.35811996459961,0.35378018527593325,327.84362845485174
2015,-1167.2099995063386,53.482383728027344,0.44765752582316054,374.1222351344069
2016,-1008.8045577443246,83.41442108154297,0.34514502034085126,264.0728249137046
2017,-1260.223513267744,0,0,358.0896301380669
2018,-1007.3906471061458,54.67608642578125,0.39539885396516183,315.90042742404626
2019,-1219.9550900168683,49.26274490356445,0.3384698629321292,349.2894629399217
2020,-1147.5032854610683,53.260311126708984,0.4519771380000748,348.22580982399523
2021,-664.7811833257213,58.65133285522461,0.41109268953005085,296.3828510807498
2022,-984.4197808680368,60.429195404052734,0.3353659648729903,345.31534554328977
2023,-504.80399487333625,48.40531921386719,0.4658180701226229,308.585323651218
2024,-1141.8528137857113,69.67505645751953,0.5240075487090508,347.86738292343784
2025,-905.2177698799672,49.912261962890625,0.3998591549352568,289.9142446582879
2026,-940.2659133654306,56.07387161254883,0.41041848591703456,350.2434059661303
2027,-866.6190331928996,47.67771530151367,0.43483771343562694,332.83566860074325
2028,-1221.9041114259803,46.955963134765625,0.4580482706642215,332.43114355320756
2029,-864.0013501954054,61.101558685302734,0.4786662090809841,304.0042413656384
2030,-960.7957486080506,52.65044403076172,0.5446368487610016,331.69853822934897
2031,-1136.3384555478845,46.172279357910156,0.4958298676501727,352.1144360328627
2032,-1467.1670789275142,52.32893371582031,0.45292091679039004,401.89179952076046
2033,-1193.279256155668,86.05091094970703,0.3952615073640118,367.5634733506752
2034,-810.5715206991831,57.239227294921875,0.4059880146451178,321.57179138484975
2035,-1150.700429569286,49.2080192565918,0.37784614447446074,348.0514298882812
2036,-720.7454175594366,50.93614196777344,0.41453830542741343,314.6308931060796
2037,-847.6152434780367,51.15705490112305,0.39839439532806864,344.8814304829201
2038,-1029.644373644181,52.671836853027344,0.4266667212214088,319.6612880136932
2039,-561.2974043126242,45.58331298828125,0.42127054907905404,239.96289607980722
2040,-862.2431457081495,61.17749786376953,0.4495124096283689,299.6050549224874
2041,-860.9927418909948,49.25287628173828,0.3987071539158933,331.0044510208105
2042,-810.9676610745003,50.5707893371582,0.4837087228370365,288.25681246499676
2043,-998.9959705341876,45.25297927856445,0.3731582047548727,325.1927028782968
2044,-713.9123475426297,47.86213302612305,0.4532328509230865,283.10161797356045
2045,-1053.5631473367598,47.161869049072266,0.5768261213816004,356.1715710121383
2046,-962.047804936615,50.994659423828125,0.4719906886566605,317.9639402706812
2047,-1279.5326101981161,45.57648468017578,1.2798404073691927,388.22295737008966
2048,-1159.730984601053,67.16020965576172,0.6570307002548361,365.6071935359332
2049,-1375.5541914490343,65.67709350585938,0.45209822523611365,351.0022307037756
2050,-984.7834361585514,78.78700256347656,0.4059707536980568,335.70466050290634
2051,-825.0798761999365,47.03889083862305,0.36161457534399233,336.99479726996293
2052,-1355.340483778361,46.91276168823242,0.30221135256862963,367.1717025468361
2053,-993.9760966442151,66.86129760742188,0.2876593970122485,340.56227331069624
2054,-1326.4799984892434,46.311153411865234,0.27133729132779827,343.23383235450893
2055,-730.099094382302,58.830997467041016,0.3881943092274014,290.2632986415836
2056,-1358.898500330783,52.95473861694336,0.3037163247517096,365.83681706840156
2057,-890.8456551310921,59.37152862548828,0.46017306053545326,312.65114202909126
2058,-757.4628182462563,55.27043151855469,0.35845647118658786,321.18820825514405
2059,-1202.5547972407273,58.059329986572266,0.7846980071626604,366.7794921034821
2060,-1003.0860066147086,55.11600112915039,0.3669164520532373,315.087005973062
2061,-1071.2705351492323,48.703346252441406,0.372431798748039,351.6576060162162
2062,-1336.6721535232905,50.54854202270508,0.39331678609960363,380.69750148346805
2063,-874.6382745234613,56.60895538330078,0.3680463014641333,323.6932158093436
2064,-710.9987897534352,53.745269775390625,0.3623208507117397,292.83549221665294
2065,-1313.4308743560614,56.34877395629883,0.3516987963344036,365.91713514361646
2066,-1266.283135891935,61.90032958984375,0.34323713446039505,371.1579753772586
2067,-743.6540873609423,59.2348747253418,0.4174112539330963,304.7930171570045
2068,-1134.9802270464002,51.8144416809082,0.339187874939455,321.67583725512145
2069,-938.5955489256867,48.38166427612305,0.46200316764588933,309.267635630482
2070,-898.9739443592193,48.934165954589844,0.36302724299275724,305.0078567127528
2071,-1235.3929102360044,48.227596282958984,0.3471948906787077,344.42897208643745
2072,-1293.7787830834488,53.41695785522461,0.3487241235700509,348.90375364120365
2073,-1022.5758580444008,57.82246780395508,0.3465106006826687,305.36170055134846
2074,-1056.3322888990285,49.03016662597656,0.34741308079765076,329.09372355259404
2075,-1139.4862180745954,49.59769058227539,0.34448467919980885,323.47974541342455
2076,-1261.5216934812745,48.55839920043945,0.34168992203707127,385.455410755019
2077,-1024.811451056452,59.35825729370117,0.3414317438265193,276.3050623171668
2078,-1339.8814771108473,50.49765396118164,0.34506577510181113,385.04556980659675
2079,-1181.033741627944,70.13545989990234,0.4280179492488969,369.9459379878515
2080,-1040.5369738201562,55.90837860107422,0.6804984169139061,340.0409060755423
2081,-1118.077294298695,48.94321823120117,0.5520565081969835,337.4341718685243
2082,-1480.9259656432346,55.33708953857422,0.7684068023518194,377.4495574757551
2083,-1249.969585607395,68.291748046875,0.5825953457679134,369.53311803532006
2084,-1100.8018872347366,53.96674346923828,0.9451664802618325,323.0907475028199
2085,-884.783287015524,19.30805778503418,0.5753678886067064,318.83928680098495
2086,-1373.702904550378,54.0813102722168,0.8662702242436353,381.0332295714305
2087,-905.8666982668675,62.071434020996094,0.6238947077472403,294.99831038617657
2088,-1012.3284075974831,58.954185485839844,0.7320004203502322,352.8161893066215
2089,-663.921143580181,64.75209045410156,1.19400364079047,270.10808585942647
2090,-946.3780829696908,61.62495422363281,0.7824670362751931,306.3722378753691
2091,-941.347297849987,53.212310791015625,0.5220620075006082,323.9223056394511
2092,-810.9444449961403,52.60784149169922,0.5337017670790374,293.448491631175
2093,-685.0840549168962,58.446170806884766,0.6683461603097385,289.49043592520104
2094,-1112.8646404765186,51.09269332885742,0.5055587123133591,301.464282244182
2095,-1415.066876334834,61.46514892578125,0.5221566158143105,376.4643982347528
2096,-1030.3841435472286,64.66950988769531,0.4609458964714577,336.58086820541945
2097,-1045.0257766959887,51.6752815246582,0.4674034485406082,308.47843186951104
2098,-1212.1801477302101,53.193363189697266,0.452871654850183,372.89535892988647
2099,-947.1894432463024,58.44577407836914,0.44688232544779183,308.5763942689719
2100,-986.8810119215415,52.68307113647461,0.43905181448721464,306.4308823744724
2101,-735.3258486642296,50.34892654418945,0.43245555079911213,238.07928713883265
2102,-921.2577731030085,54.32844924926758,0.42922362633598077,320.2980327134202
2103,-752.3408904242175,57.43526840209961,0.43043837963236165,326.5332705191199
2104,-878.9056342448538,50.107200622558594,0.4311202602554163,308.4786461125601
2105,-619.0411085157347,53.6250114440918,0.43775773804031815,258.37018379497414
2106,-954.2757810581443,51.22471618652344,0.4452533707031705,329.8800019272907
2107,-1004.1543870912707,57.93281936645508,0.44656530424409535,322.4046756842583
2108,-814.6137494554965,50.10026931762695,0.44736803809132786,307.1361639360683
2109,-709.0662217202688,48.418006896972656,0.45107936008990235,291.70544870024963
2110,-639.547096832668,53.788150787353516,0.4561756568545121,227.9544538087577
2111,-1060.8422908654677,67.59156036376953,0.4566832920880155,315.08359632237807
2112,-734.5406532625967,14.538140296936035,0.45380971133178427,268.2720004867043
2113,-963.1845628604093,56.6682243347168,0.4443659413155201,260.79967309890236
2114,-1197.2385967903188,64.61200714111328,0.4259930552029193,367.7329541991529
2115,-998.7662447929215,56.86979675292969,0.4013532606798407,335.7554823717379
2116,-879.5227462306216,49.52417755126953,0.37621523493988307,269.92291696846945
2117,-1155.330981963291,58.8074836730957,0.34774113909931437,319.6753063720605
2118,-702.4430484573053,50.35612869262695,0.33322567947652715,291.6339511957957
2119,-416.6125473143842,64.2424087524414,0.3324693977476656,239.1761388485976
2120,-907.6583451502529,55.804134368896484,0.3360995791286996,271.5754078908172
2121,-1059.4731795551063,57.014190673828125,0.33539916590405605,318.238131629177
2122,-1078.8390729533974,55.175331115722656,0.32952890047375916,288.8654988533584
2123,-997.8597282155844,53.138954162597656,0.3309415507801532,320.0343047696518
2124,-669.3314867563945,49.392921447753906,0.32504433683504885,268.88769749693097
2125,-831.5104393631245,50.60698699951172,0.3308089780377337,254.55667183824195
2126,-894.6872727115208,58.67289733886719,0.3376148317243084,261.30981247030167
2127,-1198.1658177313827,70.14179229736328,0.3286713008515445,343.27541626748337
2128,-1158.6340040358236,95.67613983154297,0.3173520108224881,313.77249532154343
2129,-1320.0869598621607,0,0,336.7802415780895
2130,-585.2455156606118,79.09098815917969,0.29611218199948564,216.5961929926768
2131,-690.431394974919,64.17889404296875,0.28975491082142546,278.53656936908015
2132,-692.5525869539606,54.810630798339844,0.29098938051853906,258.1660283393365
2133,-725.518441860599,55.64305877685547,0.2951948180704278,282.36415564694596
2134,-840.4414885053111,52.57612609863281,0.30833667137042364,311.7735886634375
2135,-992.497329401756,51.4987678527832,0.32366183219998845,306.3342531909836
2136,-937.6643876593847,52.848812103271484,0.3342318438389664,246.42172370104464
2137,-1067.5726437993835,60.7319450378418,0.4712018113787053,310.39386360432434
2138,-759.2932580800617,62.52912902832031,0.3358442211252264,290.9169801308967
2139,-959.8011420612488,52.041255950927734,0.3367754278087589,331.9593943913445
2140,-985.5366830769449,59.8271598815918,0.3376519385249226,293.65533519527446
2141,-734.840772315359,73.76398468017578,0.335728501945431,253.60731377049098
2142,-1003.6110424496432,65.70259857177734,0.3443348814223741,304.35450182734195
2143,-945.2350508052497,65.59244537353516,0.3526514472954623,289.6064337533936
2144,-991.6025452047427,62.21693420410156,0.3597959502465473,310.96048063136
2145,-980.8314854902079,56.802825927734375,0.3636258910639538,315.3202266127616
2146,-922.5858991693896,56.37351608276367,0.36646832053630085,276.68167536453774
2147,-1042.805832402827,66.85781860351562,0.3754665555583614,267.903570767149
2148,-971.676355296986,73.81217956542969,0.37872100040521595,312.8912491089009
2149,-623.0095803569734,53.774925231933594,0.5618831059837248,252.88060472544134
2150,-1101.255057719874,65.71849822998047,0.3877317533274436,301.5041868527376
2151,-860.326874525647,63.97300720214844,0.3832929790572388,249.106318420214
2152,-718.8230902491669,62.34077453613281,0.3834972011960218,298.3264839515647
2153,-1122.963417485166,50.20526885986328,0.37998898060573083,325.1797282034511
2154,-1151.7873406646163,59.30837631225586,0.35644212258731556,355.17501256001026
2155,-1011.9381794153645,65.68467712402344,0.31764210301987816,293.78918647745877
2156,-1469.130793615759,63.7224006652832,0.27742278121604613,364.53168407687076
2157,-733.4917982437444,91.10121154785156,0.2252147475870956,277.2520134936605
2158,-1301.2851543428008,53.384788513183594,0.2117824469892826,348.49695957338776
2159,-1023.2324423812536,64.52184295654297,0.23452882213083948,299.9797895059916
2160,-1113.884612173186,54.06382369995117,0.2876171765063398,271.251407938379
2161,-896.9088737924991,60.17239761352539,0.34745344239133824,291.7221014485384
2162,-1046.7666949438265,56.18974685668945,0.3916994767001679,305.0516843476504
2163,-1048.6777304469526,59.084312438964844,0.43272152258804364,326.1436988124791
2164,-989.6363347714886,57.75330352783203,0.624824227677891,280.56315598371197
2165,-936.4440453176934,59.66838836669922,1.1067123815300874,296.2274261838355
2166,-1069.0568765134376,58.81800842285156,0.47847941027094976,305.6410687740579
2167,-1136.6405791127966,55.491851806640625,0.46437272350523884,331.02640631681345
2168,-961.1191213838346,55.632816314697266,0.5280165751901222,342.49839014302796
2169,-1006.7338106116226,57.77110290527344,0.5181982071444509,335.668366695423
2170,-932.9664930509305,56.509849548339844,0.3923609963073389,286.02436920714825
2171,-929.6927193410827,59.389190673828125,0.5542573817947414,278.6168009195397
2172,-807.8982101693966,54.819881439208984,0.4326340417173924,256.8547743867264
2173,-999.3532918083905,59.59386444091797,0.2968767902103828,284.57194071167754
2174,-874.4032080480512,55.80262756347656,0.27989275364598143,280.0679939962655
2175,-1110.0631055580081,56.488250732421875,0.4010113417316461,337.75070366270506
2176,-878.0621701264658,56.21356201171875,0.2578198677352539,259.211025701268
2177,-950.1673094166514,58.462650299072266,0.2630459874731059,337.7575716101524
2178,-1111.4590298273042,54.38154220581055,0.6035984545305837,339.6910324486585
2179,-1052.344014884649,57.98369598388672,0.2687874760354134,342.2895961757493
2180,-844.7354530273338,55.10811996459961,0.2661898312480844,292.163892935399
2181,-850.2936956388007,50.6324577331543,0.25719902899698055,295.3834022974918
2182,-913.5347229138949,55.60664749145508,0.25404223903900913,283.37605924333286
2183,-758.1503904467997,52.242984771728516,0.265650130881113,256.48484042791995
2184,-885.1925583465675,57.41693878173828,0.25788909809853067,295.0112462554191
2185,-864.3534615586542,56.9363899230957,0.269256738221884,317.4786758720456
2186,-1046.436134348335,59.470123291015625,0.25974800666153897,310.2044935052371
2187,-1162.7871159224567,62.870723724365234,0.24829663987368988,322.12064279082864
2188,-989.5505424065894,63.27837371826172,0.25539662737537583,326.5124386932599
2189,-1175.3557283417285,61.99913024902344,0.35513259857543744,266.2831139759945
2190,-683.9971271727774,70.23505401611328,0.2629758656657941,271.8513192524107
2191,-977.3658170097892,58.11235809326172,0.4611537328455597,268.7599423904537
2192,-1033.8488130358403,59.3105354309082,1.2469133355189115,341.4904893380821
2193,-1176.3613582458936,56.32207107543945,0.22367947826205636,285.13632024345264
2194,-837.6379161944953,61.69474792480469,0.24993254383298336,320.61031698957385
2195,-606.7834193842705,54.58116149902344,0.2434849544224562,262.20308022647464
2196,-949.8321038261042,62.44533157348633,0.5395741597167216,313.60224263808277
2197,-1045.1472407498147,53.88581848144531,0.2303603012524036,288.4010365788638
2198,-805.4251867436689,57.59731674194336,0.2617902065976523,255.09329266284527
2199,-818.5266083461073,59.674835205078125,0.23233666573923983,296.04634507047535
2200,-818.307346561937,52.724700927734375,0.27183501002946286,247.66754826652672
2201,-996.4910393164397,9.882018089294434,0.22714406367322226,266.5173838957863
2202,-771.5246480746104,58.20661926269531,0.23150910283038684,279.42536412883805
2203,-982.8655133906753,56.96171188354492,0.22383976216906376,326.7057906897105
2204,-1009.8222015413538,52.63421630859375,0.2246347217010225,310.5085206129663
2205,-1261.973600512455,66.62450408935547,0.22256986738909745,347.0540735644539
2206,-628.5172227798811,64.53456115722656,0.2218257557956349,262.1341324389812
2207,-1039.7729258947193,62.953453063964844,0.22859838427848445,292.3833728696451
2208,-922.4775141812473,54.74810791015625,0.30341007117385743,257.6185373329231
2209,-1004.1424660199119,59.94538116455078,0.23203362865297095,296.53052690876547
2210,-664.7348092490653,56.88225555419922,0.5599588245677296,231.1780141287646
2211,-832.9275841816975,59.284812927246094,0.22442783463884552,275.6717314646878
2212,-1210.4074309249254,60.5225715637207,0.226987315815677,335.90225555271644
2213,-943.2352230631927,54.915924072265625,0.2533276992944593,304.9323311586849
2214,-1102.9283355799766,62.766563415527344,0.2561336936450971,260.2398350011432
2215,-1074.2763736206489,61.07435607910156,0.23889050108846277,294.89287604946225
2216,-1003.3348371386925,61.1554069519043,0.35039501370920334,270.088873266741
2217,-916.4191330361525,56.12510299682617,0.2796048613563471,330.73738009186457
2218,-561.6545631821707,62.687530517578125,0.24112370079546963,271.31761552457715
2219,-749.0827342470573,57.361080169677734,0.2302499590239222,269.44983222901305
2220,-990.362252577744,57.7605094909668,0.24467549494329432,296.55677775151366
2221,-910.0835672899483,51.88508987426758,0.3096590926797944,294.21390950601676
2222,-972.9834678928125,58.11497497558594,0.23013134265056578,288.50033846372446
2223,-848.9239872187005,57.9198112487793,0.2303957361268658,253.45910897069155
2224,-1165.7138802306035,72.78931427001953,0.2260738750700284,285.9436174893791
2225,-489.46630916017835,63.031593322753906,0.22645490103519172,257.033959128117
2226,-696.0413945024775,59.87471389770508,0.23014121121201914,286.4000411283363
2227,-733.9577274257275,54.3714714050293,0.23762722036282646,278.1469638145981
2228,-952.2034788489929,55.83540344238281,0.24971633648829084,322.6946109944176
2229,-803.1851254663551,59.39603042602539,0.25323660941075765,226.08292985837417
2230,-1397.1019621852915,101.08306121826172,0.2576275763367448,353.9833951765969
2231,-783.2272379283419,54.237545013427734,0.24681607761056057,251.83512901369363
2232,-1082.1862751738902,69.97388458251953,0.24190016993622976,297.10339168715154
2233,-989.2945809785958,58.469207763671875,0.22978115722274595,316.85024183499706
2234,-1094.30280497258,64.49610137939453,0.22236377658440176,271.067452570916
2235,-794.4097194797102,55.89967727661133,0.2210321514559439,279.69629321559927
2236,-884.3311544277711,56.36944580078125,0.23538640721653792,264.104365626191
2237,-886.7749815938927,60.72805404663086,0.23043590408678938,289.8194410549487
2238,-891.3434894046485,58.71105194091797,0.23247209017404202,279.1348786100891
2239,-766.5765925506911,56.66054916381836,0.26651271654554876,279.2473078054365
2240,-1121.1631566497879,110.82173919677734,0.23835868337266675,328.510890291702
2241,-807.4748961099939,0,0,267.6478010662292
2242,-996.2937577025899,59.520572662353516,0.23999584715473588,257.8474180454837
2243,-924.3643039307725,70.34834289550781,0.24511857194625009,233.22598485140583
2244,-654.5125576083898,69.2500228881836,0.24584739672545886,258.16416818314195
2245,-701.837809728312,61.850337982177734,0.24547913662280596,237.72134295981408
2246,-744.5735662148363,68.61407470703125,0.24475137360047938,257.7984461450211
2247,-1121.966769149647,61.41463851928711,0.2806195223420218,354.495268973522
2248,-912.26165120878,63.387447357177734,0.24891636970193787,324.16787118887754
2249,-1234.2191478644968,62.74287414550781,0.3177571807827917,354.0772797829056
2250,-844.7943862398045,71.90766906738281,0.25442830922131066,275.78263697838656
2251,-935.915710422124,55.29621124267578,0.25487520462063706,332.2517195292095
2252,-803.2566798872269,55.268978118896484,0.254440765003584,246.19037277721839
2253,-1040.5326518400739,60.44711685180664,0.29699060785060283,308.45848098983276
2254,-513.4801305424971,63.66095733642578,0.25945753745691036,212.18560710628157
2255,-765.6666458870546,67.3902359008789,0.25592570160772077,230.77988482031162
2256,-955.1466017169316,65.1357421875,0.2988320167241909,265.23792608139706
2257,-841.0568108915113,62.125083923339844,0.2621858293510314,281.01060387475394
2258,-651.2654132363585,57.587196350097656,0.2639607497176,238.34871164024378
2259,-841.9106627785226,65.7578353881836,0.2697038752974592,321.6586934457512
2260,-1015.5990669137217,53.80006790161133,0.2733658762882314,295.88167544227593
2261,-703.9298150113405,71.94805908203125,0.2728534482480427,297.6897554055843
2262,-1196.1081350915947,54.639610290527344,0.2932857999330736,346.873707979597
2263,-1185.852389378527,70.657958984375,0.2714800114413265,328.6147207237814
2264,-802.3345677870194,68.10266876220703,0.31763904760737205,247.93168250771822
2265,-786.0207299817321,64.83707427978516,0.24755591436899493,266.17226010852795
2266,-910.4743100830365,59.13233184814453,0.24652733884047606,275.6488480447446
2267,-731.5352544838316,59.22883605957031,0.24628110280458126,208.56057682123938
2268,-945.6176752791973,66.04570770263672,0.24809129113384643,309.801037613601
2269,-810.814624292274,58.23871612548828,0.2538631693714706,248.57116444434143
2270,-1034.815966662191,61.99888610839844,0.25252635964919534,245.24634049462753
2271,-785.4638356605848,68.01266479492188,0.27735232084705785,205.88050139159841
2272,-1351.340821799406,70.76632690429688,0.41691715620981995,347.773640824111
2273,-662.9072591033737,75.67823028564453,0.3044680231505481,266.8262279914631
2274,-1065.404732124463,62.0499382019043,0.2624374839900838,342.1931886476682
2275,-654.0056860516098,61.02074432373047,0.3156949622716638,249.81785458500337
2276,-1121.162320363066,69.61146545410156,0.2684118720663611,339.5379239616636
2277,-669.9934315910469,57.310916900634766,0.2712807868559107,247.69797901695375
2278,-904.7177605487617,67.89956665039062,0.27299671369011236,277.86850800241433
2279,-912.9443838148468,59.30156707763672,0.3127407215324638,286.771374597542
2280,-1045.2653526054223,56.49742126464844,0.2780971504612353,305.651064844069
2281,-760.8947841129867,58.612789154052734,0.2795583659097076,269.89406610273437
2282,-662.9199283842305,59.60613250732422,0.2824761190005559,228.21436372746172
2283,-816.5005943010893,66.81210327148438,0.28941974898637474,254.9078182369651
2284,-987.4890492633918,61.150943756103516,0.2969175278687599,292.14804633971943
2285,-686.4299217581781,57.695167541503906,0.3028201677603968,206.013503096931
2286,-534.7807220746932,70.84837341308594,0.3105866228925641,195.93233472265143
2287,-989.7113377478694,90.88233947753906,0.3312268648605823,273.83883531425204
2288,-991.2803225708972,60.64820861816406,0.33660347375461575,295.8986464555954
2289,-857.2036361893674,62.50129318237305,0.34100342716610044,248.37471257558207
2290,-622.2907463588858,62.2122917175293,0.3465747848003389,248.34869738628458
2291,-1016.9575629305515,67.14376831054688,0.3558864745473329,298.19763308983045
2292,-669.0837576782459,60.266448974609375,0.35967830953813973,241.0117061302686
2293,-895.2138674721366,69.62925720214844,0.352890743685748,268.60487884149137
2294,-433.9437881248728,60.79051971435547,0.3576124300511765,249.3715723949308
2295,-662.9333341213593,68.73987579345703,0.36576512967359065,267.08739106888777
2296,-659.2776923652749,56.2044792175293,0.3804976259042263,238.89749207091526
2297,-746.4439403895328,62.81450653076172,0.3956817211703765,300.6305236298615
2298,-851.8296688224971,57.641109466552734,0.43735010040472844,271.551394933255
2299,-1156.9350952755233,67.80320739746094,0.3990702532584205,332.79560564370695
2300,-852.4519391858674,73.2865219116211,0.43680980899807764,270.4197255059379
2301,-772.0410968943282,57.73810577392578,0.3522963917926063,255.3983217146311
2302,-1027.4581436864978,64.1979751586914,0.32840211625710936,308.1087037476528
2303,-813.1810509496877,63.97886276245117,0.3057165526033714,274.5387800988839
2304,-503.6612675603025,62.51938247680664,0.2754121244909111,221.69537834882007
2305,-979.7213364049127,72.85916900634766,0.2630023952625482,284.46895316937685
2306,-742.4125818733775,62.35284423828125,0.24719278719090276,205.5732013974611
2307,-863.3363557905516,10.430469512939453,0.2397476631164892,279.20845392055713
2308,-912.8348290419407,62.47431564331055,0.2329057960822638,287.7925195503868
2309,-1130.7333724508273,63.012489318847656,0.2224956715152766,294.8003430264098
2310,-1116.3351945267004,66.78996276855469,0.21363419358372937,317.58445717593366
2311,-1280.3387357143558,79.26663970947266,0.24650693475996377,303.0793471351708
2312,-1110.7890754220891,68.7801513671875,0.24904155007698137,317.4180666878319
2313,-806.0238642126087,58.88426971435547,0.27981618302140987,255.6645747020086
2314,-971.7052499589595,65.37654113769531,0.31734529367383857,302.53608132414877
2315,-1245.4318065335763,63.033565521240234,0.35983098041544537,328.82789614884723
2316,-757.9279773887735,67.37165832519531,0.3969624526532982,267.4907391941048
2317,-923.0791394863953,66.94725799560547,0.4203311567689525,275.3115963864887
2318,-1210.8163032979924,69.22325134277344,0.44128501264879105,298.31520552177165
2319,-1189.2230553156323,64.45126342773438,0.4597761382124075,331.4479854553549
2320,-1071.6675015925966,64.3897705078125,0.4797399848044952,312.48940468482783
2321,-498.5168506062336,78.43545532226562,0.8353811421548016,237.1054695317373
2322,-642.3762651494684,81.50811767578125,0.5560853015922476,226.10919233572727
2323,-675.0037932074156,86.84907531738281,0.38794964910772567,253.13420627463825
2324,-1421.1038832692911,84.91574096679688,0.35382392673029006,316.7954755036058
2325,-935.2242629546639,68.0423355102539,0.3311212101995298,275.7818936310095
2326,-914.9306857018156,62.97030258178711,0.31266589302371983,274.5077784428693
2327,-1001.8722313302947,63.27501678466797,0.3045586603489028,267.7568200330865
2328,-1184.4122899310807,70.11878204345703,0.2927732019646587,310.1635249532253
2329,-1273.785424598991,81.73075103759766,0.2925600892835334,316.8940758742351
2330,-1173.752815385692,69.08275604248047,0.298625288391122,332.64810310074273
2331,-1024.8151800720125,62.63048553466797,0.30676478997497725,264.2789143882945
2332,-1121.4279013236555,74.90654754638672,0.3268075610812957,214.97507011014113
2333,-971.996856469874,75.05815124511719,0.33982088962693524,293.57617635071
2334,-1064.3231504833855,62.29804611206055,0.45418653926753905,292.70671185552754
2335,-1059.3440022471075,64.03038024902344,0.5774432317120954,285.7227337668724
2336,-620.7491167561742,70.5139389038086,0.5356090103305178,266.07471258737536
2337,-905.122584818248,63.5295524597168,0.5938748509797733,265.91062424865896
2338,-1269.5566644365847,76.05814361572266,0.8011432167841122,302.43837980099624
2339,-1498.426882965299,88.9410629272461,0.3813666973113641,408.67840451390936
2340,-1180.839684124312,73.00483703613281,0.403473657657174,289.06969293837784
2341,-1039.8365199897028,67.4083251953125,0.4263537263107082,282.4095614955117
2342,-1161.0454994693048,66.0089111328125,0.44914484937902444,298.1382492277005
2343,-1030.1597771194465,62.380733489990234,0.4692144178711404,272.0369011406687
2344,-537.3169896563163,81.12437438964844,0.4667900137155474,250.26695322492628
2345,-900.9266993668825,75.10313415527344,0.5345337938779267,340.83869610850155
2346,-879.5213522546499,59.9445686340332,0.4378028240249421,285.2992318836884
2347,-1005.3987930349797,66.77803802490234,0.42322672207620826,318.0115946769455
2348,-1040.3355964853968,62.90993881225586,0.40908016213674614,334.9755058321054
2349,-700.2649259132342,62.868717193603516,0.4007995704905625,282.13712885958006
2350,-1244.2152158269312,74.87932586669922,0.3813808297254906,349.76699474541994
2351,-1126.7976901277532,16.310829162597656,0.3774672110895736,287.26261614151935
2352,-1231.4958662622723,124.99620056152344,0.4393167424350395,317.6239689716151
2353,-862.1569679160527,0,0,280.8563878369598
2354,-855.4472815151522,66.53379821777344,1.4497524790931493,295.33998851400736
2355,-1063.6647841730114,67.18377685546875,0.36994837455138296,337.60046789673095
2356,-850.2644699113091,65.00914001464844,0.4189503488014452,300.2366759351865
2357,-729.3483575738718,59.18907928466797,0.41293199681240367,281.95168950397704
2358,-975.5202697477188,62.551639556884766,0.36248879088475583,301.8430152963027
2359,-1068.3991970520237,60.30501174926758,0.3895316119087511,298.1708485863428
2360,-1233.1234131274593,70.35432434082031,0.3657154205538973,342.664203494167
2361,-473.01151143633325,73.0072021484375,0.35954217603732275,272.38610645203505
2362,-603.7462094597273,73.1286392211914,0.35399845348229064,270.36389183909586
2363,-904.6178405641007,63.207271575927734,0.40579026615523617,275.14264715002383
2364,-701.3181622723578,62.68824768066406,0.4073324285855051,266.20333840583766
2365,-1118.7843549571276,60.62257766723633,0.3647764368229218,317.76870241771803
2366,-1061.8314982973554,68.74851989746094,0.36431782764339005,285.72731486801115
2367,-988.1010659737412,72.44802856445312,0.4255350722669391,315.75606618720224
2368,-736.9014144177147,65.4934310913086,0.35866021361066913,278.62167153005737
2369,-1117.955310547358,59.45707702636719,0.356887376828821,289.5956494867136
2370,-1120.9904687996955,73.46043395996094,0.3528571552587554,302.85789443815145
2371,-1239.1191669041048,68.78196716308594,0.34864143435169925,325.89698576514115
2372,-912.9455019823617,77.33956909179688,0.3465352684377532,294.667373516775
2373,-820.5993933238951,60.146034240722656,0.3542498373290073,252.07458400310298
2374,-742.7852665514808,68.19462585449219,0.353109788115348,269.8912857961142
2375,-646.7687499852514,68.49314880371094,0.3568127781537669,277.7801272472344
2376,-1041.225477441018,65.2824478149414,0.35723896223402773,258.8430530220461
2377,-761.576852663004,72.34642028808594,0.369996748988342,276.18271687442774
2378,-1230.6868124406033,63.49519729614258,0.3876639112531848,314.7153320265006
2379,-858.2226883167771,73.4006118774414,0.36000563030545374,316.0585230507626
2380,-1136.6195147763679,60.06009292602539,0.36112040843753235,299.6711527539469
2381,-987.8037930587543,69.18887329101562,0.379653323583625,319.27803915171614
2382,-1059.1473540044121,61.19453048706055,0.3658647407553133,317.0709656384141
2383,-1427.5069434082543,61.46599578857422,0.3692990737703141,374.576674305029
2384,-978.4522553066959,84.20305633544922,0.39037991669374605,234.7212052902878
2385,-1300.65533893351,73.69420623779297,1.003364289063029,324.47574216254696
2386,-556.9890796253369,76.93915557861328,0.41234191428793565,244.07223314246232
2387,-1205.3152242299614,84.1235580444336,0.5911846962990239,317.2720354970223
2388,-1190.118025463331,73.19813537597656,0.42801074051294563,327.8631876689183
2389,-773.1906472734975,72.24302673339844,0.8167372162861284,291.30335833644665
2390,-1080.009532109226,68.45059204101562,1.5743847345001996,281.5850625827178
2391,-818.3923678414777,68.73924255371094,0.4387104501761314,303.1438535941544
2392,-817.1998036838705,71.30827331542969,0.43914568291472733,261.68650997544563
2393,-868.843920523693,74.82245635986328,0.4456188962349188,317.46202213150065
2394,-1079.4083978534911,72.91181182861328,0.4333891818669944,306.701448753127
2395,-993.3321690821657,70.58976745605469,0.43210706418403877,270.6846635237912
2396,-1106.3708852276777,84.11062622070312,0.4329543292600342,352.6280634607091
2397,-1133.0647803582776,70.45219421386719,0.9951773938373663,313.6416050440317
2398,-799.722094940443,70.62904357910156,0.6617302971426398,229.14745819672333
2399,-1122.884399437184,81.14229583740234,1.4432645580964163,307.0806213909132
2400,-886.0705306427458,61.8257942199707,2.201605905778706,285.82605317937816
2401,-1104.12224289204,64.18756866455078,1.521364064887166,331.9286532844992
2402,-1354.9636224410565,65.92459869384766,0.9458702969131991,381.0697854786489
2403,-1104.7281536813118,83.4092788696289,2.2749463671352714,358.82945573075557
2404,-763.674266632079,70.4468994140625,0.9646861081128009,297.4090996398412
2405,-933.6146741042904,70.56161499023438,0.4806879434518123,322.1399619004635
2406,-1027.0238740594334,67.81249237060547,0.5117355581605807,350.13269455065034
2407,-1238.5101816471079,64.3666000366211,0.5153421549184714,325.2912246573024
2408,-1239.0373835234118,75.54154968261719,0.622552805027226,330.5601476495037
2409,-990.6061292468933,74.8223648071289,0.88575633126311,267.59846755117877
2410,-873.1263216866078,69.22200775146484,1.63223061861936,253.32975735582875
2411,-944.0857364307531,74.11918640136719,0.5629815834981855,288.84888089406223
2412,-1007.8425657205747,66.42832946777344,0.6796847169753164,282.91327673360024
2413,-711.4218723704189,70.1492919921875,0.6204948838567361,299.4203006986753
2414,-868.5618198068075,73.32675170898438,0.5186335937105468,303.53791942972185
2415,-768.1117011742492,68.98963928222656,0.5010239823477605,284.9977858371317
2416,-660.5062285093934,70.80699920654297,0.5177537289346219,250.09149127173094
2417,-1014.2147885611789,80.26931762695312,0.5064711978095744,313.09055322176647
2418,-755.121411062227,67.10635375976562,0.5148305718249375,255.71660028586555
2419,-1009.9957359355269,70.6166000366211,0.5638849411407136,305.8413617822831
2420,-1226.3342982472661,70.3314437866211,0.5770703017624328,346.05647274620026
2421,-1297.054611731844,84.64293670654297,0.5711304406977433,327.05851114969016
2422,-1231.316773432876,79.2082290649414,0.5747876081004506,313.78704627308684
2423,-1177.5360591826893,73.79829406738281,0.9598876137752086,327.2851515059112
2424,-989.8916716902969,83.64372253417969,0.6121918774297228,272.63289899965633
2425,-976.0382172332532,67.30630493164062,0.5199374925578013,308.34710077487966
2426,-907.6547517077349,63.88877868652344,0.5102561340754619,312.8609359271441
2427,-674.2067280433064,72.45146942138672,0.4944542319535685,297.06682334964864
2428,-1106.2346819338143,64.22554779052734,0.5344178842424299,332.7483664392658
2429,-1049.663203098788,72.33213806152344,0.48132499793609895,347.67537917532854
2430,-758.8180430284295,67.9468994140625,0.48504811373277334,314.828753733037
2431,-886.3801406798449,72.47019958496094,0.47774443560228974,297.5713721135342
2432,-1029.670118351945,65.2036361694336,0.46720094865077044,319.1568493647172
2433,-1405.3803888816662,77.77325439453125,0.4697064447966568,395.2979594039973
2434,-1005.7651580731018,73.73418426513672,0.5936249581864104,336.9043019856281
2435,-1058.9422614263271,66.52759552001953,0.5190720758328098,345.76830348938586
2436,-1088.5796721656031,69.16893768310547,0.5646588526797132,347.0529990173317
2437,-1050.3189726440635,68.00911712646484,1.2842968071927316,356.20963845534504
2438,-1083.861385205675,66.37610626220703,1.0791339474963024,351.2817066641611
2439,-1071.041846697207,65.53556060791016,0.6676239451480797,326.06644754278796
2440,-927.9157802316425,67.34625244140625,0.8394073275267147,326.33296361588134
2441,-684.6076683442915,74.71250915527344,0.8310344200290274,282.10245440953526
2442,-743.5010343906467,71.52853393554688,0.9039271687506698,251.395403268855
2443,-561.4861318117114,88.1788330078125,0.8480228824482765,255.45006489078952
2444,-866.4356950245958,73.783203125,0.6244014212788898,328.48318221127994
2445,-918.2930823739531,62.83261489868164,0.5655264550750871,321.8375100217296
2446,-1010.4812508475345,64.91800689697266,0.584259094564004,316.0176568168201
2447,-1038.3006873436125,67.0838851928711,0.7017020544735715,351.18009822752765
2448,-1404.333569605503,97.48495483398438,1.063354198471643,387.23822105572924
2449,-871.1266653333628,71.58950805664062,0.7139467957313173,308.4989710602831
2450,-1277.7790471283224,86.61412811279297,0.5629505757232209,349.0775229372433
2451,-903.2498724193381,66.98350524902344,0.8252781777118798,324.0042979952736
2452,-510.0362157254868,68.76753234863281,0.6309226173761999,294.2626825266261
2453,-761.2487836405058,62.52915954589844,0.52794270951199,284.6131552518315
2454,-1444.735152591479,102.51853942871094,0.6855439831851982,416.21194284844285
2455,-1375.7177660627528,93.80245208740234,0.5863251179398503,379.27134858152954
2456,-881.4960566016255,64.05823516845703,0.6393972182413563,287.79451024358286
2457,-1053.6153227627742,71.94477844238281,0.604966942089959,341.49327860303305
2458,-1102.6250800554583,67.06981658935547,0.4631660593659035,341.06902907930004
2459,-959.0464341854392,61.91923141479492,0.4567496893250791,308.3316379966677
2460,-958.4332123293723,72.32643127441406,0.463849583575211,338.9399868552923
2461,-973.8728886214882,71.83338928222656,0.6250180476490641,308.9054761757566
2462,-985.1565038562107,68.53829193115234,0.4463860301202658,326.46261796875854
2463,-968.7647325552549,65.67369079589844,0.45403049057313183,320.1848530930371
2464,-659.8481548612772,131.7672576904297,0.490892304420413,308.6285438393911
2465,-1104.6320873646575,0,0,345.7409439073892
2466,-628.6757821518905,66.44004821777344,0.6071734781726263,285.19949641062516
2467,-1061.0712736430012,77.0077896118164,0.5187740019246121,351.27238018116486
2468,-667.514031233701,73.43610382080078,0.6285051385057159,301.24027099302276
2469,-1112.1347225006136,70.58708953857422,0.7231775088002905,361.34350664305396
2470,-702.6635399317325,84.49883270263672,1.1850289441645145,323.06442068098636
2471,-722.214651667618,73.62757873535156,0.6349508604689618,277.0223849502589
2472,-979.030864269505,66.96131896972656,0.8544602565816604,347.22562876121293
2473,-1052.1375527053372,80.29881286621094,0.6206840443956025,335.47917882025797
2474,-1202.5407336341439,77.15596771240234,0.8463823562778998,385.16159656623904
2475,-1272.0200896879899,94.2226333618164,0.8964338619844057,355.17761596174154
2476,-979.2218300710302,97.3946533203125,0.8772690905025229,350.4696518282422
2477,-795.5000245105958,77.3561782836914,0.5164490253773693,274.92759445040895
2478,-1166.1086624567627,74.05533599853516,0.4986540586396586,365.514330306362
2479,-943.8688820131363,83.41661071777344,0.6245248953055125,340.10349734915735
2480,-988.9117539825307,65.09455108642578,0.44214885073233745,352.5491054598666
2481,-920.1831273613076,67.22509765625,0.46352689630293753,326.23709235927845
2482,-1182.6141089377568,66.99160766601562,0.7557896861690097,365.0415027103886
2483,-1161.3147732425714,78.3812484741211,0.3812618102714662,373.31456008556853
2484,-1060.105545362583,72.3916015625,0.38321797057976426,355.87423206450944
2485,-1264.9484381930242,69.82127380371094,0.38910032205554856,376.57350735556673
2486,-1166.2378772247223,78.09697723388672,0.41808519342157524,379.7680857005458
2487,-1199.028243624837,69.64093017578125,0.547466570045799,364.88718774859035
2488,-852.7172017779673,71.14366149902344,0.6914055433007888,319.5983600688059
2489,-987.6631763483543,73.25016784667969,0.450361154446,332.03913400343595
2490,-991.855794621633,77.34701538085938,0.4572529500728706,354.3220182283372
2491,-1043.8688408705395,74.03839111328125,0.6538954195566475,376.9457549535869
2492,-1035.9944843575126,75.66680145263672,0.45020081655457034,325.9331972495882
2493,-884.3269578791381,69.8910903930664,0.47923266302314005,325.0203988602107
2494,-973.5292436044613,69.3176498413086,0.5066681109310593,331.65304217075106
2495,-1310.6414074023066,69.7906265258789,0.4929898455629882,400.32800771251897
2496,-1123.7586379348027,88.86456298828125,0.5031899745263217,340.065046120068
2497,-886.2619971959846,71.97273254394531,0.6963075269886758,337.2430415207592
2498,-874.6949459486734,72.0312728881836,0.5034917677658086,328.19264118214903
2499,-1222.795227360087,71.67403411865234,0.52134321745325,343.88703587502334
2500,-1324.4876611826037,84.42186737060547,0.4823321121398294,386.1123741514458
2501,-1469.8872967285927,82.2295150756836,0.47031034817018735,417.5370958776916
2502,-898.7198952955981,95.39169311523438,0.47377634134318214,317.87861850041827
2503,-1073.8830570426487,66.71533203125,0.5130830977068399,354.3103080731977
2504,-1230.4837220939098,69.7103271484375,0.44088402661236614,361.37513327027244
2505,-1290.0843053038377,78.93317413330078,0.47731172942803823,362.14273115654277
2506,-959.9386045771048,76.99469757080078,0.4451340912937667,327.2635798463478
2507,-1073.0543984772423,70.29457092285156,0.6857040866743773,314.27040649782396
2508,-1093.1519863921058,69.85362243652344,0.4758740663073695,336.8113926450323
2509,-1214.680732133989,69.79906463623047,0.5099236587884661,331.2749694931716
2510,-1120.319501498155,71.56856536865234,0.4991482150180673,350.58052386032216
2511,-1115.6984060314403,70.68887329101562,0.4648257998758254,358.6636728437788
2512,-896.1026880477475,68.17294311523438,0.485631555555301,325.5357414328199
2513,-857.8414749250412,83.7201156616211,0.47454339563182657,358.1748504206369
2514,-1230.3767125251693,71.03498840332031,0.4787698693492075,383.9904271769622
2515,-1060.9840124494826,74.89906311035156,0.4920441502722497,370.6369971441095
2516,-1499.0119171313545,75.27021026611328,0.5018411865112284,392.5915858418966
2517,-806.0193826751971,93.54473114013672,0.4999600197243126,321.4188331513183
2518,-1293.39005220845,68.87187957763672,0.5337429888859333,370.2669883876506
2519,-1346.0488290079068,80.72066497802734,0.5409687111532548,393.6062185640359
2520,-1253.4198988228218,83.23307800292969,0.6109181854408234,370.70427215499353
2521,-545.8062812890859,93.69575500488281,0.4849486536963923,310.54565730974207
2522,-1072.7138651915482,74.07365417480469,0.49264449091957374,330.1744700691079
2523,-1411.584868667965,71.527587890625,0.4954413905602735,397.81953025139023
2524,-1416.510602965695,87.3072738647461,0.7880917161237448,367.64663630075455
2525,-1147.4228567281561,94.21800994873047,0.4672727436066022,315.2035647603929
2526,-881.4998360445694,77.02462005615234,0.4641392001312852,341.1714493446623
2527,-811.5114855292081,70.48442077636719,0.45974151925667883,310.931300620577
2528,-1372.218134023164,71.61158752441406,0.4661233915611831,410.07123792856146
2529,-1272.2311990716416,87.75955200195312,0.4629050636272183,358.13490520795256
2530,-981.7639403406813,73.68933868408203,0.4590047593703013,278.28630274328475
2531,-1099.8092690312737,73.9140853881836,0.4612085645610762,327.521794242078
2532,-1084.9939728980944,70.58905792236328,0.46470922813544624,339.31395368323814
2533,-1212.626154188152,72.94851684570312,0.4685496301825968,374.5167165293002
2534,-1296.8466848700084,71.83805847167969,0.4690691515348602,386.41333011065296
2535,-794.130296361503,85.03243255615234,0.47121516290830245,300.314188655148
2536,-900.6735052310095,72.03042602539062,0.4826284785521313,321.66420298634273
2537,-1500.9462164666827,74.09286499023438,0.49355661614783913,406.7908814102618
2538,-960.4349087628427,96.59038543701172,0.4951402602208804,335.6464065315395
2539,-1070.4696060885735,66.3223648071289,0.5003001589233328,344.27359903057294
2540,-1076.2718879572922,73.96305084228516,0.5015950851607882,301.48211001817754
2541,-1146.7041483333899,70.656982421875,0.5139504479554944,369.63559581610355
2542,-848.3772030321664,76.39849090576172,0.533327488433315,318.531428547868
2543,-1078.6051040436832,69.07805633544922,0.5395151658139155,329.3374205977432
2544,-1537.673926669364,80.99763488769531,0.5358962088663854,402.6171915877117
2545,-1266.5181861767096,87.44828033447266,0.5111428369718585,354.97427956560307
2546,-1055.0952258088548,76.22109985351562,0.49351576417825493,374.6468392270818
2547,-936.8457217296782,76.71235656738281,0.48342459678151417,347.59501164209576
2548,-1064.4622437425821,68.59224700927734,0.47974132478513865,364.62708749360985
2549,-1151.6787015493528,71.02281951904297,0.5153759203967638,355.6477853282401
2550,-1255.2596433642786,71.8682632446289,0.46237134945222635,378.9767393706101
2551,-1209.1909914511364,78.06768035888672,0.4493779037663127,369.8465023592741
2552,-1271.0473240888086,77.11919403076172,0.4367418950784251,371.4550921949242
2553,-968.8129521862148,75.2885513305664,0.4320001776611728,313.96219305678284
2554,-725.4698359590814,81.01537322998047,0.4774780494190054,284.369011411216
2555,-1066.8715096946123,75.0584945678711,0.4447893333761783,339.1051763575376
2556,-981.1310702104371,72.28705596923828,0.4630857900241381,312.2627794937637
2557,-1099.632309911264,73.08061981201172,0.48605019049080594,342.96396931614106
2558,-1470.6458327764444,86.56127166748047,0.4934616639532594,418.28201428686646
2559,-1043.1443991415813,85.7904052734375,0.49260266242939643,325.31745589498587
2560,-727.4281499509391,81.7428207397461,0.51865812602391,325.69027126076406
2561,-1186.1024836485115,72.854736328125,0.5398224960516722,361.8325716509101
2562,-1325.7009532657482,82.58863830566406,0.5373911562392675,390.2988800318203
2563,-990.9938502455162,73.34335327148438,0.5306865371891641,319.99033084725227
2564,-1347.460127973635,82.64561462402344,0.5047461095484655,383.6270889761258
2565,-1164.001000584524,81.98477935791016,0.4741089271674068,370.719145288295
2566,-1107.4406166561446,71.18380737304688,0.44747666504984274,339.5784744082657
2567,-952.1891011420854,69.05033111572266,0.4359725014391717,318.78375727378847
2568,-1211.782435410671,75.51007080078125,0.42490258899829847,354.45455989600794
2569,-1377.8568931733168,84.66255187988281,0.41624490815102533,392.8030214727665
2570,-1107.0029650216816,70.2748794555664,0.4217777698691584,341.7289844733914
2571,-1009.8051793759679,72.09503936767578,0.4317429767126481,319.5487315432875
2572,-1536.6224191417766,100.43997955322266,0.46056488455539457,413.0893845206906
2573,-1618.0524427456692,102.08866119384766,0.5309795554437688,422.73151671029365
2574,-1435.3497414756243,77.45750427246094,0.6368249979198679,384.4004495202274
2575,-1392.8232546967313,73.303955078125,0.763660741221142,358.9721255676378
2576,-1325.1818021894615,133.79376220703125,0.8777471490794261,364.817872796117
2577,-1093.8184631382849,0,0,354.6705529172114
2578,-1273.453680131941,80.4723129272461,0.9463304732524875,371.20498849843864
2579,-1388.7222749697457,74.82913970947266,0.9895691205098445,348.07711110902557
2580,-1230.5602805859482,80.81072235107422,1.0273925783274889,337.4162319376005
2581,-1278.639199061414,76.35340118408203,1.0369265087097546,370.88408724031285
2582,-1173.6385639582236,80.36820220947266,1.02680385603092,331.8279206557542
2583,-1030.1958880934587,75.93815612792969,0.9920826101871594,351.7082305655384
2584,-1404.8901094818598,86.00701904296875,0.9249121453151492,391.79885498880736
2585,-1050.4446074185646,79.84056854248047,0.8730888115399864,343.91636240218713
2586,-1343.325966961719,80.15543365478516,0.8074705644274449,377.27527187338563
2587,-1330.7521700610675,75.39756774902344,0.7591752595636594,351.361469707389
2588,-1715.2047299596416,76.54010009765625,0.7248090785527808,428.72194985353286
2589,-996.589201066226,112.78305053710938,1.2723462473950349,314.9854708362358
2590,-1333.7845056785386,74.01671600341797,0.7090728613215473,353.63415803678674
2591,-1072.0258248132095,81.61579132080078,0.7010971855980905,361.4629787708212
2592,-1255.1589764552511,78.80432891845703,0.6884035033569376,371.1197578491026
2593,-1116.6347792280346,81.94627380371094,0.672105330447289,327.2186757111821
2594,-930.8905398850256,76.00699615478516,0.6624888830401559,323.3587958292449
2595,-1090.8547693001647,79.98248291015625,0.6484837778987638,355.59011872590963
2596,-1284.7654368584854,74.05679321289062,0.6381529857603677,345.6924972859057
2597,-856.3862469241037,78.20209503173828,0.6313140361831889,298.7120810039492
2598,-1087.1133408294124,79.2687759399414,0.6277924774395842,334.31201938425545
2599,-1490.949797169485,77.9615478515625,0.6281630061336045,359.9004102823569
2600,-1436.281777892272,102.28739929199219,0.6212697943515865,383.9814222776047
2601,-1013.731062036499,89.8277359008789,0.6085305392651775,346.34216774080346
2602,-922.8840674079161,75.57260131835938,0.6002248566654038,322.8785859218167
2603,-1389.6606544694284,75.25212097167969,0.5956816008680591,390.4940994802247
2604,-1232.2422109387614,85.70330047607422,0.5863251833046884,340.8694537521819
2605,-1159.5720734043007,79.53739929199219,0.5773992049270937,329.3890373194239
2606,-1483.0576154479904,74.78184509277344,0.5701277910554641,394.06771192726615
2607,-1637.3416900049301,97.13273620605469,0.5656863647440673,422.0128785200916
2608,-988.6746171516114,106.78092956542969,0.5738136167651438,294.83047607153094
2609,-1306.702376121096,80.4612808227539,0.5900491755030549,313.68659912910886
2610,-1206.4600269027542,83.82743835449219,0.611825183968989,360.58340085099894
2611,-1088.7920721638097,81.68663787841797,0.6338632910616866,343.8072109793156
2612,-1441.6450874810173,75.0303726196289,0.6498678385483458,364.93207198784944
2613,-1341.6710682533749,81.3508529663086,0.6714693126198313,383.41664682153055
2614,-1104.07991541804,78.52578735351562,0.6913384226345585,326.07566106103286
2615,-1272.1477922069018,80.81703186035156,0.699605162971169,335.6836280728239
2616,-1060.5721436721944,77.64351654052734,0.7112972481445468,299.4300045843443
2617,-1054.9103557573746,81.6265869140625,0.7278516201949969,323.1452114395688
2618,-1147.986666370154,15.365166664123535,0.6773889434639339,321.05761268188627
2619,-1072.7061225082891,81.22809600830078,0.6565632875654733,341.33950500474
2620,-1214.2682789367896,79.2605209350586,0.6403651379605524,320.67621858896064
2621,-879.9916185255106,83.6086196899414,0.6286484190692203,279.6162489117693
2622,-1187.0593018428092,81.27395629882812,0.6244360967036098,355.58258204336335
2623,-1239.4627122752847,75.69705963134766,0.6269852452644065,361.1809329048798
2624,-1065.0545609026929,76.97054290771484,0.7308095812841202,306.90994469269026
2625,-1290.613987288444,80.2327880859375,0.6436255827841251,380.65808468558015
2626,-1359.8721383007469,80.59833526611328,0.6459086396303693,388.66065270951947
2627,-1007.2808561469803,90.67131805419922,0.6377218743484356,311.50779123982693
2628,-1121.4785062068781,75.21391296386719,0.6363083838982675,331.75203579877535
2629,-788.4401421913427,81.19998931884766,0.6302535054339402,307.09635775309323
2630,-1395.9599039000746,79.9623031616211,0.6312028731798551,388.4973091474896
2631,-1046.4171554283798,91.77337646484375,0.6151633686611412,308.85147559710276
2632,-1133.1453964965565,77.10920715332031,0.6030249989259678,345.05574270197735
2633,-1211.982683503297,77.9989013671875,0.6403880192156066,308.0863017665062
2634,-1241.68405450726,79.89912414550781,0.5665215490290401,303.3868221176721
2635,-1035.724490027149,86.22901153564453,0.5416979462575,300.79452044707125
2636,-1219.1491189882197,79.81460571289062,0.525602122888176,330.85895934451736
2637,-937.3111787220818,88.69886779785156,0.5147279145901029,337.95252442985804
2638,-795.9755978600834,78.43260955810547,0.506998579169086,298.0500748725269
2639,-1021.9317765872656,80.20336151123047,0.5113634177059154,331.02748614026643
2640,-1090.8781968501944,75.40885162353516,0.5145535730057791,341.4679411567616
2641,-1273.591290974654,74.40917205810547,0.517950093375352,374.20873959302685
2642,-917.8017553733322,86.87205505371094,0.512270403365747,291.67412712710075
2643,-1204.136711673926,78.1631851196289,0.573529731896997,330.0367043486343
2644,-1245.657846901491,79.72277069091797,0.5048570000253869,370.36761724565105
2645,-985.9690625694271,80.75581359863281,0.5426578538681497,283.7639184150549
2646,-1244.4502100927155,83.89552307128906,0.48724920103178704,352.5496247772846
2647,-916.5407775126047,80.89032745361328,0.47720406580151575,273.9292057505313
2648,-1239.5996303210868,85.37171173095703,0.47194452825679756,365.49719504008465
2649,-1104.7832409943126,86.2530288696289,0.5215478802056168,312.5978147876308
2650,-1057.6413083103268,77.86762237548828,0.4583396423494719,351.73412351974
2651,-1096.812093512356,79.62367248535156,0.45794078902326874,350.774211883571
2652,-1316.506884622017,80.855712890625,0.45090515384558705,369.7400764852511
2653,-1117.2699420108736,89.4810791015625,0.4376056250168506,350.2088675133795
2654,-1268.9859406275853,84.61547088623047,0.43538205780714634,334.10960152354784
2655,-663.8396291271706,82.61881256103516,0.43474668233830016,265.13806413517534
2656,-755.1396746979509,99.99124908447266,0.440922897112614,177.9773937541421
2657,-1040.1983129019713,125.70553588867188,0.5485417633753968,325.6102877735781
2658,-944.6998989599947,81.37467956542969,0.44643045356193056,322.3644583094789
2659,-1199.6256233006018,78.45069885253906,0.595419312841841,317.03074862343556
2660,-1069.7026520669283,77.58580017089844,0.6153241734136827,318.73033096694394
2661,-1133.2051465871361,80.55707550048828,0.4906916308414111,346.3337408639787
2662,-1178.8811871823823,80.45381164550781,0.5500332029041601,347.0238828850638
2663,-1191.2959697095569,82.27336883544922,0.4784685919476033,326.63390300530807
2664,-1164.959203539687,80.96162414550781,0.45635737434784573,292.68665167231796
2665,-1173.5001360190486,86.37815856933594,0.43488658211435904,331.24984651007964
2666,-1192.7698309300201,81.77405548095703,0.3994358813069141,336.00236276913586
2667,-1176.3156168649634,84.29932403564453,0.3724852810123055,330.04144613449154
2668,-987.2446210444566,78.80497741699219,0.3575464913655113,294.921132968384
2669,-1225.4927775819472,82.36537170410156,0.35082356803242565,349.8928680148027
2670,-1406.2514257219848,89.09449768066406,0.35304079396632704,364.8203408476025
2671,-891.643738988154,81.96035766601562,0.36251325345256546,281.00328557001313
2672,-1016.724457204229,84.57537078857422,0.36816926320782056,326.99014044775015
2673,-1104.0579593477553,80.72026062011719,0.37114253346696724,339.0650408075266
2674,-1153.082368162276,81.13557434082031,0.3754751896354396,300.220853873308
2675,-1045.77232876168,82.6865463256836,0.3700474271749954,320.6166521893111
2676,-776.4354578015964,89.74938201904297,0.35635907004039424,323.5660867882408
2677,-963.6392180583075,79.42974090576172,0.3485581782498759,300.05295079260674
2678,-1358.7017682975024,90.10260772705078,0.3480083853940519,368.7948772392473
2679,-1458.2643656883938,98.73111724853516,0.3467588113939608,369.6309082287493
2680,-1002.4526536131979,81.25804138183594,0.34571072574045514,256.35873603092034
2681,-1053.1523823784105,88.31879425048828,0.34391686839112967,299.6293858783996
2682,-976.6518544936285,84.66971588134766,0.3451658282679264,332.956253164989
2683,-912.13882382539,80.67721557617188,0.3503961237548678,319.7884076199396
2684,-818.2656757438353,79.03927612304688,0.3652363647041913,265.73797785939513
2685,-954.3045739961848,89.8944320678711,0.38705479490971706,331.6752225333488
2686,-1067.2480163173254,79.35921478271484,0.4069885828440505,315.047018900201
2687,-1135.0180697892422,84.18888854980469,0.4178217253447858,283.47521971137854
2688,-991.9022748391315,153.85763549804688,0.47243588562560035,296.9052641175024
2689,-908.7281204430143,0,0,258.41902443894304
2690,-1057.2714690513847,87.96338653564453,0.45433897695734515,313.5713800922946
2691,-748.5813888865334,80.0650634765625,0.46602359088737266,250.31125341393692
2692,-1292.203195192699,88.49647521972656,0.492711374985438,334.59004298388925
2693,-1070.1454202959044,101.4847640991211,0.49387181526235424,320.28728560582005
2694,-1058.6283643468605,83.97242736816406,0.4845018617059548,300.4703686009816
2695,-1016.1368271340884,85.14217376708984,0.9446189416921698,328.5420636117675
2696,-1103.630276751035,87.7020492553711,0.4466657505519891,350.4409069122283
2697,-1354.8584988028947,82.0181655883789,0.41662987530977547,358.4323059429741
2698,-1347.7894661384678,99.40166473388672,0.3651271059286906,351.6902737253108
2699,-1268.3401637394545,29.95120620727539,0.31055653424734,333.01855628686144
2700,-941.8404458355928,87.88906860351562,0.29213148606846373,301.54643920043947
2701,-1178.3846913753273,85.81753540039062,0.3085730925919066,311.04349586672623
2702,-1138.71531694771,87.3681869506836,0.34246246517324186,323.3872293424047
2703,-1187.650772464205,84.7173843383789,0.38048654607477905,314.0921160798247
2704,-1100.27819455879,89.11182403564453,0.4167255030410164,281.59198481281663
2705,-1100.115180378919,99.1010513305664,0.4393237173630178,269.84631769908526
2706,-788.774939618919,93.92478942871094,0.4468154846332837,292.966440756182
2707,-1539.908953390103,101.23625946044922,0.4214121102292614,410.8482621422039
2708,-998.6066432996055,103.77837371826172,0.4177684563021161,334.3564928079326
2709,-973.6874531236784,86.18458557128906,0.4064785638229296,301.8646520446759
2710,-928.7633577334724,91.0596923828125,0.37453667556117465,280.5673792796415
2711,-1142.3117653421511,85.48967742919922,0.3468562562493389,326.34628199573774
2712,-675.548962529101,82.3209457397461,0.32882044660284215,258.49234919246356
2713,-859.3963886846876,96.5569076538086,0.3169713806390503,285.1720239468385
2714,-1333.101340788906,84.42884063720703,0.3274709639218951,380.96238083623643
2715,-1458.6201851647957,102.56748962402344,0.34106855158246696,336.2313411868316
2716,-1127.0076146356291,111.77091217041016,0.34042099161860506,322.1282599190003
2717,-1637.0431103667986,90.35494995117188,0.334505924934995,409.0891396580096
2718,-1195.6335075001984,133.4635467529297,0.31438782631910556,366.5136276536904
2719,-1119.7039221223172,88.59581756591797,0.3028960456075511,334.6956558886609
2720,-1039.8755469749142,83.56452941894531,0.3050575472739575,329.4649445619947
2721,-841.1494270522921,87.9133529663086,0.31330392431724063,287.9655270939653
2722,-1275.9086408235837,87.16284942626953,0.3211199571522917,351.7774016793234
2723,-1046.6672730172554,88.05255889892578,0.3348174975636402,261.79450555797007
2724,-993.3486399628752,93.16209411621094,0.34421101563180434,337.76106040575473
2725,-1053.8189219906901,85.44931030273438,0.35047153408594145,270.79837753797153
2726,-833.592585483718,89.0696792602539,0.35284677249407537,306.66730673155837
2727,-1277.1209186236715,90.36139678955078,0.34504582846672416,360.5313921166744
2728,-1157.9103412209818,86.53958129882812,0.3431718785889607,306.75505344427955
2729,-1062.6055969857043,87.04478454589844,0.34121568464101215,332.3429657122572
2730,-1187.527042310447,81.70801544189453,0.3377984356309788,299.42357741699277
2731,-1132.3901119679565,93.74337005615234,0.3380243378853267,297.6503622833572
2732,-609.6198171390984,84.03971862792969,0.3354106800853742,258.7841135335868
2733,-1462.9395875579964,104.81194305419922,0.3264341848623049,347.05248706622467
2734,-930.3551087684195,107.0577163696289,0.3248778521586059,268.8390216891634
2735,-1369.3278387318437,91.87179565429688,0.32141059134776573,335.0291787272412
2736,-1339.0533068661637,108.045166015625,0.32203264358881256,349.0465854740227
2737,-1082.707354832057,101.89234924316406,0.32616363143388616,309.324997056516
2738,-1145.9144812525494,86.32107543945312,0.3342332383579105,274.90473201210443
2739,-1278.702277841776,91.73210144042969,0.34128731918509914,293.2063847951815
2740,-973.9111677492496,98.3505859375,0.34921650540247384,290.9580827155968
2741,-1025.979258087631,88.9613037109375,0.35423623745582944,320.46397057417545
2742,-1038.94441094683,88.18206024169922,0.35443111124277427,314.3152084565053
2743,-1069.928223312996,86.18303680419922,0.3643693921449085,311.82652517853353
2744,-1219.3053294423742,83.97283172607422,0.3528688026401412,301.4278345640921
2745,-1353.113167107207,90.39276885986328,0.35740704041518256,359.4923895044684
2746,-1140.01714932818,90.4909896850586,0.3591008081693241,313.83162429683443
2747,-929.4904346333996,85.93372344970703,0.3631803264486848,305.12953256541635
2748,-1166.604660319365,84.09687042236328,0.36371232638404294,268.5393163939164
2749,-1134.7211324539996,95.12651824951172,0.3643046353498771,311.2118100704643
2750,-1291.1571189757378,91.30921936035156,0.3657984230258773,324.1006196885632
2751,-757.6757189259163,100.60620880126953,0.3641858114584121,323.88205383111915
2752,-738.5583047367705,86.16343688964844,0.3572477665681265,235.94809122649266
2753,-963.7253477829645,100.62747955322266,0.34838711324659055,275.115853450268
2754,-1306.460481475853,94.61378479003906,0.3418008392376144,312.15241280239957
2755,-1010.2074405883068,89.12811279296875,0.3380344834319362,292.0813262443324
2756,-933.6734258847343,85.19200134277344,0.3355790019525037,278.75966821190326
2757,-1200.1113319363692,89.23796081542969,0.33448070926723883,320.47259598375035
2758,-1041.798386351013,92.35623931884766,0.3340649209878287,315.382857869625
2759,-1013.647351886247,89.37369537353516,0.3396744315355136,322.8474662539192
2760,-938.9320514185833,87.57086944580078,0.3325605163381615,300.0440372380426
2761,-865.9681063006316,83.45438385009766,0.3326052403696489,281.77740205423197
2762,-1098.5079999261618,89.80779266357422,0.3321295545834997,294.3738215854031
2763,-999.7752355818031,85.55487060546875,0.3313901600506328,311.95990051073295
2764,-799.7001728684946,85.60257720947266,0.33333771889828057,306.12672231975995
2765,-1035.2162507003522,84.2313232421875,0.33391806561178783,310.1608720187051
2766,-715.7631134660563,81.70110321044922,0.3364140982753663,280.21787287900787
2767,-1154.9003836234642,91.19437408447266,0.33907912165370513,316.3882102303653
2768,-906.9989327310271,89.16206359863281,0.3413926650568917,339.22195469817825
2769,-839.6697907084949,83.20835876464844,0.34426244308038345,310.06185174439855
2770,-1113.5064680191329,89.2323226928711,0.34144598944810023,323.8533746341915
2771,-1261.0547330699178,93.45475769042969,0.3305190590298448,317.5935383886265
2772,-693.4447212282466,88.40274810791016,0.323462735060831,254.5746589979671
2773,-642.2865538510734,92.14922332763672,0.3226823705697604,254.5555140188947
2774,-809.5991657180028,93.42343139648438,0.326136960730091,277.2021902903359
2775,-1145.0462559126386,90.62484741210938,0.3334178387126485,352.846025737291
2776,-1064.5900966844788,91.81405639648438,0.3256142323937752,306.5336663079949
2777,-1132.8334616269933,89.18079376220703,0.3172152117781716,332.1742196621591
2778,-874.2032331680924,88.15135192871094,0.3106820949273954,329.0074403135374
2779,-898.309521061169,83.52488708496094,0.30377660779607485,280.2425320951041
2780,-888.9063136846016,85.66199493408203,0.3096570213983796,291.1983438070039
2781,-924.1305215289431,87.19042205810547,0.3011282174797998,308.6883895214017
2782,-921.8398689591382,86.13885498046875,0.2964962893913836,294.8343624033327
2783,-1025.084648485265,90.32209777832031,0.2947304601979681,283.85522765958353
2784,-905.3115601971797,90.90567779541016,0.3092421900964837,283.0853314069937
2785,-1040.7601652303733,91.32820129394531,0.29262226101830835,307.89354468579404
2786,-1268.9980584210812,96.52034759521484,0.28711159476296666,343.5014106962334
2787,-897.4377812189375,85.38436126708984,0.28318335995447275,270.94197365238455
2788,-967.2280590127363,89.61109161376953,0.28120876880360957,314.5475514238691
2789,-711.4393389706407,86.9919662475586,0.2815803582560519,274.5665279301103
2790,-1160.8360187051876,94.76322937011719,0.2808139834322241,304.17542431565784
2791,-1079.1023498681766,86.996826171875,0.2800481128399282,300.68793876005213
2792,-912.3026041932565,89.36682891845703,0.27998901839093326,282.5992141712814
2793,-1003.5446448030314,92.65038299560547,0.2801957652675383,289.9828136689178
2794,-788.5681836091458,88.1773681640625,0.2805580455084946,259.244183926694
2795,-860.5962015735108,92.41560363769531,0.2816688936372953,265.4635681422374
2796,-922.3730403683803,92.07234191894531,0.28437989161956834,303.213145823629
2797,-984.0110636359532,88.23439025878906,0.28747776950424875,318.6781365412639
2798,-1256.2259179278249,99.24951934814453,0.2855728742996302,316.0048151860014
2799,-992.7176310520771,85.86592102050781,0.28335770768211277,253.75598151177087
2800,-805.8874346223702,172.2430877685547,0.2849439781034482,296.36013430272243
2801,-1445.0886477988356,0,0,393.9300019633142
2802,-967.2171155083072,118.60761260986328,0.33410708976589376,300.06302991720645
2803,-1075.5244442073774,90.11805725097656,0.278691050189501,290.47004264662985
2804,-1034.630433408673,93.3586196899414,0.27814287424631,327.23871794115576
2805,-567.9280229668486,90.63821411132812,0.27954532041151703,245.9516977466046
2806,-1397.812600481152,102.61412048339844,0.2792652699563315,357.87110035273906
2807,-1085.1784372454897,110.41407775878906,0.28095480352863356,295.84166545461
2808,-1014.9088308886188,93.07475280761719,0.2844850773256916,332.4770393119295
2809,-1126.3175618159319,84.18927001953125,0.2892648206326638,271.72461297842295
2810,-1175.5388623658948,95.91757202148438,0.2969293833138428,350.3363184230611
2811,-1006.4641361652526,92.62366485595703,0.30801036687754,320.8560633688761
2812,-1079.9745866366986,89.58871459960938,0.31740057574818437,292.8514156265262
2813,-1122.2139724136402,97.01201629638672,0.32693408126098666,327.88633922175586
2814,-1296.5676185143473,87.7517318725586,0.33797424524102304,342.5041464988954
2815,-1383.9589294874659,95.35755157470703,0.35625496102810805,275.92853305976166
2816,-1099.9984119419328,117.86273956298828,0.3865042518431565,313.66026862769536
2817,-1207.7580995419173,89.67864227294922,0.41282131121429533,346.18934498926313
2818,-1061.9894860694098,90.8608169555664,0.4383460262224297,327.41066071442117
2819,-737.7952661333895,88.56171417236328,0.45647249220448405,263.48123135909714
2820,-831.5743676364077,113.3319091796875,0.447915514176807,287.0931946875298
2821,-908.3235913996527,94.0362319946289,0.4267330320635588,285.3422470814212
2822,-889.6466379818602,98.4161148071289,0.39784339165293336,281.25234303217246
2823,-850.6604238040053,98.0442123413086,0.3672470629572526,271.3569787301016
2824,-586.6435040677795,114.02263641357422,0.338675317059844,195.94939711586272
2825,-1056.2440403843418,111.4674301147461,0.32224175192415316,323.75625219524824
2826,-1031.107546617632,86.89769744873047,0.32463926460495673,303.40324605127023
2827,-952.3630678772166,92.47994232177734,0.33695881626485735,309.96164082371064
2828,-1041.989135631293,90.00503540039062,0.35184144163151804,317.2302555443914
2829,-799.8114530405904,93.2337417602539,0.4313763606114662,257.8838043675954
2830,-729.9563476733491,105.87437438964844,0.3705690342506278,257.13834600771975
2831,-1052.5506908204588,113.07342529296875,0.37580314340137744,285.6342156823586
2832,-1056.3590012345815,106.24430084228516,0.3712591970972958,320.2192895712873
2833,-844.4495843991228,100.38763427734375,0.3601424247307225,286.55433965606153
2834,-799.141816504497,96.26962280273438,0.34480725184558736,260.8444826372036
2835,-812.2810268689237,94.57772064208984,0.3326369182271083,279.50640633058435
2836,-1022.8552533862987,89.00225067138672,0.32425993954267124,297.600779015683
2837,-579.8126738392207,102.82037353515625,0.3159955932677203,313.4563138474998
2838,-1114.1529475766488,94.85334777832031,0.3111601163426522,287.25258782880326
2839,-1099.0936837999893,99.52915954589844,0.30590669133584925,291.9686591875288
2840,-760.0399360471355,106.28313446044922,0.293311086158595,245.94604279550086
2841,-683.6400805931492,103.40953826904297,0.28954992015527914,226.8268396298697
2842,-670.4183806905556,101.76872253417969,0.2915587153631236,238.52230690422604
2843,-658.2484443014652,98.94393920898438,0.2952758855813604,263.39442316487646
2844,-1252.362195127404,100.19963073730469,0.30167891424248117,356.39120944023813
2845,-1023.8751576214802,111.79045104980469,0.29986428384645825,308.56022185873655
2846,-841.9019882756323,92.81611633300781,0.5318237992178183,285.60928122158526
2847,-475.938885589016,89.45153045654297,0.29480066049828757,237.0454420276965
2848,-935.3007384721018,111.8531723022461,0.3002497158466738,286.60210801066773
2849,-826.2108559993721,94.08151245117188,0.3039474113855706,253.76895878073105
2850,-864.5083465337127,96.66947174072266,0.3109480287808646,291.150689120936
2851,-764.4819896792058,94.76947021484375,0.3165635662525563,250.79327800281564
2852,-1014.027637471403,105.7950439453125,0.3278304622761312,312.49779704705816
2853,-580.6922970075159,95.67353057861328,0.33727569760434034,199.11383853358547
2854,-949.410824417342,115.20679473876953,0.3502776834606831,268.0562947656888
2855,-1155.9757483218243,98.50166320800781,0.36123676362783497,332.61818894209836
2856,-636.1315922954414,102.86182403564453,0.3666489896596232,295.9626142174392
2857,-913.7416488479108,87.1445083618164,0.37076809784958376,273.8249057207257
2858,-805.3218131767263,98.25675964355469,0.36775026427232627,239.56423857982176
2859,-870.2173002503342,97.40259552001953,0.3650763086780513,305.59900032541356
2860,-762.5104212107811,102.11714935302734,0.356784943933639,312.34918567953645
2861,-1057.878198160323,99.18355560302734,0.34219181487234085,288.68887242090904
2862,-714.731549736285,100.62511444091797,0.32939258324343257,330.14900913851625
2863,-1075.9730376339976,95.4599380493164,0.3099165007502904,316.41280821221665
2864,-600.4963153233643,94.40520477294922,0.2927921629693797,274.91082840760157
2865,-989.9762452888748,94.6809310913086,0.28103721681395655,320.3205518763211
2866,-1026.968401924327,92.71540069580078,0.2691545895314839,286.96019785622775
2867,-1186.8489830545464,103.2455062866211,0.26059580656374526,312.2857892948933
2868,-1297.5175506132682,21.29019546508789,0.2597353985435642,352.5713269314141
2869,-948.5625367700756,105.09078216552734,0.2741474518329725,321.1442328441757
2870,-940.7369530708718,89.65205383300781,0.299071008679741,303.8416521184996
2871,-943.8896743009266,95.03014373779297,0.33052757914462916,262.3420850784353
2872,-723.4166231933021,102.2211685180664,0.3714779985784844,262.045421457097
2873,-1061.4230308110145,100.72573852539062,0.38931978579057613,311.1005486023244
2874,-846.6983253751765,101.55341339111328,0.44535916099266615,292.1841102342183
2875,-976.8584006064533,9.301813125610352,0.40800481229962315,283.34148231650016
2876,-600.651474776542,101.2457504272461,0.3721400011017977,268.6753738636787
2877,-431.82285492067757,117.25810241699219,0.3761028997832909,272.5178686105531
2878,-768.3675716671768,106.1666488647461,0.3843584826172446,247.64960672063467
2879,-901.7845612008496,101.73003387451172,0.35257433141669026,316.257065991941
2880,-572.4267261483312,95.43334197998047,0.31668040777129036,280.34602016112706
2881,-875.0887710642043,99.841064453125,0.34924269383317896,264.96383878430663
2882,-845.7033938999706,89.86314392089844,0.39156075745560237,329.246149376031
2883,-1091.652202088934,96.7093505859375,0.4221850955223623,344.3020100656993
2884,-610.4680626767914,101.63446807861328,0.445186067335527,243.4205638869278
2885,-691.2950488017365,95.1297836303711,0.46919622633662694,271.9927854969158
2886,-1225.0762853166777,108.65364074707031,0.4739659645504728,338.00543383605446
2887,-896.8268162441902,108.98528289794922,0.4638190810861188,337.13139139079976
2888,-1012.5738680107647,36.8529052734375,0.4305501723527787,300.18454583303946
2889,-1183.1583140966295,107.14901733398438,0.3863871224774371,359.6171979044693
2890,-731.1407608922447,107.17042541503906,0.3424356199942986,261.7594309968405
2891,-1238.1527373516635,109.81362915039062,0.3009438502591024,366.1910951918731
2892,-456.44748599047153,103.75121307373047,0.27782045139230593,283.41584174861015
2893,-639.5159751838013,91.21678161621094,0.2675851519776016,258.7218259738795
2894,-995.4373920976179,97.80175018310547,0.2623373031344335,334.8753787666878
2895,-765.0791372810214,91.5899658203125,0.2609213473480858,265.81679870472146
2896,-1342.9049245901565,116.68309020996094,0.2634028878124714,332.344874686483
2897,-1012.1933536272668,97.05343627929688,0.2754112186019828,269.1552076475449
2898,-555.4982059208706,101.38790130615234,0.2838118295111469,244.0750931967773
2899,-1037.709549434918,103.04527282714844,0.29080374050671964,329.5238207249665
2900,-1101.1142980730149,92.91790771484375,0.29951080404575514,355.29888823260103
2901,-851.9763242332988,87.67950439453125,0.30762164915285223,221.30204363200406
2902,-1075.3778377913882,114.40533447265625,0.3135489564679472,316.38101679191976
2903,-1133.0397946742942,96.9643325805664,0.3222452812549813,335.8658005374245
2904,-801.4176003851065,90.27232360839844,0.3248863044507311,273.5179349588404
2905,-679.9776645988438,100.45431518554688,0.3165761382046353,265.4602797822356
2906,-714.0926039653533,103.37039947509766,0.30393145392149457,266.2978019870101
2907,-454.3678734381111,115.96174621582031,0.29402992729960664,212.95747045629412
2908,-732.699607185639,105.63664245605469,0.30345492567383303,285.36278387314485
2909,-627.4906407424329,93.4406509399414,0.3363247202036843,240.0980276969039
2910,-995.6005094182021,111.87222290039062,0.3747170896898133,342.35118415311297
2911,-1233.3937679918965,124.31127166748047,0.3944584912403959,361.097607352726
2912,-1048.7773963903326,168.23521423339844,0.4087981118454991,330.5642142771085
2913,-773.7548524410156,0,0,237.38367163627666
2914,-1138.1753841540392,102.70714569091797,0.41153788307687333,334.66002617177065
2915,-1073.888983053442,110.2787094116211,0.40030121957028086,306.244331702425
2916,-1194.6601642569506,105.25642395019531,0.3827851944115537,316.10390687806995
2917,-1136.864420136313,111.14337921142578,0.33798713871183017,331.2590940687712
2918,-842.3252664757514,105.20825958251953,0.2998197710571191,289.1769321849546
2919,-1025.5001282839735,93.8938217163086,0.2778312589082855,330.26945373652313
2920,-661.6309025960096,93.25570678710938,0.2709292917866515,242.90486047558392
2921,-508.5383853659002,100.98445129394531,0.27639728812254194,301.89382757909203
2922,-408.04415751312473,116.38194274902344,0.27969093657301974,268.86284188307235
2923,-1208.9846319975186,114.02486419677734,0.27858706253604737,328.54360833289206
2924,-1213.1048979437255,102.79039764404297,0.27990570293108874,330.8859969919646
2925,-1070.0867716759183,103.97838592529297,0.2816182931576473,344.38991277396826
2926,-911.7666412326923,92.44937896728516,0.28409408044915746,286.230797092345
2927,-432.6643259799855,101.34844207763672,0.2867836969186667,264.8532828106307
2928,-1176.1004492682262,113.70093536376953,0.2868588140792696,348.64928703536714
2929,-724.1203444117743,99.82325744628906,0.28820029995612995,310.36534734251484
2930,-1139.618336239217,98.79605102539062,0.2907294622992974,327.2592007202794
2931,-1051.3425612802057,100.45278930664062,0.2932018584612024,327.52665713992343
2932,-862.3812575113433,95.75918579101562,0.2934605989023654,281.88118171103554
2933,-755.9351261275347,99.00941467285156,0.29534753939535463,310.74804840340437
2934,-772.2466837199898,96.31586456298828,0.2991650951617215,281.7559290931904
2935,-1144.8572068149876,98.72901153564453,0.3065158161942735,324.02296849034803
2936,-996.1540299243215,103.90715026855469,0.30858845930603307,283.6161957451509
2937,-934.3336214043705,100.51117706298828,0.3084669278338502,312.2494426031591
2938,-854.0851671440556,92.92739868164062,0.30649680113516964,272.4516908225459
2939,-1191.9808966277747,96.73185729980469,0.3047206630758848,311.56686750462245
2940,-936.7123617401658,105.858154296875,0.29769656557069646,264.80096672946166
2941,-270.7106483908989,102.44735717773438,0.29344100470753776,231.86910644447445
2942,-788.843032487238,126.8673095703125,0.29837419065384374,231.62401126879914
2943,-584.5158828024896,105.3283462524414,0.3071731106549519,280.4140449425735
2944,-1058.3650921993396,101.74116516113281,0.3236547103520109,278.20043247947
2945,-1147.6588225589562,105.18843078613281,0.33484765361123126,355.0082282084484
2946,-828.1409161687379,106.09746551513672,0.33308826862954644,257.89113476459903
2947,-757.9904182044952,99.56889343261719,0.33432330100104246,315.498988674004
2948,-1107.5049949936536,95.21575927734375,0.3387004421250923,352.23118742766127
2949,-1148.3278608417443,110.74121856689453,0.32774868476574426,271.3157935485959
2950,-1077.459188201606,113.81963348388672,0.30920622298854417,268.69204549950496
2951,-781.2694902028672,110.84639739990234,0.29281044267052025,284.5001065265609
2952,-672.6977473075158,95.06385803222656,0.28599744096412877,311.7893591826859
2953,-763.724089352321,95.5478286743164,0.28507800495747004,289.7140757112036
2954,-725.5010710053597,94.32533264160156,0.2868951936966915,283.60086514932044
2955,-1091.528387298958,101.24253845214844,0.28793244637722737,319.9275703632497
2956,-1011.1566774782775,95.7425308227539,0.28696137673942845,312.8419036885625
2957,-676.1916580157974,95.7797622680664,0.28725092092033977,295.1929882743108
2958,-985.7485395604117,95.97160339355469,0.2893889524227585,327.91821694439193
2959,-808.4268175827849,99.87416076660156,0.28861737593145254,261.3834846095016
2960,-1021.3120053001188,106.53038787841797,0.2890884566542331,305.91103454870256
2961,-1146.461560769254,95.3853530883789,0.28918366578229504,325.28566131339005
2962,-684.0118931789417,102.85115051269531,0.2890069245787359,300.22455198674425
2963,-833.2065142911674,100.76490020751953,0.29029935157586806,309.0196896751296
2964,-826.1090380069431,92.3482666015625,0.2916058333175511,259.646314646306
2965,-1262.3579704988842,106.68888854980469,0.29252756002863833,315.9078670351195
2966,-1013.227466210703,107.43441772460938,0.2930697615383162,273.007023414602
2967,-670.02345615399,110.32491302490234,0.29440072934757217,282.7467367786815
2968,-838.1737837434441,97.62391662597656,0.2957856997677154,268.01923304867597
2969,-814.7162882833641,101.2356185913086,0.2969638773882357,308.520013797781
2970,-1352.4960463038578,95.63119506835938,0.2983684303762155,384.4005739157873
2971,-1475.397454388882,121.26625061035156,0.2993511206151295,388.71306210305806
2972,-432.8185506799634,130.3235626220703,0.30526524683828865,234.53588110028468
2973,-1006.9107440437499,111.31761932373047,0.308505312875188,327.29999469873155
2974,-1166.0182610095944,102.1211929321289,0.31589778782817457,334.4130641114106
2975,-868.9215237972803,95.43901824951172,0.40183413553313585,276.6428372821375
2976,-867.0960555992201,100.23139190673828,0.6190610998310149,293.64246005177733
2977,-894.0379304751768,97.58509063720703,0.33640818204894807,291.6363187476125
2978,-985.576370090274,102.55004119873047,0.3403897253910604,273.68118833702346
2979,-736.7648004134282,102.41083526611328,0.3434067752555823,236.32252836263552
2980,-1414.7157637946339,116.43749237060547,0.34191706357374185,385.6119569678526
2981,-923.5473687361861,115.58869934082031,0.34873674850947406,299.8987341011277
2982,-1167.696262593083,97.80503845214844,0.35603197055993907,337.12170607171606
2983,-942.4740662913345,97.60724639892578,0.36688654491809025,290.9797257368443
2984,-1021.4189802760455,99.85189056396484,0.37276551136230224,304.69230087233956
2985,-961.040086480261,100.8957290649414,0.37754018696239233,308.38158635711414
2986,-898.9545734253895,104.18054962158203,0.38207596311686,272.25028043762643
2987,-1021.0385327309672,104.80043029785156,0.3845456761047503,311.9860721193747
2988,-860.2843372679882,93.57583618164062,0.38534926896443267,265.7258692233813
2989,-1264.9831645783513,108.81600189208984,0.38665461107686383,303.5158208416669
2990,-1405.1513640932862,137.52195739746094,0.40391637774192723,380.443114358226
2991,-1225.1085186573098,113.16348266601562,0.4344481383250298,282.1914070905774
2992,-885.0238262419391,107.67028045654297,0.46144517370421256,303.4180189098652
2993,-1099.2501442955083,100.72048950195312,0.49061008793652405,295.81805295245215
2994,-900.2939453540299,99.24505615234375,0.5120975994189528,274.3648718940039
2995,-1328.435243642549,107.25495147705078,0.531398085804681,346.33978067908083
2996,-1510.670473281461,114.76594543457031,0.5633253912018361,359.99604282732855
2997,-543.0249989263998,130.96514892578125,0.5789486291221535,265.0164629096906
2998,-1105.3068626024012,109.64497375488281,0.5812268549955686,344.9843723443977
2999,-1088.43618956513,103.53671264648438,0.5779037239291069,345.81544767646835
3000,-386.01781792173836,124.6407241821289,0.8404171469155699,187.47146742568432
3001,-1150.9892803415223,131.363037109375,0.5268951529511763,347.9619027323249
3002,-1114.7534841921922,98.76837921142578,0.5064279831502478,325.9591665636523
3003,-1137.2847879451667,99.20358276367188,0.49205905104614456,320.0115396124384
3004,-969.5533760634503,99.4857406616211,0.47911129668004526,309.77847836421813
3005,-891.7016136100933,98.71214294433594,0.46985599594553373,290.132057271259
3006,-1237.5801318116141,111.06216430664062,0.5674948408850469,334.21670880156967
3007,-865.179891999985,96.16826629638672,0.5665788588084979,303.5400876778985
3008,-964.918156353386,97.6993408203125,0.4562951470311418,327.34333977376986
3009,-1072.4288300323208,105.17008209228516,0.4501030509833299,303.11323721245685
3010,-840.7698006916305,100.0594711303711,0.4468373605218394,265.7688801283332
3011,-714.0335219097428,103.0478286743164,0.44469987193114946,258.1246506235806
3012,-910.8855308232266,106.13314056396484,0.4437579329493406,301.773828601533
3013,-1215.4643559463632,111.17616271972656,0.4428332600190181,347.45555047862285
3014,-870.6786020034983,95.1635971069336,0.45867242035456,303.93256781998474
3015,-1097.072596101459,102.8202133178711,0.45078767463473923,327.4418092411195
3016,-1013.4215828980559,99.36546325683594,0.43839099934604064,319.5676232419506
3017,-1033.70695287545,22.338550567626953,0.4353752116091698,282.60555466421397
3018,-1108.5563900152606,110.279296875,0.4335307052560175,315.2925632354473
3019,-1224.060901366628,23.031740188598633,0.4352869282578624,307.9703056631757
3020,-869.195939576245,97.3743667602539,0.6452976810542168,238.24882868888875
3021,-855.5735594785688,111.35591888427734,0.5287783235471579,281.97375587226156
3022,-1111.4671518504515,107.45658874511719,0.5385644174384652,285.52570766732225
3023,-873.2427882201108,103.2293930053711,0.5597030703138444,272.2846227745418
3024,-929.8233053985033,200.0513458251953,1.0374492962728254,304.33987661146546
3025,-992.5799524109788,0,0,333.68260599064973
3026,-835.1107590841485,102.04347229003906,0.4919963440606807,317.40603737179487
3027,-798.8885599347416,101.33934020996094,0.6086529471795075,276.5574561816331
3028,-694.3738423051778,105.28368377685547,0.6464537993742852,274.21824107323016
3029,-793.5191267611712,105.75077056884766,0.5145215766315232,294.42187502355654
3030,-856.3567642188754,99.79853820800781,0.47026164566159423,283.4633292304208
3031,-764.6545274021174,103.34062957763672,0.4806558075580867,288.3815119698826
3032,-471.16460345358786,102.23430633544922,0.5262239044241142,258.75347859964023
3033,-974.872288976556,107.84439086914062,0.5248690385011656,276.84366169005875
3034,-811.9038367491357,106.61834716796875,0.5508412289268705,234.3541906260079
3035,-711.1074545618139,109.68153381347656,0.5758710494549462,286.1912963344099
3036,-1172.6890385030852,101.39112091064453,0.6005294085229229,326.88601593420424
3037,-909.8120599477726,120.98226928710938,0.606471795902616,295.12886957984364
3038,-1113.5801804148764,102.97444152832031,0.7641009733924875,346.3402491460615
3039,-972.0863466204316,112.6733169555664,0.6449463101671427,278.8139057735484
3040,-1012.1234851301144,109.134765625,0.6484616745219682,289.6551413551928
3041,-791.1185206804479,114.10257720947266,0.5211656453786526,285.13725195907705
3042,-1252.0862628721145,99.14704132080078,0.4896649208919237,287.12948496991567
3043,-1502.4237347773244,126.19857025146484,0.4499123093319186,366.5595374435063
3044,-778.6705261381843,144.9104766845703,0.40558929804543364,251.47933622427016
3045,-1057.7176756341653,113.00708770751953,0.38430241374519425,287.2047407002889
3046,-935.7156646061595,112.6096420288086,0.37670661236769387,292.2843915160688
3047,-903.013015681507,112.0247802734375,0.3794432076616041,263.3994946596902
3048,-908.0854655001099,111.01615905761719,0.3858988447683771,275.02698693853495
3049,-936.2998815581391,107.2332763671875,0.5030846657464281,299.22555361608755
3050,-736.4830574593734,102.2927474975586,0.3967159372896045,298.37274766280495
3051,-1064.5706332352258,109.11174774169922,0.3978619534525243,310.7001349138312
3052,-836.8200666498429,105.32185363769531,0.39916561898486796,312.9785535419695
3053,-1186.3826772083862,101.93290710449219,0.40130327449489755,364.08811199722385
3054,-1566.2036625659916,106.13546752929688,0.4052695188291864,393.7786035888486
3055,-1307.6287896493084,142.24444580078125,0.4045929771383644,306.7033477940918
3056,-972.8798627239631,117.65332794189453,0.40662646811649594,302.688786354242
3057,-1069.9883612524673,106.0065689086914,0.4108807670867489,281.84983366333626
3058,-665.6267298977276,106.3156967163086,0.41559974534319566,255.409658966531
3059,-1139.1011108357684,118.75154876708984,0.41654083339605374,290.01708180691435
3060,-1208.4288764134217,109.49942779541016,0.4181384850723795,346.3850044311801
3061,-1060.7582861756136,103.92754364013672,0.41989136840207797,321.37240340278663
3062,-1394.1923996498988,103.5467758178711,0.4215184071738452,377.1291734478698
3063,-694.0936901433347,123.35203552246094,0.4233748546715229,306.16974133827404
3064,-1020.2873617169786,114.29877471923828,0.42426969316927576,330.40976449305975
3065,-740.8643806010788,129.2681121826172,0.4270120661065715,295.46804169604496
3066,-770.3666980948715,116.10590362548828,0.43629167027840055,303.37911199978697
3067,-986.5681480169893,109.62611389160156,0.4500794542772055,285.36020320763777
3068,-1234.5875947244335,107.33612823486328,0.4668718039151325,310.64847194131175
3069,-985.1837439121366,119.8352279663086,0.4765779941382271,281.879975035163
3070,-1145.001072626262,108.31462860107422,0.48247163404713866,285.5319095610634
3071,-893.9715645938553,117.14769744873047,0.47966808094443614,251.0677381002147
3072,-1447.70050356783,113.87351989746094,0.48111466640440614,399.3394580358308
3073,-994.4102529860029,132.9770965576172,0.4672142994807569,304.5838880705272
3074,-975.9597250842384,110.24614715576172,0.4555601680197847,293.13291174459323
3075,-1208.1606922209114,113.18084716796875,0.44531963055855783,339.74833006891197
3076,-1299.6043859803356,109.5740966796875,0.43142457371410714,327.42193940070086
3077,-1125.7923414177253,120.468505859375,0.4162671368441607,337.3676666921178
3078,-1088.4759846526943,107.54766082763672,0.40590933976577515,308.83216992830455
3079,-1046.0352249841874,115.68990325927734,0.4019899181692358,342.243462930169
3080,-1080.2695359245083,104.18955993652344,0.4007395144627688,315.1672989522248
3081,-937.6168416529996,105.38422393798828,0.4028631016169406,305.84171473461987
3082,-1242.6320137194534,106.3609848022461,0.4063191380230595,345.037996488701
3083,-818.2204091017825,114.16333770751953,0.41142024605555216,282.6631311823959
3084,-1264.0973525212273,115.79048156738281,0.415249380086425,367.28423215402216
3085,-774.6259894830969,121.06562042236328,0.42107235314423874,267.4987119923806
3086,-913.7130678086891,126.53438568115234,0.42208661331850994,304.76980876466365
3087,-979.9450316517375,123.59794616699219,0.42220073887557386,322.1708007714985
3088,-745.0831270489402,116.49436950683594,0.4219164049058586,327.25307226709543
3089,-1157.4315940719412,112.4885025024414,0.42410105338741944,321.76590475759696
3090,-1189.281293842772,15.013198852539062,0.42634333771290633,314.97920061950174
3091,-1348.1056897097117,115.0830307006836,0.4258569307109076,380.2469891682636
3092,-1226.2646679244765,121.74751281738281,0.424017548395071,344.2587044753242
3093,-878.3228589769026,107.14285278320312,0.4240538214930786,296.044571031083
3094,-697.4651588190475,111.83697509765625,0.42525788344477067,272.6661826901396
3095,-850.4984704304972,112.97766876220703,0.4624913425577688,247.96488351337192
3096,-925.6374576342952,121.1688232421875,0.43542896470204356,310.97104247619984
3097,-1036.1447728339053,103.75090026855469,0.4462235531179329,295.56025415425904
3098,-974.8401525526253,107.92754364013672,0.4620905155263027,314.93885147757635
3099,-756.5200731934543,112.42333221435547,0.4864295976514086,320.9367596480613
3100,-958.2451560430129,106.39537048339844,0.5084304743617589,271.6880013851553
3101,-868.7315834854091,107.78244018554688,0.538877972849054,307.6211875220973
3102,-1379.654595719935,119.09064483642578,0.5531902586469817,313.3885453720425
3103,-1006.2789888666254,121.03817749023438,0.5528972565132761,297.1803703687072
3104,-701.62995000944,107.22339630126953,0.5527502867439154,249.27001808874118
3105,-1045.7726087442852,115.04094696044922,0.5496008385310187,300.94223486751036
3106,-1222.8851053748094,113.77745056152344,0.5353531684619384,334.36890959148013
3107,-770.2186188782107,115.3210678100586,0.5159622407061448,286.47731113343985
3108,-916.7205246156487,107.84812927246094,0.49538754294562004,265.57838279046723
3109,-1078.8049413831009,108.91425323486328,0.47924056794676284,343.47651070169036
3110,-974.9947651491452,102.45591735839844,0.46019092752147495,314.84156059976004
3111,-1174.906756660027,110.9442367553711,0.4340314885272276,337.71042412873527
3112,-907.4499715201258,102.76763916015625,0.41663901622812105,304.1415869948469
3113,-951.4198638165877,105.86567687988281,0.40457308104312684,296.57500142287
3114,-921.5121435128111,105.1202392578125,0.3983704811657738,327.11670200071313
3115,-960.653313371905,110.39977264404297,0.3945035832793087,331.55969270388175
3116,-1202.1717262812126,122.2308578491211,0.38468638001337163,306.00152840249046
3117,-1141.1240587909717,112.47781372070312,0.37843582070576404,338.1871680870362
3118,-899.4188399972634,105.25142669677734,0.37733295735125116,311.3485403581487
3119,-879.5307723668687,109.60298156738281,0.37901995830549673,261.3492828917549
3120,-908.543806502858,129.50039672851562,0.3813797256099538,297.1962730452153
3121,-1038.0782674930078,108.06598663330078,0.383869702633433,307.1483442382037
3122,-971.2980159533499,110.94581604003906,0.3857161512486657,276.39438379228193
3123,-1022.753888934658,111.28831481933594,0.38749369750756557,328.76971045557036
3124,-1167.182125468486,112.95340728759766,0.38926428061824075,359.9152530278453
3125,-681.4157512566566,110.89574432373047,0.3913837288040387,258.989945580687
3126,-1123.7644338009843,116.76864624023438,0.3939042172179238,270.0533978808742
3127,-791.9381952601021,115.37525177001953,0.4004384061872387,282.5342864927127
3128,-919.4149110946795,112.4913101196289,0.412866706155567,316.33075791919566
3129,-1240.4573772130923,125.74971771240234,0.4201486699911081,338.2894781268898
3130,-955.6497434771511,108.68482208251953,0.429699388778588,319.3763667799926
3131,-1326.2793987536036,138.64794921875,0.42769224855878174,355.58648710618985
3132,-743.2726831967848,116.84813690185547,0.4373259899998855,300.0407989066618
3133,-1193.1007913627552,118.46227264404297,0.43728564785030805,334.6962967723314
3134,-1192.354702512308,119.72579193115234,0.42748683020232636,354.1191860511814
3135,-949.8399193062,107.66888427734375,0.421052544273913,331.783745818262
3136,-736.3656840460081,204.74423217773438,0.430076056877447,307.3442749903086
3137,-859.5291903590356,0,0,331.59378867577857
3138,-776.0533443262194,106.31858825683594,0.4436050507532241,311.2096082773161
3139,-1290.1727839425205,103.56543731689453,0.46533677977455756,365.10737530974063
3140,-1270.3023489811499,125.32388305664062,0.46481269045558415,357.0091983049164
3141,-1078.7711074075803,121.44720458984375,0.4449994724407913,369.797501094589
3142,-785.3111288442502,111.97518157958984,0.42179268289396,307.0600227079984
3143,-776.6762541322179,107.6263656616211,0.4099317905802309,277.2068071698077
3144,-1012.3871055563228,121.16293334960938,0.4041288933032424,329.6810948154431
3145,-987.6308248896078,115.76809692382812,0.3965428890278133,342.76037508082953
3146,-830.386835018319,123.57514190673828,0.3882524035048207,304.30204199256207
3147,-1098.1393060969117,116.77584838867188,0.3844051950733788,351.2354924860156
3148,-848.6239186734372,115.08647918701172,0.3808015552433228,303.68620773298926
3149,-1122.4004590491809,109.47451782226562,0.3806603895768794,330.56994073012896
3150,-810.7312964165329,107.5859603881836,0.3810310823289511,315.38557913444566
3151,-1165.5428728054285,108.8778076171875,0.38298548973669616,336.63227404940375
3152,-1103.610097964944,107.18684387207031,0.38484569119606227,364.84433933345565
3153,-1034.2636592205279,112.76763916015625,0.3872809240200594,328.40960526899914
3154,-1128.3916332549077,109.6874008178711,0.3901547957423097,321.9114661504322
3155,-919.8215665336044,122.71208190917969,0.3934891862229364,326.2558024567325
3156,-830.4750556137109,110.88179016113281,0.3953700952903061,303.4788433946327
3157,-1046.0217078233043,108.11930847167969,0.39593523880961917,319.9691941333524
3158,-1393.867856903064,112.48448181152344,0.3977685132899466,398.50092501706655
3159,-602.8668624869359,125.94184875488281,0.3985521419958815,308.45487932115225
3160,-1257.489707275006,117.87882995605469,0.40132784353435813,338.7389373882604
3161,-849.2550045262454,122.4246826171875,0.4022435772433317,316.9068787825238
3162,-675.6131753941295,111.32778930664062,0.4053060933099628,308.55479365450265
3163,-1025.257154625801,113.70392608642578,0.44800016051522107,318.4509828192451
3164,-1193.0989669636115,112.25096130371094,0.4235773382224579,351.73449685497354
3165,-1021.4305318634376,125.95364379882812,0.9682792415842414,325.8730847292251
3166,-1109.3275040543529,109.4700927734375,0.5673605205520289,344.2882682400095
3167,-1024.2644949688556,116.8896713256836,0.4841569274140056,341.9322451642394
3168,-607.8278122462816,109.54994201660156,0.40542641360887965,287.5148124380469
3169,-586.5026491108398,15.0798978805542,0.4236948329034931,260.8428943329187
3170,-1040.455449245195,121.03276062011719,0.44662334576787543,351.94103101796827
3171,-470.51679142490053,118.51353454589844,0.43911713754441944,266.72403261053756
3172,-878.3845793930682,122.8431396484375,0.4771790362046681,315.9636633349878
3173,-903.6507694441746,109.1608657836914,0.5894374781346414,294.182943763858
3174,-851.5597975270756,111.7098617553711,0.6389573888882296,326.859988102158
3175,-774.3290633236384,114.001953125,0.6059076105749313,300.58415020163466
3176,-1222.2790585211972,107.90562438964844,0.7127504734016838,370.8798635045034
3177,-749.9209115874131,128.5849151611328,0.6940018283385143,290.3626210655958
3178,-1054.175541557298,111.03120422363281,0.6911579481438821,349.73713113423344
3179,-1140.4560986410902,30.029817581176758,0.6746119949384592,358.7166449693224
3180,-796.36978065051,123.90381622314453,0.7279432721843477,329.7854371335211
3181,-1068.2945996669587,106.08570861816406,0.5516821881519718,357.0271835584318
3182,-951.0217132538764,113.06843566894531,0.5071631455357419,348.4256277826549
3183,-1053.9197754591162,110.12067413330078,0.45401628062609234,350.741742271515
3184,-1380.3239664401365,112.70543670654297,0.40581915704751736,385.4621491064749
3185,-1212.3096424092573,128.85147094726562,0.32451765692485424,372.7883652187094
3186,-792.9549375715707,113.16260528564453,0.33937661111122,310.687163961514
3187,-738.1635188875929,117.08467864990234,0.36467656193349285,300.4774228679189
3188,-572.7265504237448,135.20484924316406,0.3768295248096365,317.4772821513519
3189,-1249.5981310349136,113.35396575927734,0.3761722380244237,353.1906977176056
3190,-1084.4134383849268,108.75902557373047,0.43103200403857045,362.6158337265874
3191,-1134.2869007490401,114.39029693603516,0.4000607202960964,367.21736730463715
3192,-779.7116616467599,121.97074890136719,0.37722168764685193,315.29390583192156
3193,-1061.5736893366798,110.47744750976562,0.3836521375178563,345.0696693188875
3194,-1080.6893600004435,115.00603485107422,0.3625110214218239,323.0809883169507
3195,-814.917728096697,114.85853576660156,0.35597032427301656,319.2214846758333
3196,-875.9356966973061,108.53343963623047,0.34902005529056623,315.6152354340578
3197,-884.3732967344073,111.07044219970703,0.35895275264556403,310.93912739935087
3198,-1269.0669541499053,113.79019165039062,0.3646118176466189,381.1049938011714
3199,-898.0177965609574,128.58377075195312,0.37501899969333863,299.7422996547133
3200,-652.8847504314017,134.66079711914062,0.42183020734228194,317.429878861099
3201,-877.782989863744,116.74523162841797,0.49863305887629394,325.91602040963204
3202,-1096.1574078592773,115.43091583251953,0.568973676970927,354.72068436522085
3203,-927.6445776403696,117.01245880126953,0.5573353091313038,316.82001724845554
3204,-1012.6565934345482,117.61626434326172,0.5480000860752625,357.79385097276094
3205,-822.9116966219104,114.92008972167969,0.5784314673765039,297.3056136555039
3206,-1099.295296896914,111.10200500488281,0.5376883177468699,356.0803587984686
3207,-925.908814388555,122.57388305664062,0.4774501374281499,275.4675819239428
3208,-648.850181206755,114.59264373779297,0.45096382842044136,260.6364446782747
3209,-1197.5031186609792,119.17439270019531,0.4258757912441755,348.6093331965282
3210,-994.8162920465668,114.72806549072266,0.3925030011785824,348.76324384066857
3211,-719.5570242211162,127.53279876708984,0.37700194064045434,336.85551462756354
3212,-1264.297373274739,118.4079818725586,0.34675333137351205,339.82821033294
3213,-1172.729578653914,118.1551742553711,0.3131900774101265,369.3101120433746
3214,-920.1328220221293,116.67694091796875,0.2925898929605313,296.53457390277094
3215,-1074.8694199625684,117.67837524414062,0.28871099192818833,323.70055479140376
3216,-683.3566871010584,13.280044555664062,0.2981024396202656,281.26760052241366
3217,-643.4557524488412,128.97325134277344,0.29638559854391655,326.35385067511476
3218,-665.473086370261,123.02704620361328,0.29155869279341307,328.11839171901335
3219,-1138.3064950109733,114.494140625,0.29417192721351126,355.1523718366788
3220,-772.4008858843019,123.05860137939453,0.3026483650137527,312.3591062591727
3221,-740.9964223479575,116.4538345336914,0.32128775499858364,292.3140532946059
3222,-875.0044818602264,112.52865600585938,0.35173819170413434,321.76232033579646
3223,-707.526449686633,115.54783630371094,0.40204824707841125,323.4534586874977
3224,-847.661534711183,110.50426483154297,0.4526583006435434,307.1714010326247
3225,-1131.64160616114,114.99534606933594,0.48679036269824394,369.56054843978296
3226,-798.8806172608874,27.61282730102539,0.49975591984247947,324.5938966473682
3227,-1334.471606472261,129.71754455566406,0.47066148245437645,375.13157641838626
3228,-875.0852566381274,126.52080535888672,0.43468111667619125,322.20872830179485
3229,-750.7912054479,120.95127868652344,0.41547296079787643,335.7454945280842
3230,-1465.0786415292657,139.3723907470703,0.35614578514915385,403.58910976618455
3231,-1174.780582888716,130.3626708984375,0.2914920740982499,379.77694594126064
3232,-874.5592387610116,110.15629577636719,0.2652672388584365,309.54109670270736
3233,-1206.518360292474,124.1886978149414,0.29240445096876044,351.1290025957517
3234,-1090.4705952506067,114.18478393554688,0.3688366473998691,335.49423498436306
3235,-737.3131787572221,121.0063247680664,1.0243958996143192,324.8360627198283
3236,-1326.1229595923792,119.68938446044922,0.7083062972960761,376.6236495590177
3237,-1180.6007937722698,114.35318756103516,0.595414109218436,332.07262854767976
3238,-1110.4498629576933,116.73220825195312,0.6648708546637394,344.1991935018486
3239,-1270.0746457485934,132.75852966308594,2.0255702872527763,384.6167756839075
3240,-681.068848209231,133.21572875976562,1.7585111816879362,297.25682956667765
3241,-958.1473955510962,122.35340881347656,0.9248697936418466,285.8533774322396
3242,-610.6553414683628,141.8559112548828,0.7057072965108091,292.8789631099274
3243,-1170.4994398515018,123.43704986572266,1.1487360879546031,321.389158057753
3244,-1051.3161320263316,116.0367431640625,0.5883162051613908,347.5315456357704
3245,-884.9594028110289,108.89789581298828,0.5339678274467587,274.95451684420436
3246,-1159.2233553759165,130.45751953125,0.48842328241153155,351.14030448194984
3247,-670.6621306262721,27.46502685546875,0.3429892851072509,323.27755329075575
3248,-823.8667059083497,214.41786193847656,0.3265436672154465,320.3255514697803
3249,-925.0302710285797,0,0,296.9635034896737
3250,-1001.2514802634445,111.66017150878906,0.3345591445649916,351.26489558805645
3251,-911.0246547041264,112.80268096923828,0.4326545591393369,311.9657786351047
3252,-1282.7989892699852,110.0986328125,0.48598365404177457,367.4854047705782
3253,-1222.6929213672718,136.75975036621094,0.4084304456591781,344.54960673377695
3254,-822.7907578088126,137.02000427246094,0.37500617704972683,301.49619183696257
3255,-1413.6967543209228,110.03607177734375,0.38659591984469444,359.33069504765547
3256,-620.1529286709381,146.81442260742188,0.32734254651950323,316.6497665366346
3257,-953.9657471459562,119.20391082763672,0.3094564457387605,328.05879518841465
3258,-846.6077037521266,118.07893371582031,0.31675479367913795,341.8709878420308
3259,-1149.2248338373242,114.88700103759766,0.3161918100704497,377.63145531020535
3260,-997.8986737595999,125.50438690185547,0.3983243647162453,312.5288640263257
3261,-915.4253278699668,113.9950180053711,0.3572286928538233,325.88064431476215
3262,-1336.0800539691304,113.84577941894531,0.40329681535513373,383.045934784207
3263,-999.4511077843392,132.37466430664062,0.3700378903813544,332.5456474106349
3264,-921.532119124472,118.79295349121094,0.36509887990996504,333.5486564990778
3265,-872.343001824851,115.89917755126953,0.4258551425591577,292.26547277907895
3266,-1336.6497169584866,118.66222381591797,0.6676161901850719,356.7018802442
3267,-516.6096479004087,128.12890625,0.40449863947992526,278.62971911336587
3268,-743.4900261087258,137.16879272460938,0.5074113406444667,308.43824543213105
3269,-719.1322211444616,119.47989654541016,0.6365120768314227,296.7985736812687
3270,-715.1964190411002,131.3675537109375,0.34301185704134696,312.53975373673154
3271,-1206.7220696821632,119.93368530273438,0.3049553847445168,386.00011183127117
3272,-842.1486012529782,125.20709228515625,0.2968557376785945,304.34627104389733
3273,-884.4867690781883,117.21983337402344,0.3023798398519375,323.1858279602684
3274,-1049.066237852116,116.38506317138672,0.3301551637814555,352.9482614052716
3275,-1251.9464402830663,122.59510803222656,0.32089622758361996,362.2224934671363
3276,-1054.8428997262674,128.6111297607422,0.3203169453739636,333.70961386218573
3277,-826.1473166939247,120.5830078125,0.31189853602195017,287.6903073917571
3278,-497.2796374463703,117.0090560913086,0.30795591118101906,255.47383621606951
3279,-1115.5933448760045,123.87516784667969,0.313124210116781,356.2390434283772
3280,-761.5350084604459,120.65697479248047,0.3136258605052582,302.60645378446077
3281,-1411.6477468174714,120.72926330566406,0.3155541151177941,387.7500264724392
3282,-568.1814463671361,153.92404174804688,0.3935853623333969,310.8121978893545
3283,-1427.0554388499208,129.4309844970703,0.30018493959365977,381.74312917656914
3284,-925.5986186619333,142.5267791748047,0.2884341328585668,312.6947146702624
3285,-1166.2153684910377,114.3648910522461,0.2818298894742191,353.0609598870767
3286,-1220.1202120935743,127.67313385009766,0.28413677890442707,297.6490134981057
3287,-988.0813059426786,129.7900848388672,0.3003999655850955,356.75879195797404
3288,-1079.4464539491507,119.63539123535156,0.3303117199055059,340.98024599283
3289,-811.5440134663949,117.52000427246094,0.36467397152920344,330.6658337703174
3290,-1006.4959553458785,121.08659362792969,0.3914892458393897,345.18677172608176
3291,-1152.2648634839684,119.59233856201172,0.41783466307362005,356.04580623266133
3292,-1157.8461727598637,115.27294158935547,0.4391298680526452,363.07364449026295
3293,-1044.9306170825373,120.49536895751953,0.4607875539160353,334.38669045598994
3294,-1147.0407732740025,117.13624572753906,0.4834963901371898,281.75128834331855
3295,-893.7163837484582,126.03852844238281,0.5034573558117623,268.4966956972368
3296,-1297.5211350569218,129.9105224609375,0.5072641599568399,351.470016888432
3297,-1213.0681257987244,119.8338623046875,0.5118091563063061,349.78074897350297
3298,-700.2528673837794,129.35325622558594,0.5129543166768293,281.29589472166026
3299,-913.7344737022011,130.93869018554688,0.4952353027886276,323.51169270355683
3300,-1022.9219540130756,134.3406524658203,0.46444963308130127,338.6506305065171
3301,-1201.783242016791,122.51287078857422,0.4336850086211024,362.27621953094604
3302,-546.3408106858382,137.59259033203125,0.40733629202671295,278.1783692849924
3303,-1448.4204711352872,127.15702056884766,0.3832725827647323,390.09417084276924
3304,-649.2759437575008,152.0535125732422,0.3674429129312813,332.2071008963851
3305,-671.2941081394781,118.32106018066406,0.35518384679135273,276.21949104415364
3306,-945.0260648354356,121.95210266113281,0.34848751614598833,324.4021779758026
3307,-1129.5262811846785,121.78936767578125,0.34796568980997,298.6830227693751
3308,-1435.410392241815,155.6162567138672,0.346994886135763,387.9298943067252
3309,-895.1136279976812,139.01480102539062,0.3433224645457209,332.8013954290469
3310,-868.9233782564072,124.6763687133789,0.3414225884133619,312.8889670996339
3311,-726.1933393317157,122.94102478027344,0.3405633554765535,299.23870942868365
3312,-1006.2382510003183,129.37359619140625,0.34037221018031627,346.9728550071947
3313,-1265.9313319809255,131.25473022460938,0.3398446958549759,374.4365684029497
3314,-1039.7421174273609,159.87294006347656,0.33936716896144503,334.02219168153687
3315,-1056.3132864130769,137.66392517089844,0.3389586526111068,318.08745629404325
3316,-946.435633902107,146.12611389160156,0.3392228317236229,328.0507186496696
3317,-1108.2953261047278,146.5929718017578,0.3395052255547474,371.8806079532987
3318,-981.5934657846797,140.01031494140625,0.3397511588260367,330.0710315816337
3319,-1021.9846668594475,140.38824462890625,0.34012983744564346,332.19607227719854
3320,-843.9881250329864,125.44931030273438,0.34055079600703,303.4454405006897
3321,-972.5014939585519,121.94692993164062,0.341040868031397,324.8786052863545
3322,-1222.651714467803,126.50830841064453,0.34134753036837884,328.213458804126
3323,-1302.7245495159157,134.58221435546875,0.34335567410116186,333.7210979786935
3324,-1243.394840858817,135.6282958984375,0.3511136766124179,324.45840789454087
3325,-1016.5803308034942,134.11305236816406,0.36403515556120514,360.95025198435724
3326,-1152.2145733766058,131.4907684326172,0.38520851135593337,346.8276416802379
3327,-1059.6651146749136,141.07899475097656,0.41212880044445255,348.37750584289387
3328,-1335.4748314218218,140.2162322998047,0.44763741965669024,351.68585260560053
3329,-1321.0909701539208,162.2550506591797,0.49595934715070666,340.06360860247077
3330,-1174.896023301226,142.56585693359375,0.5505414168839753,314.33671301596274
3331,-1084.8098258133127,147.13856506347656,0.5965124749647153,369.97438721514936
3332,-1039.9530957334578,128.76405334472656,0.6338290625066874,347.23161668746025
3333,-787.6742062868893,142.81756591796875,0.6544322905272222,286.57013578218294
3334,-1247.6692100427622,145.45730590820312,0.6624853830465778,369.4566555113227
3335,-992.2379515780264,132.16485595703125,0.6592727361139215,355.22501942082204
3336,-1076.7696805827468,128.70758056640625,0.6491062656645994,341.2051231197076
3337,-997.7228490573686,135.54029846191406,0.63144253896703,337.04577070815446
3338,-1067.967892900829,121.93486785888672,0.6096084905975871,308.43400123838677
3339,-1244.1819611048911,124.58871459960938,0.5875932869687842,368.0904712463379
3340,-1082.148527424459,117.59839630126953,0.5671624851335164,319.89741006208556
3341,-963.5202619231734,132.98135375976562,0.5418938618204212,350.49568203617474
3342,-1073.8057672116886,123.76277160644531,0.5211582719004406,293.31431923008824
3343,-530.1915046617681,147.0080108642578,0.49705257822282256,235.3175531947181
3344,-982.1472454993992,141.315185546875,0.477952442973006,310.67089510880396
3345,-946.6282277477254,126.58392333984375,0.466873708644044,296.2957891103388
3346,-1255.1589381601746,134.7217254638672,0.46208544107389204,321.81293056072525
3347,-880.2113400350726,117.73412322998047,0.4607668338713178,318.9801801377717
3348,-532.8800751001273,117.89098358154297,0.4749802656142492,207.1902467362043
3349,-1056.612933067384,148.1065216064453,0.4718082460710775,341.52008909213475
3350,-747.1512151983026,114.28724670410156,0.47361987777921843,235.19969623220382
3351,-1019.4859363885369,138.9218292236328,0.47556707826382194,291.81306989257956
3352,-1232.1991442388658,146.84963989257812,0.46888670080175643,322.51908812411034
3353,-1230.5882428063883,145.75799560546875,0.45527813993709865,336.4801643033193
3354,-1118.3429254004216,136.09986877441406,0.4370015479147573,272.2453970059612
3355,-886.8246758616892,126.33824920654297,0.41893588060642006,240.70492088518589
3356,-866.7296611359137,128.56103515625,0.40677313624935985,280.09825893724616
3357,-592.3663006500002,132.85565185546875,0.4007819610406962,241.2341602073248
3358,-1125.3754860368526,153.35179138183594,0.393916825176454,361.9221615770325
3359,-1009.9002701140521,119.3833999633789,0.3879880495289855,247.0420977880334
3360,-964.7838182447093,242.18836975097656,0.3845803167987283,321.5930299222358
3361,-924.3304987443189,0,0,268.57906331557444
3362,-942.5466378835454,130.01051330566406,0.3824526611053414,312.0254566895721
3363,-824.6640700673389,121.90654754638672,0.38109937602955246,313.13014613652734
3364,-1178.059496031227,121.42135620117188,0.3811809470802736,338.53136963796203
3365,-1007.7176930601289,125.8939208984375,0.38455052096378495,306.34127354681925
3366,-1294.0870717417986,125.13811492919922,0.3788898614049191,366.7218508134818
3367,-1090.9014626677695,129.38438415527344,0.37752429327429127,358.09657910778037
3368,-1213.6976860983677,121.85073852539062,0.3747106957699746,345.894882918656
3369,-1260.024421385643,124.0879898071289,0.37367758310081844,328.0756862555624
3370,-888.9484736622326,135.50302124023438,0.3744515066653845,296.6299065834313
3371,-821.0338519147848,128.29441833496094,0.3763337293784985,293.507667354424
3372,-857.6815559005883,129.15768432617188,0.37731542680278407,289.92182175314053
3373,-1112.7284212979384,128.98023986816406,0.37748837118888967,273.75147399027236
3374,-1138.3431896465777,132.85687255859375,0.3778615724299499,322.6970943559584
3375,-1522.7265008504596,126.44927215576172,0.37925407585714765,370.41487269972737
3376,-1204.3892297933282,158.3550262451172,0.3781759327685513,312.55006477783746
3377,-887.9918082299661,128.26429748535156,0.3791283467259465,238.9058509454767
3378,-1036.832701752221,137.6834716796875,0.3798131962192022,280.81202126787133
3379,-1395.173736486145,130.37257385253906,0.38001095188024914,280.3396435624215
3380,-778.1940688635032,152.09857177734375,0.38089849428582245,248.5022925519826
3381,-940.7072074923464,143.4447784423828,0.3806401469695615,285.4756163183599
3382,-1170.0427180584195,131.61863708496094,0.38017192821030693,341.7764956642225
3383,-1379.7612590785557,123.14958953857422,0.38013485110272016,338.7352951541536
3384,-886.0047751208103,137.20069885253906,0.37962335623552035,290.5711627377275
3385,-1034.6305566295707,125.8140869140625,0.39401561389604467,307.2057070713442
3386,-1097.5106307279934,124.61051177978516,0.3797973639217821,307.5480624766384
3387,-998.7272508760524,129.5707550048828,0.38020773110509287,298.89830913849227
3388,-1159.5656095398022,127.23755645751953,0.3812811219273726,312.20712192523456
3389,-803.2311565138748,130.42919921875,0.3809269601203775,273.1616759989431
3390,-1309.6343241070874,129.06239318847656,0.3828225227127086,278.72551178083535
3391,-1263.6893700478215,146.93099975585938,0.38126221028224805,323.4872732369761
3392,-696.9180028734888,133.06687927246094,0.3788000455691076,300.6191581948696
3393,-730.5299195327121,127.59275817871094,0.3802259980372451,258.80004836382784
3394,-1082.4656344548187,133.09597778320312,0.38611691243312407,312.09277451415255
3395,-1103.394448316244,129.32009887695312,0.3881861626568952,336.1075772496976
3396,-834.6781031788107,124.11494445800781,0.38976585144329035,241.86597103552126
3397,-1021.4552529356993,136.86122131347656,0.3955143308366676,314.56474876254845
3398,-1036.893929805645,127.73971557617188,0.39884898990812323,320.4977005688704
3399,-1328.746610289426,127.87065887451172,0.3988195940632107,349.7598020037025
3400,-1031.728879001991,136.19308471679688,0.3839530701710677,293.85821343964346
3401,-1358.0745402308846,131.29576110839844,0.37595362733119636,328.5242263387704
3402,-1175.0842570284312,139.68443298339844,0.3754095466911167,349.74437239677803
3403,-884.2562254520409,131.80210876464844,0.35329789157692293,266.3763308324705
3404,-1086.8657748205642,135.4145965576172,0.3483366440875795,307.74545988097367
3405,-1163.0552755502001,129.82086181640625,0.3447180374587579,344.88959070503086
3406,-1187.8431209362614,128.3064727783203,0.3423285049539402,322.45935751820093
3407,-621.2950125775171,128.65968322753906,0.34098495729389644,259.3514938378362
3408,-803.3874506365229,150.22299194335938,0.34132748800592533,241.70578169234327
3409,-711.4451555773722,145.13607788085938,0.34223834939700293,216.03412336661603
3410,-1159.5354664765002,156.9445343017578,0.34577683801859227,333.636080735364
3411,-826.6748328211044,126.47657012939453,0.3507243146352874,285.0983840185473
3412,-1249.530533454315,130.84571838378906,0.3581989437157769,362.9843970106119
3413,-815.1715223134051,140.9280548095703,0.3619435867419972,258.7877359857408
3414,-1170.044488028562,145.94688415527344,0.36690524524893176,319.8924660596033
3415,-792.6455954553077,127.8432388305664,0.37378481299135047,306.14990154912823
3416,-786.5772608561879,125.33100128173828,0.3833353573736877,287.7326254373988
3417,-831.6029670063605,124.24534606933594,0.3961564227507548,272.9436746584448
3418,-898.7537050215408,129.82994079589844,0.4111146352451477,271.61576867060273
3419,-713.3429297786415,131.45399475097656,0.4286728705261994,292.07098762301916
3420,-1306.1818930905488,16.04549789428711,0.43821565721521405,328.7711490603219
3421,-1001.7078958081494,137.89295959472656,0.43769721730302136,289.3518276355235
3422,-1234.0468514505617,23.649953842163086,0.42369622355671993,303.0051336858956
3423,-1065.872325473679,140.2522735595703,0.403364429448164,330.6582688973334
3424,-934.419405682673,124.60639190673828,0.4672095414425712,313.84921383102295
3425,-924.6733435009216,123.9486312866211,0.40987190666783135,316.8576771206149
3426,-1150.811528984662,132.0740966796875,0.34507060254880234,294.75163601737165
3427,-887.7974573604837,130.3686065673828,0.3296852519881112,242.01203656837419
3428,-803.8622503369602,139.7375030517578,0.3226110396437322,308.40234334597005
3429,-1168.4153514642182,135.23577880859375,0.3156758676790419,276.490150570239
3430,-936.2113568203204,132.85269165039062,0.31226335654634296,302.8667420013505
3431,-1072.8277372135958,126.70043182373047,0.30977037353648074,288.4134449794484
3432,-758.082567278807,133.62054443359375,0.30829361981458786,228.07406770579843
3433,-1009.2320644245902,150.61233520507812,0.3104169083441855,328.70570257522985
3434,-820.2698165505374,126.56929779052734,0.31481207293717695,304.6228596655658
3435,-1075.5418435272654,126.71553039550781,0.40906005779106636,259.56909635286826
3436,-733.8010230844137,137.4147186279297,0.32697808546582774,264.066295347619
3437,-871.74522174808,134.5121307373047,0.33698804355717066,219.5553487924876
3438,-1031.112928337251,152.84120178222656,0.3478466755232965,287.7330919392968
3439,-1196.9701274988333,133.12411499023438,0.3566118495261241,311.2170003349162
3440,-1077.905050238653,137.3048858642578,0.35766690410239743,266.2833370209775
3441,-911.397286186899,131.8770294189453,0.35995494362970315,234.23441579124096
3442,-1293.9175379459432,162.23104858398438,0.35219680836683764,238.99203467595277
3443,-1182.103254685057,153.64430236816406,0.34111330264818207,307.78501202272764
3444,-977.6434076796094,135.67327880859375,0.3283143082430229,264.95239588220335
3445,-1206.4430441808856,143.6114959716797,0.31642970336439824,319.3097896155719
3446,-1111.006815383184,129.6170654296875,0.3058281384538728,313.5018778044096
3447,-911.9507785077624,128.9619903564453,0.30022816006767583,320.8447507844804
3448,-891.1922030576386,125.34794616699219,0.29750761239651935,289.35615154083166
3449,-809.3695472456386,131.528564453125,0.2976304071783367,282.91567341787726
3450,-1238.1491985173266,138.2787322998047,0.297280671161533,322.708898389851
3451,-1518.6938745012162,158.69033813476562,0.2950344542606445,337.8702689087211
3452,-1393.5095918618877,145.26243591308594,0.29627784661495227,365.04905904800586
3453,-1175.2026195936596,128.53697204589844,0.30373664438911163,344.37881932974005
3454,-816.7746011484406,132.4069366455078,0.3115365035198687,307.54746495618167
3455,-879.16694098748,132.43397521972656,0.31499226654572166,298.562687311539
3456,-917.2541036733498,132.88998413085938,0.3145241650042938,288.3911007274546
3457,-1008.3879027121407,139.03103637695312,0.3117793656299927,293.1493743129735
3458,-883.7194651182696,133.01568603515625,0.30713963283774626,289.3526205021269
3459,-1329.7102462874655,145.90640258789062,0.3052904194037547,365.29256759890785
3460,-1096.612930803397,17.726322174072266,0.3050865507031797,307.83005157120425
3461,-1069.9864193334613,131.6963653564453,0.30501604257212034,290.7411287317988
3462,-872.5627672542872,132.7852325439453,0.3054186199435471,268.6037367601909
3463,-1085.1321281453347,136.70379638671875,0.30687159600579994,308.77972821425226
3464,-1332.4262765094563,142.76959228515625,0.30708123886202354,349.1662066075528
3465,-1070.6271959315534,125.34068298339844,0.3068445955304763,291.0523220455383
3466,-1035.2401461451027,135.72189331054688,0.3068037290568908,312.899621405846
3467,-1515.1397567989434,160.71493530273438,0.30480927381351575,377.96043189291095
3468,-1011.9099915294889,120.03180694580078,0.30463229758210764,309.2052322599171
3469,-896.0572496766836,131.651611328125,0.3051361829403075,282.96390251980495
3470,-904.0786808581732,136.200439453125,0.3054683869962137,285.6667181876798
3471,-752.5980138143517,146.1021728515625,0.30640955337838527,229.86187514109952
3472,-638.9048530157395,288.0547180175781,0.31356615400509213,245.90210902868395
3473,-1014.3710045655066,0,0,305.103261033265
3474,-1020.95231132903,131.71649169921875,0.32651177497430495,253.93119726958537
3475,-1309.7035362994113,139.17623901367188,0.34212170251441565,350.6875222263856
3476,-1013.1269473759345,141.14154052734375,0.34976366508601464,296.4837739102604
3477,-795.7448534286069,131.33987426757812,0.35514047363289136,286.8461007958417
3478,-1067.611635609107,130.6544647216797,0.36427958407751015,288.1924202517919
3479,-843.8619963787348,136.5391387939453,0.36807654594759476,255.86852910066872
3480,-1196.2693438791707,136.853759765625,0.38214478642294125,340.29576697525397
3481,-1000.0738634381564,146.14735412597656,0.3685602580009686,273.87357519884176
3482,-1130.8232264833066,139.1617889404297,0.3607163855238835,313.9380487739041
3483,-915.0439322614803,137.61497497558594,0.3475019848241674,284.66806461651225
3484,-1089.6918374358577,132.76881408691406,0.33653628462777546,282.6658488995949
3485,-936.9166716548672,139.6859588623047,0.3238645924809922,267.8218025513984
3486,-1010.6996383546169,137.18673706054688,0.3138785739538028,333.0726436210194
3487,-1004.5091171371196,126.91764068603516,0.30620281775269,284.1240597234787
3488,-1007.8447288493729,135.43020629882812,0.3036424910246751,308.1062288215769
3489,-1449.9806604696553,130.40316772460938,0.29599339038798783,335.9062873841805
3490,-887.32366322575,156.86459350585938,0.29018612453084924,245.26175259860503
3491,-902.1421907073022,145.28712463378906,0.2898287713998682,284.3996495880788
3492,-821.8114497603227,134.0322723388672,0.2912012982419423,305.66190991295105
3493,-733.4651721470423,137.70484924316406,0.29216819587437115,278.48137416811784
3494,-1017.6346732301799,140.1017608642578,0.2935241877107089,311.2305578124105
3495,-752.4544430782,132.13185119628906,0.2965556641224296,245.5475333302305
3496,-1314.1916139594305,149.43577575683594,0.3035159094772447,314.6790332649967
3497,-1338.9058784560186,148.1471710205078,0.3072457111057493,329.24961258674193
3498,-892.0638485597445,150.52186584472656,0.30568162700308754,267.012468270356
3499,-1044.275316470532,138.4046630859375,0.3064325538495041,300.5350547296232
3500,-974.6881859735134,134.68246459960938,0.3047242250132277,286.0659415946366
3501,-794.3955909613504,137.25869750976562,0.3047138071361538,289.74232236641683
3502,-1153.1628339864394,139.2825927734375,0.3098088544590747,341.00417983408965
3503,-970.6508000606053,135.13925170898438,0.3271796797798743,296.42286805491415
3504,-1128.301743803959,133.00445556640625,0.3109774571634419,326.8692296184572
3505,-873.0718026339874,131.2039794921875,0.31011800044608034,180.3968955701971
3506,-880.5613316590552,165.91029357910156,0.31132102965713426,308.4484660118784
3507,-1171.9232495089593,132.61289978027344,0.3140047719085475,344.5912203914721
3508,-1425.9015103419683,136.34971618652344,0.3117945452646015,358.5828112966983
3509,-934.0023634748289,152.69671630859375,0.30273648371481576,282.4126026606432
3510,-1162.0556428261775,138.04925537109375,0.29830601975826454,250.5918638304814
3511,-989.6462698628447,153.6436309814453,0.2950930596493766,284.1323606008026
3512,-1410.991155531259,137.65530395507812,0.2956456086011201,340.6017488117071
3513,-1195.8309654491927,151.38648986816406,0.32735700055854977,275.1484739779586
3514,-1076.001214742913,143.70648193359375,0.3856649974186439,316.10000490608377
3515,-894.5362074302698,132.10702514648438,0.3247371226771494,304.62192708408685
3516,-1039.321463989144,136.84402465820312,0.3344733673524585,300.0731369030285
3517,-1415.4165072251583,135.63232421875,0.3411570803520621,340.2900871712768
3518,-1255.9263547758924,147.33078002929688,0.35454338091111726,301.1628980525987
3519,-1027.3755174683358,141.7972869873047,0.368449099797761,221.8063206668926
3520,-685.1829620784267,159.6461639404297,0.3750347853800946,223.3133669537469
3521,-897.5361546775684,169.11790466308594,0.3632469931658914,314.070194995361
3522,-1192.7092542321866,136.91477966308594,0.3508767567295129,286.37578235288447
3523,-875.945995325784,142.0490264892578,0.3415874548344924,248.92864060671025
3524,-1036.2336597407332,157.2746124267578,0.33264900079880677,252.9090045038936
3525,-1349.7086505572981,166.44775390625,0.32966279752326955,319.6975539026592
3526,-1115.012545286478,146.35125732421875,0.332897910664542,254.42104641153082
3527,-1087.4646574928438,156.32681274414062,0.32651198427103567,316.8480320684563
3528,-1100.7889060085795,151.68592834472656,0.32689430302701555,286.6076841246768
3529,-1173.884921072763,147.82672119140625,0.3318983633394055,342.8339678123457
3530,-1242.8444820072434,169.7032470703125,0.3293673075906529,325.8539531869956
3531,-998.1877156973632,175.1145782470703,0.33142978876811396,305.2255466221468
3532,-1036.8465231563519,169.36285400390625,0.3354763533683005,292.0808373058873
3533,-1170.714931098927,160.7933349609375,0.34007644154307903,257.12319738641054
3534,-1205.0915460575657,198.14369201660156,0.34760861320125525,291.67126537481727
3535,-1080.8657198879582,199.2535858154297,0.3537376610667309,300.4477146918198
3536,-1009.4396549561819,188.30763244628906,0.36866907549483585,308.56535728241204
3537,-1144.1519360619843,178.43368530273438,0.3768962377309366,340.98394708891567
3538,-1281.9292624457603,168.95648193359375,0.3786881668722586,306.5957967067983
3539,-910.8034358547316,164.39425659179688,0.3779938545128658,222.00119524792737
3540,-894.0392383271181,149.3831787109375,0.37980672947797023,313.7386519748001
3541,-1235.4133600367009,135.06033325195312,0.41054786806489574,349.2765949072021
3542,-974.7876325253842,156.47921752929688,0.3655274844990536,310.9018769511941
3543,-1373.738832779312,155.67303466796875,0.3469287031142901,334.04815484619496
3544,-1290.1576249302866,170.18699645996094,0.3257094258878759,298.8425049483794
3545,-937.0445893426005,186.68869018554688,0.31351496457326206,310.79132212528214
3546,-1030.6010893899827,169.1619110107422,0.3173981410751333,324.04097019811115
3547,-1328.1982885417215,181.09976196289062,0.34086465674234445,304.9645224651468
3548,-838.118193084385,176.04623413085938,0.38016020032837183,226.05021421592625
3549,-1199.3040398374444,196.95529174804688,0.4255166158289154,301.02809806942537
3550,-1016.4864118166033,152.4291229248047,0.4612377985004645,326.0515860067075
3551,-1034.2647435427912,145.62893676757812,0.49299601581131114,257.29038939608535
3552,-1144.7516325757458,165.9269561767578,0.5053738163114758,286.97009164334963
3553,-1164.1240889252863,160.66151428222656,0.5067439795421591,298.20922751001666
3554,-1357.6002200094374,154.89454650878906,0.5047502095800307,345.1900555474364
3555,-1030.2517490327348,173.72837829589844,0.48877173784524075,370.59715188402237
3556,-917.5981691067143,171.30235290527344,0.462647459500676,268.1717488507842
3557,-1360.664633549867,188.3134002685547,0.4344874703897774,362.82803964338956
3558,-1088.9614068572687,153.14134216308594,0.41146177708037557,323.9488505170135
3559,-1153.7663578272038,146.33050537109375,0.3946738312131215,322.5855790017379
3560,-1129.3863540917985,150.98617553710938,0.3856656986938445,299.60869770278634
3561,-1114.3332071234238,157.96290588378906,0.38194755960747007,316.273224823052
3562,-954.507294653141,156.21051025390625,0.3844558902930067,310.3772460958485
3563,-1066.4733045196483,144.85595703125,0.3916487277136871,303.23783909633664
3564,-1088.5119175153773,141.8261260986328,0.3994307923704383,304.3482903370714
3565,-952.10586743277,136.3115234375,0.4030559317425768,307.00969063661137
3566,-1041.7547132270781,144.64944458007812,0.4078850195245316,292.6259392243196
3567,-1180.6868109084012,157.02255249023438,0.4073560571505368,228.46387170023567
3568,-1136.5751340593933,162.46435546875,0.39779910369772287,253.95480147761197
3569,-1021.9480404790353,148.7297821044922,0.39033498877041467,324.94784524969236
3570,-1225.138895530636,154.02023315429688,0.3778327574278908,287.66286737253364
3571,-1081.0043402520669,148.1634063720703,0.3671185759040426,324.4579781974851
3572,-1234.9153069060796,148.6811065673828,0.3574749540149221,334.9772555093683
3573,-1207.9875542007353,143.6517333984375,0.3519144260288028,342.5249033730656
3574,-1174.3144021909366,142.07049560546875,0.35216952198951945,319.09451765998875
3575,-1313.156549437207,152.04794311523438,0.35946314624671893,344.75529108725124
3576,-1168.9827217139175,136.3953094482422,0.37329111807246973,307.05906999882257
3577,-1460.8502604583966,157.997802734375,0.39596616063863954,368.55192978445723
3578,-869.9062240980276,134.6913299560547,0.415248145257743,240.34949084092437
3579,-1054.2911947338869,158.74581909179688,0.4281707645766567,287.05162356461676
3580,-1339.3283410787687,157.0240936279297,0.44096766660025555,362.6909475952719
3581,-879.6250017345426,141.7837371826172,0.4426432665414467,272.1811099094354
3582,-719.6971331691274,164.40545654296875,0.4309257761958124,300.13386153524766
3583,-1117.1088964471326,143.64073181152344,0.41930773787962927,293.8216187773198
3584,-1133.812883736818,275.9806823730469,0.40802700278050225,326.33671121734943
3585,-784.7276536143543,0,0,235.68512303677053
3586,-1157.7910321682045,165.44309997558594,0.3988693485926539,288.301137975722
3587,-1291.2896911768623,148.3008575439453,0.3984048609521563,357.98631538723566
3588,-1222.8841703469584,141.938720703125,0.3995060175624303,342.5918056566589
3589,-1491.2618457024657,141.6392364501953,0.4044742773162344,383.45531567807495
3590,-1112.017987823328,163.19151306152344,0.40435060350172713,301.54050940920234
3591,-1011.5904025905055,145.00343322753906,0.40357770159398143,306.60248871087845
3592,-1272.3743112043776,140.70118713378906,0.4030095273255962,332.2018070947051
3593,-927.1587336968964,147.74032592773438,0.3997381161907525,294.4566322913488
3594,-991.0893145232934,140.94927978515625,0.39807576143428447,260.4545030496934
3595,-892.5340612109017,148.49497985839844,0.3974989571404921,302.74170067410887
3596,-719.2279989528802,139.62051391601562,0.4105940906547403,242.46634240219805
3597,-936.79634260928,156.69271850585938,0.4056808612502726,284.71316300079155
3598,-854.9149923797358,143.72166442871094,0.41428082257493615,269.61884828386883
3599,-992.7163414420033,150.21484375,0.42757809574329,285.89903868014204
3600,-900.1079223861686,144.0836181640625,0.4460233684603736,295.5552020837502
3601,-1465.7737476204466,138.701904296875,0.49068025899032364,361.30109173257694
3602,-1174.010102804633,175.47105407714844,0.4514103472001425,334.5659346609297
3603,-1168.1368272018574,143.54148864746094,0.4344265213280956,325.0625259239613
3604,-1145.4026251498008,144.67413330078125,0.42033422435583967,251.7997198122585
3605,-784.8871093824143,164.70448303222656,0.40536735702884386,289.10206428813075
3606,-898.8946217091005,140.84503173828125,0.39802022610212306,306.06153426733056
3607,-962.591948631491,140.2887420654297,0.3945243710410158,321.3234078738665
3608,-890.1629517700912,136.64524841308594,0.39239151568128827,294.71032839652395
3609,-885.1594771519365,141.46627807617188,0.39271776307851575,240.89891363369958
3610,-1153.656277766577,160.92111206054688,0.42739860218716785,342.48168221573377
3611,-1045.3118548763116,141.75686645507812,0.39811372277131163,309.21347414016725
3612,-1105.6315375102429,140.62721252441406,0.3971821904648546,325.2945186595265
3613,-1109.8186843483677,142.0440673828125,0.395440824806522,321.3784238436564
3614,-887.6822745064634,142.1283721923828,0.39185492496192065,320.32599413892274
3615,-974.4941979882456,140.8345947265625,0.39318699371862253,320.9828016159819
3616,-1088.158205166464,140.0064697265625,0.3942097134958189,292.6994372071523
3617,-977.5949212624417,146.01637268066406,0.3933225845678132,335.50456688599303
3618,-1105.1240482849903,140.2666778564453,0.39505766818274424,338.0815137054329
3619,-875.4474941994678,140.3710174560547,0.38974199840488843,294.8140218756672
3620,-1079.2105278154693,143.61941528320312,0.4052870648301905,305.5584320853319
3621,-1085.8073348731525,143.44529724121094,0.4670110253209714,312.8240700646798
3622,-1019.6437301518172,154.3530731201172,0.39058315271645094,309.7495352862058
3623,-934.4393004761446,154.61074829101562,0.40341314043507737,303.54603169826936
3624,-1125.1679110804002,143.1814422607422,0.40138406915483493,341.1710620168678
3625,-867.0739279306871,142.88624572753906,0.407271931072247,316.6167614110834
3626,-1184.6361108824167,138.81039428710938,0.4155657056048514,336.05618013085314
3627,-972.7968276976608,142.83035278320312,0.4183947420702443,321.7885762159683
3628,-948.1319022659834,149.35057067871094,0.41873331307353023,281.08948461387877
3629,-1164.797216678755,154.49972534179688,0.4171783936251747,316.81249820587
3630,-1387.86300469122,155.48870849609375,0.40707351104550094,342.60918370170356
3631,-1004.5015211618875,166.44508361816406,0.3897645680827787,323.45926562734763
3632,-1055.9155639655432,148.16334533691406,0.37637157478872574,319.78111641396356
3633,-1386.3290383297342,17.979413986206055,0.37525620868746046,350.42455231801887
3634,-911.9749353056837,147.32492065429688,0.3690505558249342,315.95545771572137
3635,-979.927593473854,13.009506225585938,0.37634430751149495,323.22160029654
3636,-995.1156168944502,150.34808349609375,0.38473164941616744,280.83559748388404
3637,-1215.8289873466028,163.0902862548828,0.6315006991499104,338.175326613076
3638,-895.132117556746,168.95989990234375,0.39097012516935337,337.03192616275794
3639,-1008.2494508793296,156.87554931640625,0.3884567119649472,326.92467199367417
3640,-1101.5514083592975,151.57241821289062,0.38643699530537684,318.3791968673554
3641,-1182.8665504958142,154.0648193359375,0.38862122802392385,344.24137809002974
3642,-1270.2395844473351,150.9240264892578,0.3933871921305452,365.7688689228599
3643,-1403.373868154843,151.4251708984375,0.39569004364345806,381.07275181396307
3644,-1248.5876252772027,151.9616241455078,0.43742698496498633,350.3896892258532
3645,-881.8835423392774,149.4861297607422,0.392708166767578,317.0359954840648
3646,-896.9073970671639,151.42086791992188,0.3936208033878217,303.66177402315634
3647,-926.3870855529633,8.688722610473633,0.39476499719286157,318.1765713247814
3648,-1003.1422514619991,145.88546752929688,0.39691891031039717,299.02176826100134
3649,-1342.5502498814762,144.50474548339844,0.39960355708692497,397.29235879812103
3650,-808.6795640160904,154.89013671875,0.40165147171314075,304.3163532353865
3651,-1090.9603681678993,144.10841369628906,0.537407743773656,339.6825742478155
3652,-1039.8885420431664,139.2230987548828,0.4097771336839049,341.9977191500967
3653,-1166.9246649929441,144.7255401611328,0.41254867317417165,305.27298862172387
3654,-959.9304395698391,151.36782836914062,0.41453671846733187,310.72329092369694
3655,-1481.3748134872026,155.31149291992188,0.4844551475252956,396.77246125401615
3656,-973.3291302425711,159.4038543701172,0.4264096101960604,313.09960045988913
3657,-892.7126501745958,145.33753967285156,0.41157301395357293,271.77216609551357
3658,-795.396098528383,149.91574096679688,0.41781438787074876,287.54223288148285
3659,-963.6805948873558,152.3993377685547,0.6044393885531463,317.37427593620913
3660,-1034.3547233297518,141.83314514160156,0.44318813270183455,325.40106790035287
3661,-780.4081444555707,146.59007263183594,0.5104775319268811,260.8883993959292
3662,-808.5700601307341,165.24325561523438,0.4941327108608675,261.33063876463
3663,-1111.222551137538,163.79541015625,0.4864729887867725,352.8668014274023
3664,-1135.185217271689,150.7565155029297,0.5266901037393836,345.18548760374796
3665,-905.1639321651546,147.27667236328125,0.47706738588516373,279.47638254759835
3666,-981.3846994979685,146.94790649414062,0.5294903307876666,314.84066656804134
3667,-1385.117559438499,163.78619384765625,0.4759076982863917,378.3432765936932
3668,-908.3520032318778,152.51515197753906,0.5653942823555553,291.64746796121057
3669,-1171.5816513610555,155.4244842529297,0.4400509210054686,333.4733712152234
3670,-1211.5150262037366,153.62197875976562,0.5670799008803442,336.0222818906328
3671,-704.9168314270247,149.95303344726562,0.4208412615207635,289.31590447493636
3672,-824.488554717068,149.96339416503906,0.5261766476469347,252.58128588309785
3673,-998.6817635679264,156.9347686767578,0.45684802257528645,326.3692565843197
3674,-1125.6189725369086,143.46759033203125,0.5160774241230683,343.9133985749227
3675,-1071.9538472648082,140.9580841064453,0.6024496006430127,351.287092284682
3676,-1226.6187680231162,148.2924346923828,0.4604213121747307,362.62827839644666
3677,-1021.8826882348203,145.1820526123047,0.47766852964559803,290.1872203102659
3678,-822.7428295320437,149.46725463867188,0.5182230791251641,320.9026321003222
3679,-1132.2001068379545,150.25387573242188,0.542945624445565,366.11336224504686
3680,-789.6200645946884,143.89854431152344,0.4219485185403755,290.3073765687797
3681,-988.8905820510405,153.06982421875,0.42866264649182995,333.9619631660572
3682,-732.4413740215325,157.69862365722656,0.429358673955619,317.7158173661128
3683,-1280.278713877119,164.0511474609375,0.45321365970448824,350.12231691729653
3684,-1003.9614898985772,153.19822692871094,0.4270766605843801,295.42136394749645
3685,-1148.160431640191,158.29461669921875,0.42259490357720453,359.3653782204542
3686,-1044.4919479319979,150.56640625,0.4298808354405992,313.4362413596946
3687,-1246.5834581472975,160.91517639160156,0.4100199863667502,358.34125540309
3688,-1162.8007498579504,147.7916717529297,0.40164666614437206,332.0674987017022
3689,-1068.8205807077738,163.92604064941406,0.39842431068108364,311.102127575641
3690,-1320.999005379913,166.82159423828125,0.5041290959925391,356.4953194059683
3691,-1271.7271324138803,166.65370178222656,0.3976221920311742,358.67836806067055
3692,-977.6919159799729,157.91946411132812,0.40195302469597305,331.30297352795884
3693,-1011.7662297896043,156.8866729736328,0.4063876296648914,329.9392001859054
3694,-1316.3704297469733,164.6163787841797,0.4107323933136655,359.40522408547054
3695,-986.2356813736775,144.56973266601562,0.4133129359710166,316.37466744000704
3696,-1074.9632932910258,288.2000732421875,0.6102253557473887,337.1235393215104
3697,-945.3134284279439,0,0,325.6998561404041
3698,-1186.4630303385466,152.41677856445312,0.4115745988404579,322.3492944873563
3699,-1183.6479325852267,151.7484893798828,0.4129408769501215,344.49993013370266
3700,-638.645830677785,149.90936279296875,0.616713053706917,296.4574200904703
3701,-1365.393888686021,166.28994750976562,0.5140773444072693,396.1640775571467
3702,-1056.5901597721615,163.8878936767578,0.42867613200081145,314.9877503730687
3703,-914.0214564595482,159.6716766357422,0.43048959211964366,339.1494967597966
3704,-1275.2995796239582,150.06813049316406,0.4556541798156104,349.0271952340262
3705,-1144.5990865630197,162.9188995361328,0.42861450587365546,300.32004731196406
3706,-896.2402135892326,158.25653076171875,0.41985155562618803,326.724731983978
3707,-1467.2758978088577,145.00271606445312,0.41643059210054056,386.12661273361465
3708,-1368.766643363495,165.50302124023438,0.4002747847427388,388.89102767542806
3709,-1118.032047901576,161.88253784179688,0.45626168831950054,325.39154352535513
3710,-1234.880348575463,150.20155334472656,0.5777380188956158,344.49690481320346
3711,-932.231836012779,157.02760314941406,0.4380099401119421,313.3678242188207
3712,-1058.5737348256746,158.27078247070312,0.45769117769532386,299.9782266531837
3713,-1082.9063033993425,156.82627868652344,0.4605954242868312,339.85008140316256
3714,-1214.2381969287655,153.0408172607422,0.5050910530990222,340.72150968169603
3715,-643.2839958558122,162.36932373046875,0.5120178263096022,285.2792429223515
3716,-1311.8993280473321,170.1356658935547,0.4383402416096357,356.46488511649267
3717,-1406.2953867728831,154.35243225097656,0.43045856915174774,361.26337379944124
3718,-1044.124779600058,165.6231231689453,0.4303957452657414,317.9905424799634
3719,-939.9401036267714,153.36061096191406,0.42801506001240863,272.6767844810357
3720,-1202.2021857262753,169.6282958984375,0.44310395763204724,372.06898477786683
3721,-889.3260939058512,155.60928344726562,0.5458041637903079,306.14198204566037
3722,-840.6292777169201,158.19924926757812,0.4244009197199148,304.8439684027278
3723,-1370.859487764685,170.0180206298828,0.4248930471583918,394.3323096490677
3724,-1106.5971201256248,180.24801635742188,0.42304682767969837,332.4551708163756
3725,-1160.5367537986422,150.71804809570312,0.4214198053279574,348.3671968193972
3726,-876.0067314166515,163.24462890625,0.4206847030393419,313.9852389074076
3727,-1067.1101947394636,161.81407165527344,0.4186081357485705,316.1179999040627
3728,-1344.7821700173765,160.48077392578125,0.41798719471202617,324.2210117167686
3729,-894.614603743765,161.7818603515625,0.4194137049277167,317.27707259564505
3730,-1205.2616723458584,152.089111328125,0.42071275345949743,360.6320643976738
3731,-1339.6591409379278,156.86016845703125,0.4415127111278707,370.8765825346246
3732,-926.7820219377571,157.9337921142578,0.4287465618351405,294.8329838895059
3733,-853.3324132103216,174.40890502929688,0.5781681521621067,308.63517862217435
3734,-1240.9564012582136,157.526611328125,0.523664694672334,331.63894414736563
3735,-718.0924037772397,152.7701873779297,0.42480904870967606,281.1116084010904
3736,-1463.9238256869917,164.73382568359375,0.4419632625686063,355.3974511747334
3737,-1355.255439236131,178.4927215576172,0.5475676920468686,338.8998360648838
3738,-1152.9192432822865,158.5360565185547,0.5556210488284705,343.54915070649406
3739,-894.8773185968611,157.298583984375,0.7062113185238559,317.0533194194745
3740,-1110.6376267086064,153.98048400878906,0.5816437308385503,340.1474149921443
3741,-1406.6767865255713,159.185546875,0.49693604725325713,393.95148158522704
3742,-1218.5153722223006,168.05369567871094,0.5242206836483092,351.19616291135725
3743,-1435.3606398285067,175.59844970703125,0.5809638151986292,354.05765074898704
3744,-875.9758518932771,168.60166931152344,0.764725768007338,256.5654801167248
3745,-934.5078704336422,169.5206756591797,1.02647916728165,335.98499125915464
3746,-1083.8917682526762,150.3160858154297,0.6884238492784789,310.1024735385423
3747,-1089.7854862928996,159.90213012695312,0.9068419657996856,325.02047549752626
3748,-1345.7738562143709,150.9722137451172,0.7457030829973519,348.3167599829076
3749,-963.6541091069737,161.51043701171875,0.823803477367619,289.19698149059093
3750,-683.1705158186853,162.1785430908203,0.9975811766344123,269.30683241352693
3751,-1153.9584393635564,168.53683471679688,0.9953390905284323,326.581481338771
3752,-1134.44964478222,152.71658325195312,0.5411353906310978,320.37519533489876
3753,-1174.6430607231582,152.95425415039062,0.49201074847405835,330.74000339202416
3754,-1180.4141548564469,157.1814422607422,0.5320653251474141,353.8794892491937
3755,-1113.557201180375,150.53219604492188,0.8314483526337426,342.78695909644364
3756,-1243.34731323629,151.02584838867188,0.7153709132398944,351.85222228425005
3757,-833.4580243330786,153.68621826171875,0.6112971346010454,309.52252869935296
3758,-888.1657079793683,148.48968505859375,0.6095752313412959,302.9214239955775
3759,-1335.5435270905602,156.20016479492188,0.7757694936881308,367.07837772311103
3760,-1609.9891370195796,169.15084838867188,0.7989078285754658,384.2656041797936
3761,-1099.0906878656467,178.18516540527344,0.7634504413581453,314.4522758570496
3762,-1282.0401830636515,155.07054138183594,0.5997430860297754,338.5707285913436
3763,-1525.2109683624428,163.6746368408203,0.46529041619253775,400.5190966057496
3764,-898.07370017445,165.39793395996094,0.48420355827349937,278.05051487362556
3765,-996.1333528121346,170.05517578125,0.5057823259251109,309.78866770295156
3766,-1164.6907038389174,155.374755859375,0.6501004488382023,335.45649704410727
3767,-1128.386196810794,156.02891540527344,0.5328880479881946,324.7214492104297
3768,-859.8646596807341,155.97802734375,0.5366212303055491,296.60087804614375
3769,-1203.6318565965269,158.54983520507812,0.5329837741171755,366.1030793028471
3770,-1287.2248555016004,153.28477478027344,0.5302208588239661,356.36123529921747
3771,-1260.464019758503,158.8887176513672,0.5315119155323593,351.40239109600327
3772,-1338.6781977995038,154.236572265625,0.5341229302913167,361.56784265610315
3773,-1403.36785286403,165.25955200195312,0.5414131660411059,352.9867256862731
3774,-805.9263459476123,164.04368591308594,0.5442900152752403,276.11501181433783
3775,-658.7005456867339,177.37557983398438,0.5321191264092152,270.41305018375965
3776,-1276.8391044234736,168.53273010253906,0.521073732892912,364.0966122366632
3777,-990.5738401428827,152.94131469726562,0.5135838105755326,319.55638506223613
3778,-1048.440334230736,153.81442260742188,0.5091217121502325,299.8736654652869
3779,-1202.9028571640024,164.5288543701172,0.5076970523622535,330.7861091221262
3780,-1446.9945922261356,163.34963989257812,0.5070999310637416,385.5308794802828
3781,-1214.210627078155,161.939697265625,0.5057900237776027,371.3995086305109
3782,-1359.986666439449,162.1771697998047,0.5036709130913124,383.8574741535003
3783,-959.1273340947171,157.2700958251953,0.7742109641258139,258.98902401180476
3784,-1357.0613657448864,172.3743438720703,0.5021512600728641,364.1240792835653
3785,-1081.216667831682,166.44105529785156,0.5038084977553698,311.9003260418491
3786,-1245.4142337466305,159.4518585205078,0.5068773384891427,322.9540052400432
3787,-797.4045947971268,163.98263549804688,0.5083039483809806,323.77294141792845
3788,-1110.516143690703,157.69174194335938,0.5089184673399556,360.9872235098949
3789,-996.9144600999706,164.8296356201172,0.510744613832685,279.46016542262237
3790,-905.1887270429335,162.79248046875,0.5686585441580974,303.9923233923141
3791,-1127.9888937731203,163.11709594726562,0.6860836435371311,359.11498162542927
3792,-1185.1423267336631,154.80331420898438,0.5696293523433269,350.1494380878929
3793,-1187.0867988959615,160.1889190673828,0.5108978384244298,294.72385369771024
3794,-1129.083734181007,161.65499877929688,0.5502823499155056,324.402522301047
3795,-940.3147878735792,156.24383544921875,0.514052657184092,308.57291871997217
3796,-828.3844196846866,159.60873413085938,0.519144488421087,264.70928218080985
3797,-1058.6489034094388,174.98936462402344,0.524300230088194,277.576362583152
3798,-1258.200624084006,172.5559844970703,0.5262646701679249,314.8774660489269
3799,-1404.227271592355,183.24635314941406,0.5207775330140629,362.15246252524383
3800,-835.376195820388,155.08355712890625,0.5182849260000241,243.10428375552834
3801,-745.5456464943713,172.11709594726562,0.5283413991801353,278.08460790927427
3802,-980.8726837859463,161.2335968017578,0.5278299995140543,320.37704904768907
3803,-1463.670859219828,185.73648071289062,0.5229707511232675,345.50967280582915
3804,-882.1291460459158,159.62957763671875,0.5391657195814332,337.456369750111
3805,-1236.2923853178256,168.97509765625,0.5270440399153813,323.157708521103
3806,-811.1897467977366,156.494873046875,0.5249087481461174,317.3445553071446
3807,-1283.1055293882105,182.1012420654297,0.5198887409933204,346.8069856482419
3808,-832.0619542515481,301.9598083496094,0.5262791839196606,294.9672252698005
3809,-913.424762720369,0,0,289.59621612800623
3810,-668.3315589585791,166.695556640625,0.5362979204407026,268.0606444660428
3811,-949.3726721398477,163.50331115722656,0.5578711059276031,323.84018306099097
3812,-1033.2261369263786,155.49221801757812,0.5795916919089024,332.3004755844256
3813,-939.6333835201812,154.01377868652344,0.5964270643358276,348.8855551224141
3814,-845.8669970956802,155.8720245361328,0.7815504153986694,279.4785019206506
3815,-1204.9216270988095,167.478759765625,0.8237581798457541,372.82518194146274
3816,-602.0708421358363,170.98658752441406,0.6283147874765405,305.1196022070784
3817,-1227.314511710948,158.74078369140625,0.6402649048261777,329.4658433146201
3818,-741.9673862469738,180.8843994140625,0.6364229894229965,250.77169786638262
3819,-946.6895832616029,172.12698364257812,0.6421238185741505,313.922145418022
3820,-1010.557176060068,156.9440155029297,0.6434870552197345,286.15864681509873
3821,-999.7687366672424,165.596923828125,0.6373202844045665,324.9348131289965
3822,-800.5933523259162,158.06031799316406,0.6258155607479523,297.0699961905208
3823,-1204.39653172084,155.0745849609375,0.6214810317238477,375.13668232818
3824,-1092.9479522568374,169.70428466796875,0.5988885285692191,346.5190534462672
3825,-1220.5071173982951,157.5779266357422,0.5672294274016743,345.80696822071974
3826,-1055.8905423376052,163.42137145996094,0.604887445580971,315.3092632835436
3827,-657.5313441340372,162.39015197753906,0.47930368109647503,263.6838386840921
3828,-893.5695215708889,166.46656799316406,0.46176256965435414,300.5683451993765
3829,-1460.9613608481802,158.3841552734375,0.4501561250590045,384.02746740769885
3830,-1178.51466994938,178.5779266357422,0.42263907580247206,291.66345647059484
3831,-1145.7823870083157,167.0690155029297,0.400278710554403,340.77532423118663
3832,-1083.3924333199286,156.42922973632812,0.38525883749853945,338.4078857779866
3833,-820.5339760435065,160.54751586914062,0.38081384170386046,250.3012543921225
3834,-1360.8070014372618,177.23951721191406,0.5772057145222789,345.2587089151761
3835,-1174.0290384849336,171.8526153564453,0.3841672224925361,306.0177901804781
3836,-1447.4986057267922,164.83331298828125,0.3889987501997184,380.7289266990191
3837,-869.5097349763134,169.66151428222656,0.40218163713234967,289.7396714086979
3838,-1173.9931537160678,174.3580322265625,0.40950076594196927,352.23412656405236
3839,-913.6113710051043,157.0657196044922,0.4161449945328787,278.6521282370072
3840,-1032.224827145936,176.44195556640625,0.41120934022967015,305.9095165059381
3841,-998.3589234327812,163.20510864257812,0.4885442994054756,301.8067078085033
3842,-1233.679259982614,167.73239135742188,0.40007836708252853,357.18733896549156
3843,-1039.6675040406901,163.91165161132812,0.4020726117198592,320.6708988443352
3844,-671.4410611512404,159.13963317871094,0.4079382441029793,274.2107773154316
3845,-1197.3537042801177,178.77528381347656,0.6102294146694476,308.3850585851425
3846,-1314.401469980847,163.6781768798828,0.45587335019017683,349.26496175402644
3847,-990.7740782675744,173.9536590576172,0.729219534114236,322.1494866601738
3848,-1019.9954676947176,158.8658905029297,0.48890749192971494,324.84118921824495
3849,-1135.7430857591514,161.63621520996094,1.0610213531763293,325.45014319173345
3850,-1083.1491232287858,161.41456604003906,0.5085700396071289,318.80851127773155
3851,-623.4431458275789,176.47434997558594,0.5117959341368303,265.50723636561577
3852,-1372.5625526175304,189.97999572753906,0.6274106086057145,365.2559089339521
3853,-731.521204599483,169.1189422607422,0.5035855912520653,268.7817658159976
3854,-1029.4595508074449,166.64373779296875,0.5029989546706348,296.3575698649689
3855,-1109.4351734734464,172.58961486816406,0.5058749383817647,307.30286811988105
3856,-894.5729666870401,176.0625457763672,0.504154704151003,325.43306019686594
3857,-986.287180792868,166.061279296875,0.5064910991283931,309.32794681831865
3858,-813.7460905866468,165.27378845214844,0.5151688495173153,253.09362955823843
3859,-1027.559785735817,173.75184631347656,0.5223657746273734,289.76615733106837
3860,-947.550122112947,160.33253479003906,0.535738426778547,322.78632432348536
3861,-1118.0387354082193,173.71231079101562,0.5328594265632756,310.029350445967
3862,-806.968869171546,169.5883026123047,0.8507126487384085,311.81577500513396
3863,-1255.0682259109672,165.08250427246094,0.5188514094744097,351.7370177714645
3864,-1272.697820450201,164.4625244140625,0.4895700980021904,359.1264027865528
3865,-1412.6316300569747,39.6697883605957,0.430819501882438,374.4196989764815
3866,-1185.1506212062836,177.07081604003906,0.3732450375068421,358.1411091230224
3867,-1267.5293697680793,171.42919921875,0.3439869151418691,356.130790401498
3868,-832.350998493936,186.22613525390625,0.34315199672483326,319.8362553376114
3869,-1336.5611675177465,161.72193908691406,0.4437867350425222,363.5744872327618
3870,-1149.5795525560363,172.88616943359375,0.38879553682973533,361.00830670346636
3871,-1088.3010304290738,169.8665008544922,0.4179601701294524,331.43690322120557
3872,-839.600375176692,165.32058715820312,0.4368125993582228,279.1135908314535
3873,-1051.757475872603,176.66419982910156,0.4319968674240644,325.53632335343246
3874,-894.8709609035054,163.5071563720703,0.4163894208639931,316.5805856807731
3875,-1101.5991859881958,167.43081665039062,0.3940746807168036,321.40821584405535
3876,-1021.1398249553266,168.17799377441406,0.37769858729796196,294.81754373997984
3877,-1046.8467724308894,168.19139099121094,0.3689533059571044,330.36351791667147
3878,-860.6617261444162,167.04473876953125,0.3714892732279044,331.2151836578233
3879,-1322.4763382253404,165.06976318359375,0.3847331995780685,366.17973591573366
3880,-1112.6176194035797,174.84043884277344,0.39523978172210406,343.7786758033517
3881,-775.7328894652637,159.5825653076172,0.410185751136653,282.3682159451071
3882,-1007.0690606539031,171.91897583007812,0.4292839053399505,291.17355206368904
3883,-990.2111038025356,164.74998474121094,0.4538626818256928,310.51616048636606
3884,-1008.4012482389861,171.19781494140625,0.47450220854238906,304.8919329427576
3885,-1391.147645936806,185.69114685058594,0.48620401160103555,368.181960386088
3886,-1159.6047017526964,179.08216857910156,0.4808889491777517,369.1504233091432
3887,-983.621691379054,171.14317321777344,0.4698899243601069,329.56855263059373
3888,-1491.5680428292276,182.3282470703125,0.4438823982436588,375.11429752519024
3889,-703.1363798381899,184.46900939941406,0.4370464245293988,312.8963095124583
3890,-1104.7647698004694,164.01467895507812,0.39186519368308026,291.4245573657831
3891,-798.3904059416822,167.87290954589844,0.38277748866930494,297.2959243424909
3892,-1270.5649855544293,174.21788024902344,0.5771653923147824,330.29585690080046
3893,-1224.6346236383856,178.63868713378906,0.4188179160191794,356.92477796106823
3894,-993.9416550931917,162.60400390625,0.34277837126791155,329.85341038172527
3895,-953.0078123153334,188.0352325439453,0.3371199488498293,319.45046893879334
3896,-670.2309225056594,173.5785369873047,0.3374286252625466,277.2965127012169
3897,-1245.2680387185105,173.2662811279297,0.3383402886874016,367.0458802613235
3898,-992.051661259919,161.80145263671875,0.3392882823347563,338.0875170132932
3899,-1270.3212967317568,174.90989685058594,0.3394999977297091,307.38441011153986
3900,-1025.3205797260805,179.35047912597656,0.34047266342750127,348.4759140527826
3901,-1098.4575827658043,187.3570556640625,0.3419766106710608,364.72908635696683
3902,-941.8759083374,170.3566436767578,0.34445720012858694,306.3934477101431
3903,-1139.7440818793766,172.34542846679688,0.34924702101969873,370.778273739905
3904,-897.7440000627055,169.69715881347656,0.3590616655424128,292.03697008008544
3905,-972.7437664900398,167.03939819335938,0.37107481014200516,326.0331849533323
3906,-1018.941805713449,164.90966796875,0.3893308178444711,354.43527321355293
3907,-1267.143307883936,170.6169891357422,0.39407180024347566,375.19633380907237
3908,-1132.1406842978786,166.06454467773438,0.38751684350269544,310.01760612135314
3909,-944.0272366010548,169.40077209472656,0.38350370981444226,317.1694828773061
3910,-1360.6995822817066,183.72586059570312,0.3671118959953934,395.24198547174285
3911,-1329.8211131558776,177.74134826660156,0.3446883128146422,386.80933963145094
3912,-1097.2789695686868,164.7079315185547,0.3343370819499741,334.885716762385
3913,-706.7168130683642,163.0605010986328,0.35720049961309996,275.47135896362096
3914,-1074.0452490170635,180.9388885498047,0.33700202467988666,357.4192542827898
3915,-1007.5725433316015,158.04251098632812,0.3389800311905138,305.9363325801069
3916,-762.0432982855331,173.56834411621094,0.3387671171747297,326.0284712071888
3917,-1325.732268324268,187.2087860107422,0.3397182015374014,378.6510409897416
3918,-805.1556044152686,169.67681884765625,0.3417608944825119,348.9392940867508
3919,-619.4005817305019,163.90475463867188,0.35570134403053205,285.1813236852218
3920,-1313.2702657163559,337.81976318359375,0.37310227582577227,375.19115945096416
3921,-1095.9735033566894,0,0,343.27579361690636
3922,-1052.8469369200247,162.47842407226562,0.38737043122060744,356.64772654219513
3923,-1220.7481856215215,162.19451904296875,0.39973270315891796,340.21516037505785
3924,-1039.1865310878186,172.7035369873047,0.3964480839547837,327.69076412761416
3925,-1275.9647052614644,162.5918426513672,0.3902350550470104,347.52641130970454
3926,-888.6086256002583,185.51141357421875,0.3701261506796705,290.7822549444837
3927,-634.3969013023926,167.57879638671875,0.36037825050872957,284.3143657264479
3928,-760.605154846212,179.4400177001953,0.3700255993540965,332.4035843374436
3929,-1039.5801729264006,170.4785919189453,0.39012019960411504,353.1451530018918
3930,-1353.5804898801903,168.67152404785156,0.40563868157887134,381.2798601502943
3931,-966.3655399879311,185.08058166503906,0.5122461922292132,323.66757507252265
3932,-855.7512182582382,162.20834350585938,0.3836937316024098,333.952916651781
3933,-1197.1713493109642,162.89036560058594,0.38224060773259916,364.2139925651951
3934,-984.0465406590022,172.74061584472656,0.3680995622081755,312.2507691671587
3935,-854.0321571144764,177.42161560058594,0.3565958591361254,323.66571012113013
3936,-544.4360841505426,164.44541931152344,0.35292566442153417,282.42794337424505
3937,-1141.8166371042616,183.98895263671875,0.47608715112437494,336.1507910809456
3938,-1072.6738412341535,171.12899780273438,0.48473477172956336,346.69695831988264
3939,-1050.8542311203366,167.55722045898438,0.38525062533255117,352.83310530669394
3940,-1054.6179899650167,173.57977294921875,0.4446525630701217,332.8885045777401
3941,-1407.05911480552,171.72862243652344,0.37886754288620317,381.2058392447377
3942,-1221.20858523981,188.48794555664062,0.3518657432726243,370.2235914275898
3943,-1032.2902283104397,175.49159240722656,0.3274877980322949,363.18982560810116
3944,-1001.466520280779,177.8128204345703,0.3183827136155575,323.16296696773287
3945,-1164.046696195254,166.3595733642578,0.3248525992360355,326.8567951492237
3946,-1319.1567043723737,26.986827850341797,0.34669794692594513,405.4589556385723
3947,-1049.6686711055129,191.1100311279297,0.3846308059592234,365.4625964023103
3948,-1099.3729959461732,173.1322784423828,0.42644032062644976,349.0175268694892
3949,-881.3570449428709,175.65904235839844,0.4569290086518123,332.9015020707531
3950,-795.6913684204665,168.49940490722656,0.49553073161951033,309.8287256490078
3951,-1424.0721736842759,179.10501098632812,0.44415332217049563,368.0719571067424
3952,-1212.4509520229715,177.82406616210938,0.5730171509057982,356.24268072458347
3953,-1273.9841481146505,171.59375,0.5521288565796567,380.56598901937105
3954,-871.8556822770348,176.9979705810547,0.44586338026019945,337.6348619808339
3955,-1115.5301050715211,186.83274841308594,0.43938268504377254,342.5936491705273
3956,-1419.2663660282662,171.41139221191406,0.44040220897886684,404.9986839732715
3957,-1260.6916837257909,180.7499237060547,0.44537037462367013,351.25782710489625
3958,-1407.6195665215162,190.51559448242188,0.45706058795930193,410.07481942448504
3959,-983.9983362550274,182.86239624023438,0.4826481335443884,331.0017076664757
3960,-846.966458004789,174.6038818359375,0.492461618366125,323.46913601318755
3961,-999.6193948581474,175.8805389404297,0.47599210894915167,297.05057643614725
3962,-1063.9930130542714,179.74905395507812,0.45166158460979133,360.575003178958
3963,-914.9027813896554,171.52069091796875,0.4316654744387274,316.76490299707814
3964,-1431.9520385648811,169.9257354736328,0.41267719736841324,401.1200283675547
3965,-1249.0984138758872,188.5438995361328,0.40959432131921214,373.9561227452987
3966,-1101.8801751921387,168.66616821289062,0.50633510651096,325.91672229196666
3967,-1040.6346542953593,172.92369079589844,0.9887953866855241,301.3893428352849
3968,-1238.0265306589545,174.1751708984375,1.1317267762497067,379.98698045237313
3969,-1097.2741162946236,171.77525329589844,0.4371742331350106,349.3442376691893
3970,-888.0052710285021,171.06430053710938,0.417495562610128,296.6783805332544
3971,-1189.1498551501047,174.0099639892578,0.4167890518065285,369.4030007783942
3972,-858.2800574580135,174.06553649902344,0.41577578043727803,337.395821930592
3973,-1141.5618826447349,169.70199584960938,0.41223814991331886,358.1262731526466
3974,-1017.9412767860138,178.8240966796875,0.4135471846571689,311.2872801207078
3975,-656.0412594033788,171.39248657226562,0.4112344642952208,271.68218258752995
3976,-833.2803643374143,182.1619873046875,0.4060556925401104,303.1589299675961
3977,-1206.0721258235938,171.56427001953125,0.4076341256714965,354.5756032523998
3978,-1099.0825219102965,179.29495239257812,0.41346043879765015,355.4208896305147
3979,-1305.9217228341759,181.6742706298828,0.4141451311622344,363.5996695728685
3980,-1330.9644550019302,181.87266540527344,1.070225639094133,346.91516899174496
3981,-1127.039339480038,186.04849243164062,0.5688694310811115,343.8887240167039
3982,-787.9957589643817,174.43194580078125,0.399023741278711,325.0798346647067
3983,-1056.8465282186185,167.45184326171875,0.39876790153975283,359.88522428330316
3984,-1095.446432292859,173.1015625,0.40094001707886306,357.28749018820224
3985,-1208.634713429741,172.86366271972656,0.41984687404055876,371.724113296179
3986,-1318.592892117205,174.0371551513672,0.42077976320476296,355.0898953373064
3987,-908.5240899474134,178.7942657470703,0.4383458183658515,280.28184572097155
3988,-1008.0116384729126,180.640869140625,0.46762283135285543,328.1521406252591
3989,-934.8906327177508,172.5071258544922,0.7965725313406438,319.5706342913382
3990,-1286.2866843942718,173.07704162597656,0.4610010159473177,367.20419763855716
3991,-1218.566750760997,184.01828002929688,1.1112664216198027,345.8611893539313
3992,-1130.8754842855906,176.0758056640625,0.5004766940292029,341.97307174318814
3993,-903.5129675077042,180.6292724609375,0.5239307245610689,357.3744233299302
3994,-720.473303684941,178.96458435058594,1.0521057192818262,308.9992766544708
3995,-1097.9838775556454,174.06732177734375,0.8388295648037456,364.9925272674636
3996,-1201.2020851200177,173.35635375976562,0.6150049155548913,365.1330592368612
3997,-911.7677926642764,172.9473114013672,1.4091331175295636,290.7249682070253
3998,-1043.7068652860155,175.5553741455078,0.43952602123590623,327.5860458303693
3999,-972.8970358667513,175.6020050048828,0.6501006663165754,317.63146489399946
4000,-1147.2335805244347,180.88925170898438,0.4484519764846482,307.27787540379563
4001,-1251.232304545422,182.6200408935547,0.43069116525341,298.57799737274
4002,-1137.3675108140587,178.84376525878906,0.42784447279600024,341.52527410317447
4003,-1079.0976420086365,175.0769805908203,0.5886485060909763,329.87701207872
4004,-877.1153294707175,174.59454345703125,0.5533522549521876,314.67759328502234
4005,-1227.8792246843334,176.8794708251953,0.43485830577628803,349.4065210371405
4006,-1164.4055778661257,176.79029846191406,0.42147054459771827,331.50863919357204
4007,-688.1978280408235,176.7292022705078,0.7656557321897708,291.05188232598067
4008,-1047.1112092369149,180.36940002441406,0.5661221398040652,348.0579674572682
4009,-1189.3708641030391,179.1324462890625,0.4481189732614439,325.914002215737
4010,-851.665646887145,178.18359375,0.41901013122551944,302.85149098385494
4011,-1356.3420662833491,190.70912170410156,0.7983519072004128,393.81088729932833
4012,-1027.726609290388,178.56488037109375,0.8651248150854371,340.9474160465255
4013,-1165.7434743279402,175.00083923339844,0.4237530238178806,385.61822052624984
4014,-877.6870077562104,169.7764129638672,0.41751124367689574,282.79560652446384
4015,-669.7116488617839,181.66600036621094,0.6656834669993259,266.493973921958
4016,-1145.0793636309759,190.9750518798828,0.9500217344029807,352.50307600774823
4017,-1240.4707773798807,181.92579650878906,0.4168603791576133,336.8081148311603
4018,-1336.0663860864454,187.11192321777344,0.4145091238809826,361.4426734607902
4019,-868.4808018007822,168.583251953125,0.41376201538812385,330.8198282356854
4020,-638.8073812056903,178.8691864013672,0.4140607595329757,255.77564741352694
4021,-1000.2588608810286,186.7014923095703,0.41540946322714634,281.7264920173209
4022,-1074.2947272238325,183.1075439453125,0.41262358888746237,305.46629962813734
4023,-917.6459898052447,172.8546905517578,0.4158401684295432,302.055607091692
4024,-1019.7155377748209,181.1556396484375,0.41984888855387414,341.29583787791057
4025,-1031.507747145464,176.46209716796875,0.4221610008095741,342.34552466227376
4026,-1254.7774230423126,192.49761962890625,0.4189299632883636,375.2811379003488
4027,-1065.8311801350758,167.06463623046875,0.6428870840463787,324.7256233969598
4028,-1070.6263777062127,176.26870727539062,0.5129346949979663,287.3758094923452
4029,-1367.1777935933965,207.5144500732422,0.39699134002671066,368.9369803193244
4030,-706.0697659415493,164.23667907714844,0.39482483964320125,284.34940265700226
4031,-617.0338399306438,192.63914489746094,0.39744738806692936,309.2911116268753
4032,-935.8689296973678,356.41827392578125,0.40399486626886727,259.95384799002454
4033,-1243.03168227911,0,0,331.2274302301237
4034,-1227.706015025026,187.0962371826172,0.40642091331661634,391.3617875973292
4035,-951.6963776882758,183.56170654296875,0.40401748241845015,336.93161776125885
4036,-932.1837835116334,175.57215881347656,0.40329144847896026,308.39921352679494
4037,-860.9700872624667,174.1537628173828,0.403994442155863,308.6670344430619
4038,-1059.9102264424878,175.0025177001953,0.40319219396086226,319.03664695501664
4039,-804.3649036165343,174.30392456054688,0.4048450152022128,295.1982191741305
4040,-743.389713799019,181.70590209960938,0.41158442899196046,299.220352883479
4041,-1110.6327596927265,175.2000274658203,0.42772225769199324,329.91671366777024
4042,-1018.7833500078347,179.36573791503906,0.436985234662707,333.1227331776276
4043,-1061.8365476180568,173.82586669921875,0.4410105781288674,345.628723589039
4044,-938.4422807926809,176.80734252929688,0.43968907970179627,317.13198650352
4045,-966.5725922670175,172.72238159179688,0.4318558920281025,325.24290751745286
4046,-839.9208345651416,170.990966796875,0.42729127531883315,297.132403470512
4047,-754.6748928771824,172.68267822265625,0.42633986532154255,275.5688340564922
4048,-1051.1808097409958,180.0508270263672,0.4343398279457363,309.8656690520696
4049,-1004.3720099709072,181.6287078857422,0.435375176896293,312.53060933104206
4050,-1002.8423872695417,178.84983825683594,0.43050472924970207,323.4418928455664
4051,-907.8599652103683,178.30722045898438,0.42076672478781824,271.8920160091322
4052,-1143.2852276690462,183.06776428222656,0.4130081085748062,346.17674695065443
4053,-780.3707560263316,178.30426025390625,0.3959027860600433,302.12287119556333
4054,-864.0008505653104,175.9109649658203,0.38833767666480706,288.7696915156045
4055,-1124.6474271921372,177.12962341308594,0.3861739063040241,344.29355486617123
4056,-659.9693069105998,177.69790649414062,0.3767217811491887,284.14042255868424
4057,-1252.234250527325,183.71841430664062,0.38236870455430083,331.786566016964
4058,-665.8729935265482,193.57046508789062,0.3736482541868753,313.0163577237321
4059,-855.5065932301533,180.30076599121094,0.37945724125155056,318.1224022562908
4060,-1025.228668628325,173.1548614501953,0.38963533412036105,321.505356903701
4061,-1171.443053628229,176.99989318847656,0.39476458751002275,381.6229658110777
4062,-970.319796792613,187.5216827392578,0.38262264525524636,299.1018207633097
4063,-886.8763984476273,177.38299560546875,0.37020469477133267,288.7264492487965
4064,-1288.2927985277947,177.82298278808594,0.36223355913608657,372.88240892781
4065,-1094.4742314807997,188.29380798339844,0.3400615769296562,278.45238570884044
4066,-1076.3920165075483,188.47682189941406,0.3227961211638341,282.27310210516447
4067,-984.625341148357,184.97549438476562,0.31390977956920096,303.76276329337026
4068,-974.8981020513935,188.33831787109375,0.3123235912259094,315.12463533082064
4069,-1303.5552503946005,187.2639923095703,0.3149197994484467,348.9764835404781
4070,-761.9393031006531,183.65074157714844,0.32225788934412947,254.6155035979691
4071,-858.0060719032163,191.58883666992188,0.3264888614151892,286.2090867782664
4072,-935.0865427728264,185.7668914794922,0.32519369483474336,322.45540739128313
4073,-1009.5521824469506,179.71510314941406,0.32339667385297033,298.42945496070007
4074,-842.3174518951333,185.44586181640625,0.31958645132021335,300.41664765727967
4075,-942.5201215204111,187.58233642578125,0.3162667808409625,329.9496627097875
4076,-958.6334264820198,174.33172607421875,0.31896223122948175,261.5677012300906
4077,-1026.094172822715,189.34266662597656,0.3265574105928491,325.442160397443
4078,-1133.7615826513413,177.3781280517578,0.33412871634596214,339.17047214651666
4079,-1012.7912610689737,181.6145477294922,0.33418191138796255,279.25213652427385
4080,-1125.212726751514,182.7226104736328,0.33952895672670347,366.46038910511203
4081,-1084.5888559181749,200.0481414794922,0.3339325851706459,336.6255237732168
4082,-1085.1359966379578,182.1678924560547,0.330756384594489,366.883788979487
4083,-990.7373936584136,179.00018310546875,0.3219255033090582,336.5728129270098
4084,-1235.9057493557061,174.29054260253906,0.3135127715971106,325.16638047472725
4085,-1191.9908102329819,191.60614013671875,0.305426778317218,350.54760856063916
4086,-913.0829918159852,181.68002319335938,0.3050508730655377,316.053882275406
4087,-699.9890032679889,177.2515869140625,0.3104644688635334,263.52259519556253
4088,-990.8533074647407,191.94972229003906,0.3108489899306903,330.978379096658
4089,-973.3231775420163,179.79469299316406,0.3101448803968956,295.703853972216
4090,-1066.676326632916,187.6653594970703,0.31001022711886955,307.32439747566434
4091,-885.0386210884175,182.8383026123047,0.30837653648386887,290.67570628116795
4092,-877.7595195210151,189.7715301513672,0.3064458697713661,328.3344522949165
4093,-1117.2998708806902,183.90545654296875,0.3060252035104476,329.4957208549114
4094,-1035.3427900769534,187.5729217529297,0.3057182886157328,324.1324605651493
4095,-849.6932622913278,187.78955078125,0.3052740652010364,281.219237232951
4096,-959.9941911994824,185.12203979492188,0.3051942000474348,295.8145654871038
4097,-1223.5152088860923,179.19085693359375,0.3060488497122549,360.2336072937516
4098,-1124.2504960988877,184.65887451171875,0.3041500784130735,329.2621654011169
4099,-1122.962129356804,192.46426391601562,0.3021553793489853,320.99233115471253
4100,-1062.182188019461,197.6372833251953,0.301921140886134,300.3616817968451
4101,-872.1943101283737,193.1525421142578,0.3021831608447369,299.43468501667496
4102,-1044.550192512472,202.6326904296875,0.3015271426429229,329.0812847034879
4103,-926.9116980814393,193.43467712402344,0.3010242951230593,355.0382694346796
4104,-1068.7760971675234,188.31961059570312,0.30048322896483276,309.28948373771226
4105,-973.2491391208213,185.29200744628906,0.30007490439886375,334.37950077710036
4106,-1154.9606862877436,191.46578979492188,0.2999322093531629,323.73886489719507
4107,-658.3203310602256,193.0174560546875,0.29988062269293025,279.1114098854753
4108,-969.4077266341309,198.62693786621094,0.2992698331118746,309.87786405858975
4109,-992.577562089825,188.01856994628906,0.29875711737379596,316.4035531691163
4110,-771.4890933190549,188.6759796142578,0.29834340787727176,262.3162639902368
4111,-1069.1496595430276,196.63572692871094,0.2985087379791942,333.8773024913671
4112,-924.2031610676969,190.02317810058594,0.2980801073149293,272.29676677065373
4113,-816.0552757978886,191.5502471923828,0.2986240315668718,274.0025015744677
4114,-740.8541551802393,188.07723999023438,0.3041757056824147,301.3001507144428
4115,-1049.2206089687513,182.58004760742188,0.3110493445506104,331.8910589369725
4116,-1381.484653835528,204.0968780517578,0.30552817846276437,308.3750588958338
4117,-579.8717426043255,195.56201171875,0.3061087031435741,241.35163906486974
4118,-865.9221101230816,201.80859375,0.3111742274656378,270.7111890096268
4119,-989.6832819601776,209.7854766845703,0.3206173901429755,301.655948708468
4120,-776.8709303466351,188.7792205810547,0.33365134891282455,258.71078402713096
4121,-1040.2971583070844,203.92144775390625,0.34555312724155196,305.641480018577
4122,-977.0648531517112,190.57794189453125,0.3550843601095228,312.91184946548856
4123,-1269.5151807223776,207.7439422607422,0.3406210390667348,302.71817603864093
4124,-1169.1809471117094,193.9278106689453,0.31701067662744276,333.16764634836136
4125,-1074.7249234767644,187.3816375732422,0.2914029694618797,295.6527650830672
4126,-916.2504659955013,184.958740234375,0.2784475316455337,277.49303111083776
4127,-869.5358493879596,208.2803497314453,0.2773950104560722,320.83806561174583
4128,-1091.153701418877,182.26031494140625,0.2858891818659328,309.1493235077363
4129,-1055.4090201321212,188.2852020263672,0.30565795909583904,290.395451324389
4130,-1128.958367572052,191.1536407470703,0.335165451470707,295.2675758808378
4131,-1314.293895469689,199.1558074951172,0.37739310720408525,336.9461675570753
4132,-1307.6425588766233,196.04449462890625,0.4324662441623648,335.13941406688565
4133,-1199.9870536439996,189.6957550048828,0.4881731887276928,353.5445476198259
4134,-740.0543603058914,194.02792358398438,0.507700314633142,315.76954589992556
4135,-782.0202376916742,192.80149841308594,0.4958978125441149,309.7396554499152
4136,-770.2421361651905,195.13267517089844,0.4578424525136935,322.3455788117129
4137,-890.3010217506906,201.7292022705078,0.41478764998964035,277.3396040780297
4138,-1361.651112267322,224.11415100097656,0.3935691658590055,351.43240674969815
4139,-1105.1648437761426,194.47178649902344,0.379269363214799,302.9909237975484
4140,-809.3958194687498,200.38571166992188,0.3582006542990894,240.98269045796883
4141,-791.6902421954276,205.7196807861328,0.33253120927116053,311.9852571783686
4142,-938.4436706210306,193.00001525878906,0.3136158733562362,286.95675863779826
4143,-1209.5381255848297,212.30523681640625,0.30635030202952707,340.03095871909636
4144,-1150.5277773424475,351.2008361816406,0.30190014747647886,354.958384815658
4145,-1112.4784962024728,0,0,318.39679470002886
4146,-1232.9589188409013,191.7935791015625,0.2996866134689611,341.66218024917407
4147,-1126.5752294071742,206.7213897705078,0.3002707222679215,335.9770705987024
4148,-1133.2840744490275,197.3773193359375,0.3025319123794801,305.98423585284354
4149,-811.1889145295695,218.3024139404297,0.30595569730239025,279.0522378956449
4150,-871.6787273424145,203.38925170898438,0.3046935977900167,274.638893075731
4151,-1416.1655297284872,193.88577270507812,0.3010573674631709,364.8578603091967
4152,-1035.8700140303106,220.5430450439453,0.30414241703631717,344.7266206909502
4153,-1119.1687114010324,190.10491943359375,0.307842778283399,322.0937974960757
4154,-940.9310597729493,198.81021118164062,0.31364201145921644,326.9533632952748
4155,-905.7984805382756,187.20028686523438,0.3182921647429282,307.4278893944796
4156,-667.3887006946421,185.17967224121094,0.31949683021601416,266.7127042934636
4157,-1018.4164387368374,214.9799346923828,0.3141167427538041,316.85882121654015
4158,-1097.4349672740382,187.89820861816406,0.31114634678520914,298.7589532932908
4159,-873.6809378754735,195.42926025390625,0.3111376634470605,327.62944839392384
4160,-1072.1608041061425,180.73623657226562,0.30950217920965706,285.54011112525046
4161,-1048.9478222220318,194.0179901123047,0.30897472029934536,329.06114725841456
4162,-688.8759412038504,185.25816345214844,0.31037909129054153,274.7418280960405
4163,-760.5514698686528,195.38888549804688,0.3052444587237191,275.3857569319389
4164,-1109.4084151475024,198.42088317871094,0.298695207133147,318.6323915942986
4165,-964.8445460410015,190.58375549316406,0.29582152178302223,297.62583474570937
4166,-995.1626322279227,186.90638732910156,0.2940296467762926,327.09056504154887
4167,-1016.7789425542477,190.11892700195312,0.29301343309523087,292.54013352459293
4168,-911.362272095605,191.3759002685547,0.292498053946223,278.50484683424554
4169,-913.4412036651588,192.35458374023438,0.292493645673936,254.32535059865694
4170,-953.4298270852094,199.456787109375,0.2926092939073204,261.32284471201774
4171,-1148.8838019432708,195.64219665527344,0.2932036555074866,305.07132474550036
4172,-1224.2084936436613,193.39047241210938,0.2962291621585962,347.094996540228
4173,-1191.0616064687217,196.30780029296875,0.3056418359589763,315.9903240201284
4174,-1057.0748446894715,192.15151977539062,0.3220820182558496,358.92219264302344
4175,-910.0871423632831,185.968505859375,0.34126421643283367,321.0758957202677
4176,-997.8608984986278,185.16673278808594,0.3594116647207303,307.5067511081781
4177,-866.6126494378392,187.1216278076172,0.3754462756803605,280.627624459785
4178,-919.1881627196053,194.16497802734375,0.3802465595306339,278.17068715769653
4179,-1096.5790189489564,194.22239685058594,0.3780340550153145,320.59205654997686
4180,-1219.121740807454,187.45626831054688,0.3775381927445971,343.11212755480443
4181,-808.7320811278248,186.59268188476562,0.3786681686097717,265.5094047818419
4182,-873.554816072165,197.88258361816406,0.3743333191594047,277.36940961737395
4183,-1089.5471392866136,197.30709838867188,0.3597746051953372,358.4237084847272
4184,-981.5665747325188,187.34327697753906,0.34982649005698474,277.1409377571241
4185,-1045.4672140996613,200.6500244140625,0.3428652783599504,333.2991639997058
4186,-843.3408536399336,187.2085723876953,0.3375327387312461,212.46569211604253
4187,-1023.047245061415,209.46470642089844,0.3305993474072402,293.1624668277498
4188,-937.8970472867397,189.98023986816406,0.32480768553988204,305.2154095019073
4189,-756.3668041695335,185.14578247070312,0.31948679677662917,264.2921160837218
4190,-667.0654502504793,200.20889282226562,0.31235458810237726,285.1283129037837
4191,-870.5434927567262,191.54331970214844,0.30757431530690205,277.7934766750724
4192,-870.3158037050849,194.02134704589844,0.30649672107361225,285.4674237033775
4193,-1200.822053834913,191.4476318359375,0.308095299010927,342.3414108548744
4194,-932.6231790053583,202.80564880371094,0.3070879076047497,282.48418532437324
4195,-1033.4291613918103,189.1613006591797,0.3059416988390705,300.90163922804857
4196,-1155.3404267520714,212.5689239501953,0.3019438877707761,294.6059053906633
4197,-901.1888041989694,197.9237060546875,0.29875916725928775,267.3913927706748
4198,-988.5950377417922,197.9288787841797,0.2981127154443697,301.10125211722874
4199,-540.0612386356634,202.07766723632812,0.29860489913339183,235.57291522547303
4200,-803.4107314566367,208.74990844726562,0.29838231945146676,269.7622800764087
4201,-836.2806809255206,202.53582763671875,0.297710151849355,264.0232117297743
4202,-1131.9640286564309,196.6498565673828,0.2972775049099323,312.986008059061
4203,-799.3670506067517,192.05743408203125,0.29708582078712076,286.45531232355717
4204,-823.5980847871427,187.63235473632812,0.296783108223559,295.4685230058619
4205,-995.3042580378033,190.68438720703125,0.2965634655915128,302.19733283030797
4206,-646.5937827572969,196.2774200439453,0.29610268172809606,291.31947268347415
4207,-515.6145267016251,187.50001525878906,0.2942730507807937,237.38026093509112
4208,-1287.605657206005,210.7974090576172,0.2947016272536196,359.29134729423964
4209,-1008.7550154554253,204.41477966308594,0.2939685307897193,306.1210415539117
4210,-1091.769289041656,198.61309814453125,0.29307007437149246,324.4055124394449
4211,-829.7085345532746,198.54786682128906,0.29229370132481514,240.79827651729585
4212,-764.5319343655389,209.13650512695312,0.29206232676378097,265.5801699697321
4213,-966.7180812124037,199.619140625,0.2918949245364313,307.4888829227032
4214,-1055.8795517788162,192.54620361328125,0.2918187750526363,285.99318824548874
4215,-953.9208439307283,206.28262329101562,0.2920250532707729,307.3622652784961
4216,-1120.2606311598206,198.71377563476562,0.2930004231804628,316.7237941391037
4217,-871.9020073154148,195.08567810058594,0.29489226053323747,287.4319642995697
4218,-1082.5484883272943,194.15077209472656,0.2972708853788397,298.68565403896855
4219,-894.1151318622699,15.935861587524414,0.3028194059828042,243.58314784828175
4220,-931.2283422456231,201.6941375732422,0.3077679932704618,292.0847531396035
4221,-972.4138154694335,193.3408660888672,0.3111403260759371,318.2877044912919
4222,-830.8796460118596,192.40542602539062,0.3148299115763393,295.34604362110963
4223,-811.3139659125536,188.9174346923828,0.3183614945696718,262.77522533617326
4224,-947.9887447636643,197.07273864746094,0.31328922986281327,298.8720846591609
4225,-1143.5153940567263,195.23204040527344,0.3132570496195273,306.4496778434361
4226,-965.7771733972887,193.66885375976562,0.31250979588784267,345.0114649404992
4227,-919.0923865384925,191.2245635986328,0.3139196937377473,249.2015445489721
4228,-539.6658510292364,205.17933654785156,0.31051443956601466,247.49127734902612
4229,-1172.781800554678,209.82684326171875,0.3080323679718022,331.1564388246669
4230,-1020.8504529196704,189.3776092529297,0.30675899710541565,324.7883216926369
4231,-748.6547020439361,195.8097686767578,0.30507459337303366,269.6481640432395
4232,-942.0914853098252,201.34585571289062,0.3039322662047823,283.35739709843835
4233,-1035.5570690453576,194.938232421875,0.5140457157685887,302.2861230000786
4234,-502.51037770831846,193.30067443847656,0.3035840343040217,208.2751166276609
4235,-1038.4510525799278,215.72525024414062,0.30609485948104975,295.0181627128133
4236,-1014.028513636781,203.02633666992188,0.30569771453104533,308.0163011701716
4237,-522.5596444829432,195.61610412597656,0.30817628213159765,198.6295238887062
4238,-854.2753668863609,223.9653778076172,0.3123370733027855,254.90365838665537
4239,-817.3540787002805,198.8723907470703,0.31775673882460825,300.0218996186307
4240,-700.237083486838,186.66610717773438,0.32536260122947924,269.5052212500187
4241,-1337.2698670485163,225.54010009765625,0.32459741126623953,365.546528116529
4242,-1138.7261284365686,205.5792999267578,0.3161097432325063,319.0704980096714
4243,-1003.351421361295,193.29025268554688,0.3070669650653432,331.75842858888575
4244,-997.2159757104669,190.0846710205078,0.2992151377486596,308.9098523402294
4245,-899.3245141379612,194.0012664794922,0.2951127801309241,309.1662697019041
4246,-1040.8251151831873,197.83328247070312,0.2952905943446962,289.1206062517666
4247,-1098.5287173172326,204.6796417236328,0.30144942657080065,282.7434722153787
4248,-662.7426610275847,196.02980041503906,0.3088841700535921,246.1384457182711
4249,-963.8814715152778,206.95094299316406,0.3206771577260952,315.07304631100783
4250,-855.8887773964764,191.84298706054688,0.3291370657743755,253.48769020410404
4251,-1001.1864734723861,208.08946228027344,0.3248917237738794,288.5605333148962
4252,-585.0225031866275,202.81613159179688,0.32152317131002306,223.9631907991978
4253,-1051.1882180210616,221.68499755859375,0.31870335617587864,281.7254415844841
4254,-808.1066947405345,195.8609161376953,0.3147625194628607,280.9798966063247
4255,-830.3157499781805,198.87033081054688,0.31158385086325247,240.3191702630606
4256,-902.1924833513511,390.5672607421875,0.31007722513857683,297.5205767959836
4257,-1016.0131172226172,0,0,299.116538208618
4258,-725.4507866264534,197.2851104736328,0.31105273704438474,226.37635875144883
4259,-887.2421446520324,211.252685546875,0.3148784427695169,273.15453929824525
4260,-755.907704134491,197.2056427001953,0.32053079394209644,272.45050432089766
4261,-1004.4341557298044,193.5032501220703,0.32837831241796034,275.1196530013947
4262,-787.885871834355,203.7700958251953,0.3336617933794477,305.29323998946745
4263,-771.2152255605695,187.44049072265625,0.3387018286453858,273.3368650271329
4264,-1163.4965043366367,192.7511749267578,0.34357168020676054,337.76788172419526
4265,-1037.115493858309,206.39959716796875,0.3368959357547472,308.0968962281942
4266,-739.2136338814536,206.7969970703125,0.32835761839203387,267.1012585414162
4267,-804.8115528760513,194.3397674560547,0.32224753950640217,259.0915834184212
4268,-660.1760171445621,201.3490753173828,0.31671180855138253,243.86595622595132
4269,-997.3734435614892,200.19564819335938,0.3142239746223954,310.7008247339059
4270,-1118.3432434948968,195.13363647460938,0.3094799762957377,312.28049741977094
4271,-1046.8954078802933,201.5639190673828,0.3019515452730359,323.81998454889157
4272,-880.6414746876461,194.74346923828125,0.295139237685174,285.63431154146525
4273,-1291.8671909792427,193.938232421875,0.2916584415051394,334.3364253218004
4274,-1018.290311404982,213.40396118164062,0.2905678357449171,301.6274635390672
4275,-997.8620031671079,195.39846801757812,0.294613998594583,305.055382959514
4276,-851.9521586771211,197.28546142578125,0.3025907769092784,262.0966024446201
4277,-788.1193274888817,205.37503051757812,0.3098209401490458,263.14760288830723
4278,-970.4016226683375,204.9527130126953,0.3134622202018511,301.68796320205735
4279,-592.821873406798,196.8494873046875,0.3148040728163164,276.8314737704982
4280,-805.8141074018051,210.57994079589844,0.31067085702989905,239.5411403158672
4281,-892.6034066221165,212.77000427246094,0.30601316254680455,264.0874142999368
4282,-1324.4815406120179,207.5397491455078,0.30441069524517994,347.89873035699407
4283,-783.5428816088603,208.5694122314453,0.3048543900721147,225.73915506924374
4284,-898.9728213205118,217.40444946289062,0.30622423828668927,254.2329162372092
4285,-622.8132018967221,210.02513122558594,0.3086259244936722,245.90434479584525
4286,-924.8472316565659,205.65211486816406,0.31435698229159825,291.79887658811225
4287,-997.2604374318706,194.97206115722656,0.32189493023185245,330.3725042268152
4288,-683.9864141212399,197.9851531982422,0.3265240345897835,221.90048010520974
4289,-908.6140223683766,214.73440551757812,0.33451520507922977,230.36826994599312
4290,-1066.914710891956,213.41697692871094,0.3414231979418396,327.1587190659441
4291,-685.6490872959674,206.10350036621094,0.34218776873016665,267.57027473805266
4292,-906.6427368830434,199.02450561523438,0.34391553032683264,239.7953899040063
4293,-1029.7653771865544,208.42440795898438,0.3431369518855317,271.1706383307456
4294,-1058.4714391706568,206.58340454101562,0.3380564725112733,351.74284710865317
4295,-842.5416290423034,199.39707946777344,0.3273251612990786,291.3495279230116
4296,-812.213592420977,198.78399658203125,0.3183879571573778,256.7623997961862
4297,-850.6192281804997,202.05111694335938,0.3126151614079161,280.8691554011753
4298,-1067.988515635235,198.74754333496094,0.3080493376537916,321.124294586236
4299,-1250.7534903196483,199.41502380371094,0.3020790548784069,350.27648806354125
4300,-904.5547292723973,202.08274841308594,0.29571403140951347,286.1164160691439
4301,-1104.879775596763,196.74249267578125,0.29337303854887214,347.5230376442148
4302,-1056.3846856404239,200.08953857421875,0.2933669410086927,300.24957002833196
4303,-934.2671996055848,196.4703826904297,0.2971323516769453,297.7069589374931
4304,-1178.7668328543714,200.9373016357422,0.3028423020366343,314.040427306099
4305,-1219.1299606278494,202.23582458496094,0.3111825481232603,339.12648034321165
4306,-1132.5434206269126,198.28375244140625,0.32308367470671606,290.40881198116364
4307,-981.7942829204834,205.64552307128906,0.336966189856736,291.8922985651699
4308,-874.4093735543147,203.19454956054688,0.3444506190814286,237.49300420907105
4309,-781.5936852028141,217.5821533203125,0.34488271180078955,248.57697869003613
4310,-970.5794785793272,214.15652465820312,0.3382763170891252,325.5071342680315
4311,-1011.5655389554462,193.7486114501953,0.33033701299015794,305.1947070062641
4312,-688.7573476350289,200.62301635742188,0.3233032092525203,226.85955707507634
4313,-993.4717179023172,220.96939086914062,0.3527147014901857,321.9087676266127
4314,-1220.5780619430495,194.69976806640625,0.3176831946145775,328.9742293883527
4315,-847.6474333323924,203.77069091796875,0.32110751588302033,295.3859930174811
4316,-823.9727532763745,200.70335388183594,0.3274858407318445,227.12505655708318
4317,-916.8121085927793,211.76197814941406,0.3370119880793855,298.56975461950833
4318,-801.4444772745985,201.37156677246094,0.3479428249468395,265.96054466950204
4319,-1158.7946665884351,204.8788299560547,0.35797668943295946,320.0372682081573
4320,-810.4268269068094,197.49728393554688,0.3648504030227049,279.5806167043784
4321,-685.0308714393994,199.7466583251953,0.3753412595453449,248.21882331037656
4322,-742.3416160490052,209.85281372070312,0.3848147421357737,241.4888400208273
4323,-1132.6663216643271,213.48670959472656,0.39076441066778855,326.3057774663432
4324,-596.5312662952408,199.29261779785156,0.39295371495443376,250.49186916903682
4325,-1327.0024500118861,214.59207153320312,0.3921964560376763,335.70664249990006
4326,-901.1441209642157,221.69383239746094,0.3812111232862423,333.95371206753043
4327,-766.9425338227328,196.84217834472656,0.3684063338164716,270.79307756549724
4328,-613.8545420172992,206.14453125,0.359265078682238,268.87977854591105
4329,-1146.3079060196137,210.71151733398438,0.3483664627947756,311.81988723132963
4330,-1069.7501405964958,211.64047241210938,0.3323377307598392,312.99838619420507
4331,-989.5042897337685,202.46945190429688,0.31679075692565606,256.4781246319946
4332,-814.1483697470003,206.4593505859375,0.306475950463702,276.13049625640036
4333,-1173.760962266012,210.05943298339844,0.2976676742497488,311.45341243823555
4334,-1200.4225169609606,204.8644256591797,0.2909368704068936,333.5008348881924
4335,-833.4382631420582,198.86289978027344,0.2888721348687299,269.4600854315297
4336,-916.7485699666659,204.35406494140625,0.2902566552103649,315.73905780483824
4337,-590.6019085166585,203.8101043701172,0.29182061538029913,247.31818250680473
4338,-816.8162921557115,217.0130615234375,0.29308769168404813,283.70261564403023
4339,-890.3141743982986,204.0688018798828,0.2953730275069602,287.2860482449899
4340,-786.467357396123,202.0836181640625,0.3007434508235835,260.8882814190995
4341,-1108.4587148382534,213.71669006347656,0.3077641465595238,274.8677570118937
4342,-653.4180090064192,214.82595825195312,0.31993494152408175,236.7533889210137
4343,-1015.3137509362839,213.26089477539062,0.33613469407955776,334.9275003470321
4344,-821.7278784686697,194.396728515625,0.35296887506090613,273.33083688042433
4345,-947.3335130519723,208.95875549316406,0.36501565297836014,233.8410030856973
4346,-1142.9696560753398,224.73875427246094,0.3697066551529493,297.8150059894265
4347,-1062.205906630275,214.06744384765625,0.36446338836140946,274.9382237097689
4348,-854.0819934458896,201.04766845703125,0.36120156167609796,304.6558971778808
4349,-1105.9390572329555,208.40599060058594,0.3496800650280578,308.6032602408298
4350,-847.6425560479123,198.1881561279297,0.34092073982423576,292.0141593938835
4351,-902.7319072974534,202.43731689453125,0.3299554225814012,238.51538284037238
4352,-1224.0026868357672,229.90391540527344,0.31674484020851545,345.38015340525385
4353,-539.0111894424243,196.89288330078125,0.31256123796628255,233.4386518025907
4354,-677.8770295069339,216.23953247070312,0.31780238061765687,306.1642239448598
4355,-961.4499816638754,199.5946502685547,0.32067069720246233,290.84583942015297
4356,-1059.8065662099857,213.50653076171875,0.3177599379628171,256.8973770481622
4357,-1001.6930794277364,211.19288635253906,0.3127415894928168,257.80786176974476
4358,-1070.0277292905694,213.09019470214844,0.30602321950062006,305.2954942112638
4359,-919.4156720639148,201.49205017089844,0.30127938964789047,316.18699857393125
4360,-1075.3832712706044,201.04086303710938,0.2952425517915101,325.0868467649911
4361,-1235.1451516215052,208.9293212890625,0.28719965741939724,312.20320343552544
4362,-1246.1371820716126,214.43992614746094,0.2825414463678679,341.1435187574986
4363,-823.5837558284001,198.1569061279297,0.28391552882168897,269.78781358354746
4364,-792.0026292646377,211.4177703857422,0.2856313165731972,286.91996423915253
4365,-776.6344278467603,209.13128662109375,0.2861335651059753,316.30506217458907
4366,-928.0009306466325,196.8722686767578,0.28716191714875977,304.1429977668345
4367,-974.5047105297939,207.64788818359375,0.28921517945889463,282.81170385154434
4368,-967.2504127302167,403.56939697265625,0.2941655059561925,316.09555261804786
4369,-508.38395715432597,0,0,289.6494382198267
4370,-1193.907091835077,217.73709106445312,0.3112588374582401,331.97270827473653
4371,-864.4640471721513,207.1781768798828,0.3268146636469176,285.63558151876003
4372,-967.6975268709125,212.2628631591797,0.34730953015085086,276.36521965571626
4373,-966.7642153946013,207.6336212158203,0.3656543147919544,297.3307696269684
4374,-1126.1542763951327,203.52536010742188,0.37942338860853375,320.58628191609034
4375,-574.5466591394445,215.32952880859375,0.3808623599451426,255.76153439985384
4376,-989.3109674865685,211.61573791503906,0.39511839209348043,319.35079134533316
4377,-866.8506257193845,203.02516174316406,0.4003113564263052,258.3686221352101
4378,-630.0032141594683,210.4879150390625,0.40160432039552063,276.78868065859467
4379,-1203.4191577459897,202.42486572265625,0.4128156436715038,339.08374649512285
4380,-1419.3994021506046,222.37351989746094,0.4014522867924111,329.1468273138468
4381,-1028.5587420425377,244.42576599121094,0.36470098927352645,281.01758422396745
4382,-956.4628074818949,211.0247802734375,0.329779191329838,299.9577866984181
4383,-905.6163876265385,202.26332092285156,0.30273494540219376,244.65804146745865
4384,-845.5332298156297,224.57745361328125,0.2866040523120148,270.947358401089
4385,-1281.6849102907786,211.4971466064453,0.27950175083175777,372.6609242761074
4386,-683.7689226400047,217.1606903076172,0.2749936672556146,288.36605099418176
4387,-621.8032884037411,204.68646240234375,0.274804961347004,280.09622138579437
4388,-647.7929318928195,221.09494018554688,0.2766207385178049,306.88469945097387
4389,-943.6916713423196,209.06674194335938,0.28216370978198,265.13194144275695
4390,-1051.5144455551658,219.9467315673828,0.2911358628446129,322.5896666105634
4391,-1149.5925221508508,200.8089141845703,0.29892375785874314,310.8667398068038
4392,-985.1751970335139,207.2157440185547,0.30198220289238975,298.47914889741475
4393,-727.9732782636247,205.90570068359375,0.30587029575413105,288.1377917135025
4394,-1056.7263438382681,204.94390869140625,0.3153723633994123,307.7672504968075
4395,-915.7144442038477,212.76181030273438,0.32243242128293437,294.04533343531347
4396,-1402.4041106675056,203.8531951904297,0.3291151487027204,351.77417318806806
4397,-987.3167670017176,245.80633544921875,0.32072516288631703,330.23716312991905
4398,-872.3166165839436,205.0743408203125,0.3100480605927435,247.2901472208655
4399,-832.905883432036,235.47998046875,0.3072999713801141,291.58945500735456
4400,-819.1520283382519,216.0113525390625,0.30892645603712054,250.04530653163857
4401,-1251.3292651999595,223.04351806640625,0.314762664081245,341.3009369828486
4402,-1197.7729149391334,222.10635375976562,0.31054622929092124,269.6845079489517
4403,-575.2604231760685,226.3465118408203,0.30195911397539366,268.34084533667175
4404,-1065.244548148121,211.0065155029297,0.3023277763606993,323.0975725016845
4405,-810.795186357523,207.1309051513672,0.3005537220980623,300.060845255122
4406,-823.9515797981185,216.79530334472656,0.30429979528161155,238.810883279076
4407,-1092.0619870571243,236.9740447998047,0.30314570923549733,290.9257229959404
4408,-606.6001030453236,222.40353393554688,0.3044645853019574,283.9929337522793
4409,-879.2686504159462,225.56021118164062,0.30783035676586223,324.8229431842804
4410,-1228.3462653976871,251.4331512451172,0.30412027010202425,345.6452586062913
4411,-699.3129131529756,234.69810485839844,0.29365419803469917,258.26935816621517
4412,-1273.881278699015,218.43601989746094,0.29016343343809514,352.2408140165409
4413,-1004.16593421607,211.08261108398438,0.28317172811808083,316.7581606798176
4414,-1139.3044442798857,215.8928985595703,0.27799236332141525,291.804058375441
4415,-993.2360009510467,236.1295928955078,0.28242113038413663,295.4891182867704
4416,-1086.7987584246532,218.02511596679688,0.2784328655312476,362.1257773544146
4417,-810.845756089121,217.98446655273438,0.28033306037229444,305.69410177707425
4418,-974.0065252497881,229.39077758789062,0.2811614884654672,299.96072128533154
4419,-596.9279332785625,243.3931884765625,0.28131561212143125,322.51393904949913
4420,-1432.3476415465757,220.27806091308594,0.28696910066672526,332.4252318188828
4421,-1046.5373326810459,246.58763122558594,0.28889618711838627,335.55923936278936
4422,-821.2235294968515,200.54063415527344,0.29013318247460546,285.24474224906805
4423,-850.7878577767125,208.91107177734375,0.29569635387795934,293.34072563207724
4424,-1124.8301548288912,213.22035217285156,0.3633928611234296,309.1795912158779
4425,-1104.1644076452947,214.50588989257812,0.4308809630892938,335.2532077027004
4426,-1302.6797333718046,210.88064575195312,0.29504975058332983,368.4903628990366
4427,-779.3723575377844,229.5226287841797,0.2862684605122304,259.42559684775017
4428,-1353.9611583151373,215.9300079345703,0.2840445776420496,390.38331948892466
4429,-1011.2630996408586,220.5860595703125,0.2869222898511212,274.57130041432623
4430,-1054.0477861577447,212.73110961914062,0.2963610311617732,343.7324169164309
4431,-1057.3613961221577,202.59742736816406,0.31214477930093887,268.1465460288778
4432,-1035.6052006228715,219.89356994628906,0.3283424013692213,298.1625101918574
4433,-1036.8518735621192,211.4615936279297,0.33847628289605236,321.1001124717199
4434,-1212.0277046107833,215.12002563476562,0.34917043353926347,348.5216553143848
4435,-897.6397554856455,207.5957489013672,0.35502407301680083,304.94677856474567
4436,-1068.8939948261961,209.43075561523438,0.35690970073143813,306.6815337772056
4437,-969.0877883817997,208.63038635253906,0.3513837842308293,292.2879845942276
4438,-656.6923233164357,228.05812072753906,0.3372527524064974,270.2723216273958
4439,-933.3962187756756,230.25009155273438,0.3145551240507275,344.96351439084236
4440,-854.9019093064065,216.4654541015625,0.305119276681432,268.9852719282305
4441,-755.8332077928002,213.38771057128906,0.30692482924792885,279.7087158365072
4442,-1335.9027429526216,220.427734375,0.3200866290295348,382.6722093239284
4443,-977.8149486438814,231.91183471679688,0.32760709687941486,298.8340651249299
4444,-1056.8383427671927,207.52828979492188,0.3358765466121296,346.2391865173959
4445,-1119.784011631515,204.36746215820312,0.33905948645400663,365.86502099022124
4446,-1068.2314311581056,216.42672729492188,0.33531582097523605,322.5737115859694
4447,-691.8275866080849,208.48133850097656,0.33354763492376893,269.7081472804752
4448,-1002.5315914750529,218.22921752929688,0.33332948061773493,294.96452533894364
4449,-1001.3100685835004,212.6167449951172,0.3314752084272685,339.6759155088083
4450,-1165.2772259328358,209.3289337158203,0.3234890380911746,356.2623601379492
4451,-1101.8821374365402,208.98532104492188,0.3126477791826714,342.53350476664787
4452,-1027.6323415257425,214.0513916015625,0.30305868904014543,275.86498419094033
4453,-1192.6253134067822,221.2293243408203,0.3000965147659361,345.5085447587746
4454,-934.8158512204066,204.52316284179688,0.3048633846867784,302.7430426706617
4455,-789.5336519866357,211.2718048095703,0.3120358225008114,258.50947910121437
4456,-926.9090613004378,219.35903930664062,0.31671040092406877,284.82902708251703
4457,-994.3744257697812,218.01963806152344,0.3168698472647855,326.8134118041019
4458,-1108.7755684355684,212.2309112548828,0.316444629640994,369.9320165545817
4459,-945.4744287873658,206.20103454589844,0.31685730382322186,296.0709680541774
4460,-1146.676874782565,211.9280548095703,0.31776980340970873,330.54062511205973
4461,-669.4908559952821,213.2580108642578,0.3160496328343903,218.66199567861577
4462,-1339.5127678812783,245.72341918945312,0.3155533450679919,360.11424188327885
4463,-772.3723676268626,210.86782836914062,0.3151592858181789,276.61747523062917
4464,-819.3926945628787,220.50784301757812,0.3159923870865414,297.94029695216125
4465,-1065.3363747700625,220.69552612304688,0.3180366880552225,254.00646852245413
4466,-1151.0697031843629,228.7671661376953,0.3196144628506966,295.0499870317367
4467,-1348.511694863371,238.38351440429688,0.31827071770414495,315.71034141975395
4468,-1043.5695561062128,209.08958435058594,0.317833223087693,321.5786339430741
4469,-867.7975094003756,212.50880432128906,0.3184841413383095,314.52811943009806
4470,-878.4064941174316,227.00958251953125,0.31986596394253025,296.7505463536381
4471,-703.6935673491236,209.84613037109375,0.32421390862428434,292.3704705573092
4472,-722.5419225370279,212.64996337890625,0.33619323145720315,302.34152509114654
4473,-1365.983117764423,236.4193115234375,0.3412775666436799,367.18837326947374
4474,-848.611913030474,196.7212677001953,0.34732165533099024,295.45800547987216
4475,-1318.664718037572,245.57559204101562,0.5629398424935061,341.1456768669053
4476,-1174.088538494686,223.24012756347656,0.33152742829388926,317.492037888517
4477,-874.8861039064889,222.09776306152344,0.3249441564219757,304.80786337021397
4478,-850.0768730550402,216.56654357910156,0.3221833273243435,302.2337355276144
4479,-1076.6667603985243,224.657470703125,0.32034214933144867,300.646799428092
4480,-1153.0099070491656,415.7431335449219,0.3210049501431949,351.4451439452497
4481,-1080.3306683792102,0,0,315.50900870791185
4482,-835.4281068707685,215.11749267578125,0.3242443860066425,284.93822263105426
4483,-982.0286651491484,216.5936279296875,0.32654532696653327,292.0357350356339
4484,-1192.7911537178984,215.59625244140625,0.3285321470411873,318.375349100815
4485,-986.3297839472425,220.5521240234375,0.33049887170242925,335.27574220053907
4486,-1256.929793207475,205.53944396972656,0.33215019798083656,368.2486721868673
4487,-897.4283070235308,214.02731323242188,0.33642847884777094,292.09635034874975
4488,-1301.3144637798152,214.53485107421875,0.3380418375328854,356.81936447379576
4489,-1058.6236123813517,213.59849548339844,0.3436534089721756,317.0559411989541
4490,-989.263610619735,215.4324493408203,0.34907506426741675,349.6621752091949
4491,-1018.245760659382,212.69139099121094,0.35303804928974625,337.8299772183256
4492,-1435.4765532247193,206.2675018310547,0.35517992033324525,384.25639837703875
4493,-961.4249719249686,228.37144470214844,0.36889654770698144,280.2017145511702
4494,-1076.7549729666655,227.75262451171875,0.3744560486996632,331.59829004897955
4495,-1027.1221548134056,214.1108856201172,0.38048022590936803,319.5214352783729
4496,-637.7746555592483,213.60360717773438,0.3823719209123724,303.8262831221291
4497,-1108.800787435859,226.47068786621094,0.371226654614433,366.89316244916483
4498,-1015.1388114256791,207.28488159179688,0.36381187922147606,316.58764148948836
4499,-570.5051818040529,210.7528839111328,0.3578310466967501,258.2357476287713
4500,-1117.3143615539666,231.22601318359375,0.3541850929237026,325.3496009337367
4501,-1118.045947512063,216.42898559570312,0.359888372036405,349.76013240402716
4502,-1429.8108142915626,211.19322204589844,0.3672298687031912,354.36582541678445
4503,-1111.9912032845277,234.96475219726562,0.3672864076014548,279.20997590664865
4504,-955.3806494464358,224.59161376953125,0.3631771712038572,298.39799646659776
4505,-820.2068261534259,215.80274963378906,0.3617178442908548,313.5172408727066
4506,-1118.6932913067155,210.33226013183594,0.3618897378378546,311.79318334333504
4507,-922.283813355018,217.89273071289062,0.35971313360708607,314.7872832473221
4508,-958.2132168788146,207.5730438232422,0.3592004961540174,342.25456668814235
4509,-1145.8501240786172,208.16416931152344,0.3591181071949623,303.7263408885778
4510,-1072.7271518046682,223.23501586914062,0.3628444364121606,323.31990869198086
4511,-800.4949435133665,214.10560607910156,0.35517775534352003,291.2702927468219
4512,-890.3962449734795,214.71046447753906,0.3553815327723102,250.96255623095067
4513,-1035.6588722635133,226.9610595703125,0.3578205779616531,308.5948624361539
4514,-576.9806046617123,216.8190460205078,0.35996059750719056,267.42177248765773
4515,-995.6243509600308,231.99122619628906,0.3672332145415108,281.7310545267098
4516,-936.4603366236981,222.63035583496094,0.3766549722837983,325.38977218127104
4517,-886.3726273551345,211.01060485839844,0.38853110898418775,331.11448893131126
4518,-1485.9318111385555,216.75946044921875,0.3964171777993468,378.536625206375
4519,-1211.5683260371936,247.34278869628906,0.3862726427677575,316.101365887133
4520,-1071.6620478610344,227.03663635253906,0.37483397495810294,323.0341642955813
4521,-1470.654232139143,219.6561737060547,0.36259410911894396,393.14405420836425
4522,-1133.936860950919,244.1878204345703,0.351308456076719,340.1227620682929
4523,-1015.1540111163132,221.97906494140625,0.35294218841310676,319.5010377598125
4524,-1160.835371484728,218.70263671875,0.36348180021302323,283.32525268075784
4525,-1391.39515881211,239.16883850097656,0.382012692850485,379.088595174945
4526,-915.136756801884,219.0266571044922,0.41690985934837954,310.6479756812297
4527,-1076.241269241501,217.8206329345703,0.4316282205072217,330.8499063084877
4528,-1383.0845366199694,221.61453247070312,0.44974607915854725,374.1155873454046
4529,-968.8445793474024,223.8833770751953,0.4702290880581792,313.6921020727321
4530,-945.8890369376695,230.51564025878906,0.4769723464342164,323.8055703064935
4531,-1111.9675330850314,231.89877319335938,0.4769544031255464,342.5257878626978
4532,-1021.766565000215,225.51242065429688,0.46282140344304823,321.20362559812247
4533,-921.8319161307734,224.79466247558594,0.4522199517509762,279.4158400586679
4534,-915.7741000945161,228.07298278808594,0.4249701401275292,298.3026636157221
4535,-873.6503610681334,222.2603759765625,0.40463209673154377,311.68977629985386
4536,-536.1855157408696,25.628765106201172,0.3931710506948675,261.5974701607062
4537,-809.3750069640928,238.34063720703125,0.3994880190872775,268.51704838283695
4538,-1353.5224329321127,224.13336181640625,0.4249858272593563,349.1606207897369
4539,-1359.5906305515457,238.79811096191406,0.4449683839892251,334.1345548020613
4540,-584.7999550440055,40.2428092956543,0.45480898892900945,272.39400168738837
4541,-1009.1406425479759,7.800739288330078,0.8034307881607674,348.7897990636074
4542,-1084.2947829001266,215.02064514160156,0.5064670963620301,314.568621114613
4543,-1047.3487411792764,224.68618774414062,0.4602477784837571,312.736234455498
4544,-1213.2861517232625,219.34413146972656,0.4485191070041066,370.09021255535527
4545,-915.8845460155185,232.58316040039062,0.4281808780915939,312.6571807140349
4546,-972.4008323347847,218.56727600097656,0.4106733958926725,268.1649060037218
4547,-896.3312811037357,219.68556213378906,0.3962604591684691,281.8029245424071
4548,-1082.1332080841132,223.9806671142578,0.38696975850576365,292.858534642191
4549,-855.44704180545,221.3230438232422,0.3870443853456891,287.36228121573146
4550,-1108.1954609354675,220.44808959960938,0.3822216566954353,354.2627557153094
4551,-1213.2216136302263,214.5456085205078,0.3805508015370833,375.3735787324203
4552,-911.2203656220438,215.2612762451172,0.3745072219696963,305.98983628292956
4553,-1105.3070662853424,220.2708282470703,0.37279941378675413,303.6490002639797
4554,-699.8254071977026,218.4293212890625,0.37380233707102595,269.2824767236126
4555,-1135.0416912867295,228.11676025390625,0.37598022502526235,370.97123467003735
4556,-904.7859903015616,219.85044860839844,0.37904622437874647,353.6319834302669
4557,-947.5968108916525,209.85145568847656,0.38287933776703653,324.2867364066763
4558,-590.5603403763897,222.49342346191406,0.392120980727206,287.2326891187505
4559,-855.5414270627233,219.5812225341797,0.4098663768883405,322.2407597055538
4560,-1034.180817178312,213.73895263671875,0.4301307869636942,331.9045185745832
4561,-1061.27689518228,220.30862426757812,0.4501521967536064,295.4503902893825
4562,-1065.9699519221517,223.6249542236328,0.4561896037575117,302.5113309931769
4563,-1012.549994438406,223.85707092285156,0.46460116614191094,333.29639973439026
4564,-1150.7724491215608,224.50674438476562,0.46116830865507324,338.87249221560546
4565,-937.0970907310333,217.27928161621094,0.454264810749093,311.58709839704954
4566,-1183.8644337535075,222.74591064453125,0.4396989930799375,344.8351527202881
4567,-1286.5648488814372,231.40597534179688,0.41608976628133987,335.9127615283404
4568,-1253.9187935474447,234.0875701904297,0.38944360826505886,303.3384923758253
4569,-773.3779120344578,220.7479248046875,0.3751612344287296,270.02631031554495
4570,-1136.4691339771448,242.677001953125,0.36996257985163084,283.0067704852034
4571,-1211.4646619913417,237.7220458984375,0.36747850230334017,337.8131859602364
4572,-1238.1078798766532,233.24034118652344,0.37107058536752957,381.5318061874917
4573,-1209.2977511903866,223.04965209960938,0.3804211262576502,321.3703338653922
4574,-1201.1022598244745,222.04454040527344,0.3929134738725812,370.9717694970732
4575,-1126.6081499271122,211.2642059326172,0.4132007309326582,321.78122396248955
4576,-1103.511077886212,224.446044921875,0.42094716266888677,336.35754217532474
4577,-900.7170709836671,226.3467559814453,0.4431375376534561,255.6703816358051
4578,-1132.7895162204659,239.3729248046875,0.42787117380173356,308.1883279618412
4579,-1077.601464774089,234.0542755126953,0.4250792773454878,294.06215252810966
4580,-668.6948063037115,244.41615295410156,0.7112161631521303,298.16018474808664
4581,-1048.4616662935123,226.51344299316406,0.659852255077567,323.3690067487721
4582,-1075.9284677982353,228.81524658203125,0.39923018380337894,329.38254214627744
4583,-1354.2593627836995,237.55372619628906,0.6831143778108526,386.22193721525696
4584,-1052.703655446869,218.52462768554688,0.40583049598552634,327.94132978696734
4585,-1201.0743225724784,225.94154357910156,0.5849838932917919,353.4277310702556
4586,-1197.51352472264,230.51290893554688,0.4121902793525045,371.87122481162623
4587,-1173.3343028704219,215.296630859375,0.852820293221157,351.4995321853888
4588,-1006.1144045483726,215.726318359375,0.43974793836605386,302.10454639150737
4589,-850.6092396558976,229.4364776611328,0.41848482404020615,309.2967896124888
4590,-1221.4832020686783,235.43032836914062,0.4528921731398441,369.12725278117904
4591,-928.034761910218,208.0686798095703,0.5632042650540825,303.46151646706176
4592,-1236.0916641937697,443.0163269042969,0.4101443442906145,317.59355788859705
4593,-794.3293901681773,0,0,238.62469403367885
4594,-1177.2311079698463,240.13304138183594,0.43165082654741127,321.33864638338287
4595,-1180.3100687705064,228.88267517089844,0.7467617484799121,331.1629499508145
4596,-1135.5720444447823,225.85513305664062,0.6616230563959107,325.43171877843884
4597,-1208.7336428019325,223.10836791992188,0.5416385506978258,323.57901210876565
4598,-1437.905402505795,226.5694122314453,0.6737483593751676,402.0838067425474
4599,-1260.141312788501,235.19993591308594,0.432000604347877,373.6685596522093
4600,-1372.052394352928,221.25479125976562,0.4263742762406082,369.48922189396797
4601,-753.3398149518091,227.23965454101562,0.5705078199243871,335.96754819621583
4602,-1315.685750786794,230.53575134277344,0.5502739154762821,382.1473364726584
4603,-843.6762452283422,221.10926818847656,0.42693342657879435,317.44892902918576
4604,-963.9288645243222,226.6543426513672,0.5949739041680004,312.1650231140934
4605,-1305.7862138322193,230.22242736816406,0.6443888699286617,319.3906378811271
4606,-1196.4900170516216,230.23194885253906,0.43022395187613655,326.1748026918167
4607,-1258.1627282924526,224.92987060546875,0.43088540390461705,352.2628473510872
4608,-1188.4703925770539,223.85501098632812,0.4319965568509293,285.4905750593806
4609,-817.5159284739835,237.52719116210938,0.43384171606627886,285.63922256220087
4610,-814.9222639786046,230.67616271972656,0.435523730895758,306.299032627747
4611,-1550.4216670411745,225.0968475341797,0.44299296749766076,407.4574638259372
4612,-1404.102928044954,238.17648315429688,0.4469472755570325,342.488315343601
4613,-1325.938690893201,239.45826721191406,0.4453930334217594,302.06495291037646
4614,-927.5642621924796,238.88404846191406,0.4409416561112849,311.4993733758535
4615,-1235.866322631971,226.30166625976562,0.4402711143867222,315.6990151613667
4616,-1059.0880927132155,228.18820190429688,0.4389233800890119,331.04921716335724
4617,-945.1412652338773,226.6017608642578,0.43950964161038286,307.7430555384111
4618,-1308.0256961035843,222.7785186767578,0.44168045683682333,370.038925649361
4619,-1155.1675985726556,224.36785888671875,0.4414700532234286,335.8721598747402
4620,-907.591966424539,221.9357452392578,0.44192886099155293,301.53649349538864
4621,-1031.6792524366056,223.62852478027344,0.4451973956187505,310.24196442777276
4622,-1157.738789712032,224.69143676757812,0.45082717360522906,351.43506145619756
4623,-1148.8032749682868,224.43844604492188,0.45401458432009145,341.88322489261276
4624,-908.2310762238386,221.26661682128906,0.4570579980460152,315.0077630577557
4625,-1109.9552431619388,223.47532653808594,0.4657302350354985,329.52866466360746
4626,-1288.460908549567,226.47671508789062,0.47134907641880885,357.38426973238217
4627,-1333.7724150498664,225.51486206054688,0.4690916314895617,352.6751445978467
4628,-1257.3429865212638,231.4355010986328,0.4580493533207029,357.23563755359424
4629,-1049.4550487543042,226.6574249267578,0.4470223305428336,326.6755939229788
4630,-995.7795592351425,223.70126342773438,0.44010002432022177,270.70773756692887
4631,-1234.6506851392814,238.0523681640625,0.43593219154210505,362.39764120734435
4632,-1094.1059467127782,228.2676239013672,0.4322493941101997,337.60174263198576
4633,-1177.1483048106602,220.9001922607422,0.4294626235694473,329.4455396560064
4634,-1279.4474954079699,224.1216278076172,0.4267180406836762,363.0016909946114
4635,-1222.3038030421978,222.050048828125,0.4230251849657378,355.63664829985504
4636,-1018.7864759666912,231.1011199951172,0.4204369578643685,332.40418749553794
4637,-964.4042797357024,223.61135864257812,0.4210949816761538,336.3008588485993
4638,-1067.0501222001703,223.68199157714844,0.42508418131488035,330.08943209070276
4639,-1161.315593247056,223.81939697265625,0.43086623644605604,368.3280398976349
4640,-1424.5244886252335,223.39996337890625,0.4346950186053302,336.66814537427706
4641,-1559.1967926416685,240.49673461914062,0.43080360477216395,356.70258459221924
4642,-1303.3583234602133,251.70614624023438,0.4195581247067149,300.90148847518435
4643,-1036.737939307707,234.19090270996094,0.41381570039196647,316.52353659672286
4644,-1230.4560551592926,225.30816650390625,0.4131728072035795,341.3106345732605
4645,-802.9703093607925,230.19772338867188,0.41400201574205775,285.5480626046053
4646,-1042.2400322661797,236.19290161132812,0.4161175922710387,329.39985157921404
4647,-834.9889696766418,13.84766960144043,0.4202395777894665,267.0712671110438
4648,-1071.3033017542373,240.82879638671875,0.44145133777783485,290.2382849327869
4649,-1266.7915343210213,236.72244262695312,0.44315976988306716,334.9105253903707
4650,-1382.977710913976,222.65350341796875,0.45634027061739957,376.04215564183846
4651,-939.1102084926194,231.8115692138672,0.46287359437476994,302.2516636633708
4652,-1306.91351573735,233.0525360107422,0.47455691223802177,341.9414664300806
4653,-1266.0824555584484,234.5528564453125,0.4895367709068523,357.99194746284957
4654,-1239.5728589760754,227.8389434814453,0.47228051311955266,360.6762130150524
4655,-1047.340704262981,226.92379760742188,0.48806020147276286,328.40094809123593
4656,-1135.2170903054064,223.82537841796875,0.4947813534490706,332.29644268267583
4657,-1045.272189563947,241.23379516601562,0.4505659497463892,295.5278265809116
4658,-998.27569163906,232.04226684570312,0.4457788313435582,313.9953571192484
4659,-488.0624225257502,237.14112854003906,0.4636125298224345,267.1144776752177
4660,-1236.8722247645421,246.31895446777344,0.4907752284103708,338.1285184536189
4661,-1517.4177100027905,233.74745178222656,0.5037710158530525,377.7657118795576
4662,-1505.7930924617972,248.53363037109375,0.48891691297656703,376.3335214389559
4663,-1037.5853453239597,236.10853576660156,0.4607545051696924,315.61249294310863
4664,-734.4054138917378,232.36801147460938,0.45447202162343003,286.1117360181091
4665,-1230.1900994066016,233.25450134277344,0.45400628131054077,362.20596746521056
4666,-1370.583540722514,229.91763305664062,0.4450578753647476,386.6742353208372
4667,-1240.117750698298,233.82859802246094,0.42295031027586916,355.4583839632528
4668,-511.2064354746148,227.5459442138672,0.4145604447147916,226.32671251556178
4669,-1307.2007822271541,273.15814208984375,0.4201738450487409,364.46546784949044
4670,-989.4560591233693,229.01927185058594,0.42785240897665955,335.6910853211265
4671,-1423.7556178633833,234.2113037109375,0.4277305211795167,374.422323103292
4672,-953.2700047134279,234.1229705810547,0.4246959766603793,300.69779194779693
4673,-1281.244154748539,232.49627685546875,0.42366356016476514,379.420104614923
4674,-1118.4212697657595,23.996320724487305,0.41058992954077456,352.9188216482283
4675,-1036.0080823033966,227.49024963378906,0.40165654034091647,340.7973268984844
4676,-780.8967872978202,228.01919555664062,0.39856913726273896,249.61845717636743
4677,-811.3037283837443,256.65997314453125,0.4203791721580208,300.44771191237305
4678,-1574.1052519386396,265.3091125488281,0.42738626648969225,401.4595588488032
4679,-1376.9992064870657,242.64935302734375,0.41313172537137577,365.7143647909492
4680,-1052.470021631886,227.55409240722656,0.39845692780909125,305.65563047040814
4681,-1199.968562446867,235.2142333984375,0.38537360994676256,323.7173498304786
4682,-1134.2536269768423,236.25228881835938,0.37713744124208554,345.5946167839806
4683,-987.2341518592103,232.2242431640625,0.37586289222139296,320.29589207109086
4684,-861.2730670024038,240.6602325439453,0.38766217555429205,296.0941036098346
4685,-1226.651722338599,239.83502197265625,0.40174135914465653,355.5649239119795
4686,-1078.891303891891,223.80538940429688,0.4165087285592275,344.41950944899236
4687,-962.5493623710914,230.4566650390625,0.43566600369905784,315.24244342904933
4688,-876.8358293069198,229.74647521972656,0.467768247537681,309.55337460581376
4689,-996.0013044307155,242.60406494140625,0.5031964556710591,312.47474995276247
4690,-904.4484512853539,241.4081268310547,0.5408243331988449,319.42318579023345
4691,-1468.5741936430416,266.4888610839844,0.5403925700496897,357.7645541557089
4692,-1258.0746671235356,245.49368286132812,0.5115790499633812,331.327889976702
4693,-1317.0425547290133,241.5487518310547,0.46306625139759894,334.75225771078533
4694,-993.0768947036263,227.3528594970703,0.42430737802973306,284.6098454516622
4695,-1386.216824728356,256.7998046875,0.3797594009060219,370.9724072012705
4696,-1439.3491456648965,244.00619506835938,0.3401239651412604,381.5465139736917
4697,-1079.7938361467104,242.23793029785156,0.33103480687613684,312.99229594918177
4698,-1149.7805067416489,276.3188781738281,0.3364667563476128,258.9286980406991
4699,-1375.387004761144,280.0033874511719,0.34855008786603997,376.5594500508259
4700,-1492.067495848205,259.8116455078125,0.372786004707202,405.1471042578764
4701,-1471.8115621872769,235.7222442626953,0.41545310724105455,400.1415541029425
4702,-1138.1738566264619,223.13099670410156,0.45013752440582483,337.29764301029314
4703,-1100.7878480745617,239.39968872070312,0.46571433714102084,351.59959257295037
4704,-917.4759844028692,463.10797119140625,0.4403494168170372,317.85437413330703
4705,-1496.0386712433715,0,0,374.8021077743516
4706,-1202.4032421901247,246.6175994873047,0.4328257496581229,344.12907464674237
4707,-778.8113405612735,242.03514099121094,0.4223375327968881,255.24197485102718
4708,-1474.1093791325598,263.8589782714844,0.38968073527589175,368.38465898441166
4709,-1168.6185966636986,242.27833557128906,0.3765090872575562,343.54212047942235
4710,-1167.2553082530867,234.0923614501953,0.3671569949408011,355.2342510962513
4711,-1318.5078210037395,233.60406494140625,0.5599853257590439,362.96042070826087
4712,-1071.892676345121,230.5253448486328,0.3611559756950673,296.2797087121453
4713,-1081.7417154011641,255.22561645507812,0.363199679761357,347.2997165669488
4714,-1206.0149104929258,244.97265625,0.3712286026296896,361.62544928176845
4715,-947.882122367038,240.3477020263672,0.38261407796463565,315.9538635794362
4716,-1540.1542145230862,245.5109100341797,0.4070102442944634,399.9377137782326
4717,-1034.4540746362236,268.035888671875,0.41889207125404937,315.08077569619127
4718,-689.9536634398363,241.47488403320312,0.41957956034622423,272.93678890733446
4719,-1407.7502481215538,255.3422393798828,0.45519332881986685,380.4191369699417
4720,-1407.1580155861384,250.85226440429688,0.4664459293489661,358.33213232912345
4721,-844.0935237825154,247.2057342529297,0.44919597401216327,269.45234573357146
4722,-1283.110696142444,240.94564819335938,0.44613330273010887,306.40834396909787
4723,-1111.8796279877115,251.08203125,0.4251275729190771,336.38388895374914
4724,-1307.366580816066,234.6466827392578,0.40218212213903826,323.98370900210296
4725,-905.2786176200548,245.995849609375,0.3732126178447288,297.6919156519462
4726,-1132.3176816348973,237.6397247314453,0.3519012547499666,340.7916489200944
4727,-1278.5304011329483,233.3753662109375,0.33880911989039375,366.9720189930021
4728,-1232.0978276673154,234.0096435546875,0.32841109434233273,366.54198396665277
4729,-1219.500726735301,230.3174591064453,0.32632618496153964,354.95431905175417
4730,-1170.7390499328649,230.28585815429688,0.3337834745642545,324.1437970199314
4731,-1175.324169863415,254.92971801757812,0.34454830969702005,348.4618067515632
4732,-1300.032156954812,229.35098266601562,0.35471495575885537,341.4587720385184
4733,-1213.0495190135734,243.4421844482422,0.36862648631338013,326.63383151898165
4734,-814.5603753577625,238.11672973632812,0.3831890597639358,304.57464146528775
4735,-1227.8930079001639,245.94406127929688,0.3704301798433858,348.18179035396633
4736,-1061.6277855872115,237.1380157470703,0.3649996770700425,326.0180376799855
4737,-1141.3400697750678,244.43148803710938,0.3547978095121366,368.9528973249407
4738,-1078.2374423101494,235.33419799804688,0.34789921146782243,345.93528015655056
4739,-1140.9401866848825,238.19964599609375,0.34413274219326095,365.48992428111035
4740,-1269.7159256903876,231.43524169921875,0.3437917488601132,367.7594879012487
4741,-911.4933212021253,236.32327270507812,0.3459801548806063,299.3809966154752
4742,-1290.0635012930104,242.297607421875,0.3514315446686259,350.9114334105099
4743,-1416.239703939939,234.97689819335938,0.35490100016855675,406.22103660367776
4744,-703.2469367233306,248.11614990234375,0.3489400314315897,240.712041773541
4745,-1128.3599880004742,261.29815673828125,0.3542910587750413,356.7653914157842
4746,-991.0332154575177,232.79913330078125,0.35819213739005207,320.6130222063561
4747,-972.4974529400596,240.07217407226562,0.3705725284624653,313.99660354844946
4748,-753.4470880746569,237.03363037109375,0.38467796672761867,245.42731808927056
4749,-1263.349440784051,258.80029296875,0.41659150089842184,341.33999115027774
4750,-1540.626096024278,244.0101318359375,0.4297495958517894,384.8296825808849
4751,-1227.7910461245888,261.42041015625,0.4085515681065196,364.21865305959204
4752,-1288.408567006964,235.96424865722656,0.38126866438654333,374.15883458457324
4753,-1227.206863180426,241.9244842529297,0.3478320953276738,340.63387294367095
4754,-1128.918205257824,235.90162658691406,0.32812438178973224,336.25436611242384
4755,-1241.227597102883,241.2696533203125,0.3246250021456136,349.6841085785433
4756,-700.1848974520852,250.150634765625,0.32964976830139486,325.45507700296685
4757,-1376.2846231915187,256.69305419921875,0.33831112596929336,366.02482962863456
4758,-889.3517737265389,237.76014709472656,0.35162863252444754,288.3251892410262
4759,-867.2946031824885,251.46458435058594,0.3499530764207781,328.88724469396203
4760,-1023.9300453162183,237.4843292236328,0.34634537035353335,303.6038832371452
4761,-1062.4100891547178,242.8135223388672,0.3392983566646074,288.8089496008983
4762,-1031.1429004005129,250.6207275390625,0.3358171310180347,256.7160166582961
4763,-1279.072345433951,265.66827392578125,0.341180738146889,380.8614792516799
4764,-1065.5259566356292,238.37538146972656,0.3516156555936327,345.56011571579995
4765,-1174.2057624336262,247.94932556152344,0.3609177543173476,361.9857420305252
4766,-1122.720645021693,236.0926971435547,0.36383585313098765,308.71513755460876
4767,-1088.5950774321952,237.91221618652344,0.36758461274364385,327.57208609320276
4768,-1055.8737804401399,238.63510131835938,0.37039950248767795,338.7087775090418
4769,-1292.2229181327873,237.9486541748047,0.36639525498461556,359.9677089281943
4770,-811.7971642651664,243.7038116455078,0.35772244591447144,302.3516958970812
4771,-1078.413595514145,240.1890869140625,0.356636261505666,320.0395731980176
4772,-844.1089906046238,239.42642211914062,0.3596904632729275,305.6683585681599
4773,-863.9550964881632,237.8502960205078,0.3669294487765301,299.0543024810024
4774,-1072.87876124471,239.74481201171875,0.3795110497170393,337.4517562386403
4775,-1032.6292138976662,238.39865112304688,0.3827831078022723,292.6747646116279
4776,-856.078521297159,240.0972137451172,0.39770193205634286,320.1113389912403
4777,-1441.7602949169923,245.841796875,0.3980722330334745,390.3011718284354
4778,-1335.7259016344005,255.232177734375,0.3704260540928702,366.73653788064655
4779,-1135.7047726815576,243.0254364013672,0.3369000957531489,295.90601216577323
4780,-1138.714507494029,243.50857543945312,0.320353757661489,361.9916032134335
4781,-1215.9929108057502,240.4541778564453,0.31481492706197234,359.04779114275027
4782,-1103.7876728732995,238.3653106689453,0.3267410550018086,326.2631945059081
4783,-1214.0634071626657,237.6656951904297,0.34988850105523284,367.0097753998149
4784,-824.2404721912243,241.341064453125,0.3693613718173585,290.399155123276
4785,-1186.669427658092,248.54287719726562,0.38183439501420846,345.07835587580047
4786,-794.1906217313954,241.71705627441406,0.37745039621965537,301.24089763998654
4787,-1083.2148801901694,248.03407287597656,0.3624309205117785,336.2224620613328
4788,-1134.7411597513446,237.65199279785156,0.350904928211151,338.9295062209372
4789,-1195.3241488770577,240.7200469970703,0.34428834789634777,353.5200974984638
4790,-935.2240873896579,239.43161010742188,0.34097735284319697,296.6628107999454
4791,-1061.4032989975474,257.69732666015625,0.39912645584263373,324.97192734980194
4792,-933.3607055972332,248.77044677734375,0.35131440279110393,265.07698034770766
4793,-861.1040976489437,267.4118957519531,0.4192102609813446,325.258131756664
4794,-1124.0474099391326,239.67298889160156,0.35800010116344083,320.60804803784237
4795,-1191.8137694028935,244.3491973876953,0.4385073848461616,338.6506585406468
4796,-1274.5793956686975,254.0584716796875,0.5338727795460727,357.6175728453494
4797,-741.3833286002707,261.48529052734375,0.4338599048787728,288.4497493897629
4798,-761.0147106211721,266.8228759765625,0.3996648613964453,286.88415932526095
4799,-769.6673476038184,255.2652587890625,0.4414759823437109,284.66148771874145
4800,-1098.766960071097,272.01617431640625,0.7726838689704891,335.5258170256109
4801,-822.1699641411504,289.0001220703125,0.7390812686207937,294.8845173520465
4802,-1081.0986970276683,289.2464599609375,0.5954558730029781,340.19991527295286
4803,-1090.0741073474837,263.90869140625,0.6209883316043037,315.16253758050794
4804,-792.6204994659802,246.18360900878906,0.6493864044548587,315.53282405776054
4805,-1193.7555079815136,263.52899169921875,0.639906022871159,309.5631770328216
4806,-1014.921921505598,245.6732177734375,0.6093432328056707,329.8784049134572
4807,-1403.2680097147422,294.348388671875,0.5233318825630244,339.567464362861
4808,-1013.6612730653028,268.6392517089844,0.43294817925758755,326.6526105713928
4809,-1117.4795770054714,270.48846435546875,0.3441811504193715,343.473213192648
4810,-1145.2579738217537,255.54861450195312,0.28571052791342044,344.506640448526
4811,-1070.735934758748,251.84083557128906,0.2913360451771476,335.5073801057466
4812,-1015.2375468578266,244.31886291503906,0.34335247888465403,314.45047637031007
4813,-720.6754773324308,256.9076232910156,0.38508548609281945,254.58379352338815
4814,-1275.0327787471588,275.3949890136719,0.43387761344580655,360.5653202223818
4815,-911.3918115227258,244.72166442871094,0.45610737396649625,346.46491613380033
4816,-1098.6010696485152,471.66162109375,0.4520361270834921,335.6323753026103
4817,-821.7458063013102,0,0,324.4656496200515
4818,-700.2790318969458,251.97613525390625,0.4177400694696982,267.6239236413039
4819,-767.6891910496715,267.4599304199219,0.36112875623483554,273.92712388199857
4820,-794.2161164984502,268.7162780761719,0.31702994797870865,278.0339773222231
4821,-1020.8549552624368,262.17645263671875,0.3266327183485621,301.1434332401582
4822,-967.22121956231,252.03414916992188,0.3860991803095992,332.22944218354286
4823,-979.5828585733694,243.032470703125,0.46066281307343016,340.1739670885407
4824,-791.3314746899885,243.6690216064453,0.5280501800299828,304.7534105227286
4825,-983.0607751111414,247.44442749023438,0.5927561330504947,314.3159349636422
4826,-665.9368717170246,246.31932067871094,0.6356693158012199,302.7566121581067
4827,-677.3017948238495,240.7705841064453,0.682317823101763,233.7199039250688
4828,-714.0999024219327,264.9870300292969,0.7334499668380019,279.60800403325254
4829,-1292.7646647519434,254.83187866210938,0.7777319741375903,342.89025432700095
4830,-985.1868455685644,284.16717529296875,0.762607326975667,318.35769980199655
4831,-1263.0801043551462,253.63194274902344,0.7238698273310789,351.10071939498755
4832,-763.4519030961043,270.01348876953125,0.6399980487491899,289.076041945826
4833,-1197.2718059781917,246.54856872558594,0.5653906432764124,303.00591622846343
4834,-696.0412503080129,267.31512451171875,0.4696111996087339,294.3426574630859
4835,-767.542929494292,240.43463134765625,0.39822876957785636,263.62714541233765
4836,-857.1379911311809,249.20343017578125,0.3474271205662389,274.382901586943
4837,-857.6533422481905,251.3143310546875,0.30689994495535444,308.0342300000743
4838,-1141.5014387358287,241.6783447265625,0.2811351328622576,352.0028717495461
4839,-1183.5383324176237,241.98739624023438,0.25928945667540115,332.82219115918946
4840,-849.874305228391,250.0381622314453,0.2513501298931811,279.5834274850285
4841,-869.4762559194551,270.46246337890625,0.2600598440950823,280.3993963267013
4842,-857.8791397799921,251.30133056640625,0.27260377824646204,284.0352470250253
4843,-797.407435410278,289.40277099609375,0.2713469333772083,277.59715020455417
4844,-786.417289126149,303.57427978515625,0.2613156305983344,285.6746101400074
4845,-967.0459368595972,273.8014221191406,0.26968530011687936,318.4909559306958
4846,-1222.2531901093632,263.37890625,0.3066666638366553,344.98845044592633
4847,-927.1411795787611,309.5670166015625,0.3579857379063469,339.4164430002858
4848,-1398.4825084790414,288.6354064941406,0.4201136555014996,391.29932526389473
4849,-655.2232386166947,282.8016052246094,0.44142257178197314,287.6354415697423
4850,-990.3955688701434,254.87538146972656,0.4785643424312579,321.78472057171035
4851,-791.2343182815514,242.01449584960938,0.5104367788508206,324.93112932119084
4852,-1021.5279271712043,238.0347442626953,0.5334946788636219,323.38356532980305
4853,-960.6343805666576,250.91232299804688,0.529247637915871,295.31179983989307
4854,-931.7789777625975,253.22232055664062,0.5043972992908863,285.04189338242617
4855,-1069.1743812144766,259.45086669921875,0.46450461316735625,288.37323159836893
4856,-1036.3776566366619,271.29241943359375,0.4070877423880326,320.14342203453947
4857,-1060.4009041069746,285.5694580078125,0.3413906712063408,346.0184893724787
4858,-849.229892186782,242.80404663085938,0.27811047468965244,294.7671351545117
4859,-957.5102009565986,249.8260498046875,0.251284851515304,321.02050999315696
4860,-1006.4292158000341,246.00418090820312,0.24134687512588354,325.37706049659704
4861,-761.4209324794696,275.5250244140625,0.24351830804938757,304.8594739800078
4862,-1070.692725491651,249.29017639160156,0.24528783451850844,343.5356703943842
4863,-1121.7181966927465,247.2738494873047,0.2489622908333673,310.9226756018427
4864,-931.7421425437159,250.95472717285156,0.25544225359726425,296.91213956277994
4865,-1003.2546484059399,257.95501708984375,0.2593881932694373,335.6170254189914
4866,-964.6500411721665,245.56448364257812,0.25968852364192685,352.3599895576451
4867,-963.6142555569205,250.54931640625,0.2645897076756649,306.16077289465846
4868,-1196.2768367300894,249.04098510742188,0.2665952161404448,345.8945222971869
4869,-1168.4875237035496,249.60263061523438,0.2741054899225821,350.41694468313233
4870,-1057.1157982552834,244.7399139404297,0.29030857871918103,325.5516748117099
4871,-637.5135568973393,244.0428924560547,0.30260356597578175,272.1647691141256
4872,-1269.355640823744,265.3146057128906,0.2929258850282779,372.4390584434903
4873,-1275.2965322045313,253.05271911621094,0.3009318220870085,358.7840228521166
4874,-1246.0470010802865,247.49217224121094,0.3142626429442765,365.28601048440913
4875,-977.2065625543081,268.05548095703125,0.3230608613761341,355.526048022095
4876,-1126.9911876398858,241.03224182128906,0.3356523381411378,349.64851882933596
4877,-1465.8885939015136,285.94952392578125,0.3647985510930609,390.2499337501889
4878,-1006.051012406218,281.1239318847656,0.4220297450668874,304.09022366838616
4879,-1021.4507237674442,265.8081359863281,0.4698487800213531,327.10151019198673
4880,-957.2650819253196,272.7742614746094,0.5073293335437903,332.55747822719525
4881,-902.9195343460434,260.56304931640625,0.5244977147222629,321.8129072987555
4882,-1061.6089455271085,275.82135009765625,0.5234877785107734,356.60957114368085
4883,-1275.584800604242,262.57012939453125,0.5234819627835585,390.6216394670677
4884,-1009.1939847009427,268.1572570800781,0.5325521619202149,339.6297618889995
4885,-868.8203421330486,263.99664306640625,0.5381797879387875,277.3665369894986
4886,-760.2879815678076,281.3916015625,0.5208799572164899,263.84660603486657
4887,-1163.0351904745721,270.3795166015625,0.48098026278957207,300.6265074949104
4888,-1200.3129258219758,262.7163391113281,0.446723724486759,356.1638319558581
4889,-740.1163718551408,260.5252990722656,0.4051542984530858,302.5559376120682
4890,-1370.264218390795,267.1174621582031,0.37355861711960614,350.39581602119864
4891,-1220.9078838685127,270.7352294921875,0.3625383956281212,333.29316871322465
4892,-1154.7522510228973,269.040771484375,0.3554842903338127,343.3709701968965
4893,-1024.4101761864597,282.32470703125,0.3475187994603104,286.4162959660018
4894,-867.2989118647293,267.4513854980469,0.33611624368537063,334.3178066279256
4895,-927.1716071263633,264.8428955078125,0.3289725096981191,303.12747879826986
4896,-1024.8345605420059,299.6940002441406,0.3261678743361667,306.25688542912724
4897,-1307.958344118878,275.7764587402344,0.32706579752826426,346.2649304325264
4898,-829.7922684779134,274.7550048828125,0.3293358875766157,290.71380491707157
4899,-1036.192405237322,253.65797424316406,0.33171483463126883,320.4405902248707
4900,-866.1274544876287,257.6443786621094,0.33263706167104057,308.2483907818889
4901,-979.9311956595435,262.7518615722656,0.32976442558178864,280.33674460047473
4902,-714.0443386747833,268.6162414550781,0.3313633591444649,282.25943719811426
4903,-868.8547007333526,258.5002136230469,0.3339717360213177,315.50180104383
4904,-862.598047335728,262.999267578125,0.33426770101641745,299.5940022405657
4905,-1345.3723857486546,287.5769958496094,0.3219119790808064,362.55818673568996
4906,-921.7485908350735,267.411376953125,0.3096620966618957,300.9122305367747
4907,-1432.5308772723156,295.3806457519531,0.3082786379212674,376.3576495172182
4908,-1093.3746740610814,267.5392761230469,0.33373411136092557,366.17299189974915
4909,-1047.6350163963405,255.8627471923828,0.38251826035239134,331.44767683614543
4910,-858.7617085791403,250.0556182861328,0.4326815443152867,298.0868637669999
4911,-1068.789157988829,255.2452850341797,0.47806810767391994,321.774684089561
4912,-759.5617574009867,268.4688415527344,0.543535803033592,309.41413061501254
4913,-771.5336423289199,266.06768798828125,0.4885635654032967,250.66748924777295
4914,-666.6974268066612,297.5277404785156,0.4503162083656207,291.9188094519328
4915,-654.4879659700083,322.7501525878906,0.40740316658593656,256.3645856880379
4916,-939.6674091928594,318.4855651855469,0.4766031435865443,329.5757807988091
4917,-872.114596925926,300.7707214355469,0.5130064986296929,281.21041401911054
4918,-834.1754258847631,291.4416198730469,0.38610522024009697,297.0400578060421
4919,-1379.7429082639921,324.0440673828125,0.45736815048076096,348.26198232162665
4920,-893.0198265308851,256.76165771484375,0.48913077424367657,318.86935139438805
4921,-668.1623650728869,254.1856231689453,0.57567646366806,234.4193059043397
4922,-608.0804186877093,272.71771240234375,0.8635394349694252,281.6637360276231
4923,-943.0811340890033,278.3977355957031,0.5487835662468115,301.3173457877095
4924,-804.6693390328682,264.0866394042969,0.9457037415122613,318.2539409735511
4925,-923.4611864807116,270.05560302734375,0.6282639811324771,312.754043306815
4926,-734.1202933137027,251.8451690673828,0.712305194028886,313.32596887758467
4927,-633.6924848010417,248.79273986816406,0.6426294951088494,301.91924570447605
4928,-712.3966403992871,497.36065673828125,0.8070320805418305,247.1877500395571
4929,-1031.5034223104888,0,0,304.35236955798206
4930,-807.3677772543249,267.53314208984375,0.6267731400730554,270.3219145238958
4931,-843.8283053523028,256.52532958984375,0.3860553345077875,321.18976737764564
4932,-1150.0781671971595,252.73057556152344,0.349711900971748,306.81870290469726
4933,-1125.3868489713432,275.7793273925781,0.30328824251742237,332.658291399626
4934,-1161.8096763871374,258.1004638671875,0.2632816215346901,328.79735578808874
4935,-1074.2927355393572,269.13836669921875,0.25192437819450075,316.21999228846505
4936,-837.2450921437294,266.85107421875,0.27704563834941753,285.92503760438296
4937,-998.1075838918597,255.39260864257812,0.314965218484649,286.54242804734423
4938,-1008.3538753340921,261.5232238769531,0.3615256439065888,294.7708963622303
4939,-916.5572307508598,256.4466857910156,0.39045874408323505,329.6966349040502
4940,-977.6265098197773,250.99658203125,0.4098773047591554,353.6871736434345
4941,-835.6252862616575,250.21029663085938,0.4200729440190607,294.23943431523855
4942,-819.1280364801996,262.13836669921875,0.4084016397704353,259.05358580827203
4943,-767.8507076394919,286.382080078125,0.3870705466788191,276.6810174207335
4944,-807.0521547105893,291.426513671875,0.3562185775417398,292.48606768540736
4945,-1217.7653239268368,262.4317932128906,0.32093041045654225,326.4298876095619
4946,-1289.0460527856217,268.7024841308594,0.30260354776828535,365.78437701053343
4947,-1111.6887338970498,268.4299621582031,0.29596907610549,284.59723783674167
4948,-1143.5662777936645,275.58929443359375,0.29249500409710727,360.49406157146336
4949,-889.6208942144488,270.5331726074219,0.2929433115664253,293.12089812786564
4950,-559.6096028784049,273.4931945800781,0.28910347084462806,265.64568507761805
4951,-783.5394838407412,352.9336242675781,0.2790952677123578,324.2187552243491
4952,-969.7890569945814,275.4640197753906,0.2850777750919136,270.6568806798781
4953,-1095.311879137634,292.23211669921875,0.30585741954068324,315.52327310980326
4954,-976.8628884632677,265.35040283203125,0.32685447280449886,321.4876183229636
4955,-693.601241963782,263.9961853027344,0.34078631736974785,290.25465361828566
4956,-1141.583330344932,253.648193359375,0.36035340453986464,249.08520245651505
4957,-1054.9637969120195,33.81035614013672,0.34542899998582133,309.22645962172794
4958,-800.3332035074457,261.11212158203125,0.3259855893945252,330.3452775374761
4959,-828.586628674996,248.6758270263672,0.31240793184097093,309.9362144394272
4960,-952.7522982852041,268.2428894042969,0.2961652446154517,346.4903746915633
4961,-1161.4698199318289,258.4176330566406,0.27656455042698125,341.0066131485576
4962,-981.986426462659,258.3890380859375,0.2619892958239445,253.2778721695891
4963,-914.802649494787,273.8295593261719,0.26110868441438484,305.0685909859647
4964,-568.5291637833324,264.38580322265625,0.2758425793740571,310.6839797821587
4965,-974.2111821402106,259.49053955078125,0.2759267063908912,342.51385001965343
4966,-925.5887192779533,249.14845275878906,0.28373322461104067,330.6501940627643
4967,-1098.3692369994417,255.17076110839844,0.2859826762693274,340.7366215627141
4968,-1144.1512690364805,264.26556396484375,0.2941309651053462,347.5002034597207
4969,-1158.7777974447515,263.83673095703125,0.3095866777445053,326.08140080031694
4970,-1001.1466167206846,262.29656982421875,0.33093546216561087,281.8440831613275
4971,-880.037801656296,261.0341491699219,0.34830517490172497,317.5114820845198
4972,-978.0968163312958,254.3450164794922,0.7598458023567218,316.5654174457609
4973,-1284.0922191713246,259.5716857910156,0.46135864464304177,341.4642660103064
4974,-1139.8395121774156,259.4087219238281,0.41296859569774824,359.8985792824093
4975,-1283.9000600333763,258.2310791015625,0.45395067726713023,321.3669344775456
4976,-951.0103484057396,264.49859619140625,0.660212437651353,312.7997574361361
4977,-1006.9450923855212,261.66973876953125,0.9139021775336005,265.25396275905433
4978,-814.2069785878801,270.8649597167969,0.564302071914426,315.33470670007466
4979,-813.4056145153584,256.94970703125,0.44179629112113616,216.6243465761001
4980,-872.3905872340493,291.4869384765625,0.40959947701652055,232.66250519809364
4981,-1174.8870551115594,281.800048828125,0.3792736154866283,360.67191682128595
4982,-429.15483828093943,264.5389099121094,0.3497133908106953,261.4594074765578
4983,-902.1922730005463,272.6242980957031,0.3186795610809965,240.0516841311583
4984,-1319.6997979750936,277.35711669921875,0.4053429644845892,361.98237899335084
4985,-770.1581180954132,279.6294250488281,0.310394341699066,220.30634395157395
4986,-1029.6394215658402,290.64617919921875,0.29872619671141365,256.42227619944396
4987,-566.1884850021153,267.57769775390625,0.30252141860142934,244.56144838204074
4988,-1050.7777703362503,272.4971008300781,0.31287112567125064,343.4574363284471
4989,-499.30368627036324,256.14398193359375,0.32435531626072334,234.6637155794068
4990,-962.5047751738699,270.7332763671875,0.3407415954787485,313.48813879706114
4991,-836.2025417711055,256.2457275390625,0.3538613765821079,297.7233695500019
4992,-1048.7162838910974,277.5694580078125,0.35067974384350764,259.6189319776534
4993,-1033.2570719847922,271.4320373535156,0.3404268278633439,324.4643169540882
4994,-821.8513292037326,264.8457946777344,0.32055468883141275,246.49402223343716
4995,-1480.933207028507,282.97442626953125,0.2997513604447802,389.600184224464
4996,-1037.4027312727526,297.7286682128906,0.2759989373404798,291.7018402620463
4997,-1113.044557451194,268.3108215332031,0.27344085459122425,331.2194455447484
4998,-978.8096525504822,254.10366821289062,0.2899472548179953,320.30263873517623
4999,-988.2711377800874,257.96453857421875,0.3199586309760223,300.7638808519122
5000,-1091.8136818230432,262.3666687011719,0.35692357054501933,293.394714953207
5001,-863.3719871044877,266.0050354003906,0.39410268161313333,256.4618519317739
5002,-914.4648240514263,277.672607421875,0.4247214936017052,242.9862716117603
5003,-651.2439839898425,288.6191101074219,0.4707191444686032,273.2960573635786
5004,-878.7290282987304,271.97998046875,0.41058717047204685,312.6931131033226
5005,-1285.0377764593352,262.12066650390625,0.39392746302355985,368.99405590091476
5006,-438.921434023621,274.32208251953125,0.3694696864586159,209.85554402334824
5007,-615.7373049453232,288.7708435058594,0.33736405456378404,215.5600663476229
5008,-955.9102426312995,291.97747802734375,0.31010331123469775,306.97509146934135
5009,-705.5739451605192,255.361083984375,0.2947623499006333,259.4351539955756
5010,-1014.9992326843816,268.7036437988281,0.2944194803608381,306.30444733342176
5011,-802.6818848886118,258.4346618652344,0.3067482515847259,294.9142659388613
5012,-704.9100399017631,262.352783203125,0.32520200194290166,231.90523833889665
5013,-693.054257501878,272.3185729980469,0.35072952898122434,241.10504186345287
5014,-1071.394738642351,281.0665283203125,0.36904863031750096,300.57335384720596
5015,-1222.0824962127497,290.5,0.36673223365026475,330.408303907453
5016,-1036.4891769416,270.5428771972656,0.35038980204559905,322.6577266240659
5017,-1160.1786157373565,273.7146911621094,0.3230180139347464,341.76768495024567
5018,-1125.5539117344083,274.62359619140625,0.2913149061597328,289.6802458583208
5019,-967.5149674126783,265.37335205078125,0.2709084929686653,309.24686523813784
5020,-878.9314242431561,265.49749755859375,0.26649585620909455,308.6531690452002
5021,-838.5983118486997,261.042724609375,0.2742366647994861,282.7390318463456
5022,-506.8505032854122,22.269821166992188,0.28497796050050683,239.88191049643177
5023,-933.1565685493322,285.7010192871094,0.29451784113994245,249.82857544754035
5024,-858.1667558396256,275.21771240234375,0.3010479252294988,257.26933666249585
5025,-997.5037501407386,272.5722961425781,0.3049505214890585,288.87501076214124
5026,-824.7472659753679,276.7287902832031,0.3068217116601775,238.23011919024077
5027,-1090.6748538561833,289.7595520019531,0.3067640797668023,352.9618791153746
5028,-1117.3296422724338,285.25018310546875,0.31186474306342715,331.5992058112185
5029,-1186.1255146659823,267.2344055175781,0.32211967846014516,322.38155014672725
5030,-758.4684916280896,259.3959045410156,0.3254544511531108,256.84923230421424
5031,-971.9321452846049,278.9565124511719,0.3260767257813062,285.533974941114
5032,-842.3575809187665,269.6267395019531,0.3199767983625046,305.67591006175707
5033,-1009.6842248381272,265.6923828125,0.31401072060294766,291.7864440164246
5034,-1047.5260089199674,268.7720642089844,0.3090447195469455,306.5120799464129
5035,-1171.0061846456372,270.3931884765625,0.3085176790658257,320.8923779086174
5036,-895.5683978798899,258.98504638671875,0.3066273384444806,262.39952275433205
5037,-1082.4736103512062,287.1398620605469,0.3073735269913096,304.7746120367611
5038,-339.31950455352074,287.46661376953125,0.297217300615032,254.47904164632305
5039,-1192.2611918765022,298.3357849121094,0.29332578136182924,286.96740932991474
5040,-745.1880848221771,514.079833984375,0.286897754988941,306.84662054931704
5041,-730.0352284845911,0,0,277.2552713876037
5042,-969.9628581762457,263.0523986816406,0.28385285219268797,309.119927851392
5043,-888.2886936135018,266.87652587890625,0.28507460518509264,283.7655381531931
5044,-885.2385145447687,266.377685546875,0.2889607854591417,311.2958174090189
5045,-1033.688122715652,280.0100402832031,0.29492194288045503,287.941349269866
5046,-556.078582813615,289.98565673828125,0.29874821027612264,185.8657897738426
5047,-883.1910381316039,290.0730895996094,0.30814657513694893,279.4108871412398
5048,-908.4433562457673,269.08380126953125,0.3147392749672499,233.68472379834955
5049,-1106.820334147593,292.8691101074219,0.3175555560696647,337.9251745275466
5050,-866.890925532706,280.9170227050781,0.31056257978215407,286.32044809298003
5051,-839.4992235060784,269.8955383300781,0.301443518532464,309.1224885476738
5052,-591.2126805046698,259.7719421386719,0.3373150078805338,256.4515328751419
5053,-909.7021634989197,270.5680236816406,0.2883036939527983,298.3913608290699
5054,-1229.0775994335245,263.5693359375,0.2802280478314325,373.1711134716179
5055,-975.1421775693819,275.471435546875,0.26818560562135385,274.14569577843395
5056,-897.2600028973641,278.77410888671875,0.2604897352634447,311.38295689850185
5057,-932.8540627606594,260.8231201171875,0.258968031502211,221.8402363532256
5058,-805.92977097807,291.5954895019531,0.2627313147767263,267.26415346314275
5059,-1159.47676078471,270.5009460449219,0.268828243969302,282.73006740546214
5060,-911.5222099109312,281.8380432128906,0.28024108424689154,261.87479723714716
5061,-776.3640068583729,281.0702209472656,0.29081207991236063,298.348306290688
5062,-1036.5800198299185,266.22735595703125,0.2976802727581439,276.11064729994456
5063,-923.1714067675413,275.2126159667969,0.30405552077525116,304.22007597638407
5064,-740.2911293416552,262.30804443359375,0.30801997678420284,261.84684391402527
5065,-865.2684597546931,273.4336853027344,0.30418687399056377,252.17550891965
5066,-1175.568979162897,278.7675476074219,0.2980431622278069,291.975645200085
5067,-503.4662270253784,280.1061706542969,0.29411019093451796,279.58815258130556
5068,-934.3348468706434,274.63446044921875,0.282950281093985,292.81439760259843
5069,-893.3840139084681,265.8804626464844,0.2755011474456232,276.36621878779107
5070,-818.8594812988126,267.762451171875,0.27064881441217503,253.01185438332084
5071,-953.0913870550701,273.772705078125,0.2688562191625219,303.70400659015996
5072,-984.773410157952,263.1972961425781,0.26926631981154,270.3336933081421
5073,-1000.4006558964163,275.3272399902344,0.26991208124624577,291.16948441558617
5074,-1041.9928542357586,273.2225036621094,0.26918423250241413,307.25878643816026
5075,-966.2263357404707,264.3301696777344,0.26756901379650466,323.3752102150316
5076,-665.0056560668021,261.3111572265625,0.26591222180721374,221.2134876871274
5077,-1111.5716462479822,288.9791564941406,0.2647576100775515,309.95289299185094
5078,-1065.0910626819,270.33917236328125,0.2633745307405314,300.58078522817675
5079,-890.0589446707069,270.0714111328125,0.2635776638748658,281.4897365905335
5080,-1013.6046742049083,268.4486999511719,0.26588006314788404,314.9203514783243
5081,-940.077331610574,275.3824157714844,0.2721323179286892,247.9691007134786
5082,-985.4998970804623,280.81884765625,0.2789930040611157,315.3266883653969
5083,-759.4653981247485,261.70147705078125,0.28738273905307166,297.5825080410688
5084,-954.5313280387647,270.1333923339844,0.291147750665299,305.5927290552008
5085,-1127.4570252929748,269.4931945800781,0.2939274004712702,287.3105729329305
5086,-770.291195733929,281.42706298828125,0.29935361722229104,238.38467488786625
5087,-814.6029244211325,284.2099304199219,0.3035417707237684,258.6744985721425
5088,-846.0660516362577,279.5984191894531,0.4571980511973379,287.806243913021
5089,-1026.6378953162482,271.3126525878906,0.2885491066394983,266.3479609938618
5090,-1228.7272955984786,275.8994445800781,0.2842493453453607,348.93490022063804
5091,-854.7197012447814,276.4502868652344,0.2860166824133879,263.42641759172045
5092,-1237.7591087609258,282.4765930175781,0.3231851569144055,330.8674984685441
5093,-1020.7775518601364,277.34130859375,0.29551041350489393,276.18342379919284
5094,-856.4253296370417,272.82745361328125,0.30089077374119344,268.4290768528078
5095,-861.4491649694112,281.44085693359375,0.3015403824621764,300.24967531861506
5096,-976.8447749065533,262.5004577636719,0.2995134115763758,320.5521327133683
5097,-727.413476999061,264.5284118652344,0.29751759894839225,284.9946528894916
5098,-615.220461614139,271.52508544921875,0.2894037541015724,244.1487472767032
5099,-851.2423787104954,279.7213134765625,0.2822212184878765,262.2308122522231
5100,-961.9877202975828,276.8740539550781,0.319028434350912,271.0252882557171
5101,-949.3305361739735,274.5373229980469,0.2748650477543322,286.98893569914816
5102,-1028.0721063753942,277.6508483886719,0.2744072243901628,294.2604717007744
5103,-739.751606148416,270.1762390136719,0.27992194873331755,271.7107388274633
5104,-905.1873512520756,272.8426818847656,0.29210680479991424,260.33483050733906
5105,-871.3553247781863,275.9472961425781,0.356120708391245,295.1553389290934
5106,-843.9094264651742,269.6122741699219,0.31874868128215894,275.07285345378614
5107,-954.9317971630991,273.28961181640625,0.28435833111416287,265.46580437266016
5108,-909.2522687183749,276.3234558105469,0.30819934961618856,262.4581205042875
5109,-921.2417323065656,302.433349609375,0.30091570401054923,297.9064939353695
5110,-550.2010968996245,281.6318359375,0.2813693516686726,258.80948718907064
5111,-581.882834933445,276.2024841308594,0.2862184382702253,265.62419527664304
5112,-923.1643379497024,286.7768859863281,0.28624426456508445,263.6451036735472
5113,-919.5160096062643,277.40673828125,0.2848544531683521,257.1131906335902
5114,-668.7312100963096,276.5036315917969,0.28618046782929674,239.57515568460235
5115,-735.5080795858303,274.35174560546875,0.2901492724654944,306.9156803111819
5116,-1217.303655941819,287.51702880859375,0.31720962597682956,305.4910607812659
5117,-1243.6918894531996,294.1141662597656,0.2805253421265085,350.9698559877313
5118,-1324.1404128672089,293.9732360839844,0.27260306819756697,330.6142659209132
5119,-486.335702679149,273.0464782714844,0.27233787065999177,226.20423464528355
5120,-895.6474665820627,300.90582275390625,0.2768641044082812,272.0078354427069
5121,-647.3732284016851,270.898681640625,0.2820347738933309,256.39211667475865
5122,-554.1216352239189,279.9442443847656,0.3687593020731583,235.90735156771726
5123,-910.5452583441628,285.13861083984375,0.33116960980260046,277.04089416746706
5124,-1016.99094361406,277.5331726074219,0.3280859031001455,284.03434717648236
5125,-682.0324913843879,268.3711242675781,0.40407246979884803,217.4897373991543
5126,-798.7346330113967,291.33917236328125,0.49996906984597445,296.03505728247984
5127,-1036.9020229844195,277.8669128417969,0.38168708892771974,297.5950730105325
5128,-1057.2194313638522,270.06622314453125,0.4331661627511494,349.4826447775686
5129,-1174.1539660182245,273.44580078125,0.34389415703481063,335.49721022240567
5130,-638.0137195226631,264.1061096191406,0.3491131481787306,298.9992559217932
5131,-914.8519979730557,273.59344482421875,0.32692172049428336,295.2741496960822
5132,-984.5719709451959,277.6203918457031,0.31800618121633306,279.5175967886013
5133,-875.1640940882427,270.61993408203125,0.28917905151411105,293.29508052962314
5134,-985.499607384541,282.4501647949219,0.2840146803985625,290.4533813103943
5135,-660.0076304256737,272.31439208984375,0.28415404669639854,267.3773846656362
5136,-858.4497100706537,277.88336181640625,0.2836326470827538,331.62704904208584
5137,-1161.6355164817046,280.57208251953125,0.2844225511582792,346.4173685069702
5138,-910.0517228853915,260.5052185058594,0.28549046928642574,332.23249752376006
5139,-964.0221766095531,267.4195861816406,0.28749175105685576,254.42146632171034
5140,-706.2110692867254,280.816162109375,0.2877690343284224,312.3354679901501
5141,-1070.8542362145581,272.6598205566406,0.2889810045131842,312.35945061000393
5142,-1051.1925368778086,274.5084228515625,0.2916313745750829,292.12231133925485
5143,-840.2747279877972,270.9244384765625,0.2937203179250574,289.4428060383312
5144,-955.7237587230288,282.5284423828125,0.29562993632894274,319.6399020954995
5145,-637.1986514439568,262.70831298828125,0.2948468070753504,269.34102830185105
5146,-932.8740243613954,280.98504638671875,0.2941802257537263,260.39974026289576
5147,-608.2852850480348,279.43109130859375,0.29230613389654103,250.46195530847206
5148,-574.0989948149878,283.0080261230469,0.29207186568348026,248.12584062071315
5149,-788.1366871588962,314.4580993652344,0.2947669405983486,303.44342071104995
5150,-984.1696504051951,277.7778625488281,0.2979585190025624,277.5552608289638
5151,-907.4161420181441,285.6097106933594,0.3009399308932753,282.58547880435555
5152,-1047.0501583843993,582.8982543945312,0.30494599101760544,269.8761229599434
5153,-897.6989425919497,0,0,291.1925726146827
5154,-1111.2375878487564,294.5396728515625,0.30831781257368823,332.7985201945081
5155,-840.7206482523554,310.86077880859375,0.3072207360902648,263.2171437888031
5156,-1180.8864311137427,286.7789001464844,0.3056361210384928,290.58365719347205
5157,-1079.442035283555,302.532470703125,0.2983828200798102,333.9884613937709
5158,-1010.224458468906,283.90753173828125,0.2904487471869386,265.0071874032047
5159,-783.4064767720589,288.1975402832031,0.2846451953986642,303.6747219769867
5160,-957.3228029294961,277.9157409667969,0.283198004684071,302.72103953532786
5161,-561.9527245362094,288.8487548828125,0.2853063016955882,209.1774054169746
5162,-1082.9545552376608,310.1840515136719,0.2884274385850957,298.4337560455981
5163,-941.7704570927563,280.0368347167969,0.2937870245379975,277.82789620107116
5164,-896.1963971065161,277.8895568847656,0.300321093701817,249.8735656480409
5165,-898.2698847769568,285.0097961425781,0.3063764886222873,274.93290738744736
5166,-730.8008621833093,288.63787841796875,0.30998322117865823,246.14770519701636
5167,-1159.6253740000916,297.1760559082031,0.30897555791850717,327.23964077577284
5168,-1341.7468794553477,280.5231628417969,0.3098791071293179,313.274191313012
5169,-1285.7042538807316,293.5902404785156,0.3153284442845155,351.81788173066786
5170,-1103.6744747879177,282.3403015136719,0.32620730509060103,285.32705047554697
5171,-1046.8527764046466,282.97320556640625,0.3400325590895395,293.8569707499656
5172,-1021.2705426441761,280.1720886230469,0.3544609690479296,283.01441748518045
5173,-874.0862505576773,277.87481689453125,0.3678182481916953,289.8953713954378
5174,-856.0732599314643,279.39263916015625,0.375078046461364,257.6961278792996
5175,-583.6213426043104,291.3887634277344,0.3757631306750052,238.252161984743
5176,-752.5399141255562,310.6033630371094,0.3647291904966105,270.6899219179783
5177,-1248.4952309598666,292.0111999511719,0.3526095072401064,352.7605821550741
5178,-877.6143971953488,278.5632629394531,0.8716826714226045,321.5245350168991
5179,-1040.392685065419,269.5214538574219,0.34144627561183105,307.6729045017965
5180,-752.6316009334727,275.7153625488281,0.33895755492576457,290.1792388465128
5181,-746.5883736202278,273.33935546875,0.34149308962241776,248.27362406920668
5182,-872.4402453308984,289.1251525878906,0.33801743385825944,280.58519156218
5183,-816.1939073622606,275.8827819824219,0.34120787429004984,299.066347951063
5184,-811.6712552955653,272.8839111328125,0.34570673562918897,273.45789084921705
5185,-830.0710911171875,281.85137939453125,0.3509471676707695,277.4481672342446
5186,-832.6577162017772,275.45269775390625,1.7963826693594456,288.7501449769839
5187,-750.7271267435286,274.4850158691406,0.3616238032561425,264.5663071096926
5188,-553.6246285099396,277.0967712402344,0.36821245884417697,268.39653874927217
5189,-975.2639409740245,283.803955078125,0.374055824218097,275.7852110749002
5190,-1108.9399567146486,296.54888916015625,0.37278024182417024,307.02842469240045
5191,-871.4542572308429,282.0968322753906,0.3652071666064893,292.5152955385601
5192,-842.8149804209808,274.8803405761719,0.3557074714203964,288.7608558050606
5193,-1086.992146758002,281.09234619140625,0.3447762619199632,278.22285464364734
5194,-616.2776155685152,286.0246276855469,0.3323352695397991,239.60048203673836
5195,-1226.4640229207373,301.5813293457031,0.3245978856420798,317.79572382722097
5196,-1176.2111995048817,296.40802001953125,0.3149954664446114,324.11642365851856
5197,-1158.4691401348905,284.0801696777344,0.30908221732273355,295.7389322300653
5198,-423.79310245480497,286.2693176269531,0.31035806202966865,254.19307288906967
5199,-737.9423958681248,295.2178649902344,0.7099511823325884,316.13781732753677
5200,-656.8443150186283,270.971435546875,0.31854172532963854,281.0760372508437
5201,-1025.2777083176834,290.13226318359375,0.32169233948324716,338.45325675731857
5202,-1090.210512778452,283.0768127441406,0.3248967154064756,259.7265754321476
5203,-750.8905837500661,289.65789794921875,0.32795160964646264,268.7796356355363
5204,-754.1433391199107,288.0772399902344,0.3309279235071034,280.83383935403447
5205,-1105.660963056479,282.0480041503906,0.33421321309591434,324.8140152243431
5206,-1423.1396009143161,301.2120056152344,0.33672310834171676,308.84274451249973
5207,-1121.5953552920419,310.3760681152344,0.3380701905540744,333.5178100112489
5208,-1143.9480795125767,281.504638671875,0.3393392610578837,320.70166649185603
5209,-1222.9506472457813,272.0390930175781,0.3420586182735298,349.6780986149005
5210,-879.9353629050016,274.7192687988281,0.34672617967578734,295.0711406047709
5211,-618.6532666618583,280.1007995605469,0.35127479586429944,250.15266625599168
5212,-863.6326612864192,314.4110107421875,0.35420816064704497,290.93398153286734
5213,-1062.5352193588894,292.7584533691406,0.3569951388928455,324.42563852456425
5214,-1237.2162556875037,281.7301940917969,0.36037743423354984,323.2053835740869
5215,-1138.5938548055087,272.8269348144531,0.36385910691358037,358.55491787748343
5216,-816.9458911225444,274.44366455078125,0.36710772997571545,261.64900020770887
5217,-812.542281139445,289.2764892578125,0.36965166096372526,280.47732540609695
5218,-998.371936166155,293.02728271484375,0.3719525747436716,296.94175149072333
5219,-1050.4420826146047,283.7383728027344,0.5843683925631922,325.0678729000017
5220,-681.6510388409267,278.4385986328125,0.38006894107140776,282.8944282342027
5221,-943.9651454464898,300.3115539550781,0.38629227704240066,294.1246095621288
5222,-666.9554355252681,279.47808837890625,0.39524140300866006,267.3692351455042
5223,-919.1001029431999,290.30145263671875,0.4077682444526547,288.39155302778704
5224,-1033.5346191429987,294.4244384765625,0.42035438872339226,304.91700575574805
5225,-716.234632015422,325.79962158203125,0.44047413353206255,312.2059322284416
5226,-1029.316597397401,284.401123046875,0.46200526327934077,343.3154612170397
5227,-959.2231335423145,294.01678466796875,0.48295790807424055,301.9922712426878
5228,-799.4226654080827,358.27044677734375,0.4913353526686408,282.16361904837504
5229,-1006.248506551375,321.76654052734375,0.502497300015921,296.5799226561249
5230,-1345.8082018041716,301.9101257324219,0.5021557398918048,371.98412026655143
5231,-916.8543438366203,320.6781005859375,0.48997243678433106,315.3808744336258
5232,-1152.4285006164487,330.10028076171875,0.4734905921224434,306.90631858846075
5233,-1275.6974162285228,349.40966796875,1.2401337252231315,350.62840980754356
5234,-1114.9294464704124,313.9850769042969,0.4247414828669207,320.558883186414
5235,-1128.115026792599,323.12127685546875,0.3880560856583557,310.1135306943827
5236,-1257.7234618241018,333.4459228515625,0.7821973325335421,367.7155652274816
5237,-893.936193975035,284.8278503417969,0.3412003904747087,317.50345650983417
5238,-832.6997386692733,279.8357849121094,0.3310064210566853,284.4220337885159
5239,-1038.510820779628,280.20654296875,0.3258094987720312,314.30377747597134
5240,-878.9566345888377,275.6095275878906,0.3258125857602362,289.8059488747725
5241,-885.148443213842,294.44903564453125,0.6345476185088046,289.8060257354002
5242,-784.0236335939873,296.8115234375,0.33377395688735373,311.1862227585644
5243,-1183.0606611026442,292.1707763671875,0.33800779258488944,322.43806135321654
5244,-803.2351476685334,306.3134460449219,0.3425871455766403,290.5050386990616
5245,-923.066328370226,298.95672607421875,0.3484329094949162,292.01357163677335
5246,-1163.330207786726,303.0534973144531,0.3521262307222024,296.57945274223397
5247,-874.9144980434296,312.5818176269531,0.3569818727566016,305.12964268132293
5248,-902.8070594629977,293.876953125,0.3638936958259037,315.3669453797194
5249,-999.018571524166,286.8657531738281,0.37094465789597947,321.60944205230464
5250,-526.019193919771,280.924560546875,0.3894025174424769,261.22720897893885
5251,-1227.735192843544,315.3370666503906,0.4088909065635562,362.490297445551
5252,-820.4972851435474,265.58453369140625,0.4194527523842319,282.58201897403507
5253,-1059.4738691158059,290.60491943359375,0.43268490548373684,327.3379245031621
5254,-790.3917472012305,269.4013366699219,1.0678838670719415,313.63170715073346
5255,-867.0888312553992,272.2433166503906,0.508657560319989,269.9477545436614
5256,-1206.5247367990185,308.3977355957031,0.9514801999903284,332.27351659177134
5257,-1374.148744174814,310.05401611328125,0.4588448157149969,333.5341834095509
5258,-1102.926607057328,290.28564453125,1.3645558521384373,338.6560377888213
5259,-1043.0248308462117,277.0948791503906,0.48904209086322226,314.4850895478766
5260,-1180.0869983728621,310.2212219238281,0.5477405414567329,326.94332840725656
5261,-1227.2711035011982,290.9927978515625,1.1277842036797665,370.75791369577513
5262,-966.4139990217594,263.75982666015625,0.9701424930244684,295.2114109576537
5263,-976.5311300843598,284.5107421875,0.36018634688116435,319.9737624217814
5264,-974.9985638669664,552.0322875976562,0.5052162624779157,325.24485207273625
5265,-1125.899691497954,0,0,358.0695906782584
5266,-1452.7504699789201,21.114160537719727,0.6154420553648379,376.0083522851452
5267,-1050.2117995798558,313.359130859375,0.45421268153586425,324.66295281414887
5268,-1030.9974429515376,288.41680908203125,0.44327869074913906,315.98815074102106
5269,-1057.1505776000756,285.26165771484375,0.5246974173933268,335.2219947604375
5270,-1070.4974377077017,281.31500244140625,0.5877407411462627,337.5755246436791
5271,-1521.505466123327,283.4855651855469,0.3780626215475422,376.00523007235074
5272,-1149.0871544238064,297.1980895996094,0.9004762364784256,361.06381566330367
5273,-1475.472379552191,276.58428955078125,0.4284090527326043,401.5434450568609
5274,-720.779687463631,288.91741943359375,0.3867995299160651,248.68333713813553
5275,-925.7462269320532,309.8857116699219,0.7388526237336919,327.94105221304017
5276,-1268.5498960038399,283.385009765625,0.39863935069958656,357.5046372641843
5277,-1161.435328451681,277.5375061035156,0.5990713157661958,371.4288291708032
5278,-954.2000382764478,274.532958984375,0.4231085441904741,304.09592092346804
5279,-780.4627013792333,282.9660949707031,0.4468860749023953,297.5288426118292
5280,-1408.7618886917348,290.36517333984375,0.9169255866727326,385.0202233058376
5281,-986.9118631355728,287.83856201171875,0.6117692393236212,320.801720147202
5282,-1258.2064346710802,281.1093444824219,1.5903885473962873,361.3640042253684
5283,-1004.9376752218158,283.677734375,0.5629445641013235,303.0309188211204
5284,-958.5757547653833,286.6572265625,0.579157009707842,307.42716663204413
5285,-558.3865952846681,281.5162353515625,0.5960167344898579,289.39188738882507
5286,-889.9627462696153,294.6958312988281,0.6491419868819224,283.0510140275858
5287,-1261.1795798515145,285.3270568847656,0.706368504480339,357.9460784502059
5288,-977.7639387725875,292.87286376953125,0.7321926519140096,317.93157651039894
5289,-866.3898928193244,283.1300048828125,0.7481915348013294,333.6968171859299
5290,-1073.9699184667495,273.66461181640625,0.764485541474887,341.5896126578065
5291,-1077.7307386896484,279.53033447265625,0.758773291714198,333.28098162672933
5292,-924.6395202661761,281.6476135253906,0.7397646121076134,321.7477671367481
5293,-1230.7180203645896,280.064697265625,0.7162075203337872,363.8636181660049
5294,-1221.9119248232453,294.5107421875,0.7407277869424433,319.37584965025326
5295,-1184.3928425124273,291.7544250488281,0.567343516752328,342.3223947792571
5296,-1364.3685227774156,287.3089599609375,0.4762483602043308,386.7696898764728
5297,-947.5851864879355,294.561279296875,0.3715687377738581,293.59755279659373
5298,-1214.8908052194145,287.53668212890625,0.30846227913503604,368.0165863107132
5299,-1238.7718529040988,279.17901611328125,0.27918885638743285,357.5310230585004
5300,-1066.9942733936457,284.1256408691406,0.29667061868434286,327.23828781968496
5301,-937.7372664395658,286.2804870605469,0.3311745298112889,314.95703698210775
5302,-1436.938191329108,289.1181945800781,0.3514892182285424,356.3513895190026
5303,-775.9903341818655,27.018707275390625,0.38862410544284737,309.70493151428815
5304,-1214.5254402325852,298.1233825683594,0.3804865927360066,336.3552127859833
5305,-1183.0807572123085,288.85577392578125,0.3714134226685284,340.4016212915792
5306,-995.8309093690467,287.93719482421875,0.35748297891360487,318.7787089321278
5307,-1418.0595965185748,288.1843566894531,0.3344354325571616,406.4401570205656
5308,-1020.4509463023492,289.9885559082031,0.32395829870035575,338.8106052119842
5309,-1287.6241916758825,284.7635498046875,0.32133390878491935,384.85929251852997
5310,-1258.4541372156145,284.2821960449219,0.32814384063840407,366.2731359347615
5311,-1256.7255413227088,283.77392578125,0.3350884214241579,363.09559147702475
5312,-778.6346817039067,285.82244873046875,0.3456318878252187,291.8716688546849
5313,-1280.20273880682,290.80035400390625,0.3751156430633931,391.77483314125607
5314,-1332.7893082846765,287.73541259765625,0.39590163630799713,378.84192612664174
5315,-1110.601870898267,289.20343017578125,0.3985165251913384,360.2717300022223
5316,-1156.8922238931864,280.1818542480469,0.40557161746553866,381.59272567288247
5317,-1315.7458823757788,286.6855773925781,0.39392625745564946,342.7085437068345
5318,-1090.7674406862088,293.07977294921875,0.3662282156919391,310.9076248902311
5319,-1048.6559207718558,286.6415710449219,0.3510130285018229,312.01459177196836
5320,-1419.8289575119977,285.94940185546875,0.3478354760982562,406.1424673552031
5321,-856.5298931860373,46.76178741455078,0.3298998072982293,284.30790653344525
5322,-1362.2873273757339,298.3246154785156,0.32785849607115036,383.444680714586
5323,-934.8138775756422,298.6376037597656,0.32532283506968007,349.8328337240857
5324,-1517.553310804632,287.9703674316406,0.32191257503130066,401.80447405983097
5325,-1060.3436432881867,289.2314147949219,0.3181501125873504,322.7706953265641
5326,-759.7074897338815,287.56805419921875,0.32068074400251384,286.5631837852003
5327,-1414.768575211771,300.5393371582031,0.3248170712693347,378.9920379504389
5328,-1320.6736719173675,284.4914855957031,0.32800740527610206,329.21331531479836
5329,-1347.2736291691965,307.3203125,0.32715035851573365,359.2349013631766
5330,-1395.1809335874616,280.18524169921875,0.32866794719688047,393.8083729969766
5331,-1040.7837053662124,297.3335876464844,0.33256445641542115,342.7347757356912
5332,-1290.9316762689825,283.6452941894531,0.3358414125392334,386.2107568602946
5333,-1215.1759956005465,291.465576171875,0.34182413192915767,363.4951239319745
5334,-1416.2322796664616,283.0050048828125,0.35023014911965267,391.6068695825029
5335,-1497.359527484683,286.3341064453125,0.3677253318734407,397.89076827018306
5336,-1399.4011384126716,289.8294677734375,0.3997085274049444,379.9251387473744
5337,-1151.0140274389337,285.5982971191406,0.43513671875945636,343.9380244890293
5338,-1241.3425113984945,288.65252685546875,0.4679019390042274,332.5473361216664
5339,-970.6186071876139,295.27716064453125,0.4830395822555147,345.6060449820943
5340,-1064.037946966085,290.078369140625,0.454405063303966,354.4956368368687
5341,-855.7749717244222,287.2421569824219,0.41030281117204925,302.0007107001609
5342,-1126.936272465657,297.0421447753906,0.3836296937559751,363.1671378004489
5343,-1320.5565904369973,288.142578125,0.38836094597017146,355.68723487548056
5344,-1279.900023901973,290.32879638671875,0.40909241684021774,357.4310462343548
5345,-1069.084139404346,283.00262451171875,0.4381682954497714,334.2416740311956
5346,-1189.0724473874286,283.2642517089844,0.46983681932406707,336.13467339832863
5347,-954.5632375870568,289.4678039550781,0.5121013584524181,337.34268364371053
5348,-1115.45632242618,284.1159362792969,0.5526692825156789,357.1441881680411
5349,-1268.8643249766878,289.6844177246094,0.5743150409871574,369.26797097316023
5350,-1659.885489714215,314.2195129394531,0.5441415276665788,425.65905009758455
5351,-1202.7878353111084,301.3378601074219,0.48414783381150445,378.52365829778194
5352,-1393.7171751860928,293.43023681640625,0.41287132055728026,350.5299993120925
5353,-964.6846028640025,292.7362976074219,0.3625225734229612,330.42267194209904
5354,-1071.1596741441144,287.5490417480469,0.33808525953068624,357.74319078407285
5355,-1104.206505727901,283.4684753417969,0.32826668772531775,343.70155164522276
5356,-1219.8816586278863,296.605712890625,0.32095381955285085,359.59747047191684
5357,-1584.2228698928932,307.2948913574219,0.3258678374748668,389.32589334101715
5358,-985.1528553988321,284.5316162109375,0.3406754729134775,304.06359997236865
5359,-1175.835077021814,300.7830810546875,0.35448497953467917,320.39252908806793
5360,-1192.3027986681186,295.4842834472656,0.3600677686177541,359.8859509553993
5361,-1466.0748165186574,306.0413513183594,0.37236236943875567,376.5028848253075
5362,-1071.3193833925502,285.1225280761719,0.3752460686226019,327.43470300230916
5363,-1302.1773900280514,294.90264892578125,0.3764436072775492,347.77362521814854
5364,-1531.171121170784,304.3651123046875,0.3887506269348613,390.8540524626079
5365,-941.7274580538365,289.5128479003906,0.3820450393604812,340.3888326274929
5366,-1277.168243236997,292.8811340332031,0.37391074064729324,362.3724869290138
5367,-1296.9196723022128,288.0719909667969,0.36852341405425393,359.1929399381927
5368,-1173.7553426810236,289.1200256347656,0.36259489158892105,339.6614007230821
5369,-1288.7837384113982,295.85125732421875,0.3585172875328513,380.5708461398113
5370,-1340.1734731879735,290.1288757324219,0.35728903948638524,377.48095305206607
5371,-1489.807467517616,298.7907409667969,0.36065582793249296,394.98055021391184
5372,-1259.1672375171033,292.5734558105469,0.3647057944596435,372.83871143269175
5373,-1270.7846310761856,283.5608215332031,0.36939196350082587,347.3183096886878
5374,-1340.2889413308726,297.7212219238281,0.3773291399441027,378.1060295793301
5375,-1318.9650606200446,286.7294616699219,0.38864361541962544,356.3978892789697
5376,-1223.0911846424465,573.6818237304688,0.3886147226168497,374.9084539143845
5377,-1362.044037931031,0,0,355.6839096256462
5378,-1275.1005939726565,294.9019470214844,0.3921941376387523,337.1624150573541
5379,-1174.0266262640378,307.0638427734375,0.39534353783432863,326.7958300515736
5380,-1664.3556209743715,302.02252197265625,0.3926929009533795,404.7082393906259
5381,-1120.0870734709472,313.026611328125,0.4113228684377983,350.85692901239696
5382,-1011.6091182504516,291.4847412109375,0.41893889482836905,346.1978092390986
5383,-1197.545323653506,292.92425537109375,0.40737964950915934,321.2188694713477
5384,-1205.6886180384,305.3814392089844,0.3914544770087671,377.60055120064794
5385,-1480.122664840142,309.2351379394531,0.37767399129347873,402.4914692980825
5386,-1306.3456770056791,332.67626953125,0.3731311023010707,383.373047138704
5387,-1517.2429079573678,322.991943359375,0.37176292254248283,366.5833711456758
5388,-1316.4165453206313,310.25750732421875,0.3701889424407384,345.45262965259263
5389,-1497.7288992294098,296.3092041015625,0.3684934942150131,368.4452932160538
5390,-1026.0941670526915,307.32403564453125,0.37021950652783014,311.8416759966284
5391,-1121.083344180406,295.9766540527344,0.3722630993935516,339.07963578193994
5392,-1142.14669010358,291.0074157714844,0.37163901661821647,334.1827104349907
5393,-1262.1944400491402,309.4190368652344,0.3702283168202314,376.8756088770506
5394,-881.6789344081726,290.08978271484375,0.36919433978568017,313.874410804548
5395,-1225.7991629943779,303.5635681152344,0.3668704561758408,324.97671562108434
5396,-1014.4248674495772,303.47698974609375,0.36779262255085143,303.4210759229183
5397,-1103.605435756126,300.9779357910156,0.37547601349867676,318.197451692457
5398,-1295.7949220573225,305.2647705078125,0.39330082671428257,356.402183929375
5399,-1040.7527902717413,340.3603515625,0.4115891039389268,321.09741912996014
5400,-1064.2883565842817,302.55303955078125,0.4423815037437847,266.28026666825343
5401,-958.5773813669746,311.04132080078125,0.4707582023625643,282.32978194387783
5402,-1605.4647146748164,305.8406677246094,0.5046961673177555,392.5886378990664
5403,-1261.4161388005466,328.9898681640625,0.47769770036430037,365.92027621498437
5404,-1099.6491220831472,308.73065185546875,0.4364663945489995,356.65104348569577
5405,-940.775329197222,308.5622253417969,0.39267189438285816,320.9923427123246
5406,-1219.072932731359,294.29473876953125,0.364512302222395,320.6122094202746
5407,-712.5679230682356,312.11083984375,0.34059797912693834,291.63354098230343
5408,-838.2083728868988,310.8348693847656,0.3431418017337058,291.0905133865034
5409,-1239.072403153768,309.4561767578125,0.36104249931837346,384.7130708985466
5410,-1398.2697252689572,306.5705261230469,0.3676712573556578,356.14791515922445
5411,-1185.6191905918065,312.04168701171875,0.3581639711343705,344.08696255894404
5412,-1274.5026446792149,295.73321533203125,0.34486281387342066,357.2847746337397
5413,-1467.47700856655,296.0964660644531,0.33082887343959805,403.74229146505536
5414,-1122.2571201629726,311.9413757324219,0.31514272763498496,341.03878828837634
5415,-1148.408233838343,311.3738708496094,0.32227194669394965,326.2878197677465
5416,-1106.7227637486258,296.7822570800781,0.34464972753713413,316.7245571017585
5417,-1499.657898685234,299.5917053222656,0.366747304260896,388.83086306114404
5418,-1684.5003629908433,304.3322448730469,0.4114838142155953,389.3375617010661
5419,-1715.7171536491105,322.7999572753906,0.49778660217679715,393.4661529331216
5420,-1572.8157562732597,335.26239013671875,0.6168473682090024,417.7883732968185
5421,-1315.7753661817367,303.6297912597656,0.7491873150208738,373.1777238983312
5422,-1432.1618014519897,297.9730224609375,0.8738141740877836,353.5855603616263
5423,-1162.236134574361,302.63787841796875,0.951165769565192,356.4871168096026
5424,-1125.8032357116094,309.0916442871094,0.9815461283337583,344.979129749439
5425,-1050.8754114018423,305.95458984375,0.9630974007100552,318.00142459829874
5426,-1276.0876367509852,321.3183898925781,0.8903325608894122,362.547851223732
5427,-1422.4664645874755,301.5517272949219,0.8070272475492146,352.4122878079787
5428,-1405.3286781324787,306.551025390625,0.7354200469000077,339.33129197497965
5429,-1315.5378449943437,305.9169921875,0.6733553258077485,338.41390726353666
5430,-1496.3369905307486,302.4695739746094,0.615338956098915,407.47970256417324
5431,-1454.0666606219886,307.4598388671875,0.58761157887678,360.9847612822081
5432,-1289.099936379941,301.53192138671875,0.5737156000023893,332.9156203101618
5433,-1558.7686264370527,304.8269958496094,0.5630790100994681,395.532539144279
5434,-1135.9963836477966,305.76129150390625,0.5579855130853504,355.20509634415174
5435,-1295.0726051388087,295.8966369628906,0.5471335859236384,361.29341279680716
5436,-1289.7815494763038,299.6817932128906,0.5391533641285589,331.32351375938
5437,-1035.0675956514417,308.81390380859375,0.5309827148761697,303.01140556632805
5438,-1154.6646028883742,305.1767578125,0.5119291807432235,344.02205580030943
5439,-1349.338896733105,298.1494140625,0.49395347629600755,403.5786562899834
5440,-942.7600051954571,300.9485168457031,0.48322376286471513,275.94944687046967
5441,-1205.2443228306608,314.29278564453125,0.46808899378616076,330.1301366479572
5442,-1411.3657543242573,305.9768371582031,0.4598466979922675,343.6107849607288
5443,-921.0973373262245,316.8441162109375,0.4559523211077483,306.7946314364413
5444,-883.9833071823315,305.6484375,0.4483097946397283,331.09717285200077
5445,-930.4322563897898,297.226318359375,0.44515367559199603,331.28822972202164
5446,-1207.1607536074491,299.65008544921875,0.4462836190248626,337.6292559500155
5447,-1416.0206791486871,304.9729309082031,0.4470351195438256,352.5902911511496
5448,-1125.472724743517,311.8289489746094,0.4434395398866223,318.3670452241653
5449,-1424.7403166556053,310.7537536621094,0.43745009307902416,372.3994855463428
5450,-1010.5680865736521,313.5038757324219,0.42949661221863566,303.6173608480017
5451,-1302.5747505920317,316.85809326171875,0.42246528086702995,297.88920342571714
5452,-1394.787449548533,315.6807861328125,0.4192830322787998,339.8336605232102
5453,-1351.284508289291,311.4074401855469,0.42326826885673186,343.0077477011657
5454,-1280.363132832974,303.94091796875,0.43659385582375265,350.49991164215527
5455,-824.9795128059087,300.15863037109375,0.45054734471162305,289.44721678071016
5456,-1398.912811188292,316.1967468261719,0.46299313773283757,370.14005174695137
5457,-1167.2237287905805,297.46868896484375,0.4782806355244702,318.48656992591356
5458,-875.1196831803703,312.39215087890625,0.4778166926833157,325.0352146967299
5459,-1229.4391718726406,303.452392578125,0.4756118380932968,338.1260618861399
5460,-1264.7919689944513,300.7687072753906,0.47249010672641867,364.15626792341465
5461,-974.3779830522448,298.9386291503906,0.46621415460751203,324.15493915595215
5462,-945.8827127377416,306.6955261230469,0.4604775570923584,301.61442630876843
5463,-1254.0675856058701,312.0729064941406,0.45930033820032623,304.5093745954442
5464,-1411.8246717647153,320.3409118652344,0.46023214742899254,347.41157477408024
5465,-1017.9762391996388,308.9652404785156,0.46298932752668787,307.8141386586588
5466,-1175.1345499610131,307.94366455078125,0.4637108936984937,331.11948733708726
5467,-860.7668393228528,300.481689453125,0.471542363541372,278.10033002137516
5468,-1321.3879812876953,326.7439270019531,0.4796432614548394,268.5259132046731
5469,-1258.5300828508246,323.8002624511719,0.4778352234753255,356.36858951996214
5470,-1311.150653555652,308.2174377441406,0.47015869223873663,321.0499981413509
5471,-1241.3870304101438,309.4798278808594,0.4593037252402675,345.0212146828321
5472,-1050.1563253101895,301.3053894042969,0.45053859339743796,345.5275595640606
5473,-769.874640050822,297.9554138183594,0.44816904280324776,239.4877527311128
5474,-1105.249108728891,331.4980773925781,0.4499689912288751,339.30398823289545
5475,-1253.1849459913176,306.62921142578125,0.44728131304544816,325.5818615148664
5476,-1165.4689127228169,306.3220520019531,0.443380933519423,345.5559772109918
5477,-1085.2808305790134,300.8937683105469,0.4389229807409037,305.6880176363442
5478,-846.842924902577,306.3262023925781,0.4436326071149246,322.60128119278767
5479,-1086.6891715769932,310.2636413574219,0.4495057378821028,344.30268648774506
5480,-1080.5626084493506,297.966064453125,0.45465619294587467,328.9024563046913
5481,-894.7577484248995,298.6476745605469,0.485445565165719,292.73385039055086
5482,-1047.6190635302755,310.5237121582031,0.5190875481930561,316.0272081989932
5483,-1166.0098106208159,311.1593933105469,0.4816887875380642,308.88873088049473
5484,-1181.5322275311735,311.9069519042969,0.4782447379366497,299.9644948356368
5485,-1292.1269780123619,321.9925537109375,0.4626978209623305,350.47166329506115
5486,-960.7641140909523,299.4298400878906,0.4545948246573288,327.4427927950065
5487,-1101.5945493874087,312.9148254394531,0.4450511605758485,362.17833175736325
5488,-698.0148405312369,601.2023315429688,0.46646618943441354,258.5895536072329
5489,-1283.4948859648446,0,0,302.78509287923026
5490,-1422.6702731243563,322.53271484375,0.4734275667057918,383.83469415473144
5491,-1218.1114781677097,315.5296936035156,0.4584386851963591,320.56783720489875
5492,-1153.179832522223,320.2919006347656,0.4351512732370655,301.969458107232
5493,-1321.259622014847,332.9427490234375,0.41003302482787474,304.3843877112331
5494,-1498.7685102109235,331.1214904785156,0.38392175013511043,355.0306612400659
5495,-1233.6488468232176,321.38287353515625,0.3672608813443702,355.2425912430593
5496,-1092.9396886161326,304.7908935546875,0.37512981767391906,355.11791732343704
5497,-1026.1312079875138,313.6416931152344,0.3940990188005122,248.11010380859904
5498,-894.2919105270762,335.32794189453125,0.4075478146562849,238.2157336812948
5499,-1134.1419978439358,345.27703857421875,0.40123920366661914,321.4326657167439
5500,-1216.6827193692523,312.19476318359375,0.3941826095556836,300.66935944264833
5501,-1107.422624047473,322.8818664550781,0.3887229137145554,273.5447032358974
5502,-1025.4588699861706,332.0763244628906,0.3852706777030828,249.96451563957322
5503,-881.5190001580957,332.7511291503906,0.3873123979632141,314.2126763105283
5504,-645.0530191904456,310.38262939453125,0.40414024594925846,294.55672374611083
5505,-1049.7441680677573,345.99176025390625,0.4495670298379779,307.24606474351197
5506,-1529.1446280120617,329.7684631347656,0.5045728834392579,369.4372470817077
5507,-1003.7240556964666,360.04901123046875,0.5247160801911639,308.5842974153666
5508,-1455.5818571250798,378.4930725097656,0.5294085490883726,357.5985596992312
5509,-1197.4066687301874,333.1501159667969,0.5024618968575733,326.0442136447642
5510,-1208.3906944638793,322.1519470214844,0.4754360156966868,334.3396608327369
5511,-1414.5475362883167,335.7132263183594,0.41928671875390433,372.06492493412
5512,-1014.1266874630461,316.9778747558594,0.37248190753675886,319.1285830632309
5513,-1102.1895684059468,310.4791564941406,0.3521122124132697,342.78626233623777
5514,-1317.7607752395402,305.145263671875,0.3454826326577902,352.4671052867571
5515,-1305.5014782281512,323.0186462402344,0.3501144890388163,313.13154946482615
5516,-1135.9461827374114,338.2991943359375,0.36188312853796034,326.25177233713015
5517,-1171.424302326453,319.4317626953125,0.3735258319778154,313.75452204432975
5518,-1142.835183262425,332.19366455078125,0.3805220723283633,335.58666053985576
5519,-1147.9365189735674,315.1812438964844,0.38052062030747524,336.48539279405105
5520,-1579.9004368880712,309.2509460449219,0.37795901066810345,395.2348743694628
5521,-914.8806413722457,332.30633544921875,0.38252830958113737,248.1266422207014
5522,-1319.2886795190361,339.2606201171875,0.3803915416875632,332.2497228997804
5523,-1129.774273137024,315.75372314453125,0.3794255411732118,333.5201359121664
5524,-1286.3724219050528,332.45562744140625,0.37828922743927484,367.8156074057463
5525,-1100.6707506584207,305.2745666503906,0.3779656276662555,317.64284143949163
5526,-1282.0781139936046,313.0726623535156,0.37704355100072573,341.2140123247498
5527,-671.0443551111562,312.90435791015625,0.3772814352610866,297.00010119361286
5528,-1041.864100207479,338.82269287109375,0.38551790055999313,261.4553723180169
5529,-1155.1120836875366,365.4772033691406,0.4085831594951948,304.81561884843086
5530,-1394.6463977891112,354.65472412109375,0.44811524292352123,359.4835894378221
5531,-934.7804886553895,373.3011779785156,0.48413507549003043,276.04232727750656
5532,-1473.7036031029184,350.1809997558594,0.5228013905597843,347.8981851197548
5533,-884.1676953149663,326.1920471191406,0.5404179752297213,299.09322282321597
5534,-1185.7238517895933,325.2206115722656,0.5612640398340019,333.2180677760956
5535,-1117.4930040886322,321.71270751953125,0.5602121539459973,283.2480810090007
5536,-1227.5466831505044,326.582275390625,0.5490003198562722,345.7823519176706
5537,-957.9555022857941,370.0123596191406,0.509978505266609,316.11094407251346
5538,-911.9115978192644,366.16143798828125,0.4633532368934391,205.96041614240556
5539,-1125.4674466871631,397.1007995605469,0.4217886926697134,330.55208257914535
5540,-812.3040931025154,398.4127502441406,0.37538097780139656,274.7887375551841
5541,-1217.9954509643,347.04412841796875,0.34595349438560896,346.0292024467698
5542,-690.9290140858883,332.7892150878906,0.324039375275858,272.12349320307237
5543,-1359.4249728439345,367.4759216308594,0.31309833282671395,359.64501860109715
5544,-1324.9486514445503,333.93597412109375,0.30331545099704726,350.32384978053506
5545,-1298.004553355559,313.40289306640625,0.3028958385343263,356.03485014898064
5546,-861.2762513989202,315.0361022949219,0.312646674735843,276.76995353353493
5547,-1204.7504511463558,339.0635070800781,0.3181277091950978,312.7337140363784
5548,-1259.4726040684764,332.4859924316406,0.31971016407708075,342.6177217186156
5549,-886.8678722274685,340.5498962402344,0.3175262563808228,269.27215752060346
5550,-1125.430471485338,335.2845153808594,0.3127401896761167,342.28682975908146
5551,-1126.705818741145,318.9653625488281,0.3181985654476838,341.41846032463036
5552,-1472.3973068134267,330.93603515625,0.3222940192160907,362.69657395993886
5553,-1024.3477168277302,320.05401611328125,0.320951008531321,287.29344049186545
5554,-642.2160594230053,327.7486267089844,0.33837279786621366,267.3625405616336
5555,-1114.675877323984,338.2818603515625,0.3500244421980644,288.7120252432424
5556,-1084.5655576400698,328.2980651855469,0.36707652539499236,247.97071290744046
5557,-962.0913698919204,332.8476257324219,0.3980259724892221,308.58867991227345
5558,-1351.7961804182298,328.3309326171875,0.41531325921915974,315.1413920294729
5559,-1067.1566097547063,323.9398498535156,0.42663773170164987,329.80685008420136
5560,-1267.3297093575686,329.20306396484375,0.4288459201530461,332.91286160631205
5561,-1339.7529812551315,339.7881774902344,0.4055039559963865,328.4515317843478
5562,-1212.5837031666981,326.70245361328125,0.3690595015842982,303.0901958637313
5563,-1102.2070745042608,319.9526672363281,0.3400801791353144,318.8341835495345
5564,-1225.0647826157126,320.34783935546875,0.3115677496431682,334.3099598808553
5565,-1056.0812761621403,314.99932861328125,0.29203535157002897,311.1400133900569
5566,-1222.958392884937,317.4553527832031,0.2847910553929165,318.64178160620344
5567,-994.8930098555578,319.3382873535156,0.286918758089015,291.9904332251531
5568,-913.2311865121038,323.77301025390625,0.28798619788549723,335.35491152696966
5569,-897.8691347023381,314.6956787109375,0.28826494046029505,329.3628551260683
5570,-1264.5944945579301,318.52117919921875,0.2906820332352482,346.6520280044867
5571,-982.8541964788715,319.562255859375,0.2969308331960526,320.6818777882747
5572,-947.8733917351251,314.5985412597656,0.3143752409183548,336.7252208086406
5573,-1013.2087362839012,308.1839599609375,0.33770811503119025,292.27918173144326
5574,-1275.7045466191507,347.80133056640625,0.3400688021713256,347.47443901947287
5575,-874.70918025795,336.0643615722656,0.33655165959911987,266.32460678482096
5576,-1073.6573523289037,339.1775207519531,0.33168665855448326,267.81111708117436
5577,-1034.9262200231774,328.9995422363281,0.33717064999442603,320.1028768245532
5578,-1460.4624041318002,339.09002685546875,0.3258801808627561,370.42356282952267
5579,-849.9449678082142,319.0505676269531,0.3222501895496037,290.5633047488483
5580,-1351.3473936819657,367.02142333984375,0.3185590389075926,325.888460465264
5581,-1201.362079426262,340.66912841796875,0.30970275201834596,340.2452904771277
5582,-1233.2146364108385,332.9122619628906,0.29834527883421513,350.88201742534557
5583,-874.2350597986788,339.1383361816406,0.2994702007843514,316.4984570801681
5584,-488.99501992256063,329.8092956542969,0.32801389800835495,250.91164179933793
5585,-974.0780920806313,335.487060546875,0.37458758808197284,313.6836294849825
5586,-1067.887479189613,316.71099853515625,0.4165433302139562,298.3021787792929
5587,-989.5076067363227,336.32568359375,0.45286950119811253,301.7677604650834
5588,-958.4860846617028,323.7217712402344,0.481296517029514,256.1758944962911
5589,-1128.410450152814,361.8609619140625,0.48857837898698886,341.05345416302885
5590,-1034.026750831129,321.9658203125,0.4760239052948745,301.5943049749824
5591,-1156.0057754961801,335.8428955078125,0.4404766517712611,260.7886253774723
5592,-1086.77797507094,341.7960510253906,0.40517034680787584,347.3013499971255
5593,-1262.3087831058024,322.5191345214844,0.34952503034481075,355.50682704780877
5594,-1085.5378431442502,323.4359436035156,0.301334489149169,354.15995627147623
5595,-1108.3629322689487,327.52886962890625,0.2655140367861626,347.9179934361178
5596,-814.4097191056977,323.6146240234375,0.25986333664832273,311.47344218410524
5597,-1228.165471357382,338.26397705078125,0.2490301437411228,348.7979512628344
5598,-857.0337723093011,312.68975830078125,0.24913898285700672,260.6197844073139
5599,-872.2765637692935,349.7684631347656,0.25429996182336784,317.14961492484804
5600,-912.0726976225743,640.3690795898438,0.281349752670507,303.7119192312008
5601,-973.4177143595665,0,0,312.1367262912814
5602,-1061.1139560282782,323.1113586425781,0.3238811457668831,348.9160482572001
5603,-1035.2226908851853,330.6318054199219,0.3619607572266737,348.8169304857435
5604,-1004.2938393005719,342.4185791015625,0.3857257061547218,314.97080042557565
5605,-1268.7472965871987,353.7196044921875,0.39481161775591467,309.2499757808739
5606,-1052.7532562472513,386.3821716308594,0.3619919217213945,307.0978189183062
5607,-1291.4706433014478,363.7257080078125,0.3176966063895797,341.1446228485588
5608,-893.6922645523988,430.3258972167969,0.2556552326215069,319.0329433168627
5609,-824.4747915252505,366.995849609375,0.238369207319049,324.7657085183722
5610,-1327.0007796474576,382.2916564941406,0.26047152400208595,336.41300073605083
5611,-1097.8424379035523,355.9898681640625,0.3266222726018044,322.77515757859425
5612,-1117.1414761444623,365.4936218261719,0.40848804356575963,288.1080234149065
5613,-1262.1370314066726,352.1992492675781,0.48639701054264606,305.8855614032499
5614,-950.0411153547617,378.4119873046875,1.0083540917257778,249.0296952592223
5615,-1237.1578035583718,430.7778625488281,0.6280837166405036,339.39055962139685
5616,-1301.2435950375404,381.1217956542969,0.9350150978134479,330.2932417411673
5617,-894.4897258141258,353.05596923828125,0.7479007732090395,292.59548958538784
5618,-650.2481031351035,350.7431335449219,1.9005079726921394,281.17826549417714
5619,-947.585775710102,373.14813232421875,1.212791852769442,255.8031423891004
5620,-841.6217953165515,366.51983642578125,0.6216983248232282,289.26840229578556
5621,-1118.3445729466061,364.48065185546875,0.41306228466908124,333.1793859125762
5622,-843.5329797301096,358.95513916015625,0.5588158633909188,332.29417831089614
5623,-895.6227492770538,361.4106750488281,0.32947842819686457,294.76426628838067
5624,-1281.9369326621168,338.4037170410156,0.41299664728148855,350.9101007914518
5625,-1002.0956901008639,354.25762939453125,0.49753148779355794,324.54963617463363
5626,-926.3331752526877,340.0697937011719,0.5683957682301686,291.7374356648932
5627,-1058.7783536421332,325.8261413574219,0.618529750396295,321.4168348691743
5628,-1002.2979876425999,328.6798400878906,0.6385629427826236,286.4205448407241
5629,-968.2088008537304,349.5369567871094,0.6261547085833588,299.8290517294773
5630,-1002.0994458889594,350.6037292480469,0.5915009128200168,341.75807428620715
5631,-990.8088653843072,344.6305847167969,0.5291083281847193,283.8694811444744
5632,-1078.2002937682942,339.9737854003906,0.4526058770310806,254.6367044886023
5633,-1014.1204586119173,369.8128967285156,0.36370572356907716,310.77405918626283
5634,-1036.6034479703678,341.1543273925781,0.2827622010991531,302.56090741359355
5635,-787.4568934882651,337.14495849609375,0.2259654364079751,272.3375408355798
5636,-1156.0236087639441,334.7086181640625,0.21796944308682395,312.1012731559371
5637,-1011.3956285557315,345.0177001953125,0.24662744388821572,273.6496041168774
5638,-1012.4391625594947,344.5925598144531,0.2856344906327679,276.08700301519457
5639,-977.4678988411732,355.2488708496094,0.3152425917754673,264.0165247639044
5640,-1349.7123089482732,350.7156066894531,0.32683315549710046,363.8033379140374
5641,-1105.9054778417333,329.5347900390625,0.35415994801178774,271.04477762457896
5642,-1011.0822781748236,342.1679992675781,0.3600446490759424,314.02242946605105
5643,-1141.7042789700015,329.05242919921875,0.3628293407643094,308.860319894238
5644,-784.2749043590576,329.08837890625,0.35427419660468273,225.66731275124067
5645,-1045.1737510833968,357.9335632324219,0.32249112343882036,308.04467955057146
5646,-893.0284406659201,327.0355224609375,0.28607711647603895,283.03161960069724
5647,-1214.5553494359733,335.0788269042969,0.260444600109037,310.6062163230499
5648,-1221.267756163438,331.68499755859375,0.2522210865497877,366.9718940325145
5649,-745.6249748661127,338.6064453125,0.2531107967070794,257.717433088491
5650,-993.3490483843563,344.84747314453125,0.26113610948962707,279.4921485317759
5651,-981.9572551188836,346.62371826171875,0.2745141718849974,283.36779594012364
5652,-1253.7023234188177,337.4725036621094,0.2879137369953161,325.84092920501325
5653,-1082.1885877441682,330.0080871582031,0.2920085724757199,357.80297029667383
5654,-934.0313100684118,322.6914978027344,0.2825637398935479,268.6480523271923
5655,-1075.4575432235165,343.56781005859375,0.2797624427141843,289.5235764855621
5656,-1252.9450256821553,341.2189025878906,0.27171323850796375,331.60188165053717
5657,-1347.180894058889,339.4191589355469,0.2524398236485224,323.2204285972297
5658,-1079.5813456823014,337.62481689453125,0.2415340640829115,291.3599809390395
5659,-665.5523201387887,328.45751953125,0.2466088525333398,235.8455549434205
5660,-897.6115781243664,358.4517517089844,0.25074127219071285,292.03367594149483
5661,-837.6531010078176,329.4007873535156,0.24829262617916,263.8533506858303
5662,-541.676609473769,347.28387451171875,0.24525357591963948,250.8515211637775
5663,-1248.9835856623213,367.554931640625,0.25096898287941694,331.5977455482879
5664,-951.5615225284861,337.49517822265625,0.2575672909245042,298.08844756075456
5665,-1339.4841737909742,340.0877380371094,0.26238584632756023,351.4727663818656
5666,-1070.5682421637837,328.6778564453125,0.26017386777174256,340.5398390041826
5667,-854.9830115314502,325.52685546875,0.25801597910421564,292.66964518220203
5668,-1411.5017301602445,337.1882629394531,0.2529504669945365,371.32865182282956
5669,-908.2654645796825,339.6935729980469,0.24502817751872588,311.7222301412537
5670,-1252.1367205700753,340.5041198730469,0.2424268356138261,307.27270298096187
5671,-1038.4996430579747,330.5364685058594,0.24786349707929736,296.55681967047707
5672,-903.0967281902465,343.54913330078125,0.25624404546532453,250.8368946990452
5673,-1007.4146742186798,345.9056396484375,0.25692172985112627,329.8824857572048
5674,-772.6414617936841,328.9045715332031,0.2572331173513097,273.1754152635623
5675,-1156.5709995970783,343.75897216796875,0.253879520943651,327.8789882631933
5676,-1175.0594823879258,344.441650390625,0.25402815093252284,352.13211410498354
5677,-945.8092262211183,359.71612548828125,0.2575104869381677,301.08422287195873
5678,-714.6940082656806,342.84283447265625,0.25639577958387105,272.0595201228041
5679,-1250.8303991927357,345.25128173828125,0.25601000198988255,333.2409112575542
5680,-1062.1450023626317,329.9220275878906,0.2578333876780261,321.0846002427019
5681,-818.7086672654619,340.79833984375,0.2586263874470926,262.43710613351556
5682,-1189.5068351583802,345.62774658203125,0.25892749762908923,332.80093327498696
5683,-1121.4951075812173,328.9176025390625,0.25998382446541574,349.55109306852705
5684,-1255.1627139359887,338.6614990234375,0.2649828341224312,353.4505358795853
5685,-1037.6470292607169,328.96990966796875,0.271767901939329,328.3973717153938
5686,-914.9792859100677,333.2422790527344,0.2745730762751224,289.320337467242
5687,-1015.5081175598083,336.22222900390625,0.27572318758245484,297.7292419868875
5688,-1120.206374491261,332.2279968261719,0.27548683824675047,344.7722427284118
5689,-1007.729590578662,326.6439208984375,0.27790804920759515,298.26653928121743
5690,-888.8462477083926,345.0700378417969,0.27621916331569324,293.7768816959464
5691,-921.1574585000394,341.3003845214844,0.27192367620548663,295.84387134635745
5692,-1075.4132207796954,331.8835754394531,0.2689280967935578,324.3318968890185
5693,-1265.2540206755925,341.5395202636719,0.2727125721055339,292.60667715335023
5694,-888.0076315926207,330.726806640625,0.2720420285151184,325.5778358968677
5695,-999.5315076313993,328.7663269042969,0.2735896890657401,248.60124264962326
5696,-1048.745906115048,370.8343811035156,0.2711243116295693,311.01235984657626
5697,-1078.736970986091,333.6025695800781,0.27004000884971013,328.4932363189513
5698,-843.5080697140706,320.8533630371094,0.268188088137958,289.15705377866993
5699,-977.2626863793339,339.0892028808594,0.26762517281486453,263.2602263480523
5700,-878.2672970615728,339.7786865234375,0.26891024553893167,283.4919344175469
5701,-1005.4008347852315,337.0976867675781,0.2728183140939353,337.10456837460833
5702,-1049.9616198418853,327.9837646484375,0.27512653839076245,310.45636751948405
5703,-835.8135074615858,324.6495361328125,0.27987549764924735,281.8267136193638
5704,-1213.4325213714594,353.28955078125,0.27696650586984206,337.5499998081233
5705,-1146.6796427918594,329.6093444824219,0.26980734786681876,316.41827544424933
5706,-677.409456394693,320.66595458984375,0.2693973848512165,261.1385085780528
5707,-1051.0097720334509,345.91973876953125,0.2680586248510678,336.5978640397239
5708,-963.633523480248,327.3699951171875,0.26663224591044005,273.0894683640996
5709,-927.0976768295138,337.5906677246094,0.26612983164126364,299.7161147981607
5710,-1182.268965051515,342.2388916015625,0.26451675333648805,314.0167461272077
5711,-1064.9058361227437,332.20379638671875,0.266574198962098,321.37779325635256
5712,-1354.1840218921548,661.895751953125,0.27690278692557874,337.0420811070944
5713,-973.5092732783536,0,0,298.9372579278285
5714,-972.9481261954925,335.9518127441406,0.2899117327327305,298.8232043242642
5715,-1069.6065251520647,335.79443359375,0.30097995192596466,306.46572033849964
5716,-1071.469534734714,334.8299865722656,0.31332027413170094,312.30395185597257
5717,-1047.4414003648474,334.3154602050781,0.3260336480690672,313.5297204382156
5718,-920.1713521456022,337.8180236816406,0.33615376460458035,326.8564009737672
5719,-1062.3195612495265,327.6043701171875,0.33704996113157637,333.23236795256304
5720,-446.74487814069244,331.4552917480469,0.3371593109551284,242.59256760647668
5721,-662.8094111815481,361.8899230957031,0.309345380257511,247.80213959205668
5722,-1106.2897785266084,350.7881164550781,0.286459385424374,309.488062177354
5723,-1071.207113090275,333.9118347167969,0.28743985168757574,261.59834965009424
5724,-670.3485750285531,351.61700439453125,0.29975076874170437,225.23481551218845
5725,-898.5028273008703,354.73687744140625,0.3288312186740928,277.07816058066845
5726,-1180.5574153593961,12.56600570678711,0.3512798275400847,327.8209193205952
5727,-690.9162165851109,340.22894287109375,0.3552420734035942,243.40963814365136
5728,-834.7004374222964,344.969970703125,0.3683795215931766,273.0117406132131
5729,-1273.9506558001094,336.94354248046875,0.37806575712159274,336.67203542300865
5730,-989.1277443750963,349.50726318359375,0.3580386366067725,277.49009276450016
5731,-1023.010030363337,341.0173645019531,0.3335839195275412,295.8868432378628
5732,-1038.6282090771244,340.36932373046875,0.3046167283074436,281.2538103161582
5733,-831.5548892416487,346.5491027832031,0.2778709523348174,292.06937111871457
5734,-1216.1872718475936,336.6355895996094,0.26732663379844224,299.59056409834335
5735,-824.4436670243288,349.1307678222656,0.26882328358195534,295.27929768714625
5736,-1027.1394907723,330.7583312988281,0.2806133615491835,345.4465186370586
5737,-937.1754892779323,328.059814453125,0.3006451071047131,300.5421824760497
5738,-1257.4897909100428,336.0766906738281,0.32126077999770786,346.654801669895
5739,-1199.2897005521363,331.9365234375,0.3517253549588358,346.3331681479088
5740,-1079.1220799496273,329.4342041015625,0.3894434566822173,339.36533906379884
5741,-1401.9596959581684,325.9593505859375,0.4262365116077662,376.07710953492676
5742,-1042.9628882180223,342.4376525878906,0.4788988292553995,285.89067263220414
5743,-1153.978095005457,345.19146728515625,0.5106088330250959,344.0756199738071
5744,-860.7845652017661,331.1295166015625,0.5360709312764265,291.3859255438734
5745,-1262.5838806352415,347.6958312988281,0.5346815425750013,342.154381743116
5746,-1503.7542290036577,335.9183349609375,0.5447181636746734,355.27534404564733
5747,-704.0149056009639,344.8360290527344,0.5680053271142609,240.42831525991443
5748,-1158.451896416587,367.8357238769531,0.5558879844629907,321.0699729380028
5749,-769.2113547263709,334.1882019042969,0.5396350110850242,282.0566230953841
5750,-749.0315526325113,354.68377685546875,0.4891935210449464,290.3967215931313
5751,-1140.8269387469245,343.034912109375,0.42963053930416284,308.41069406326505
5752,-1170.6600299367178,340.2576599121094,0.38803605164032473,331.26864613586866
5753,-836.0137333444201,333.0719299316406,0.36250076322758396,287.5429689556287
5754,-703.2741825504111,338.5737609863281,0.3420863809646908,268.9719684375027
5755,-713.4552737415235,340.9083557128906,0.338265218016398,289.62304562761244
5756,-1147.282970767765,334.4540100097656,0.3558317508618895,302.6280243208277
5757,-820.7320671456278,346.362060546875,0.3756394904660263,286.78690687808904
5758,-1060.2128497358583,334.2831726074219,0.3978841797113355,324.2921463658381
5759,-839.5643660286282,338.894287109375,0.40639003194981205,276.12080544813904
5760,-944.0169257782632,339.4004821777344,0.41203902770058515,297.22475507038314
5761,-993.3411164055931,333.483642578125,0.4116460017755923,334.01472255714015
5762,-1202.051235899463,354.10693359375,0.39341689073353336,244.32331265095294
5763,-1124.5346799924162,375.884033203125,0.3524395220677271,307.0451293504182
5764,-1007.6908055206384,339.06158447265625,0.32204486765516716,324.2487579518504
5765,-1319.7486993109328,338.8394775390625,0.3035628296655624,336.40652224455675
5766,-1199.10845242922,359.6602478027344,0.3080513158913002,309.2163509467396
5767,-930.8860175955299,338.26953125,0.34224206704802423,290.35022379034723
5768,-627.6672742952925,340.7392883300781,0.37813081070747173,284.7633603021411
5769,-1092.2055473817543,350.4398498535156,0.4056493343701735,291.40595159638025
5770,-1058.2543929177762,345.7752380371094,0.43162344030422206,296.50157104208245
5771,-966.2230520461334,347.4035339355469,0.4480968503925049,285.3052810541245
5772,-1329.669265566135,346.1055603027344,0.4496106553491548,371.2450194904876
5773,-727.3394337113649,346.3081359863281,0.45252280236741294,278.72417227566916
5774,-993.1116229933386,348.7739562988281,0.43909469416553004,290.1927436959418
5775,-766.4812848843691,346.5381164550781,0.4209858496461055,259.4014655084849
5776,-771.1472249843795,359.14263916015625,0.392704805959044,215.11492182296968
5777,-1159.3371804010303,369.75396728515625,0.365879141786728,328.1974096401526
5778,-943.6859402163695,336.50421142578125,0.35351590025643603,306.2400575570424
5779,-720.5956991427983,336.1192321777344,0.3525986764316962,279.7499389986572
5780,-1066.4120618633694,356.90826416015625,0.36133279116408357,319.42761003170494
5781,-970.3284865064501,332.3695068359375,0.3739191684701586,283.91776660300224
5782,-919.160480769942,353.2783203125,0.38457700815297774,275.5341129999451
5783,-1312.8596741371744,360.8788146972656,0.39006439889138467,340.7308702276654
5784,-1124.589737818137,372.10552978515625,0.38304717686460893,299.8561941391045
5785,-1458.7732196640732,363.9652404785156,0.36401541156089057,348.8500922219264
5786,-1029.6932635299986,361.9287414550781,0.3418480421073826,300.17837008909567
5787,-983.9457253666708,356.4138488769531,0.3314743838966946,258.4680440732783
5788,-908.1885499466453,375.4677734375,0.3354908788280627,300.0977037819933
5789,-574.6560236944405,365.4232482910156,0.34611779718951546,219.65458523522352
5790,-466.91858957232216,406.8714599609375,0.3508554064624183,196.30480346516632
5791,-1016.3700834928666,391.5500183105469,0.35020842044720424,283.73654160431255
5792,-1001.1857748017057,348.7095947265625,0.34880890255045593,258.23783678911525
5793,-954.49251740183,353.90216064453125,0.346472254236172,276.1329176121999
5794,-1173.9262403995556,365.8393249511719,0.34558297808229066,308.50607660694925
5795,-1197.9465267347114,388.50543212890625,0.34538549272060515,323.59192721435704
5796,-1047.0883449790897,357.9570617675781,0.3456803976241492,323.33037151624546
5797,-1247.6356135103872,360.7760314941406,0.3459493995037149,364.1609677874992
5798,-925.4738700161641,336.6346435546875,0.34614888368018726,319.22087452611515
5799,-934.4306918551601,336.78546142578125,0.34642302037188716,284.97103631588544
5800,-799.7189639104864,351.94354248046875,0.34681254780338894,272.65876214257344
5801,-742.5733138232926,360.3810119628906,0.3486524599705306,295.5029107984748
5802,-727.7306730150274,353.1708679199219,0.3537058472981073,294.16908240734983
5803,-1100.2457667568367,404.7821350097656,0.3558253294932342,342.63825460842486
5804,-804.4925302392901,354.5840759277344,0.35604235289042246,267.52348171484977
5805,-1189.3836058714091,378.42230224609375,0.35193076679502067,300.2839255473322
5806,-1393.6887357338528,391.4781494140625,0.3436787999864259,361.9657366103975
5807,-1148.8763871546064,357.2169189453125,0.34296874784135023,298.149912382509
5808,-968.1023124696326,358.3074035644531,0.3550184656541646,278.57114055083883
5809,-1078.9897166603969,364.5015869140625,0.37622764478687537,312.03471700985654
5810,-951.0174173625245,339.13861083984375,0.4005625747628711,254.2966061616311
5811,-1119.4739138419209,370.2735900878906,0.422380560320802,305.7941901949852
5812,-853.208167927037,356.85400390625,0.43051009879030666,280.98652258031024
5813,-841.8015718833153,371.7904968261719,0.4224631463088217,318.55427857599466
5814,-1337.4462484518965,363.385986328125,0.4204359466499026,366.4779955344212
5815,-863.1442655520826,342.3273620605469,0.41167683581013836,253.951441659516
5816,-860.0644872111865,369.5433349609375,0.39608421957375406,275.6792559684572
5817,-892.5643048474147,351.9441223144531,0.38212754727015985,287.26500564140855
5818,-1002.0720106951585,347.03192138671875,0.37539298471642585,282.0485522690141
5819,-1160.9362303221135,355.4390563964844,0.3745086306151499,317.29640561191434
5820,-900.8522672331588,333.5239562988281,0.376812849929669,294.71976652092786
5821,-1011.5266586848984,352.5711669921875,0.38118477240007576,306.6086702862673
5822,-918.3347694507088,337.88262939453125,0.3864973647788288,257.8003044740644
5823,-915.3655520795692,358.0717468261719,0.39178904593245145,232.55143656038572
5824,-924.2755632347803,701.2925415039062,0.40151213533262586,282.8098960905924
5825,-1140.2750781018558,0,0,303.88856880577214
5826,-984.3851443524253,352.5139465332031,0.4021390992699726,279.0966374723697
5827,-652.5099757192182,351.2668151855469,0.39869948814809786,236.19704068640658
5828,-785.7153358341819,354.7136535644531,0.40292746873327445,282.89701783363677
5829,-1068.8973182641303,341.3841857910156,0.4093871207635254,332.94872667641005
5830,-831.1076597223883,341.37457275390625,0.4063964276452603,280.0184605584743
5831,-735.6829561817019,344.0130310058594,0.4041708500847683,234.1102893880236
5832,-607.051110558685,357.1826477050781,0.4061474628740923,220.0555121537435
5833,-836.742148259718,363.8857116699219,0.4186860185357541,298.3824075820815
5834,-854.1021415299815,338.2441711425781,0.42974529053736843,242.62042607525788
5835,-823.9185514647135,360.5947265625,0.4383924187653224,260.88967096778055
5836,-1005.055734744616,350.31988525390625,0.44373214647132153,318.0278725171808
5837,-918.8061562787839,349.8149719238281,0.4361513152023427,298.5351028686209
5838,-1080.8689772276648,344.205810546875,0.42110448357561986,283.9709126378366
5839,-1016.6934084031184,363.5179138183594,0.3934765768790171,339.6473414110801
5840,-690.2214425984474,337.8044738769531,0.3638398911548648,301.7783087540215
5841,-1260.5334045475227,336.0271911621094,0.34709195642192237,349.77345470373933
5842,-1255.5042729808144,351.3118896484375,0.3245746252201966,292.3651035636845
5843,-1206.0230403719017,373.64013671875,0.3137008460767168,348.4707021367493
5844,-1117.233464095885,343.4583740234375,0.32980043079741983,330.5478894126872
5845,-874.1227030222489,342.9303283691406,0.36940564726079095,280.99720944763146
5846,-985.9735145419205,348.114501953125,0.40907959469799876,311.74363126254343
5847,-858.0289872276765,343.6160583496094,0.4439655917294581,294.9025726700693
5848,-1020.7794352168988,348.8538513183594,0.45818828316726723,285.73461184581396
5849,-1086.307826736044,351.5195007324219,0.46274117994598685,293.3367991971656
5850,-1536.7615216343056,351.77777099609375,0.4632303653712337,348.8233449181685
5851,-1035.468635683324,363.8441162109375,0.4831960563865798,307.97124618220613
5852,-954.3412285573422,345.3381652832031,0.4913755506101736,330.61301819905316
5853,-1113.2520961318667,338.86029052734375,0.48786901106827985,297.8362498150094
5854,-1194.8002033558905,351.71484375,0.4773943886950621,337.6221567289707
5855,-918.9200266527588,347.5647277832031,0.4743974604792787,295.5841753788028
5856,-639.3889547053745,347.6980895996094,0.4584031513335616,244.10415595435006
5857,-870.6754661624555,26.64975357055664,0.43051914248505563,260.85398490467753
5858,-974.3820745710486,359.31292724609375,0.40100504893080446,333.4576855754065
5859,-1372.304002002055,341.6151428222656,0.38269923801816774,337.3793043344589
5860,-1123.9694967459384,358.6455383300781,0.37653552469411533,303.7527574477515
5861,-544.2944482796678,349.89727783203125,0.37328488783780445,235.0659734530966
5862,-982.8291872663029,375.869873046875,0.37114874891155214,299.35020057815484
5863,-907.5412873740646,344.71527099609375,0.37515414254277,305.0607989151004
5864,-1069.3241934103773,348.2508850097656,0.38259283283174006,310.9157365320188
5865,-1195.5729082013288,346.6671447753906,0.3881726702041409,319.2147707130934
5866,-1149.5833390149594,355.2152404785156,0.38490712433475077,326.2493056713659
5867,-632.3260271013266,343.4643249511719,0.3787486710354606,301.3665277919606
5868,-1151.6708372262874,351.6911926269531,0.3751771715088378,300.1007774601217
5869,-695.6274805590391,362.8572998046875,0.3679563952848396,300.4454962417503
5870,-1104.1584840868725,349.3612060546875,0.36510311455775857,319.66029480220226
5871,-983.0938555274832,354.9007568359375,0.35834630961888997,239.1920918384834
5872,-1011.9282549103194,369.00042724609375,0.3551647298729641,318.1119252665854
5873,-1253.5082994174409,353.48187255859375,0.3520500960211981,314.45564366028384
5874,-773.6466969571758,354.1540832519531,0.35126856491359415,272.6995040238793
5875,-687.9290805308428,356.29888916015625,0.35262700569906436,231.89450644994642
5876,-949.1315499276362,368.66668701171875,0.3529618732360407,276.5080107100238
5877,-568.1545168264568,355.6510314941406,0.3532929629479078,263.326688793211
5878,-754.2826740167998,360.1292724609375,0.35739157672987665,262.0565246785977
5879,-1128.4260272516071,374.0555725097656,0.36583706643197633,313.8841126803761
5880,-1005.8455729605846,363.3927001953125,0.3627397165879104,299.2527526728058
5881,-1008.068714636328,345.8475646972656,0.36785993859255106,321.3005649052949
5882,-750.9789879481417,361.6736755371094,0.36786969375298684,238.05918376584546
5883,-1107.4307046268957,378.1653747558594,0.3740366229593395,327.1382091985406
5884,-690.6771953970908,394.8714599609375,0.38599037185773044,307.178839077853
5885,-1064.3940142605468,374.1847229003906,0.3889326738383763,289.10835091899435
5886,-1063.3045088699823,356.8968505859375,0.38474756805677357,262.5882875287117
5887,-1034.134664770219,390.4951477050781,0.3751407963071387,304.4692471764317
5888,-1135.2548301650447,367.02484130859375,0.36456193044479246,333.3228978596574
5889,-969.3637160706694,410.1128234863281,0.354695511628544,251.6663456347036
5890,-1106.2580667557067,434.8226013183594,0.3518687641816437,342.50596113910655
5891,-877.1003746512354,395.40374755859375,0.3490505566238598,312.35462605404615
5892,-991.3892203451726,360.8209228515625,0.3448234683439284,313.606240941317
5893,-722.4487398256505,358.8875427246094,0.3464892965661283,291.9643649958082
5894,-871.383820231581,362.2242126464844,0.3503357847470763,280.1519142934699
5895,-1071.8748872344784,371.1253662109375,0.35609780683246883,335.27795744659403
5896,-788.6668722742196,384.3713073730469,0.36469229435067385,296.27705746001004
5897,-1350.7572991688794,353.63140869140625,0.3658650478053551,370.9386007014162
5898,-992.8958106828879,381.3514099121094,0.3520937438552347,319.72619866650905
5899,-917.9126480249649,491.975830078125,0.33044864216917347,300.3914270594053
5900,-1073.1929159621025,430.958251953125,0.3194362067765902,316.8367100833376
5901,-1060.1045753331412,370.73565673828125,0.33069718662340275,324.95551186244074
5902,-711.4357022192048,358.8778381347656,0.3539678191089124,292.2292181008427
5903,-1288.6787410889476,417.0351867675781,0.3952667653360205,312.0690947318056
5904,-1070.6465636420987,407.7763366699219,0.4496232377750359,291.4511701952485
5905,-1055.3399561770227,374.05426025390625,0.49759850883240486,341.0824655202209
5906,-906.6961790341988,363.70831298828125,0.5376132591670237,267.9999091943423
5907,-1111.859826960849,365.91754150390625,0.5581253058863465,336.6293141364358
5908,-851.9372130790226,357.8831787109375,0.5567370601520932,292.4604513215478
5909,-1269.8555476964407,373.3963623046875,0.5445606170435506,341.88808379629353
5910,-848.8582663116932,374.4393615722656,0.5209159178680176,264.5037817324812
5911,-736.5644163593829,418.74725341796875,0.4686976495063959,320.4075618901354
5912,-742.3508187026235,448.58819580078125,0.41088203584814664,295.1287072345897
5913,-1223.593310902105,374.2761535644531,0.38046456204537576,322.0361367537826
5914,-1449.226207656688,374.81396484375,0.3741339321371641,322.34068245497383
5915,-1280.2402630259496,378.43963623046875,0.3733983450919711,365.21997064937625
5916,-989.4751189292318,347.1656799316406,0.37274797271618443,330.59171472706964
5917,-805.6323385392911,355.6434326171875,0.37213538369065935,277.0045930670505
5918,-998.1667273517493,354.97259521484375,0.37122812199996147,319.87222920526386
5919,-1015.8669873754437,377.09417724609375,0.3686686101353289,312.0908850161617
5920,-819.711761843917,359.0251770019531,0.36702868746583306,300.515097244707
5921,-947.7881357438149,361.182861328125,0.3659059446958063,317.452027658726
5922,-887.5883367966499,350.9436950683594,0.36517749212655987,304.74306792327945
5923,-1168.8289432764936,359.8912353515625,0.3651570178781053,325.3100175115603
5924,-971.963889025986,345.6551208496094,0.36682341224533466,307.0882328679737
5925,-968.7036794691948,351.43316650390625,0.3693250436851251,326.1352965158061
5926,-914.4280921517001,342.442138671875,0.372151861709495,268.7631709117433
5927,-956.1615829120468,378.60595703125,0.374113904073336,292.03172788541974
5928,-1233.633670389597,365.48309326171875,0.3784157563780699,362.95626624868675
5929,-785.6887514069508,330.93011474609375,0.38075598496560803,260.0356095990547
5930,-1086.3864979082982,373.9588623046875,0.38420887112491886,261.3770801859813
5931,-1167.422562872017,383.9273681640625,0.38922559116405675,307.4320022497214
5932,-920.0106444181079,350.26983642578125,0.39207140812595725,321.9771555666026
5933,-851.7942100778162,359.1092834472656,0.39259266714343966,291.15332802849616
5934,-1069.0077439121337,360.6125793457031,0.39371373820153843,314.2446480165576
5935,-983.4769537125469,347.9986572265625,0.39415646968096113,235.45127648839645
5936,-1010.9717996851241,720.78857421875,0.39166629446530643,298.1250824040403
5937,-896.53555057485,0,0,304.5062516044853
5938,-901.5739397072226,352.5538330078125,0.3891694901228354,302.0075911040281
5939,-1255.8870315257584,349.42608642578125,0.38828208373874074,322.74680245688614
5940,-1178.4238803873895,364.966064453125,0.3885805311676238,337.7148697896627
5941,-722.733242186855,362.675537109375,0.38845633728020196,279.8425786477814
5942,-829.1412453700759,353.2389221191406,0.3898681743925214,241.77813366300566
5943,-587.3876223401203,370.82855224609375,0.39342769935574695,279.2999410386281
5944,-888.0478318338212,354.16064453125,0.40375599138113527,297.75690535658885
5945,-616.0153025958456,355.0687561035156,0.4169774709710355,307.05362358894035
5946,-966.3246115182841,361.7948913574219,0.43768945050790453,308.6464427764368
5947,-1246.2730905055346,355.0064392089844,0.45449050316657824,347.5188922017466
5948,-1053.4556297972724,368.26800537109375,0.45371782334565824,320.60355865899936
5949,-1074.2280795753861,360.90576171875,0.4429113406451952,323.71563957315516
5950,-876.4407639389774,356.2938232421875,0.4247317377102898,300.5795491660666
5951,-817.3550279876541,348.4402160644531,0.4075276974220085,237.2378776726057
5952,-981.8086072230344,374.93408203125,0.39571679143634164,322.4459143572315
5953,-870.2279329567097,361.5491027832031,0.38399180778731845,234.75193044682314
5954,-1101.9082183504568,392.8753967285156,0.3779552424343553,324.1522117529891
5955,-952.1510888682737,358.2751159667969,0.36949910514812173,270.6618011066281
5956,-980.3086793001718,368.3676452636719,0.3629736534473479,288.9148841204071
5957,-835.2570994724364,364.3265686035156,0.35942291546374816,316.9450823376542
5958,-994.1552037893906,345.7005615234375,0.3586890451746021,324.3677078920748
5959,-930.6773717454369,350.0762939453125,0.3580548026267891,330.11838891127127
5960,-1183.0966373591398,346.9927062988281,0.3579216365832384,319.93104102573625
5961,-1089.380986465454,376.4858093261719,0.3574197959758407,357.10194175647473
5962,-953.7206332732537,375.39501953125,0.3584252070046556,318.34551671937425
5963,-1047.4069057175132,354.95269775390625,0.3617887414783578,309.8884733201943
5964,-963.9178910658413,363.48834228515625,0.3668488510083966,300.91335461389394
5965,-874.7649770472646,359.6153564453125,0.3717868905955213,305.29548990134174
5966,-840.6659677285887,355.727294921875,0.37290504330919294,316.05019411511125
5967,-1295.2174942030088,351.0083312988281,0.37239242635446634,314.7695738537317
5968,-1107.0380211150957,366.3992004394531,0.3734216443734748,351.59168759779544
5969,-999.9001698457689,365.5122375488281,0.3749286607010083,298.6876728407037
5970,-833.8135559267422,375.9112854003906,0.3755141080980987,280.150621709853
5971,-1260.1058400415689,367.4884338378906,0.3756636117660008,353.6339588747427
5972,-756.7006459836382,359.5951843261719,0.3766219970756175,282.24325758056716
5973,-1047.4965220393346,407.7809753417969,0.38080612117261253,320.47988147061733
5974,-1042.465415930725,390.8599853515625,0.38944003117089476,333.6396165082413
5975,-1020.7138814088095,368.81024169921875,0.39915368105034377,274.74277442785285
5976,-1108.137863097134,384.6178894042969,0.40861318638083555,325.4889327146707
5977,-1065.3193480246794,359.4100036621094,0.4128036387594882,286.0137276165982
5978,-519.5348000618291,360.6066589355469,0.41472169793223435,265.2805516905787
5979,-1073.581555973175,369.8382873535156,0.42876466486201337,256.1554219949612
5980,-642.6020334111797,375.0472412109375,0.440479568070909,290.8563431765453
5981,-872.3742207617331,366.43017578125,0.4533267528186826,246.7456164139139
5982,-1037.790740006933,404.6470947265625,0.4618653917033817,293.0611373714734
5983,-785.9007812207096,357.14617919921875,0.46766129020562297,296.92737585288586
5984,-968.441919754229,369.50128173828125,0.47573913239910226,310.8611776658121
5985,-1255.4591709082583,422.06878662109375,0.48120382572421727,369.99031666736005
5986,-1614.2861629019594,393.61181640625,0.45893376325681157,393.1691935682931
5987,-827.0947353203093,470.8502197265625,0.41725476760346525,275.7010809662215
5988,-1002.5267621620363,443.1968994140625,0.39571482570382077,305.88223213780253
5989,-788.2777151926962,420.6584167480469,0.38348999055544564,216.9095548134227
5990,-887.5289720939444,423.4604797363281,0.38685217292597485,316.78992800745766
5991,-993.088653953837,371.21337890625,0.3910836204636112,299.60517913248077
5992,-759.4765187594722,364.4864807128906,0.3975925897588398,298.964629300697
5993,-1005.2573947094544,358.65985107421875,0.40493843916343436,278.06123009096297
5994,-1051.9525792886996,433.6952209472656,0.39993709874504046,260.6324393639326
5995,-705.6892158000635,458.8696594238281,0.3834329311127851,218.28079850834828
5996,-1230.0634248184679,441.6524963378906,0.36842327704827116,341.1602058092349
5997,-1222.8701497101597,401.2996520996094,0.34501859049242845,341.80037398729814
5998,-986.5377326666877,403.28253173828125,0.32263858527915423,304.8947214547684
5999,-1145.2174821057524,415.5096740722656,0.3189125609047654,339.5126166798236
6000,-772.6367666576681,407.933349609375,0.33539225217977453,295.7915556774562
6001,-925.9386225357321,469.84759521484375,0.3647441144778988,287.27321613888176
6002,-1077.560806898733,485.3717346191406,0.4046780263875088,331.253066054311
6003,-843.5729644096938,470.68927001953125,0.4437695856702867,323.4737470622256
6004,-1311.4377031862598,434.78741455078125,0.48706214725946406,373.4539727840886
6005,-1249.854192791838,475.6480407714844,0.5551097056313814,309.9594413758458
6006,-1174.2825993835402,410.2739562988281,0.6159069311396194,344.56057845514465
6007,-984.6974926742208,438.9839172363281,0.6694186020425825,287.5391623072046
6008,-910.3346987463631,429.3302307128906,0.6920860957824487,304.9399803734613
6009,-839.7072316745215,411.1571960449219,0.6814361355083214,299.68894874359364
6010,-1015.2027318278269,415.1510314941406,0.6434138564304308,341.3440704934167
6011,-1036.7777286414575,429.3664245605469,0.600693209764807,347.3330848538239
6012,-948.8418011038714,415.6380615234375,0.5585791127211273,290.06096617006574
6013,-1181.8537839244245,428.53814697265625,0.5216532658015117,318.5176306481804
6014,-865.2883675464415,367.6351013183594,0.4815338012907701,316.7049454526925
6015,-661.2919924531167,362.6085205078125,0.4422365116725224,227.11723934468142
6016,-1067.6998145011253,400.99652099609375,0.4167095847592858,331.2496725648755
6017,-912.6410324318689,358.4271545410156,0.4109005122770346,246.0042903018126
6018,-975.2167783339361,373.9200134277344,0.420944302877464,314.118126096942
6019,-935.0199517341352,397.37548828125,0.4471571133292902,329.48736537674665
6020,-1003.7275720832315,411.7217102050781,0.48027016569181513,313.79018359442557
6021,-1097.3596352657723,418.67236328125,0.5110345700915809,315.3622886176298
6022,-1446.3753934138174,409.4630432128906,0.5180895223000501,337.13244889689145
6023,-1183.6347074893688,433.4074401855469,0.5046715099674275,311.3826528229663
6024,-794.6055676673476,397.4671936035156,0.49445187680074354,303.7486752239038
6025,-1085.6108776501005,382.3299560546875,0.4759811819823092,330.80418529726313
6026,-1383.638891467978,385.22467041015625,0.44026185626547076,388.96180940240816
6027,-862.1986782447295,384.5,0.4068474867235175,304.323311207606
6028,-1270.6384112194417,379.1238708496094,0.3721520212577159,335.3440427285241
6029,-1205.9564212635298,380.9240417480469,0.34610204964023605,306.4717455343716
6030,-1096.3841865475654,370.6712341308594,0.3387589876374151,300.72541637498364
6031,-958.2004160773048,362.3245849609375,0.3507235056642931,253.46327977097746
6032,-908.5869084962352,384.6319580078125,0.36952612023953646,278.5402328953195
6033,-1156.621628248247,417.3033752441406,0.3929496281082274,320.49058468028505
6034,-1046.5423022920825,391.3021545410156,0.41850464848402724,279.10030660697555
6035,-925.4181552569848,397.13671875,0.43166623278199756,317.5792618072387
6036,-1084.0515287595697,384.3416442871094,0.43884890831086276,318.76180243179925
6037,-1007.5092402666104,385.293701171875,0.43835965513734226,335.4164297274075
6038,-1265.292020754502,458.11572265625,0.4472707885343914,345.61036107396353
6039,-1250.8318566439907,382.10675048828125,0.45778333124135595,356.49661655651784
6040,-1241.7232494259144,358.0523681640625,0.46841034638782564,341.6449609347806
6041,-994.5237959246186,387.9364929199219,0.47150589372042373,295.55554707805373
6042,-1156.3722348945444,373.84423828125,0.4688537698153542,304.4626001341405
6043,-739.5438545644998,386.9717102050781,0.4460363791915182,266.0293164251575
6044,-1260.5705667627387,395.72198486328125,0.4277273841227354,320.813114659024
6045,-1034.4095905300082,380.7701416015625,0.4100857213485492,296.12963714971676
6046,-809.0277705290639,392.8538513183594,0.3974216149172333,305.6467010365273
6047,-985.4248986167106,379.33233642578125,0.40068876046437696,281.2745256413603
6048,-971.1699145534922,733.260009765625,0.4249988308724788,290.2218205499058
6049,-1081.6123746424794,0,0,322.9806401764221
6050,-1100.761850306437,363.0114440917969,0.45746692000297173,223.85101800386494
6051,-948.8073932984755,404.38702392578125,0.48590243320135684,303.7807170725733
6052,-1344.8992431991353,368.21673583984375,0.5091853117755039,383.00614482466335
6053,-1196.9286671568968,385.086181640625,0.505812740180442,336.61593996202106
6054,-862.5247347343533,380.3533935546875,0.4843327698719633,257.67739767045236
6055,-1133.0396025088055,374.7999267578125,0.4657210838451018,353.78363004873563
6056,-1319.1087769070632,365.44586181640625,0.4387655497331622,360.06896460524615
6057,-937.7748928002751,386.2625427246094,0.4021042153683827,261.8999217515881
6058,-1067.584148946407,409.1243896484375,0.3787001960879587,318.1625891274582
6059,-996.8361915796318,381.7048034667969,0.36151109629170786,296.3607781904643
6060,-1199.8575464059036,378.7213134765625,0.35246370307139196,359.61486184538734
6061,-1202.9459546423036,408.24334716796875,0.3474660398236318,314.68288459698397
6062,-947.6087080644319,392.21966552734375,0.34618716490259066,304.30099589081567
6063,-988.0884322160268,396.0208740234375,0.34740142827527554,330.21203940707784
6064,-981.1846756000858,377.3497009277344,0.34847741023180656,332.2608950628354
6065,-889.1698231433235,358.6844177246094,0.3497854714285373,305.02416751491
6066,-1314.055959701336,368.21234130859375,0.35295788384464677,328.01355470824683
6067,-1190.1066337152706,389.4115295410156,0.35379306689724677,277.16014318173814
6068,-1112.8342442976818,405.2177429199219,0.3526142525001,304.0553057231004
6069,-1385.929859616834,392.78887939453125,0.35106650287151786,382.3544396448605
6070,-921.9576970853204,366.6806945800781,0.3503977757166672,297.4347693057525
6071,-840.1125729942713,484.2036437988281,0.3541728575009568,311.2734556815309
6072,-1210.6978591112575,375.402587890625,0.35727924927789023,332.5460202965484
6073,-1132.143832891732,384.5004577636719,0.362143926086153,337.6595884048062
6074,-1115.9001980111088,380.47442626953125,0.3660027141335891,376.73233037306017
6075,-1203.5683628061238,357.18951416015625,0.3709569802149031,339.3343169260729
6076,-1094.7282966616185,359.88458251953125,0.3759976479598137,314.55185204303297
6077,-774.2047835831559,366.0811462402344,0.3777032360645255,257.04441685774054
6078,-1124.966726067689,391.7865295410156,0.37021325725490584,347.2908010426744
6079,-759.2535341530198,411.34814453125,0.3641522866977851,298.58140597063385
6080,-1340.6626070187403,379.2146911621094,0.3662923179473685,359.041889683716
6081,-1179.5054381934349,381.1146240234375,0.3746225656512139,344.4312077432458
6082,-1160.447310522999,367.06402587890625,0.3821225075066242,315.2887589074875
6083,-927.3345797577626,389.43243408203125,0.38911304722672746,308.9279280896309
6084,-932.2780739174864,397.6599426269531,0.3945684318356717,339.3059313838534
6085,-1116.677863794635,356.45526123046875,0.400458608804779,331.8181163490904
6086,-1217.1551037606587,364.1728210449219,0.40040804496487814,367.84006966384106
6087,-1017.4384613623859,376.48675537109375,0.38927750406360206,322.1440494730559
6088,-1162.031332636499,364.1496276855469,0.3790397865334099,311.13607837090655
6089,-1300.418291652396,373.3049011230469,0.3662414952720642,324.4610850030747
6090,-511.78169932134136,376.34136962890625,0.3546323911729148,218.79824252146264
6091,-1176.3652545796685,437.4956359863281,0.35878833825549195,356.4181693946926
6092,-1095.1480736086025,363.94921875,0.35954488241736027,334.555861130067
6093,-1235.6923662344852,367.99310302734375,0.35766087138651614,313.8438600919983
6094,-875.6610493272723,370.0971984863281,0.35573027994386497,302.5774794794097
6095,-953.2929880139523,370.6099853515625,0.3560315239263234,305.5018714176552
6096,-1163.105030596892,367.577392578125,0.3580591111272431,333.50824640584005
6097,-1099.776017831843,363.6991882324219,0.3577094940048162,310.0798462421774
6098,-1428.499703112312,374.0669250488281,0.3533203263803648,379.08512690911874
6099,-811.6473623279239,369.3885192871094,0.3454136739082686,287.89354091619606
6100,-1163.492380051706,374.2455749511719,0.3424725094362798,329.96708331815245
6101,-1132.3499106682452,363.79541015625,0.3396653252769838,298.6882076098241
6102,-904.8372103769156,371.06707763671875,0.3377523642552075,300.76418848817235
6103,-1123.5135213638055,375.62921142578125,0.33739885735807834,306.86809499362295
6104,-1394.2318411811218,370.5728759765625,0.33780103067096295,385.8756621355945
6105,-751.2132974355259,375.2186584472656,0.33723173754537283,311.16290799548307
6106,-814.4232888852652,366.6835021972656,0.33970287307542824,263.9124637368368
6107,-815.2342575504533,384.1864929199219,0.35090659512806854,326.63379689162724
6108,-976.2854460246839,360.39227294921875,0.3721923530433472,326.442491127909
6109,-1223.0655539024726,368.1891784667969,0.3913660687409144,316.32683607558425
6110,-1192.3728956779073,378.0479736328125,0.40099857998110755,334.5305081194991
6111,-1173.3917872449408,373.92724609375,0.3967989943538892,311.83855383238574
6112,-1054.207121750353,374.1385803222656,0.38594652572910837,302.46554817321146
6113,-892.8239002751792,374.8416442871094,0.38330713646645054,320.16768491503655
6114,-1002.34538196444,361.78692626953125,0.38954034628602563,354.6743259366294
6115,-702.8542045345795,363.8012390136719,0.3890066826642845,251.10549616603208
6116,-1093.6494972393334,404.1659240722656,0.4079890985484345,322.0389962648969
6117,-985.0462527933845,375.9658508300781,0.4116683293231489,295.01713117035246
6118,-965.1728292947663,367.2553405761719,0.4209003709155521,317.01746042513
6119,-1085.394459701577,369.18328857421875,0.4232985802364464,308.7159187002608
6120,-756.2248150739864,373.9462890625,0.43197715446885265,303.15495389906096
6121,-974.8529420230232,368.6631774902344,0.4399720249410226,297.25846656887813
6122,-1100.7499530323873,377.5315246582031,0.4357652438538926,316.1820960278791
6123,-1196.0612670567136,368.00390625,0.4266936125257832,369.54672866461266
6124,-1027.8162417313326,370.45428466796875,0.40096569906486557,300.96186322615983
6125,-1286.8271540065923,380.8493957519531,0.36944601786770315,349.4502824451299
6126,-1429.5639414609543,386.47332763671875,0.32602118039594913,355.03528075963703
6127,-859.4408969621429,369.3548278808594,0.3021639762061187,303.0859373809078
6128,-1039.4951098325334,379.0577697753906,0.2974801017100608,275.4926750972352
6129,-1390.1865346333063,389.0654602050781,0.30513648223852047,362.792936067909
6130,-1163.435513833996,365.0030822753906,0.3249575423467464,346.7030506568327
6131,-667.34354059684,375.0955505371094,0.3350681204915088,302.44967571123004
6132,-859.5243396875766,374.4735412597656,0.32919600859153353,313.7942825250354
6133,-978.5207309986919,369.72955322265625,0.31753786885509605,318.41946858702613
6134,-1183.3169953171905,388.1809997558594,0.3122483235735528,313.22656118651685
6135,-862.166802986521,21.808345794677734,0.3105008611890446,247.08961782437805
6136,-786.7407223479672,398.3017578125,0.3081894725246329,265.3304812739476
6137,-1253.0333584271018,397.4971923828125,0.31233798787070133,308.2051946011203
6138,-1273.9046874136934,389.2078552246094,0.31637389400360005,338.41521069224484
6139,-1099.8874047550282,367.10394287109375,0.3184190591135494,297.76924258783384
6140,-1052.8042238537134,379.3797302246094,0.32105030214081065,254.53657675681188
6141,-1229.7476286539459,393.9739990234375,0.3215880535471859,361.86398971437006
6142,-1231.3149054833282,380.06109619140625,0.31588905849387405,305.589574690107
6143,-1054.5119313497355,392.3186340332031,0.3109682735870195,266.11528055923185
6144,-1171.1865310096139,408.6935119628906,0.30892675974417183,346.4470887766019
6145,-1262.956197836084,48.68009567260742,0.3036375524883359,317.26590968086913
6146,-857.3080509211348,377.3164367675781,0.30366159283894245,302.40897887497573
6147,-935.5158589367308,373.7953186035156,0.30394148999620907,268.2177210719025
6148,-957.5119626991001,388.5575256347656,0.30458516091398957,319.31752228211116
6149,-1476.19223815602,394.8455505371094,0.30416465773388884,365.99088728371856
6150,-792.4260560964563,374.8138427734375,0.3043269663370993,247.4112201483931
6151,-1270.4322219590317,403.85333251953125,0.30435054065728084,353.26948996902195
6152,-1148.3712695185072,365.5100402832031,0.30457912255156183,333.30931255569163
6153,-1212.3221537754778,374.9735107421875,0.306143691682515,326.2967090983473
6154,-1180.111716957529,381.52496337890625,0.31058838008752887,319.3701302990126
6155,-1240.473933148822,383.31707763671875,0.31958081961556495,348.1401023505813
6156,-921.2078838346422,364.3222351074219,0.32352012977387457,317.5678125417011
6157,-1122.7842507495363,382.59613037109375,0.32568685484268084,365.3667942940164
6158,-1473.3204551828042,385.22430419921875,0.338834788663439,382.5346753111579
6159,-1405.5546095770767,371.3736877441406,0.3643964684730643,348.47947906409127
6160,-1037.1800962351886,742.3157348632812,0.37168387423098004,271.5054730569721
6161,-1363.3765021078746,0,0,367.1333515507804
6162,-812.4323051072151,373.83477783203125,0.38489839829182815,280.0335482965377
6163,-999.4975608267894,405.8788146972656,0.3728406126839299,312.82644661481464
6164,-1074.5491605415664,379.2510986328125,0.3526728059252145,331.4473381656054
6165,-594.366884525758,371.6161193847656,0.33550030021308036,287.1525479789636
6166,-1108.0017758800816,394.14007568359375,0.3206577719542763,311.4934348707872
6167,-1142.991725582926,376.73187255859375,0.3303181912186466,324.5200744575904
6168,-1266.5349322362606,385.140869140625,0.3506214609568299,294.98384614049576
6169,-1031.5648956056152,412.277587890625,0.36219456942103456,313.8690132499365
6170,-1083.3315619851446,375.76434326171875,0.3709139175006463,334.2799830623045
6171,-746.6626311194382,373.1941223144531,0.3737598591215132,252.8587280069257
6172,-1318.1799602506287,386.648681640625,0.3868351763214908,374.9721070364677
6173,-1128.6186655103995,380.65802001953125,0.37909704587684256,357.68030378903177
6174,-972.185469068686,370.70977783203125,0.36562446434181806,287.8168153484662
6175,-876.1397405310993,382.5016174316406,0.35444777791116167,275.2243116135929
6176,-967.9461866517107,393.432373046875,0.35053856429592467,290.8124183488086
6177,-1033.5175072844447,396.9239807128906,0.3519618962481488,333.5283388694611
6178,-894.5890541500248,368.8549499511719,0.35219398047200323,316.08092040947736
6179,-1261.47929826732,370.84796142578125,0.3529806287491143,349.3072434430944
6180,-1173.4009360944474,386.6603088378906,0.33847242531399047,343.9221143989017
6181,-967.5871438564136,390.6102294921875,0.318590132304557,326.46053942902336
6182,-757.3779201405209,388.57855224609375,0.30428391883998895,305.0518202637652
6183,-1103.1374137677024,372.5677795410156,0.3001560877568457,312.84395834456757
6184,-1388.2202473594493,377.79644775390625,0.29588573777557325,361.7952099566681
6185,-1354.7888981412093,390.8869323730469,0.29001507205746513,375.006083379895
6186,-1116.7067173733976,382.0367431640625,0.2924486145679994,335.4751818303572
6187,-967.8489013246408,372.09857177734375,0.3051282718215552,318.14556585537736
6188,-1009.0344213933403,403.7267150878906,0.3158572583453205,296.53097444461173
6189,-1165.6419943605565,402.68389892578125,0.31809907982333785,334.35125084955143
6190,-1219.5818663085604,385.0574951171875,0.3204200894331508,350.31483429139183
6191,-1170.3263258283685,373.393310546875,0.32368942484197616,320.27338008110996
6192,-730.7988674392461,381.15106201171875,0.324112012316514,296.83748459427346
6193,-1132.3449538008463,380.8671569824219,0.31197307959336706,337.2219348600241
6194,-853.7103781676101,377.0624084472656,0.30581268151062113,306.67825307942786
6195,-1204.1180038642851,378.93572998046875,0.2999180281778768,349.60875331427206
6196,-1211.4310135325195,379.2001953125,0.29946205941891213,328.16007205682797
6197,-1060.7138784711526,377.0323791503906,0.3000466459334976,332.96459453795626
6198,-1045.6730494271062,371.1553955078125,0.30220092464683646,303.01298122470047
6199,-1017.7956593416725,383.28216552734375,0.30478740456597997,316.58565351120313
6200,-1163.2076707063316,381.25457763671875,0.3061662991623737,283.0408549582903
6201,-1108.3553382809898,394.553955078125,0.3066038547452301,335.8427179679421
6202,-1079.2591466601925,373.36761474609375,0.3051215944640391,296.7383210969213
6203,-976.7499212005495,383.2150573730469,0.30396563182929737,303.8140058168183
6204,-1039.6411423017628,378.4197082519531,0.3047572327117529,302.27958979299285
6205,-1067.6387497327623,381.54071044921875,0.30428237175050865,314.0914788414005
6206,-1432.1145907148664,378.84576416015625,0.3026298143421907,381.07460902171204
6207,-1063.3930744617028,386.1054992675781,0.2955321294350501,335.4713539846738
6208,-1320.2922617463116,19.32851219177246,0.29134643915964603,368.54589421733135
6209,-1084.6813808325653,380.9845275878906,0.29875372122640287,312.0207252928879
6210,-1122.5351297971686,385.40972900390625,0.31845516712478505,245.51514712023697
6211,-1079.8437088870958,404.4179382324219,0.33893410703151927,330.8983208620471
6212,-1076.0376312714895,380.2518310546875,0.35714830578991874,331.23218527751203
6213,-1028.7856630677934,9.611620903015137,0.37756897798739164,322.61426461826886
6214,-1131.6788913653422,378.1542663574219,0.3885314855445623,320.8650138650076
6215,-939.3747643997117,380.13421630859375,0.387715284619788,307.81183922315813
6216,-556.0968937177254,396.1303405761719,0.36174327832097863,291.74646981211464
6217,-827.5140498057806,392.5731506347656,0.32906945967305035,292.33565891866806
6218,-1301.5522595941393,393.0542907714844,1.1802000643219799,355.49010848184207
6219,-932.7757029765753,374.3791198730469,0.31466894959644975,317.81992292989395
6220,-1264.0232067685488,377.9830627441406,0.33087564970072303,333.771372578182
6221,-1033.1335121269976,385.7152099609375,0.34856929229058364,334.1533807835592
6222,-1181.4492181990242,384.87457275390625,0.357093780589012,319.15874894444414
6223,-897.3764667298828,379.1431579589844,0.36119521862982396,286.91693827079797
6224,-1217.2231586504554,401.41748046875,0.35865853002970294,290.884229330066
6225,-1222.6221920624907,395.4029846191406,0.34782486893843756,306.7173145862507
6226,-763.8709985334276,385.5866394042969,0.34099880456370446,303.3331821653007
6227,-1212.6829186972893,382.9367370605469,0.3311409313532008,327.3736268029317
6228,-1269.4886643392315,390.60748291015625,0.31405880840634237,322.9813112889785
6229,-1100.8680329455688,384.74212646484375,0.298569852498626,335.81552334916273
6230,-1047.4757369124043,380.42218017578125,0.28943985026030195,328.20311692280615
6231,-731.9159557434975,377.4559020996094,0.2877410738880486,298.34899035480436
6232,-1106.7923512982159,384.32061767578125,0.28744282044386266,317.47991584668017
6233,-1109.57082320158,382.3081359863281,0.28756655566748823,331.33650512493807
6234,-1255.2736714790994,382.4013977050781,0.2879805314642716,354.5012094253957
6235,-1197.0851282045437,380.86346435546875,0.29061545877027883,334.71449112799235
6236,-549.3182175166814,387.077392578125,0.29096435159639356,271.599964785123
6237,-998.977629533175,394.7399597167969,0.29023936018220176,281.0327282747585
6238,-1333.7594261261127,406.0753479003906,0.2905175391427115,315.3745583300988
6239,-1206.2278719183685,382.10418701171875,0.2908280147640281,361.6872998217111
6240,-933.6059658898153,375.678955078125,0.29109065728660344,301.99186017780545
6241,-1096.5157102232963,381.7940368652344,0.29170126688683523,322.1828770888566
6242,-1111.4972554819617,383.1080322265625,0.2922270740259595,313.3847907265865
6243,-1219.7855222176916,391.6240234375,0.291691701139116,316.52266360964273
6244,-1419.0830037150258,396.5695495605469,0.29131634753697644,383.79921760535615
6245,-783.708653433905,372.38726806640625,0.29195634251946245,292.07182642558865
6246,-789.5132494384936,387.0060729980469,0.2920671351230122,283.59018855158945
6247,-1110.8582450165984,391.9862976074219,0.2929687347645948,295.9344335218098
6248,-1294.2235625028597,409.27178955078125,0.2933767398610212,356.23205992543126
6249,-1024.3151996658419,385.458251953125,0.29269560205360245,281.7765496697519
6250,-1385.6653708481645,403.74078369140625,0.29210459245505804,319.17334289518504
6251,-911.7367575462441,393.7808532714844,0.2926327421478392,297.6355337180113
6252,-1235.5008780927972,393.8537902832031,0.2941093451389596,341.7937470044328
6253,-1228.7954568949776,379.609619140625,0.29724704847581274,356.55166692728443
6254,-1311.0406459103203,384.1374206542969,0.3056031705110285,325.6351993027582
6255,-924.8471828768666,387.8855895996094,0.3127113653979734,270.6419921254917
6256,-1162.1212460138247,400.0982971191406,0.31735455749775277,342.91354742179993
6257,-1090.132219786765,385.17828369140625,0.3193656588837568,339.0536903625174
6258,-1094.0021258081904,378.14202880859375,0.3191424226722055,338.64635663112483
6259,-789.0594304101761,379.8382263183594,0.3119648466209588,303.9426450541213
6260,-1069.8413524345938,390.67730712890625,0.30684549890948976,304.92991288924634
6261,-1385.0673433665945,404.4022521972656,0.30588504747175094,345.59654653442686
6262,-1079.1879025338949,376.1553039550781,0.3051899743537927,338.97699633821054
6263,-1330.6086459512053,389.05145263671875,0.3058543004935532,364.87458691947006
6264,-1001.5187379588386,369.37518310546875,0.30617405745430437,293.8719612866519
6265,-1060.348245567944,404.5478820800781,0.30583937504791936,330.1046163822781
6266,-1071.8258324716426,380.8721618652344,0.3055619858592551,312.70328094335986
6267,-1083.6751659202703,388.7872009277344,0.3054682990673008,345.84043878392123
6268,-1081.4046511124295,383.1764221191406,0.3057052917774974,336.04496752685566
6269,-811.153035633851,373.5970153808594,0.3082403174334538,287.01708672486694
6270,-1138.0477663664046,401.6322937011719,0.31112488659404147,351.7552247625804
6271,-1207.5550382200136,384.7745056152344,0.31109193735541996,348.2721004804863
6272,-1264.6188893544231,752.3394775390625,0.3103840335632728,326.4120098767599
6273,-1139.5714669906463,0,0,349.43917938381975
6274,-1144.346738536146,379.7158508300781,0.30823309327480164,338.9586415705629
6275,-1159.998233229076,383.8314208984375,0.305123219250536,353.1548258687356
6276,-1234.1372933715468,379.46282958984375,0.3021240942882386,361.69728649806126
6277,-1119.044249874662,383.0522155761719,0.2999682095423175,316.1435499946776
6278,-1426.1067912626168,392.7547607421875,0.3005788107500653,366.71801928877073
6279,-1397.350941059297,394.2156677246094,0.30764285518676227,367.01146260272907
6280,-1030.9558324869074,386.6486511230469,0.32811135580299844,329.09635046594644
6281,-712.5067834927634,381.6442565917969,0.3496054547619094,286.3032743084516
6282,-1225.4216577038603,405.0296630859375,0.35182445752043456,314.81678836725644
6283,-1288.1789504806363,402.48406982421875,0.3556492869315373,339.67225954960975
6284,-1172.3430897589683,388.6835021972656,0.3627842347899102,310.9974562206165
6285,-992.3402923262679,395.8512878417969,0.36662438287621946,280.22178026172145
6286,-1244.5610952937334,401.9590148925781,0.360364113647325,356.1428978054088
6287,-1111.0461371453212,387.40509033203125,0.3547231926833785,315.9059830777644
6288,-722.4856885780295,399.4283142089844,0.3464562568469447,275.019576355328
6289,-1246.713181113268,48.4970817565918,0.3329791282272563,330.6311665282518
6290,-951.330133781431,391.10565185546875,0.3267661579357124,327.88734035574186
6291,-892.1657518664439,381.79510498046875,0.32531453035834523,299.96586506612744
6292,-1182.085624775688,9.065951347351074,0.32416317181786747,294.6618293964031
6293,-873.7100238930608,400.94696044921875,0.32798478426715416,279.92529217409117
6294,-1033.946064756223,394.05487060546875,0.3353711746544712,291.1425363824943
6295,-707.1638313901398,411.82061767578125,0.34315203465301014,308.11815308927305
6296,-1302.217455680222,386.7562255859375,0.3600642786174493,342.328284078687
6297,-1205.1673287160827,398.11358642578125,0.36413547368553933,338.5582309734113
6298,-1069.8469693369893,396.89654541015625,0.3604311644663122,323.90552974682475
6299,-1006.8177508135304,388.06158447265625,0.3549864810913289,337.1033445755016
6300,-897.2530174464039,384.2037353515625,0.34573695569132934,307.6593894679685
6301,-1119.3157609160162,399.22412109375,0.3381753925308455,268.5757636285034
6302,-1551.4306327704626,410.9717712402344,0.32672098592890064,374.2967880123788
6303,-865.0185061747687,417.6431884765625,0.3059200966358343,303.0679303142278
6304,-1153.4736505579065,386.79095458984375,0.2980183757183168,341.75176419507665
6305,-979.352946226311,387.3913269042969,0.29498825840662224,261.81624094588653
6306,-1053.1688740797424,420.78857421875,0.2963410315651336,342.035545766346
6307,-1284.4056582789424,404.6302185058594,0.2983717708033353,371.6732614686989
6308,-1235.2596263534385,385.6235656738281,0.3030623747942429,336.9843033181421
6309,-1144.3500473313122,391.72174072265625,0.31086481327475557,334.94510175488233
6310,-1276.8774373542165,394.9651184082031,0.3195751760279726,316.76412173700623
6311,-1157.957253665254,399.2606201171875,0.32885407628696883,353.8090207783887
6312,-897.4919679412301,388.0057067871094,0.33579788959016743,299.03673938456967
6313,-820.1632531600753,394.6609191894531,0.33486938074756645,289.24856311267484
6314,-1325.8091758582216,415.2412109375,0.3258925163552471,286.50151061610325
6315,-1474.5918883166737,426.6065673828125,0.32278417787743807,386.53791046647444
6316,-920.4561013624028,394.9593200683594,0.3251038065775518,301.1682847155028
6317,-903.9345746124736,396.0837097167969,0.3213034992016581,288.511217270348
6318,-818.4138515961299,399.8864440917969,0.3179286048657235,256.0916223906725
6319,-1155.200762029938,413.67840576171875,0.31629776821456046,367.74296658092226
6320,-1013.2543092352254,390.77459716796875,0.321771849262769,325.10645001019736
6321,-1368.5780336167186,388.2453308105469,0.33136508920718977,351.2847439893476
6322,-1070.9789735228167,412.41790771484375,0.3321671668810753,275.64611489005426
6323,-1075.2676930452342,408.08892822265625,0.33201242105969864,286.635197954714
6324,-949.7690619525592,397.3390808105469,0.3344663431048329,296.6594117765355
6325,-991.6347589468185,402.0193786621094,0.33749210338990243,305.86487174906455
6326,-1274.7568596378767,393.5770263671875,0.3400946814930774,321.8717293732506
6327,-910.7243064717253,406.1297302246094,0.33449315516893696,286.7502065757601
6328,-902.4434422863192,395.7739562988281,0.33336910831199845,292.4423373709723
6329,-929.7314653671765,395.0969543457031,0.33782420565117377,331.260366831247
6330,-1016.509428468494,404.5213623046875,0.33581267714679197,295.93766684537695
6331,-1209.0624075673709,392.680419921875,0.336043419977639,333.6041980327994
6332,-1433.3710317376754,404.31402587890625,0.32650651982576706,350.181938157043
6333,-928.2604244420895,406.7646179199219,0.31314052565230466,327.91807901742766
6334,-1053.284759752032,383.6885986328125,0.3044009098171845,303.80998344525756
6335,-861.0848324987079,410.8379211425781,0.3012934539282175,317.39391443681467
6336,-853.0734411950006,393.24591064453125,0.3005191928309018,270.68440685795167
6337,-715.8989777985215,410.0361328125,0.3062822866050968,284.72980543221223
6338,-1250.5738056559098,405.4521179199219,0.31441871472457184,349.8274533752437
6339,-1247.625903501048,392.18768310546875,0.3175521070286377,357.32714066400365
6340,-1026.9534821180753,412.08074951171875,0.31034778433962384,271.61407804794885
6341,-1060.58847434184,416.3976745605469,0.3051435304407202,263.3227353228882
6342,-520.4305682837648,415.753173828125,0.308316595482365,263.7539724519942
6343,-1054.906219380688,407.1661376953125,0.32007928814702813,326.94043951806395
6344,-726.2559881709863,411.6963806152344,0.3345578646484222,303.48460803770575
6345,-888.1560257091257,388.9482727050781,0.3539972988485849,291.1102950147848
6346,-1249.4325735897294,403.17388916015625,0.36906409898731285,340.29947841661414
6347,-1244.095781991737,413.0735778808594,0.36339055828399613,311.7914352011169
6348,-827.3912368093684,395.591064453125,0.3625443739633204,299.5611500170071
6349,-1003.6632445252731,403.34124755859375,0.3615047236833573,315.137982360864
6350,-977.4061998762847,390.85028076171875,0.35991636156921425,315.9017698112774
6351,-708.3210969705132,391.58062744140625,0.362834322766862,243.1557533002749
6352,-961.5887126239741,419.0670471191406,0.3695573361078758,315.17301364192895
6353,-1147.2189492248285,414.269775390625,0.35969920494960206,298.6827867979821
6354,-1005.0107664283086,399.7723388671875,0.3486527932116049,303.3885755338225
6355,-1186.3951552749006,414.0396728515625,0.3343246069332403,310.72511609232447
6356,-1574.8016019523393,431.18658447265625,0.30377771232600903,382.15084123846276
6357,-657.0386570232994,398.3331604003906,0.286577952797081,290.3875037126371
6358,-871.1728625492499,396.87646484375,0.27936486048206743,301.16012334188144
6359,-1027.73866953656,398.5857849121094,0.27674426395504637,348.1488259838623
6360,-1255.6106694697942,409.61907958984375,0.2715369438039157,356.3312912730898
6361,-1073.9936245620852,401.80230712890625,0.2703217892609386,344.4656781849287
6362,-1205.5799444330805,405.4705810546875,0.27511943264188354,335.2947940465965
6363,-816.2456805176212,406.6214599609375,0.27908493854860605,294.13313620685494
6364,-859.126788932801,422.2284240722656,0.27875350382582675,239.29437428760525
6365,-848.5314969668269,496.1081848144531,0.2759943215259617,274.8027856060615
6366,-1187.1266422091742,416.928955078125,0.28293103388751195,318.83811100913493
6367,-861.0809149048297,394.3125915527344,0.3007659956774469,300.40332162858044
6368,-1081.2740067477457,404.76629638671875,0.3221043944780178,302.7541669882642
6369,-992.7316174214719,406.6142578125,0.3463168066110589,275.6401447941987
6370,-936.5893386281311,412.7744445800781,0.3727283424306902,281.87684327467207
6371,-955.6565206326968,408.1532287597656,0.3954686908392162,280.53064063180506
6372,-977.3669248219684,413.2091979980469,0.4144203778336347,347.39778033463926
6373,-898.6710113634757,446.1328125,0.4156227424924932,278.5404169201544
6374,-1495.9751619631784,507.0865783691406,0.37585391494349696,364.3618515310393
6375,-1078.585530311141,397.3301086425781,0.32900814168628806,315.0487305380557
6376,-983.0951166314828,419.38446044921875,0.29118558405150075,322.44461466601444
6377,-961.9829053294792,441.135498046875,0.2665849655673449,309.3505543922028
6378,-1015.2319776809209,405.15252685546875,0.25989965698753903,305.5356532908988
6379,-1259.4720497946694,418.5943603515625,0.2727568201988768,299.95293972649324
6380,-921.9507549907396,399.7582702636719,0.29398483271878817,244.61456918314488
6381,-1069.7454206968648,424.6651611328125,0.31341021285197856,304.1030013428368
6382,-682.6144722978383,406.6295166015625,0.30960575188683936,284.26974427262246
6383,-1031.430177480225,410.8396911621094,0.30052150209166817,292.87763982648056
6384,-1228.3361562082289,789.028564453125,0.2892392153143817,364.31726528269166
6385,-1136.787444158801,0,0,303.1866717348089
6386,-1015.5318698940886,412.2152099609375,0.2809006573249153,301.2730944235215
6387,-1011.8935742277755,421.91656494140625,0.27569423822405853,337.86058154805005
6388,-1053.9065430281328,394.21392822265625,0.27810201967028336,331.22890919999094
6389,-1044.8177378460168,21.64213752746582,0.28370964921106956,287.1803606640326
6390,-1281.6421187890596,407.3901672363281,0.29088473624255684,359.30161168483954
6391,-1050.4001267835417,401.6642761230469,0.2902800529691075,312.13966620647
6392,-1113.3336098278385,403.90765380859375,0.2879008736181301,341.26759347375895
6393,-1206.1834923763593,396.72021484375,0.2829751313673936,304.8783725975542
6394,-973.4615941436285,412.9287109375,0.27615258506517604,282.8664964381261
6395,-746.6699745611163,409.79046630859375,0.27334684882602756,288.8505000830781
6396,-771.6466199292728,416.0164794921875,0.2746060830808835,262.82291024554684
6397,-959.3320802060344,417.8371276855469,0.28267770805724024,326.7404556523154
6398,-1212.1208552945686,391.2295837402344,0.2955768763508888,352.40096192439074
6399,-1047.962506853339,401.9015808105469,0.3025062925099984,343.34459263961105
6400,-879.1585063216501,393.10845947265625,0.30535366028343636,286.86531194468097
6401,-1227.1932132435356,404.8851013183594,0.3108831885926526,363.01486998198243
6402,-965.428917038988,399.30462646484375,0.3042313878369902,313.30497808873486
6403,-965.8796557204394,405.7315673828125,0.2985050761211212,297.8091005124204
6404,-1301.5270496960436,406.6810302734375,0.2932299634388814,366.0150680972285
6405,-785.3419481484262,404.9993591308594,0.27761254581388956,207.8171691902711
6406,-972.4679726734616,442.59185791015625,0.2749413164289366,312.8738111592832
6407,-986.9511916205823,422.9488525390625,0.2743970969869017,290.4149350640654
6408,-1203.1637596789396,408.53192138671875,0.2747780204618431,297.87743150589125
6409,-1014.7604166344603,458.26800537109375,0.27383339642378535,324.1403266282525
6410,-963.8750667103039,464.41192626953125,0.27827928995658624,314.7127310615082
6411,-1078.5111074906263,460.73529052734375,0.28887116697029513,350.21237629978486
6412,-1099.356477757007,402.1542053222656,0.29871247117297606,333.8516213975528
6413,-1020.203119535032,417.010986328125,0.3054266452100942,323.74250626357195
6414,-781.2456606532564,397.10406494140625,0.3091863934247965,256.6506938177784
6415,-901.2416542490721,415.50848388671875,0.3195462777442867,285.61788488251506
6416,-771.8451808380357,415.4512939453125,0.3328902930165203,291.23930742554
6417,-885.1571748980786,424.8622741699219,0.3508229078853071,305.0994407731599
6418,-1109.3679793426236,471.94927978515625,0.3581120420609575,360.0164482382959
6419,-1100.8801213551399,399.7074279785156,0.35156587141983664,318.50642013191543
6420,-1048.5594376656145,406.94720458984375,0.33116652309007766,295.03074717248336
6421,-1040.4876022323763,405.6982421875,0.31209499694893905,334.4284587664873
6422,-906.7936254873596,397.0395812988281,0.2948343978432654,339.358067125583
6423,-931.5691755590207,407.6658020019531,0.28243102204158244,300.5913563979815
6424,-932.5080237157832,409.1777648925781,0.27378965053361815,293.4939802002189
6425,-1149.991574110115,408.6608581542969,0.2665239547067485,300.19739713228796
6426,-1292.075824283613,408.2544250488281,0.25764183035704263,349.8413734145342
6427,-870.9266447318793,401.398193359375,0.24967081701883975,286.969629264949
6428,-1083.0334059370266,409.03558349609375,0.24933228008763353,315.0550497723269
6429,-830.0266825628818,400.37646484375,0.2512725046561477,292.93928303473365
6430,-1287.0723868416546,411.26983642578125,0.25349587634269266,338.03603514967244
6431,-972.7510400111059,408.1831970214844,0.25938119619621247,284.75554904016565
6432,-1060.6505384602658,409.09820556640625,0.2611410345295657,334.65133551840825
6433,-1112.4607874725962,405.6424560546875,0.2655102612445742,292.44280108148246
6434,-1014.0848347603849,418.20697021484375,0.26481778762192676,329.33235071092463
6435,-1014.0560524220471,403.1700134277344,0.2642227748699849,311.83695322837605
6436,-1026.8804732170288,417.8565673828125,0.2632076530873013,264.3532712851187
6437,-1446.4752628873716,429.0616149902344,0.26314284258351706,362.6889803059377
6438,-835.645645452618,406.6859436035156,0.2651319587577919,299.7719467778774
6439,-1086.0324228163893,403.1558837890625,0.26357556698303686,296.954535538232
6440,-1094.4896898552352,415.13165283203125,0.26322613918560384,343.53024598883394
6441,-981.3244871502086,398.13970947265625,0.26332590291997326,316.4141893515539
6442,-1440.6360003241002,405.5960388183594,0.2638733068711324,366.5022076193645
6443,-624.752082886991,415.53717041015625,0.2642800831137031,289.3445686234401
6444,-1026.9151708445434,407.42926025390625,0.2644126641022571,305.7033841481759
6445,-1029.2176558622928,406.60491943359375,0.2659657524631844,293.9512300064678
6446,-958.2203199301624,422.2944030761719,0.2690496190826418,334.6191580238144
6447,-1035.381591093204,416.98760986328125,0.26857697701570926,284.58598479224514
6448,-1202.6389272704712,414.5484619140625,0.26894130066508126,307.02647116212984
6449,-1231.9707617676884,416.6059265136719,0.26682442157363423,329.7283408251475
6450,-716.0149731632046,409.47271728515625,0.2657988240972191,291.27353286026926
6451,-1055.854128679925,428.95831298828125,0.26817600765595334,319.7474304525244
6452,-1396.7048958296857,436.5017395019531,0.2683068742969742,379.18134184223777
6453,-1077.7641184874183,403.80487060546875,0.26519208533352057,296.1616840544874
6454,-953.8196603125836,412.7908630371094,0.2640395789132864,253.92521527563605
6455,-1055.7666985192884,422.4566650390625,0.26448340286295746,337.3881313800516
6456,-1101.546346533444,403.9207763671875,0.2651432060344243,325.05690588545446
6457,-979.1872596969147,401.9079895019531,0.2659871258613523,334.37298328439624
6458,-876.1716131412079,397.60455322265625,0.2665222457628119,312.4752280193692
6459,-860.3061400503836,407.2831115722656,0.26688320222245804,272.83564829856124
6460,-903.9454700690899,431.1073913574219,0.26904058542327547,333.89737890231726
6461,-847.247803750785,397.22198486328125,0.2765669161390172,277.4209794674751
6462,-1357.4839137761876,424.17852783203125,0.2838002104162376,366.0469042868367
6463,-837.741040997862,402.2325744628906,0.28962956959206076,297.181968408721
6464,-1028.3291919880287,410.449462890625,0.295303234796947,301.38538676539486
6465,-729.4791133132115,403.702880859375,0.30735734912045276,254.88006773459287
6466,-1303.6861025649644,453.7727355957031,0.31387896444316155,340.5461798118161
6467,-1023.199601245585,408.4504089355469,0.3128036751437313,290.3691856388023
6468,-617.7283987762063,409.5877685546875,0.3201226424713525,248.66787496952398
6469,-989.7999383580017,423.42449951171875,0.3327999296609534,316.6806912202145
6470,-763.323370551808,401.8367004394531,0.34814844853601046,292.293048029914
6471,-979.0160856426492,421.7510986328125,0.3559857577696514,268.6048450443046
6472,-1185.8420856948485,424.3211364746094,0.35614475277415525,376.1708507865236
6473,-885.1760188891485,400.1544189453125,0.34349335443697626,287.63388739402
6474,-899.5887897262555,409.2821960449219,0.3343324449340004,289.3307006838428
6475,-894.2173307211996,408.0518493652344,0.3288058420656601,303.73737994602607
6476,-1078.4428936686393,413.4873962402344,0.3156188659475705,295.75564588922975
6477,-1123.8579918018875,424.7840270996094,0.2916543054313123,272.20611743322684
6478,-1315.82254122834,437.9623107910156,0.2654407792810488,333.8317768222455
6479,-1087.7989680880062,419.5306091308594,0.24906692014327203,269.4191506151358
6480,-1400.9799086175396,450.0968017578125,0.25179441690370685,343.0347698565761
6481,-1257.1796329532056,418.2360534667969,0.2833481609284369,355.5150799318083
6482,-1218.7368404943861,418.4231872558594,0.34366739190079315,326.2592302000507
6483,-1145.1322705163325,492.2193908691406,0.42208865672699314,336.3646767723017
6484,-900.4972778768112,407.6973571777344,0.4775537340152461,293.5980923855989
6485,-1067.9631007013325,419.28741455078125,0.5099267050723879,306.07091094788944
6486,-1157.8366564911191,415.5925598144531,0.5236963868689402,328.67573387078625
6487,-869.0560651053187,413.9048767089844,0.5010898226975995,324.5350300923912
6488,-1078.8834569834548,419.87091064453125,0.4622556909052111,336.5983842782801
6489,-1245.498013532975,419.78125,0.42487290276708833,293.4699093156609
6490,-1044.9391448560286,418.6380615234375,0.3800140908681532,329.46377751427895
6491,-752.4463754587443,417.0096130371094,0.32654951640376706,252.12643671897663
6492,-962.0340016138142,443.6146545410156,0.2951055106867033,305.5065281902004
6493,-1399.0848517107004,437.62176513671875,0.29477108144098385,383.01983278208075
6494,-876.4815411849123,379.3784484863281,0.3107945505217638,304.48350773387494
6495,-1050.182502014949,410.9588928222656,0.33344476611073337,302.268245241861
6496,-966.9050444825948,796.4099731445312,0.36902964320141596,330.8327678129227
6497,-881.9217898494388,0,0,308.9857823732847
6498,-996.7849323497879,426.1808776855469,0.4033536645388115,286.5957275808275
6499,-1012.0510469907856,421.1250915527344,0.4272105817810692,314.50037150876926
6500,-1259.0238592272813,429.9022521972656,0.4352605365449409,307.25847217213084
6501,-997.0533410408593,438.8618469238281,0.4135967800537448,276.82802493243645
6502,-1049.565312860977,423.8614196777344,0.3850595498992291,278.6124143533789
6503,-1123.8853106391334,426.9579772949219,0.3504420772056269,283.8377587194977
6504,-663.839471798774,430.2285461425781,0.31223565681284615,283.1041123876858
6505,-1010.4580157287759,411.8757629394531,0.29611274059557624,319.83228307567157
6506,-1215.7237180180937,411.39703369140625,0.2828888307114832,357.3678045617323
6507,-818.5334141950391,408.74169921875,0.26563192112945394,293.20776537624903
6508,-869.3214437757621,416.9471435546875,0.2603416371304449,303.26638030966876
6509,-883.7230356445997,410.9739685058594,0.2600725943476666,283.67992480156494
6510,-1255.2452489172208,424.5203857421875,0.2613122234483012,342.4768416703797
6511,-1076.6573828009796,416.4599304199219,0.25793299590000035,304.26708257710993
6512,-859.9856085780262,415.9986572265625,0.25613989084942934,302.9062836808392
6513,-1151.8092447579365,409.2567443847656,0.25686123601698707,328.80439786144683
6514,-1349.295743289131,431.296630859375,0.25762446770881453,319.26003165882685
6515,-1005.3469650171716,435.2010498046875,0.2567762413746644,324.2434041272446
6516,-630.9124040393541,406.344482421875,0.25736369224368866,260.79793767963724
6517,-781.6674598565023,454.590576171875,0.2588960068154402,263.18252064210634
6518,-1323.4483855741546,431.3753662109375,0.2653055780330687,356.9338732455428
6519,-1168.0274729902242,432.48248291015625,0.2676087561845683,334.64142913090006
6520,-1241.2910748129789,415.1205749511719,0.26620679930950747,332.20189476204814
6521,-997.3281286024214,419.1265869140625,0.2610698485999573,317.09208513473857
6522,-862.4593368725904,410.0419006347656,0.25990040342898,275.992643098902
6523,-1060.019522186953,425.8278503417969,0.2607070533082274,293.4469896543092
6524,-1019.6420165327395,426.4027404785156,0.2629597249502875,325.31487250405223
6525,-1006.2906388030807,408.1343688964844,0.265723303693458,315.27924403610683
6526,-939.498896152719,11.32404899597168,0.2657541896342668,308.9018776220372
6527,-920.4036150312556,411.609619140625,0.26773646099015375,330.84613758807654
6528,-1000.9657735010363,406.6380615234375,0.27003466283097555,275.5456994055816
6529,-825.2502634626316,422.47686767578125,0.2723431520109479,292.27712382078175
6530,-1022.4263467426689,423.0397033691406,0.2806242948078639,292.67904229834767
6531,-1091.2802442965628,421.0477600097656,0.28910880382441273,323.4550449993671
6532,-1190.0046472662434,409.9755554199219,0.29476535006411236,317.69958196288087
6533,-727.7818293044236,420.4773864746094,0.295072867585742,299.4027961395361
6534,-928.0942265013992,414.70513916015625,0.3069634802173681,294.9775694663858
6535,-1097.3720103144328,416.40740966796875,0.3206579107944825,288.87528787156475
6536,-1090.739444870131,428.52899169921875,0.3293674773109758,341.29870106853576
6537,-1137.9769711556628,414.3778991699219,0.3215230567476614,319.27215656191186
6538,-1065.5880278706607,415.3484191894531,0.3054264889580652,272.51406669103875
6539,-1105.1645807193988,433.78460693359375,0.285834809236404,311.1979211931406
6540,-1279.8335283347562,421.5527648925781,0.2650693209007501,368.56680568914965
6541,-1028.4822137092021,411.7729187011719,0.24906823953212248,325.206210212119
6542,-816.241056901155,412.0293273925781,0.24661917991877114,275.61782005073684
6543,-964.8022493642732,425.1355895996094,0.24927061462569328,309.14997717995504
6544,-1149.1604081525104,416.6342468261719,0.25256720429367807,322.2206761678654
6545,-1358.5882964328844,416.8818664550781,0.25744457056668724,351.38359555647287
6546,-962.1645537365645,415.674560546875,0.2691142984374151,316.50079538476444
6547,-964.7084061437529,416.2257995605469,0.27748642031397686,296.3681030045103
6548,-1317.5315860008463,417.8817138671875,0.27809663950319896,348.338663310735
6549,-971.5434997815868,418.62017822265625,0.28374757074807144,294.60296450855526
6550,-595.1145535373823,419.9894104003906,0.278070770190969,250.274330627853
6551,-933.4379755501436,444.7750244140625,0.2620017696206815,325.87218661239996
6552,-1129.7850403952827,411.973388671875,0.2640064256774823,362.3779514432945
6553,-788.2734789795206,407.47979736328125,0.2814426460054522,300.0546250836503
6554,-1005.4639445985337,412.2206726074219,0.3171078978819484,329.46898647544145
6555,-1027.0821218567323,411.87860107421875,0.3553836986581712,329.18835096240673
6556,-1299.083591344316,414.72247314453125,0.3819872868384401,377.22004696246086
6557,-998.0617063608993,418.8157043457031,0.38223095624390924,302.6492470382521
6558,-799.5818902428329,412.9338684082031,0.3825525336343664,291.9228103760736
6559,-980.5633325788044,416.9172668457031,0.38265199198023103,290.2638016237883
6560,-912.5498433996123,417.019775390625,0.3806901270462012,276.168053434689
6561,-712.5589437852999,423.7943115234375,0.38759580469371735,299.9145641376697
6562,-942.1645891760028,412.8625793457031,0.3991085519336173,293.97541302505266
6563,-1140.3911700903348,419.94573974609375,0.40150157784252144,355.01601425539076
6564,-1066.4080774728604,33.44641876220703,0.3655243488357364,322.8430702351907
6565,-1081.2258237473343,418.2989501953125,0.3203801663669865,306.46204101505657
6566,-962.5068152651231,417.4626770019531,0.2809707073139153,315.0729684970643
6567,-1094.0774512252974,416.1689758300781,0.25117783729757465,313.71694169192904
6568,-1059.1535921049024,414.63763427734375,0.2352346025406207,338.47810027744634
6569,-888.9546636514538,409.1757507324219,0.2319920313553403,306.3577481298563
6570,-1173.369096494984,421.9197082519531,0.23609693871550586,341.3043742526483
6571,-952.8049659638906,410.4572448730469,0.24875928655427737,273.8040405748242
6572,-768.4252962066607,431.9531555175781,0.25236736187081044,271.9754979865191
6573,-902.3840558414578,429.1472473144531,0.24652246916509502,259.83066001467495
6574,-1250.4446735528202,441.0130920410156,0.24308209534996578,325.79256294087276
6575,-707.4472262882969,413.8787536621094,0.24040350308609737,251.76918719835774
6576,-1330.7020899846332,452.4598083496094,0.2421925763696069,329.92379885295225
6577,-1200.4807749602112,420.8235778808594,0.24430445243885496,351.84558605866823
6578,-1158.6699438746048,420.6441345214844,0.24256291379140593,317.79032618995814
6579,-854.1249539867493,413.2923278808594,0.2427229540245358,273.85509279983796
6580,-1315.8579006689679,442.1045227050781,0.24228766909347577,330.6424105574179
6581,-1135.1464993456864,417.5946350097656,0.2438103247223423,307.1590451812759
6582,-1101.3298285628448,419.46258544921875,0.24722890667136388,341.78057954634073
6583,-1252.3120516229717,418.8108215332031,0.25560390786428105,367.28845655471054
6584,-1127.2021573219572,413.5096740722656,0.2706656941303195,334.29465077154913
6585,-1069.8743302487396,416.4333190917969,0.28950816379462785,316.47478793973016
6586,-1111.6286750464822,420.8677062988281,0.30830054729172246,311.42394704595284
6587,-1247.9316815819031,424.808349609375,0.3262250175963659,353.56256537307246
6588,-521.3157515273643,429.39056396484375,0.3075392742049903,288.9373192668828
6589,-679.4246050402402,434.87353515625,0.2707745197725764,288.0074173213389
6590,-857.2160300525255,426.25360107421875,0.2538862453938593,269.47169316132835
6591,-707.3335319707394,433.0004577636719,0.2845839189823209,273.94467819494395
6592,-1306.7103396812697,446.1686706542969,0.33288440609612646,351.1505002413338
6593,-910.9554113319668,406.8094482421875,0.3803349538941524,291.8330413138068
6594,-792.2966404371017,420.5417785644531,0.43350361539229,262.3774249789513
6595,-852.4128638218574,428.6628723144531,0.4869542607552555,290.60875965018374
6596,-985.6375247656672,423.1441345214844,0.5248094316443871,328.7891073279492
6597,-1041.1237561771122,426.5208435058594,0.5276190568480984,265.36010498485456
6598,-1151.6649978961536,447.6298828125,0.5009078180909528,330.25054333794344
6599,-703.8352186393346,403.8296813964844,0.48074723906685246,276.83398805772634
6600,-1305.430462021973,461.1241149902344,0.4313956647483792,364.2090899460092
6601,-1088.5084396769844,415.60968017578125,0.3529852020363915,333.41796782633236
6602,-1125.1049302658955,423.51104736328125,0.27973639383195403,324.1801080514955
6603,-1094.8841082573997,419.3016357421875,0.23197169256986322,333.4496850661247
6604,-1431.4534303793027,444.3603515625,0.24546129308443598,361.4482396861596
6605,-775.2043505763907,403.9623718261719,0.29776601793963353,302.4593579321633
6606,-721.9370150767826,436.1895751953125,0.32277988213537195,280.49978439114074
6607,-1020.4742645341616,431.6295166015625,0.33397868646924067,311.4489609293456
6608,-884.1608202243652,835.5865478515625,0.3057275688781736,302.87340995150606
6609,-638.4210385066522,0,0,246.8511193613537
6610,-1081.445559525085,454.8345947265625,0.2585591786353092,294.8407751953714
6611,-1198.9712924620728,458.2879333496094,0.24060351151080267,308.25699452095023
6612,-737.4369678716416,432.0986328125,0.24251282842691502,284.2205865490022
6613,-1067.2057359388593,427.8976745605469,0.2662113440637916,327.1218054697476
6614,-1112.198010807878,432.1434020996094,0.3013420972704344,294.6012509636659
6615,-435.583019280768,439.6084899902344,0.33009898537894433,256.97385953306724
6616,-1068.2717811332109,437.8966369628906,0.3996140807838667,328.388503630491
6617,-1117.633376616939,424.98577880859375,0.4499983820480543,335.32948928375407
6618,-949.136316782476,441.60284423828125,0.4634732279136055,308.84019594210986
6619,-1102.1863159355105,421.9652404785156,0.4638831197180424,336.2631828820972
6620,-698.6200126369089,427.7550048828125,0.4409174940506776,294.98899671524885
6621,-834.4820477197256,431.3150939941406,0.4335065718286972,285.1256534531972
6622,-905.3688640739933,427.87884521484375,0.42666441177202963,255.84146953736996
6623,-1123.064054395121,439.40472412109375,0.4151586335411463,340.12217412061125
6624,-1073.7698592385507,423.98492431640625,0.3810690200026196,313.315352369299
6625,-932.9418476025277,429.6420593261719,0.32898857937262904,310.33998425659155
6626,-1161.119825868623,420.1155700683594,0.2841353981565829,311.71804445291156
6627,-1295.5097648243504,453.7444152832031,0.23750699912331186,369.67721977743804
6628,-950.5974562509741,459.1192626953125,0.22108624239814653,334.9002074218819
6629,-1075.7579049738627,422.50927734375,0.2615258275245534,277.5562246561557
6630,-1162.5807307391954,448.6256408691406,0.32700176922525287,338.0356004415741
6631,-1001.1288100262024,419.5489501953125,0.4039218865860035,304.61137643042014
6632,-852.1627106974921,428.8395690917969,0.4558112508548109,309.22903969818054
6633,-1104.126301112034,426.2821044921875,0.4638442076415952,332.2255865822145
6634,-1053.0010824525448,419.8727722167969,0.4627970908200544,318.7777395943514
6635,-717.7528203822553,437.4230651855469,0.43283331240417267,304.2004149914198
6636,-1186.8120359130514,428.8702087402344,0.3706553999621258,311.66005604647745
6637,-1033.2964831352938,432.28662109375,0.3284308566265536,323.5190934718904
6638,-1345.1415497268235,433.5607604980469,0.29283343212560387,357.43948337763027
6639,-884.8099671399815,425.62841796875,0.2752153539739267,280.2291973016809
6640,-723.231749616829,437.802001953125,0.2589723435968274,236.33539058009347
6641,-1062.3612254237487,453.6231384277344,0.2472272517963171,266.18985566947583
6642,-861.8201352459513,447.4876403808594,0.2528888617054961,289.58658018619275
6643,-978.2672117687478,438.3044738769531,0.2789153343491352,282.8035621058753
6644,-1049.307605980098,437.8791198730469,0.3105223062246767,322.59525172225636
6645,-1000.5940114532631,425.3458251953125,0.33332298184646436,309.06115338743626
6646,-803.7362946963299,419.8486328125,0.3564765716130182,303.99735338339286
6647,-856.9445443288996,427.3103942871094,0.37482794265211433,284.7408745232631
6648,-1040.2501322693915,430.4800109863281,0.3882453553643482,342.8354910539126
6649,-971.2145014259959,420.52557373046875,0.3822433011306157,300.27116709321206
6650,-994.173929921794,429.7339782714844,0.361867853684589,291.80625814856603
6651,-1338.3084922825835,438.5557556152344,0.326280638534915,366.0323161491752
6652,-1029.0338871916003,434.74652099609375,0.27107466077601705,311.1333400259923
6653,-814.7449905590396,424.6988220214844,0.23939378935382238,313.5139700034026
6654,-1475.7217314476372,430.1698913574219,0.23329727835789243,384.79811192636333
6655,-943.549552345793,428.6632995605469,0.25965554957759673,298.2853751236627
6656,-1121.3796206204556,440.8019104003906,0.3110546285616215,309.61887217267105
6657,-967.4181327093457,427.2126159667969,0.3618783646069975,304.85780036062596
6658,-766.8848661175385,426.8807373046875,0.40279607621203917,231.0640147179863
6659,-860.9072671743551,461.84735107421875,0.4010873242469203,242.22168256755853
6660,-1420.4668220997157,461.1152648925781,0.38810356928122186,359.535420600532
6661,-1175.8512946471694,426.8626708984375,0.3885192362315262,328.3544810645916
6662,-979.4674473453365,426.9276123046875,0.3831819547927511,307.79925074706165
6663,-782.8108731356173,433.408935546875,0.36078555559586684,298.9375494056868
6664,-691.0977383403737,438.9073181152344,0.3185701281928663,250.0684127165655
6665,-1183.441754176766,457.0036926269531,0.2789765931397108,315.87678827774096
6666,-884.9807581628107,427.794189453125,0.26111322160752226,289.9965953590475
6667,-551.5037390442442,428.05078125,0.26462928594798024,266.2135166472333
6668,-944.5326002798687,439.8426513671875,0.3111293227676258,305.1137074823058
6669,-934.43743414249,424.11309814453125,0.3743670581934687,315.57253166929877
6670,-899.3328725200627,429.4506530761719,0.43273854698016934,297.35406143272496
6671,-935.2190981513319,433.6277160644531,0.4747577533572992,282.280323720898
6672,-1093.668478449698,438.91827392578125,0.49472691798821233,328.1392160038458
6673,-943.7900422585741,433.3702087402344,0.4858980259583451,296.3782253886808
6674,-875.7613585177501,423.92327880859375,0.4712156895166979,308.8281464818331
6675,-1036.5114688725296,426.58294677734375,0.4403865514574047,313.23446962465863
6676,-1086.4368037980737,429.8915710449219,0.39435544245257026,350.9063211826702
6677,-1365.2389961148267,438.6584167480469,0.3217351011801836,327.8328732262121
6678,-1278.8141312387208,470.3262939453125,0.24560168951103017,303.53751328087276
6679,-846.9474793199779,20.88471221923828,0.2508371892556931,289.84460882997644
6680,-1033.6327010478283,430.262451171875,0.3164930944709864,345.90280083751173
6681,-1365.69015780683,428.8773193359375,0.414846571943936,374.2467178976512
6682,-1124.276332105761,424.0728759765625,0.5128985187378083,348.9358132987987
6683,-1302.0825805831234,441.92486572265625,0.5990269894873745,381.5574433061021
6684,-1168.337041475792,451.2616271972656,0.6665541232923655,349.98159190745673
6685,-852.4909909350954,437.1851806640625,0.7021482847894673,277.09961862358955
6686,-1211.4401720608257,484.1370849609375,0.70849105608655,360.04116120467177
6687,-1146.8740467667992,471.8360900878906,0.716981574079687,325.7975748234196
6688,-985.1096442807296,453.4540710449219,0.694510964649109,305.274218751155
6689,-762.5012656724043,465.91845703125,0.6352501492995455,297.55906479412124
6690,-657.1181324498255,450.5959777832031,0.5366899812633608,273.6931045700011
6691,-1034.4018609230766,462.129638671875,0.4360377611394821,288.59210578436694
6692,-815.4072077268696,442.45098876953125,0.34392711115447094,264.37105897536253
6693,-1039.4078522816626,443.0224609375,0.2927409349594887,306.7398088503296
6694,-752.0730692385051,430.00799560546875,0.30005758757777357,288.37502207341646
6695,-960.3508891556055,444.7840270996094,0.3546219383682773,311.27290724147883
6696,-857.1907206792996,427.7637023925781,0.42651425188396325,311.6018548559771
6697,-1081.3820998103026,436.9770202636719,0.4810545530841508,313.8299293225325
6698,-1115.4544744933955,441.91986083984375,0.5060943256142536,351.660572943309
6699,-971.717419072032,431.35479736328125,0.5062044937832282,339.4494178815784
6700,-717.3443984173241,426.7596435546875,0.492448097340636,259.3073783056991
6701,-1363.95859408002,477.7952575683594,0.4487389263491659,385.73801668422936
6702,-1197.7714695219481,443.2104187011719,0.3761264620346346,342.0969362313201
6703,-843.9253517556535,440.4716796875,0.3102486332180484,286.921728425874
6704,-974.9620491652976,459.00787353515625,0.2657447015432274,307.15765164546013
6705,-980.1413548741153,430.1907653808594,0.2555077229361701,291.68009996664455
6706,-707.0029670217803,428.95556640625,0.27640030093334644,283.10000313926173
6707,-1036.6248152645774,437.1464538574219,0.28896961888341366,324.9785333389436
6708,-863.200143556221,427.506591796875,0.30460840163490327,253.9630296446178
6709,-790.1623623883359,449.7901306152344,0.30402674417879805,296.57081631160247
6710,-881.0885735627896,22.121334075927734,0.30197366849482,306.33116575764205
6711,-620.7000541277766,496.7542724609375,0.2811608637943025,295.5660280547463
6712,-1209.0695839052032,473.22589111328125,0.2720285224647087,330.8320878024612
6713,-738.4869340656342,448.03118896484375,0.27137639413657033,234.2744742649915
6714,-681.3017934242166,453.7221984863281,0.29400837224851106,247.03717205565107
6715,-901.7450735372772,450.2577819824219,0.3357254982527168,325.0448787462038
6716,-986.5475186261849,428.84197998046875,0.3759854052917148,320.5100582123156
6717,-1035.6302558374239,442.4833984375,0.4002951851282728,323.6127762226354
6718,-729.3395932611714,418.2681579589844,0.42717357143788137,293.7310119925418
6719,-769.2904112652437,434.19696044921875,0.4514269479213092,258.89957323208654
6720,-1018.7803493676255,859.5147705078125,0.4709205559711557,327.5799730227784
6721,-600.4306995822985,0,0,248.1697152624169
6722,-965.6504989675093,443.538818359375,0.49886329585397327,325.4325198946037
6723,-1172.7879879019858,434.63433837890625,0.505572707814836,311.0529440581194
6724,-812.759676879768,456.01446533203125,0.47606898479561266,290.71060386949927
6725,-1042.226879295607,431.9261779785156,0.44384575043579283,324.88675505547326
6726,-1153.8317713680788,434.0104064941406,0.3957411457202731,352.4363165333806
6727,-889.3394510019955,432.9466247558594,0.33208929754879424,317.10925202206164
6728,-1098.7768661224275,429.4182434082031,0.28387740878303025,339.8038784816771
6729,-1061.607538580336,428.40264892578125,0.24851002061839506,311.2654349316248
6730,-1045.4218536105375,432.43658447265625,0.24457400630478024,332.0767913644656
6731,-783.5910505539118,427.3717956542969,0.2719632395948055,280.60158096216253
6732,-905.0530882350207,436.9454650878906,0.3003734979261989,295.19737399927646
6733,-812.3179074249274,435.90875244140625,0.3193860622866994,301.56721612490264
6734,-1040.459677975227,434.3564758300781,0.32137505965602864,328.97157542286243
6735,-1428.2793851990964,431.59002685546875,0.32140405309343123,395.38807519937046
6736,-993.1287047563774,435.4852600097656,0.34015479212010324,297.0747612550358
6737,-782.4599095228476,451.39727783203125,0.34540058402647333,290.00984800881906
6738,-1165.3525668438192,456.0061340332031,0.3273293707996586,332.3748241273879
6739,-775.9235073154333,430.81805419921875,0.3156331010625157,269.7550843692466
6740,-883.9081765148971,447.23870849609375,0.2930770996901906,269.3765508452756
6741,-852.488248671377,445.86993408203125,0.27511332151293466,318.22586484431554
6742,-912.624695952765,430.79296875,0.26979058160612635,292.5952652178917
6743,-1373.753214022209,435.6584777832031,0.2824107008114931,363.2971925606947
6744,-1212.97630287787,447.31982421875,0.28916399521395564,366.593976474094
6745,-972.357988945025,450.45892333984375,0.28293371712945936,313.55403224062786
6746,-961.894540263574,429.70758056640625,0.2774339675605854,279.5012056295609
6747,-1060.4817859840691,459.2592468261719,0.2755196449843747,324.69892078752247
6748,-1163.917663723809,434.5719909667969,0.2722376737248226,362.4475376905704
6749,-1047.748386802843,433.0804748535156,0.26868883738604304,344.97002710069887
6750,-974.7779664652121,426.1501770019531,0.2690694222344766,314.77550230840365
6751,-1047.2646744949957,432.3571472167969,0.27320957632972476,292.6662088741084
6752,-1121.6326796681806,441.9752502441406,0.2803697257195295,324.3537328175671
6753,-976.8748023091127,435.69097900390625,0.2912627981924541,332.34023636448103
6754,-962.7522028093691,432.67022705078125,0.3053508949924107,274.67245018623123
6755,-1294.7231258678405,451.4274597167969,0.31363163162429186,342.0242181817413
6756,-1043.3330200066746,442.71575927734375,0.33122323671337733,340.29778718696963
6757,-1179.3805097691093,475.7608947753906,0.35638561381900324,325.5651755531305
6758,-732.4357547345511,471.428466796875,0.3884685963489504,293.03701246142356
6759,-1537.7649715026791,484.5119934082031,0.39345163004483313,406.718978617827
6760,-1084.930872726312,467.8180236816406,0.41483319539441066,342.2563680320104
6761,-1009.7200341677594,516.0979614257812,0.41328048784291577,331.22616374575534
6762,-897.2353747700336,460.7311706542969,0.39441367702622,317.45320869888997
6763,-1408.142060261552,559.4996337890625,0.3582793627873183,364.61738501192747
6764,-1313.5129830786602,577.5413208007812,0.3326220414662008,358.60642484175156
6765,-1045.6202338346147,481.09466552734375,0.3185265332545144,341.3172269307142
6766,-773.8690397397814,519.9322509765625,0.3064446787165382,279.7148203934023
6767,-1240.7658435677165,590.8143920898438,0.3037974839872675,357.1665487161841
6768,-943.6214920838374,521.3470458984375,0.3235906575290609,285.6524159516894
6769,-1013.8295040715655,471.885986328125,0.35228525295516966,325.9551003954927
6770,-764.2787184117966,441.9223327636719,0.384821860922446,252.08102997223935
6771,-812.5014139256718,486.5948486328125,0.43256263986867793,283.16449928275586
6772,-696.7905042002233,459.8416442871094,0.486763716152268,281.6457444220976
6773,-1005.3334014259394,442.6029052734375,0.5277725416266161,289.5793426273396
6774,-969.3666246809404,456.9471130371094,0.5391007798813847,291.96346919905625
6775,-641.5639896351317,443.8102111816406,0.5410128687970476,227.65059229683916
6776,-667.118936426009,536.2252807617188,0.5283467444306162,244.6691213266314
6777,-983.642484202092,517.3865966796875,0.5006192428099846,310.1248635589661
6778,-1180.6419834294188,508.7704772949219,0.4447284596477217,349.98165031311356
6779,-1062.2494183311621,455.0303039550781,0.3667391983062943,300.9601202493588
6780,-849.7354332551478,468.19482421875,0.2981753506914333,306.00737714339954
6781,-1221.622128870524,471.5293273925781,0.2602273908716993,338.5874734049695
6782,-944.4908111601256,451.0635986328125,0.2810635275450295,297.76015839808747
6783,-876.6352645411222,442.292236328125,0.32813712769643644,298.0048717583989
6784,-966.0599573693082,442.0791931152344,0.3663241327699248,338.71334436491645
6785,-1026.0375113109083,438.4369812011719,0.4054900368867731,296.8310401305299
6786,-1252.982691589277,471.77764892578125,0.42955756469300477,369.2981901130022
6787,-1040.510832254051,461.6517333984375,0.4517386323185363,310.0348605343202
6788,-960.0492852413456,445.5191345214844,0.45281256893682614,295.1847415187745
6789,-1153.2314760559007,480.61181640625,0.43886244340315106,341.11723951472123
6790,-1138.8970476889197,455.9984436035156,0.41898489671466455,342.93721166583964
6791,-1133.1734411247226,443.1808166503906,0.39409135952395413,350.1568087816564
6792,-829.8122218203846,432.684326171875,0.366384771115616,298.7674543337497
6793,-811.5309717748008,440.9459228515625,0.3388216723920552,243.80141081281164
6794,-1181.5745994757265,463.5489807128906,0.31301885391270634,374.6678926215434
6795,-1296.732304054131,441.8299865722656,0.3061660224589019,346.51995293320476
6796,-1139.9400237933332,438.7882080078125,0.3038183031301947,360.2036595431687
6797,-1381.8321928269486,438.0788879394531,0.30467915295941217,386.35112671024945
6798,-1012.2999556775635,438.06756591796875,0.3101956077471755,301.8006419737255
6799,-997.7926629527991,441.929931640625,0.3176980297420755,300.4128896987924
6800,-1033.8096062941015,453.5074462890625,0.32687333060695206,305.4648570899382
6801,-854.6814254881969,441.8642883300781,0.3355227204587745,237.45345506506854
6802,-1037.3017643074102,463.7378845214844,0.33515201040350906,330.6332713612221
6803,-1358.0938898378322,449.1243896484375,0.3418760834239991,363.3277064144904
6804,-980.1078867992497,435.03350830078125,0.35154802341452646,311.15427841674784
6805,-1286.8624961857877,444.31829833984375,0.36330407670469533,363.05138844723984
6806,-1028.8899662962103,434.5562438964844,0.3776467200827181,313.3881512344246
6807,-598.8551101237335,447.8959045410156,0.3701057975963049,296.8112411154951
6808,-1229.8062408008789,449.6778259277344,0.3637840639437857,327.03155686167185
6809,-546.6549367045087,448.7861328125,0.34625855598082406,255.6514569857517
6810,-911.699241660927,458.55908203125,0.32930733918492777,314.3870566583131
6811,-1256.9409219748782,451.1528625488281,0.3238959268279864,302.1581534110214
6812,-1157.8374834453978,457.22564697265625,0.3229962445246649,330.68479553349647
6813,-872.6377576408997,437.1864013671875,0.3245967391055825,328.41773306753487
6814,-804.7577661025872,431.46087646484375,0.3306376068120825,319.14425467198953
6815,-1315.9555566069346,472.2872314453125,0.33042694319854915,335.5782040986645
6816,-1105.2737420218753,441.0698547363281,0.32622351532020416,337.20972967596435
6817,-1097.4003048727407,441.6537780761719,0.32009766693304076,313.51056157270824
6818,-1284.2362055798155,455.8929138183594,0.31663519547731667,333.0983421653786
6819,-1022.8269730429546,442.02117919921875,0.3212233119489368,312.7480413816779
6820,-1083.5727914716356,445.3612365722656,0.3318613293233128,359.7833790367597
6821,-1069.4641105988535,434.46240234375,0.3469795172771677,315.5028391037946
6822,-782.039118465233,440.301025390625,0.3547240103734194,265.8102046268649
6823,-477.45544286920716,468.2550048828125,0.3432254628955119,258.93658216021885
6824,-1073.5949330976123,463.2633972167969,0.33471340981667175,299.2977186268957
6825,-943.1320066792692,443.79620361328125,0.3290908230006778,253.92279272479584
6826,-1013.0426106186756,463.7752990722656,0.32730885737433346,276.209375295844
6827,-1215.4816986431674,470.30828857421875,0.3275129932002218,351.10807745819795
6828,-780.563513302857,427.5207214355469,0.3294057904651284,278.1510235000072
6829,-930.7044075970525,454.2248840332031,0.33331626299621286,337.4680204645918
6830,-923.5161616808564,430.5871276855469,0.339131991814952,245.11609082161436
6831,-641.7575650540139,459.4456787109375,0.3538667250027743,257.3920184387787
6832,-1070.685198022551,890.900390625,0.3732793651853282,314.0806361757314
6833,-1326.5130509023647,0,0,353.3722770119404
6834,-1144.6154711490844,458.51031494140625,0.3742334401275498,340.84464038073446
6835,-1370.3620732403256,451.66339111328125,0.3655916445187532,384.4519193285863
6836,-1106.2529109048655,460.20269775390625,0.3445680007662304,346.4814425063485
6837,-1061.0140421971469,445.8663330078125,0.323705158120741,280.2575689160389
6838,-1015.6578252055001,457.6133728027344,0.3133380089171075,305.95366004770057
6839,-1128.9138766179703,442.5215759277344,0.31239636662775583,323.1766727390587
6840,-915.6659389912326,445.1246032714844,0.32055596357296057,296.6725172323776
6841,-852.0282100249551,443.7724304199219,0.33130411209233734,252.7416196304307
6842,-1079.0627605073037,492.55078125,0.33988038842837826,324.171772864856
6843,-872.5138794861268,462.3820495605469,0.3488975906368323,293.44528125455184
6844,-845.0939858833591,468.0859680175781,0.3513069338666951,295.61823618935716
6845,-1602.9681567942475,445.4777526855469,0.3465792127530512,401.7191038126709
6846,-1040.8196798714798,464.33319091796875,0.35675998012486976,318.34689562072765
6847,-909.8368720720597,451.79229736328125,0.36484681748321784,274.6078646659153
6848,-1040.7261855022307,456.87164306640625,0.3648265433720394,329.05280937890547
6849,-972.7722662482762,436.0262145996094,0.36190912924210816,290.50885953997613
6850,-864.4601349724354,451.64752197265625,0.3545199570159764,332.5666091632818
6851,-1046.36605886569,466.1392822265625,0.3439656819195253,311.5764381001534
6852,-788.7936056293793,474.0222473144531,0.3378767316580087,286.5798274374595
6853,-1051.033480606239,449.5487976074219,0.3405696885267924,334.80973107860245
6854,-1356.9071585564056,442.22991943359375,0.3506595813202689,359.7085473052548
6855,-1177.9769085713313,456.8387451171875,0.35348731357972457,291.61812796194937
6856,-1210.2281088627792,469.0930480957031,0.35112376227347797,355.05589363971956
6857,-1085.3355426935084,442.5694274902344,0.34283190224948457,323.9329122154626
6858,-1040.029228675082,443.3519592285156,0.33426006423096666,307.3532762503624
6859,-733.5735479490056,448.3515319824219,0.32784038876138544,289.76899220483676
6860,-1063.4962275060843,457.8482666015625,0.32739921470576416,316.2547767267213
6861,-1283.989311581777,445.3442077636719,0.3291580284439112,368.96520630980893
6862,-1054.0758904499924,471.5742492675781,0.33708445472290743,289.4113938600783
6863,-875.8831280691192,458.846435546875,0.3464993619613873,321.42501155312624
6864,-1089.7065831991836,439.9004821777344,0.3533099685565481,319.57956179760123
6865,-888.1882083566279,446.1607971191406,0.3586873690847404,310.97239984232175
6866,-1012.9541419494569,444.1104431152344,0.35884360801462967,315.1434940074911
6867,-841.6836747659938,450.83148193359375,0.35556706802931815,294.8954589379102
6868,-1292.4052144025366,456.6855773925781,0.3481229061110788,362.00599522604375
6869,-912.0476380997695,442.2684631347656,0.3447942165193303,330.8389140973857
6870,-1071.9633724059272,456.4156799316406,0.3419297627017112,291.50172058923675
6871,-914.2008251362918,471.82489013671875,0.3403895136032559,322.8287812388482
6872,-791.3961505292533,440.9895935058594,0.3401303896806602,241.70011870114996
6873,-940.9375149318261,470.0286560058594,0.3432927475803099,273.08330053527885
6874,-991.2810878616812,456.0680847167969,0.35100024592604456,280.0754346631709
6875,-1049.6193961348492,457.9012451171875,0.36071270378467934,284.7234185204154
6876,-961.818639796406,467.1524353027344,0.3682976274678346,307.6909522685989
6877,-1040.8386708833893,438.9490661621094,0.38021909779162466,340.5325830722743
6878,-1004.2703063724873,452.1509094238281,0.38096338852226985,298.59622411931826
6879,-707.8426908605936,443.3127136230469,0.3837243851397888,301.1494974281563
6880,-1104.4780824058275,441.320556640625,0.39360394727367964,344.5104619601297
6881,-1491.4747262906087,456.3274841308594,0.3880607570395114,383.3464051024122
6882,-1164.5249395677572,467.1904296875,0.3596532047349865,361.46592464892325
6883,-1042.0712082458801,454.8346252441406,0.3311665611847533,311.4513189169587
6884,-1093.014183217214,444.2176208496094,0.31688641259829803,332.755955007793
6885,-1097.8500228115963,444.3559265136719,0.3151726619210996,356.01365129753765
6886,-1133.1192512152827,442.1140441894531,0.3261960710059734,335.5458550391416
6887,-1072.801929367261,440.19659423828125,0.3443256317579058,342.53010470570564
6888,-1088.815650008882,443.9386291503906,0.36828461776059274,309.9773253340602
6889,-1090.6207934528466,450.7483215332031,0.39145771175834776,285.644087407628
6890,-1142.9888592830896,458.7009582519531,0.4071559629878698,345.93864373112984
6891,-929.4496155663885,442.21044921875,0.41261099993608247,278.0732894944751
6892,-1404.6134277790384,468.31781005859375,0.4128603648971608,322.98901769864557
6893,-922.2619133511956,462.23223876953125,0.41264523194448366,298.44285270166756
6894,-1290.0138633000133,457.54876708984375,0.4056781811453285,370.2415008270375
6895,-1219.0282144200703,441.1123352050781,0.40023530123914597,354.76227482000274
6896,-1031.2017707120563,449.69830322265625,0.4007087076647857,273.5771670901269
6897,-805.1499549839677,465.3233642578125,0.38630487561655613,305.630044789888
6898,-1131.1193557438553,455.949951171875,0.37036051253741914,321.99494522935635
6899,-846.7063601649527,444.9496765136719,0.3568420451840908,278.57520952218516
6900,-1169.0381737031084,459.32861328125,0.3475193595310903,374.88110432196277
6901,-1191.2555386769855,445.0446472167969,0.3884644656209275,350.19585092566297
6902,-749.4173787492382,440.49029541015625,0.5291008552594576,300.6390175961865
6903,-1406.4521590783913,454.92730712890625,0.3611669752911071,393.6878125254533
6904,-1182.789576104368,460.00347900390625,0.3597654491645065,315.61087599253324
6905,-1331.6128660727384,459.46624755859375,0.3529767723445453,366.3011394698297
6906,-1326.4284131652998,461.18133544921875,0.34075401947498407,339.89472816758166
6907,-790.3560758787116,451.42523193359375,0.33458338535965126,276.5728447783982
6908,-878.8468612952232,457.9195861816406,0.3339564001008082,299.5269903313639
6909,-1028.3481070750174,454.8728942871094,0.3343108569916238,312.4077656829244
6910,-1221.156642670097,453.647705078125,0.3354372251131612,335.23345238739
6911,-1012.5349700004673,446.13702392578125,0.3367417336625471,323.7549402117878
6912,-1001.266295911317,449.2795715332031,0.33775221910784614,307.67160729752453
6913,-1029.3473360771081,451.6241149902344,0.3376372221654632,321.89249317730713
6914,-761.7283137397137,458.1112060546875,0.3361074544349464,303.6120741994854
6915,-1283.0457423904418,462.3846740722656,0.3356092550056924,332.09733579535566
6916,-533.1190827250002,458.8323059082031,0.335509025052002,200.97534470673526
6917,-729.9346485398894,501.7625732421875,0.34271654588393585,281.00551071862816
6918,-1243.069827539922,461.96820068359375,0.3575426250383684,359.6215265922422
6919,-1242.1662959976486,461.10455322265625,0.3651910242082051,353.49226360139016
6920,-1095.3998512863207,447.2391662597656,0.3656464880298788,317.46669235063035
6921,-676.8180034763113,446.0270690917969,0.37291100900221663,290.6459043344298
6922,-704.8580129641352,450.1824951171875,0.38717627781041886,275.3877853066463
6923,-1308.579926185634,489.50665283203125,0.3913369602997896,359.2115246210912
6924,-885.3737466018866,444.1708984375,0.3863009991232508,258.84873206618187
6925,-1029.7734655103088,469.25604248046875,0.380507709754633,303.7951226395832
6926,-1178.5131925606636,458.7546081542969,0.3677545511414815,365.5775449363481
6927,-651.4558149175025,446.1053771972656,0.36297113783282864,276.6368551816686
6928,-889.3531738858136,461.95111083984375,0.36258753395856047,282.0032920429677
6929,-1212.1384851959617,484.9129333496094,0.3521820890671341,352.5025427881413
6930,-1096.553641013436,453.4853210449219,0.33717471762830076,339.31759837302025
6931,-976.3709115897003,442.1565246582031,0.32366041291791836,295.0279556542963
6932,-600.3292408889478,455.1321105957031,0.3227871321035798,292.6220658775042
6933,-1098.5492915666973,461.3869934082031,0.32036706210435284,315.1445049835124
6934,-1107.3374773538615,454.491943359375,0.3156523407011249,305.10533863382267
6935,-1353.764745369601,477.8106994628906,0.30737138875899017,366.6283820594119
6936,-1097.406761617124,446.16290283203125,0.3029580988733649,363.6728692325154
6937,-1341.581080199128,459.0848083496094,0.30476670612566814,344.9406487795432
6938,-994.1219207113613,442.16375732421875,1.165796353132464,307.84989709614507
6939,-1201.3366560668264,464.7930603027344,0.3345058343402343,340.29918330900773
6940,-1146.2842553401003,447.2330322265625,0.3515506982509209,339.88532714488264
6941,-880.2309895242541,444.8625793457031,0.3613323429621844,308.6008967541999
6942,-1172.3620594254514,462.1768493652344,0.3697547802198802,349.3494482203194
6943,-1091.2145904539211,445.9862365722656,0.37325131615070883,296.26439636008365
6944,-1050.7546925484091,911.6287841796875,0.36142820764747796,301.4105697392276
6945,-710.8312093776843,0,0,282.2317634919215
6946,-817.5062880456546,472.7913513183594,0.3385064097055077,285.57297595693643
6947,-988.1718868941429,461.89337158203125,0.32420240024023883,332.8513540608931
6948,-841.9630422878828,447.9851379394531,0.32930876845046697,327.5598586972314
6949,-1279.8562671729087,447.1325988769531,0.3553979758734962,310.22707108690713
6950,-793.196386119915,474.1801452636719,0.3793690893903341,229.98663988035472
6951,-1034.3828436823767,479.2236328125,0.4118622271547353,340.67616284285293
6952,-1068.909025543111,452.9002685546875,0.4362425976582927,254.78784199645474
6953,-709.8735962756457,483.03570556640625,0.44636924538169065,293.53578113697233
6954,-1012.4961948165006,448.0354309082031,0.4627868601353612,291.6214772169408
6955,-872.967652807246,469.4242248535156,0.46839010005629733,299.25337994770916
6956,-1032.4895749453258,452.97119140625,0.46881875448750776,337.5307726130195
6957,-1257.2922878926406,453.8973083496094,0.5342836007839651,349.2138399390824
6958,-1062.5766286896892,469.139892578125,0.4173456559761082,323.08820532000783
6959,-1154.4550269646502,456.522216796875,0.444602438758011,337.7491629760208
6960,-987.9891595768676,459.6868896484375,0.45159197456086986,323.75774022108465
6961,-1339.0096652772686,448.4670104980469,0.3020159704666412,358.4568256629914
6962,-977.5811654048482,463.1361999511719,0.2862420665062615,332.0830007849501
6963,-926.7785713909743,446.06201171875,0.29537231567897193,275.77211312290206
6964,-1002.6654184818797,479.0692443847656,0.3105946998188965,322.93694770949
6965,-1114.3597395942045,455.90594482421875,0.32886930703352846,343.0409022091903
6966,-1300.6025923365937,452.20513916015625,0.3412298930119384,363.2623523050262
6967,-1070.6630993064748,453.1105651855469,0.3608832101084919,273.9896177217047
6968,-1176.5971268478552,476.78143310546875,0.6262434916861821,346.3081019324377
6969,-1075.7351779393757,447.9207763671875,0.7100644885504153,301.4432726660769
6970,-1022.9442164206253,467.1192932128906,0.39025696619106226,272.54361391796743
6971,-1227.5539424711667,472.8707275390625,0.3827267364851477,346.3222862308152
6972,-619.7846871741264,459.8251037597656,0.37199861547882307,288.0088630014416
6973,-1105.7772623104242,473.43017578125,0.7767770770005882,341.46740442412397
6974,-1189.1430063524913,448.7615661621094,0.33415173422194755,354.41927170253956
6975,-995.9363531206832,450.4184265136719,0.40593609678035136,332.2254744244232
6976,-780.4409577076987,450.59161376953125,0.47159080278652254,250.58803925209634
6977,-934.3665080473858,474.1074523925781,0.4709229835716542,300.31822029811303
6978,-861.3443198994352,457.7298278808594,0.49157533020479605,301.87288181138956
6979,-700.9496408914115,458.20404052734375,0.6588989860611036,268.78683266152836
6980,-1241.1058043270893,466.06280517578125,0.6997175093274564,366.3497500923431
6981,-1102.9005490180152,461.3157043457031,0.6331021894002333,337.3059078425759
6982,-885.3800476244705,459.04925537109375,0.7809324849513359,318.07529797093594
6983,-1272.3244601525837,453.2911071777344,0.49220239410351496,367.9571966791054
6984,-977.431558283149,471.4819030761719,0.7402083887718618,288.3231654913386
6985,-817.9270925269055,458.92742919921875,0.564355289840023,280.0720562219717
6986,-1060.2931366835874,463.2056579589844,0.4771906609166763,281.67900222194805
6987,-1327.0966342060574,481.1836242675781,0.6400063703185879,360.23381164614597
6988,-675.5355157157857,465.6837463378906,0.4287637879824615,277.197445231448
6989,-888.3569801263702,463.59808349609375,0.4504838154098252,322.930068967245
6990,-986.3093957018036,448.7903747558594,0.38673753682815004,316.27141860746434
6991,-1130.6236472096207,455.6959228515625,0.629640465893317,317.1800236835928
6992,-958.0263109158964,466.7627258300781,1.1111447197617963,305.55521427611677
6993,-1368.6680898233888,500.3057861328125,0.33190362528238304,342.86398805771296
6994,-921.3076270592255,472.0185546875,0.5447781546390615,298.102155722868
6995,-1335.3891111356995,467.89202880859375,0.6259280664089601,347.60081191555275
6996,-1229.9129674171706,464.15496826171875,0.5870505002094433,351.20195408089916
6997,-755.7133359108143,459.55877685546875,0.3761301173190077,248.6737296460516
6998,-1083.8396966987855,488.5624694824219,0.5856899244099623,315.8753698450707
6999,-1409.9512391094997,470.65618896484375,1.1590299611561932,360.68365473680996
7000,-1029.374110741976,458.0486145019531,0.3984019086810804,289.8630034898627
7001,-1216.3223712885726,475.38629150390625,0.8937526271911338,317.6279803349361
7002,-909.084145573848,458.47332763671875,0.6875823989685159,289.76694872827755
7003,-1153.0566812510679,466.59698486328125,0.4241578622095403,343.97180358093857
7004,-825.2163340771543,456.06207275390625,0.6556012590881437,317.20857497126826
7005,-1171.658298836896,463.4071960449219,0.6291745881317183,325.81805197372995
7006,-1141.867997754762,457.2231140136719,0.4033038791776562,348.80996724172405
7007,-655.0430865144662,460.4154052734375,0.39927275804120654,282.0391697041931
7008,-830.3736115516313,466.70709228515625,0.40176903610258713,284.1357414992792
7009,-796.8292230765948,465.56658935546875,0.42153918626866715,288.75372492970075
7010,-970.6683688291232,473.223876953125,0.444291429724623,276.13869728408326
7011,-723.6694900308802,463.2704772949219,0.4808561673476458,283.57527603728346
7012,-976.4189212912305,466.5635681152344,0.5179246160271115,288.27970110577655
7013,-1163.2456800903365,479.5135498046875,0.5392240247697666,308.9099491252479
7014,-713.890366887958,466.9595031738281,0.5471352275419312,257.639867887228
7015,-908.6165953701077,471.6964111328125,0.55871776904531,302.07227280214124
7016,-1026.8387755642516,466.9435119628906,0.557967037448021,299.18914247131875
7017,-1193.039790614939,475.4253234863281,0.5377613672352287,336.9273976951134
7018,-861.9677223005582,468.4327087402344,0.49989169494872476,279.3770212407525
7019,-899.0742635825064,460.5832214355469,0.47411124111003333,340.9506552672732
7020,-912.1589246662077,457.4455261230469,0.4411113339880792,273.9680160795261
7021,-895.5727268854512,469.9506530761719,0.413764996592474,288.137160257687
7022,-934.6340636333965,465.4272155761719,0.3906956903334111,295.46470260810656
7023,-791.3722075491951,457.9722900390625,0.37836622634928085,282.4225407459402
7024,-1295.9333573053218,479.85546875,0.36029341770512496,334.037097323071
7025,-1075.131651307889,465.96539306640625,0.3392005192155968,317.6845112972695
7026,-1248.1627992781457,475.7890625,0.3193060305567046,293.9189129053081
7027,-1022.2993176346813,469.8060302734375,0.3114282549208507,312.1312298321194
7028,-876.2034970616414,459.9655456542969,0.3124524730381627,283.6279022146674
7029,-1127.0960358777215,473.1243591308594,0.3155989718094612,371.8818414771248
7030,-1311.6780888027606,462.2463073730469,0.32263593890724873,339.9907420382342
7031,-1179.5082322031394,468.23468017578125,0.3369971272282868,295.5016188564855
7032,-746.8340764657509,475.1116943359375,0.34523854021308387,244.8135265525438
7033,-896.2171411318539,491.05926513671875,0.3429237989758188,248.028543786945
7034,-1036.800963028892,495.2113952636719,0.3362830634491605,317.09608058782567
7035,-882.4094953914446,462.1964111328125,0.33316916036912353,289.7576913713557
7036,-637.5663105713579,474.0610656738281,0.3438288034267306,221.1950333864265
7037,-990.9982232244689,500.67816162109375,0.3776024728170039,311.3546715981779
7038,-965.5487955108874,464.113525390625,0.4238245256108095,299.3113130477759
7039,-302.4075238632596,472.9978332519531,0.509304842745523,236.95389453325134
7040,-1001.5853373417458,489.36920166015625,0.5970216487587872,304.20976989065474
7041,-825.8929183554391,459.3035583496094,0.6780830661973474,303.29877510319477
7042,-744.7100160738416,464.7452697753906,0.746671757229246,245.7000131468899
7043,-738.4180439943754,479.40277099609375,0.8070715570267235,246.33041847004966
7044,-952.761277358248,489.14410400390625,0.8422513687413536,304.3104179516211
7045,-1462.0523672122376,532.1591186523438,0.8066396940930949,380.3300316804591
7046,-721.2744395952828,444.8860168457031,0.756554900563926,268.7174678706436
7047,-1271.8142151125742,517.4180908203125,0.6634452794065551,305.9370935201748
7048,-1275.7290190127817,496.9204406738281,0.533848614437541,322.06127668547134
7049,-1083.4376567011038,473.670654296875,0.40446264766815204,289.96877227324046
7050,-1135.3614709640958,480.0755310058594,0.2943515452224647,331.1150198464927
7051,-1233.4059007912174,469.1010437011719,0.24211661789348551,343.8158647430958
7052,-874.3991126412584,453.5361328125,0.2756357067600025,307.1855397796228
7053,-729.2880772969241,472.0088806152344,0.31745151858966036,316.58445690904153
7054,-899.446301044862,463.9890441894531,0.3404942979162726,301.83366914869833
7055,-817.4605992128013,473.1404724121094,0.3333767953678519,296.6379592823382
7056,-889.9937629668066,954.2426147460938,0.29643128831033216,254.9639247207441
7057,-946.6069165031338,0,0,286.03630601076844
7058,-1185.9463277120446,477.2592468261719,0.2689089346887076,324.12479533675724
7059,-1160.7398206093794,17.737716674804688,0.2669462221812131,316.5047366773656
7060,-877.9762807150902,468.6902770996094,0.27391601553344935,300.5534593845752
7061,-1267.867065480551,466.9800109863281,0.29611800852433134,329.86553069874105
7062,-490.2957208487558,473.96966552734375,0.3133983523041195,214.64354400065884
7063,-961.2144434354079,506.83819580078125,0.36827798769455483,269.6574391821664
7064,-1138.6272633833098,478.5423583984375,0.4286067992127318,321.0368428252898
7065,-923.6748911743518,472.8498229980469,0.47090287554187826,330.63392741396524
7066,-1066.8812852647932,466.8852844238281,0.506283544566069,332.8999450503735
7067,-651.5148290954975,465.8828430175781,0.5234062301648479,270.38414787437233
7068,-1340.15872344181,469.8887939453125,0.5590749439535967,351.4829413386156
7069,-1095.2590608222363,489.8466796875,0.5445449121395389,226.4108875205846
7070,-1019.1514534814111,512.1271362304688,0.5109253329232907,325.664945631373
7071,-1160.9249203174004,480.7071838378906,0.4751705414819493,344.33692466326244
7072,-906.9998072295974,473.06732177734375,0.4256255268855754,308.34434729316
7073,-911.6923284789552,471.2452697753906,0.38434046128686905,316.71566325286994
7074,-966.5419040900314,459.62298583984375,0.35494315044011426,310.31135272629024
7075,-1116.5475271040189,485.1239013671875,0.32786060012827034,305.55000784300125
7076,-1004.5567873959221,475.4198913574219,0.29275017265187864,268.1221641248213
7077,-1060.4896748427093,484.9209289550781,0.2680525271827321,349.82876556288113
7078,-1061.402246027037,459.0968933105469,0.24568132749323227,336.42344525667903
7079,-1277.4407752077263,460.8155517578125,0.23098829212192662,356.2958188437776
7080,-1060.3447483324005,463.07330322265625,0.22228697470309888,334.78738823843054
7081,-948.4207468723516,463.6358337402344,0.22709138275378837,337.7728756737456
7082,-1263.1658215822736,461.61383056640625,0.2330865822472854,329.82654402454745
7083,-728.8092053479669,498.3428955078125,0.23857994367366675,311.56695804261057
7084,-1072.4170959340554,471.2594299316406,0.23209761037944104,337.4974923105084
7085,-1234.7328575237923,478.89239501953125,0.2302298293074126,331.7528450333224
7086,-1077.2101883282096,471.7117614746094,0.23119242024224215,337.75507916318304
7087,-1089.9360974576337,495.8328857421875,0.23262874575466164,349.67390818088046
7088,-876.8577341106804,475.67669677734375,0.23399409944620309,325.38474667411197
7089,-1050.1040230960193,467.7268371582031,0.2422196728029649,346.87489127796664
7090,-1036.1914901387718,463.31610107421875,0.25020184645481636,322.0685179045206
7091,-982.8148911961703,463.4070739746094,0.26438979069519064,335.318733573514
7092,-1122.1061964434023,462.36761474609375,0.2875921839415504,344.2962493692835
7093,-712.4667581559216,465.493408203125,0.31523765733699866,280.7340431874024
7094,-941.192260534892,473.7486877441406,0.3678553223413652,330.3135560012738
7095,-947.9387524434225,458.5333251953125,0.4270883136187115,331.68927204318425
7096,-1125.8169259222068,479.1423645019531,0.48239087506196193,338.8572016557781
7097,-995.18489426378,463.7862243652344,0.5141371329935638,318.5789215337986
7098,-1150.1427090912796,469.5116271972656,0.5293612689181532,325.26252122837684
7099,-1027.7955690924157,477.20770263671875,0.5046091609983288,304.66018056657947
7100,-982.7971370421075,466.379638671875,0.48012675521477605,306.88950511368733
7101,-767.0388085997326,468.9621276855469,0.4459410532145758,266.6746162064266
7102,-796.2545515026216,491.1149597167969,0.43581627632348185,285.8026179193474
7103,-901.7392891082607,477.0867004394531,0.434989277948242,283.08169960805157
7104,-1015.9490767029175,471.4009704589844,0.45758962250723684,289.4841977289241
7105,-787.3846965041895,484.2350158691406,0.47807038640694355,302.64308194495237
7106,-907.2513186421247,469.13519287109375,0.5126772907095746,322.7531598374993
7107,-938.7566308043291,493.00177001953125,0.5497593844104482,337.59208402153166
7108,-904.6442795814596,496.55072021484375,0.5853053921335896,272.63627669210405
7109,-819.5468201878208,477.3349914550781,0.6232672672642388,313.4945448986319
7110,-935.2648481609955,463.927001953125,0.6517773876501564,324.8996351153464
7111,-818.4247077455282,460.7828674316406,0.6758630315462189,318.40223751000343
7112,-962.1916672723024,464.03936767578125,0.6848939732314682,306.3758439362873
7113,-501.10371650815495,470.77691650390625,0.7113796435534073,285.5144194811132
7114,-827.9895054453538,473.8573303222656,0.7384294028597649,253.16262758185974
7115,-1222.4819534078415,507.28009033203125,0.7435096436401849,348.7883439765707
7116,-1224.5960836488189,487.5830383300781,0.672355811627695,348.1720150404098
7117,-941.8401650204459,495.13616943359375,0.5259709403358104,287.93610589279706
7118,-1232.0115604505281,23.312192916870117,0.3369836497278653,335.8120418855564
7119,-1181.92953622961,474.2115478515625,0.17751782296391472,319.6961318603842
7120,-788.7917083414565,534.8035888671875,0.19595056688151669,299.2205312708536
7121,-1060.5153032117703,522.02880859375,0.2611651242470529,336.86792375696484
7122,-940.9099123474559,486.6636657714844,0.29372485614259514,340.3837398767607
7123,-1016.1374664333594,470.6221008300781,0.30393129059724355,335.6795197605608
7124,-1008.3934066141795,466.3377685546875,0.2877563523891067,345.95902396728343
7125,-945.7253049915249,459.30438232421875,0.2569570596742924,305.64559260188315
7126,-1189.230649545324,475.0485534667969,0.22183949934342567,340.32292182313665
7127,-934.2369493545167,520.85791015625,0.2085230133801843,307.23505497250164
7128,-1423.030188773945,476.3359680175781,0.20068209895511893,396.1622686084351
7129,-988.2679539693986,500.1395568847656,0.22048910453110854,325.4349809968238
7130,-1051.2982438465742,480.6411437988281,0.24109451143672164,311.9324837829109
7131,-889.5066268302563,492.7661437988281,0.25004219610009093,313.6805337043006
7132,-832.0650213186498,477.0699157714844,0.22426831596664812,296.7087161924648
7133,-1007.1457753581677,493.3354187011719,0.19264297909704872,332.67125206076616
7134,-1027.0300430662746,472.6050720214844,0.1783466526192856,315.2175026962291
7135,-1089.8598618311776,487.46124267578125,0.1789286804078759,319.8912685002831
7136,-1156.186335955407,475.9164123535156,0.18246441420379272,346.66035071710195
7137,-1295.8835155506067,482.4157409667969,0.17819543859441822,357.5551890593609
7138,-1082.0455133922535,484.3938903808594,0.17727643033134338,334.16108502013435
7139,-1132.098347595158,503.4940490722656,0.17957801248726385,371.48432419175646
7140,-978.2521214307964,465.1167907714844,0.18901524340803055,291.2568190223132
7141,-1222.4220238821813,485.1758117675781,0.20136653116565875,353.56826723517065
7142,-1113.6348658748088,471.2063293457031,0.22706925443437231,344.52457161778227
7143,-1012.8050591465948,467.02398681640625,0.2525896603157346,316.51927421482173
7144,-823.2661160403779,471.9402770996094,0.24200311957919673,323.46804276021464
7145,-978.2708867801368,14.251395225524902,0.24459304573828344,328.95208134907415
7146,-1142.2405034780538,471.4839782714844,0.2534142757235247,318.3054264335526
7147,-936.8805599863191,475.3214111328125,0.24900678015489608,302.4253531715196
7148,-1019.8377785816062,477.996337890625,0.23302327088636188,326.3515819591843
7149,-788.5477607842253,12.008667945861816,0.21915245228132962,294.9729300386953
7150,-763.7933679058011,484.2050476074219,0.18828912522550256,326.0250575379301
7151,-849.1944354961283,473.6979064941406,0.20741328494394973,280.79272088451006
7152,-968.2398865610301,484.3197937011719,0.27384982406859204,290.62673278013597
7153,-942.626720221579,480.3584899902344,0.3551267676900711,296.34714180436316
7154,-1171.6758186144993,489.4497375488281,0.4098019507397339,334.58300859767905
7155,-945.3977573039103,476.4965515136719,0.45261738302087906,336.67025466207895
7156,-1245.4964636317163,491.4925537109375,0.4249128913530476,368.4403768468534
7157,-1182.3116095477442,478.07757568359375,0.35448501089017653,329.4530163852244
7158,-1174.2333472915475,494.05242919921875,0.2597461862650875,366.71907968219114
7159,-978.8477089395963,460.20281982421875,0.18771119011073778,326.4100559520466
7160,-998.7551623014308,474.51934814453125,0.17054602826275078,315.78058719974234
7161,-1341.1941262319356,494.08819580078125,0.23382749398251246,329.48608154760336
7162,-987.8964380287923,474.0693359375,0.3135487722131787,322.3324625352143
7163,-561.3680546942068,477.9675598144531,0.31459690787547867,276.0539503596943
7164,-951.7575810846355,490.2772521972656,0.2892690397075539,319.4403236236847
7165,-1107.7125055085528,476.537841796875,0.26805353221649797,294.2886250739207
7166,-1323.320074895871,505.27227783203125,0.2783987462336958,356.3375957828435
7167,-743.5503018894267,463.73602294921875,0.25118803334482276,301.9061080948526
7168,-949.0193954013819,936.8248901367188,0.19814210740944338,338.6567266465844
7169,-977.3217065797817,0,0,272.7659294606072
7170,-1247.2766281950549,490.5211486816406,0.18602111929077692,366.7069038175675
7171,-1077.8606567798308,477.281494140625,0.2031565599958829,341.85675326400167
7172,-1093.8382692414932,473.9494934082031,0.22457649103370664,339.1180080930102
7173,-751.9070873629884,471.0859375,0.23579085064044147,268.25805169940736
7174,-1098.7362751509932,509.3565368652344,0.27645058210487194,360.11372627757527
7175,-954.4258964580006,498.5018310546875,0.3090084705785707,325.2546945261329
7176,-731.5358173371953,471.83160400390625,0.33721700322903414,248.78546339015406
7177,-1025.0701837073375,13.34592342376709,0.34870625842432906,321.4119092019441
7178,-1153.8535922739813,491.5378723144531,0.337465221283044,361.9522986276878
7179,-1140.2598533680791,495.8625793457031,0.2837346770154714,353.16475935010584
7180,-1270.325239789211,495.6312255859375,0.21142332712576928,322.2350502582957
7181,-1320.0377943183682,496.3554992675781,0.16973063753804657,329.6969741107061
7182,-1042.9770885849155,495.77520751953125,0.25366113159459186,318.8902794348333
7183,-714.7274684170887,476.9268493652344,0.36689393243152424,324.00013870644267
7184,-1108.6284545274827,516.2485961914062,0.39656180432594823,340.2967685656125
7185,-648.7756498878209,475.5212707519531,0.41864772536075634,254.5014699063446
7186,-1029.9963618050663,503.4424133300781,0.3708299010347309,344.06519715744014
7187,-1079.8906525462644,470.4514465332031,0.32177305592168803,319.04258190830524
7188,-1210.1684934994782,477.3011474609375,0.28281340985050823,334.1743828955096
7189,-809.465131454074,478.6670227050781,0.262762963385738,308.6059735102322
7190,-873.4045394229756,478.68206787109375,0.22818938262125021,271.7067473283227
7191,-719.8683022001837,494.7886047363281,0.19486645497082142,326.2104936498171
7192,-1094.37425730684,472.34906005859375,0.19837866449481023,324.2456690152416
7193,-1217.7037633919333,485.4292907714844,0.22826084314218303,328.4603041581577
7194,-1229.3866254713278,488.89422607421875,0.23653127661050233,315.4153299363402
7195,-982.8161837266417,505.157470703125,0.22105992683787457,328.01188438772806
7196,-961.9921984489213,474.2831726074219,0.20097392374096368,309.98001120609973
7197,-1073.5407687546178,477.3313903808594,0.18898962473472913,324.55037370901084
7198,-795.5604166186055,483.027587890625,0.1833921585752855,300.5245617158486
7199,-1184.4644211748578,476.7279052734375,0.18522013507569013,338.2944065287318
7200,-920.9737867034371,493.13299560546875,0.20072842754518883,295.799680085385
7201,-1321.8810435589492,481.3851623535156,0.22066473515678964,385.8292624507841
7202,-1077.9872099252661,482.06317138671875,0.27091097260535424,317.69953711983226
7203,-685.2821268103651,484.9609375,0.3297367192142353,218.86477629109552
7204,-1116.3039289016917,520.035888671875,0.33265065375295677,355.28790111299713
7205,-1005.4413786497206,474.5852355957031,0.3487402296675626,306.85437682694874
7206,-903.8383168109109,493.8310546875,0.3461862479891449,325.6005159964253
7207,-1178.5362022955828,482.7205505371094,0.3327840793013985,325.45417158842724
7208,-1176.462786306333,495.4093017578125,0.3150420273675858,341.50225034202583
7209,-1006.2580469863132,481.78814697265625,0.3124146259365974,331.61102920435695
7210,-1121.5607063552657,474.04638671875,0.3075976679984793,299.2007972236078
7211,-1222.7365114079805,492.1723937988281,0.3138197564570182,332.939738291898
7212,-865.7761308298352,484.6763916015625,0.3290246405804018,289.5242725846099
7213,-895.8245884286421,490.97314453125,0.3221054476376777,304.1427762350257
7214,-815.4126187654202,487.4324035644531,0.29714904805321396,321.4994714751932
7215,-817.9781780267756,474.3031005859375,0.2674660946057057,260.2019835016398
7216,-837.78432001909,501.8766784667969,0.23924191445308196,262.98816733500587
7217,-1115.2069165847809,500.7095031738281,0.2133965984945938,353.1093114384257
7218,-1180.354268607501,473.6955261230469,0.2113330596125138,323.02961250932276
7219,-1093.2024852071447,492.4743957519531,0.21109826086405903,314.7476134704839
7220,-872.6447738065781,498.19366455078125,0.210208236924883,316.9970313482759
7221,-997.7916514263013,476.1186218261719,0.21106182558357744,301.77694562567444
7222,-1171.5729766093182,489.3390808105469,0.20867886262931634,344.4784163136441
7223,-1066.8952003859008,488.7915954589844,0.2071649738325192,334.6809429904375
7224,-1042.5087533663382,503.91839599609375,0.21195041358370048,286.00265817472564
7225,-995.6584657955464,496.7140197753906,0.22690495064154703,306.8043130154324
7226,-852.9696712404541,480.4787292480469,0.23994850547278013,307.72088825934975
7227,-868.2745442158537,497.16131591796875,0.24917734118960766,314.9061542499136
7228,-916.2243859344229,480.69329833984375,0.25715094172974773,281.6429447345734
7229,-726.4455869875786,487.49835205078125,0.2550867370296146,268.4977455668956
7230,-836.1071685621005,494.8133239746094,0.23862424120352443,311.3055093673988
7231,-730.7373570467882,476.02142333984375,0.24801435331937682,277.95661636098407
7232,-1046.4028461885466,512.5653076171875,0.22104877636729725,261.096536316597
7233,-982.1480606223694,503.53839111328125,0.2279407780058591,283.6675878885712
7234,-978.415180180341,513.295654296875,0.2510389910435151,341.96077417524816
7235,-795.0937417112503,474.2966003417969,0.2791880882159603,292.1388349228007
7236,-852.1145082954204,486.14361572265625,0.2936561469159642,284.43908890902696
7237,-925.0450420705803,492.2630920410156,0.3001504216695139,295.54015802485674
7238,-894.5428800463874,482.0716552734375,0.32090007009810506,316.9996205957513
7239,-1178.1960549930707,501.63714599609375,0.2902977380571201,318.00220186259963
7240,-1214.7909880890102,503.2123718261719,0.2910044872369326,345.9675920799368
7241,-978.0052914345083,494.620849609375,0.20592462145464197,294.43468399990076
7242,-895.3972639925887,496.4460754394531,0.20882263876228535,306.10635996756116
7243,-1073.45160390405,498.1236267089844,0.24894441343121798,327.6697062074908
7244,-1000.3572243093837,482.242919921875,0.3184220456187177,304.8709866285465
7245,-869.7643618485772,494.5331115722656,0.3835610099340556,243.04975901648427
7246,-730.4520102357054,511.5517272949219,0.3858213631913259,267.0052567559981
7247,-1276.5953696671395,505.41064453125,0.4063221691194485,343.5993535111854
7248,-837.8527351111231,502.4765319824219,0.4254933638148941,320.75638196865293
7249,-943.6527154248018,485.4030456542969,0.36068529075905076,324.50062170640933
7250,-985.5411829769605,480.0303955078125,0.3481028158330446,291.02863902603315
7251,-1168.914850179661,496.71307373046875,0.3454903214442311,295.9248865982576
7252,-828.053574598676,491.8773498535156,0.32243592685881595,287.9585582052746
7253,-1154.4122815526853,501.5138854980469,0.33637902914415463,315.1159918307243
7254,-1443.551795612426,507.9184265136719,0.32197709557658527,371.76060928164475
7255,-1229.6641993932535,495.1095275878906,0.3792986132102669,308.7118565501052
7256,-1035.6901502455837,489.9715881347656,0.41111532972718123,284.8583906684343
7257,-996.6893726575188,495.44012451171875,0.4582718862911861,292.60185695105577
7258,-1117.3184672232421,493.49090576171875,0.4740336014783679,324.1562188812377
7259,-850.2066088172202,481.0726318359375,0.4920183598242147,277.0664248206197
7260,-1363.3788068169054,523.0559692382812,0.5084846851277689,345.82130519861073
7261,-1199.8519205267512,488.2405090332031,0.5151542827279627,289.45396175324527
7262,-1005.613130148141,497.5605773925781,0.5199770306791436,333.5319477844096
7263,-1371.6278751807752,496.784423828125,0.5484787912859571,297.3797252878555
7264,-1101.5048609962,501.3503723144531,0.5739742936475688,343.68440375644855
7265,-1218.8460654195303,486.18524169921875,0.593782772687121,323.01736906442255
7266,-627.5584427556247,503.5738220214844,0.5713431172734624,298.6668705483113
7267,-1096.2827748655236,498.34124755859375,0.5458857716752559,325.63824698537684
7268,-906.4600374908028,485.9598083496094,0.5081904764971386,297.5934113750228
7269,-1151.1569121787745,498.0422668457031,0.4770133051870419,320.1894566173355
7270,-938.8977087091268,483.3865661621094,0.44098382488140153,303.93873247656865
7271,-856.606438981606,492.86163330078125,0.39739008627013395,294.7505080081196
7272,-879.400452212204,490.26318359375,0.3601266617284221,225.52215732241683
7273,-788.7922452991502,515.6162109375,0.32804278750358745,273.96013943001105
7274,-1074.6506540204382,506.9516906738281,0.31387371197398073,332.4449216916802
7275,-1066.2354887047918,494.34619140625,0.30941277929092653,346.99184026278925
7276,-1073.9468815300306,481.82659912109375,0.30689244717515474,268.6537939440944
7277,-943.8211252569122,505.79327392578125,0.30445786193044566,270.80605876429627
7278,-1053.1739168892896,530.742919921875,0.3022722658115725,313.3969859260453
7279,-1013.0601557720497,486.49365234375,0.30173053781063086,270.6824851963796
7280,-910.7917874440795,999.4264526367188,0.3007681742323608,258.8366920969875
7281,-916.0043277089756,0,0,291.2206678676405
7282,-1331.3114673606158,517.3865966796875,0.29966268688561837,319.63042672387326
7283,-845.5146810113084,584.3330078125,0.3006542306437436,284.859858297579
7284,-917.1569108841732,515.7744140625,0.3012163769157832,317.2177701675571
7285,-933.0456111206584,480.5489501953125,0.30184290371850375,274.889952106166
7286,-1067.6407020599972,545.7799072265625,0.30103222094550924,294.4416754963773
7287,-830.4799486199538,499.3141784667969,0.3017644211653395,254.12850451332298
7288,-888.3980106399057,510.6804504394531,0.30114164017178063,314.8392490294605
7289,-938.709276841945,482.4068908691406,0.30034145154326464,294.07525147314925
7290,-731.2839605077054,514.0213623046875,0.30025619454881103,315.87022752316807
7291,-1027.8559805229563,491.5330810546875,0.2994456384343275,342.1430939963351
7292,-698.3464827826368,481.8975830078125,0.29921779786125335,275.9382702753277
7293,-1174.9721395530457,497.7585754394531,0.2987046893704623,363.4541901708103
7294,-1071.2705030137483,488.89105224609375,0.29825340770315045,278.7952835462601
7295,-1336.743925580442,541.3253173828125,0.29827642319849235,367.6564241832217
7296,-901.9677142324393,505.4117736816406,0.30270535165282275,282.3593969531525
7297,-1014.9100767686834,513.4503173828125,0.3098103906967343,306.30940455816574
7298,-615.2856668547661,491.6021728515625,0.31916790455659694,296.81784831094353
7299,-893.8406433018911,492.6534118652344,0.31925682504679326,270.99195537371656
7300,-822.3756719746794,500.51336669921875,0.31770285549143895,292.04757066709914
7301,-1031.7010547981035,493.2429504394531,0.3135419861067394,289.60246907735643
7302,-967.5104900274848,500.6966552734375,0.3116683959966151,211.25825102037447
7303,-1319.0704074918513,536.8738403320312,0.31062285043358134,369.9612970883384
7304,-759.7514120522777,496.06683349609375,0.313728060267054,291.63036505246174
7305,-1049.4968702191998,490.4268798828125,0.31533326267518563,295.4749405332405
7306,-1097.610996290795,518.5701293945312,0.31879429706823514,315.0447075008529
7307,-1359.059021821873,505.1902770996094,0.3272629333599819,338.33450557214456
7308,-1044.003936451715,502.48492431640625,0.3466587234317933,278.3748449335581
7309,-1018.1599054404422,505.4717102050781,0.3683872286669164,323.67494482074517
7310,-1013.1408777483705,521.5497436523438,0.38321240833642256,309.557950572061
7311,-1137.2577085304285,491.90216064453125,0.3960376754477022,331.1278536409244
7312,-871.253180101045,513.71533203125,0.40688055975795345,277.806977247708
7313,-962.6319891824318,530.7685546875,0.40319766299924975,268.79953069656824
7314,-1016.1980507348148,532.8727416992188,0.39285241813022526,314.75301929850593
7315,-1006.4737148592023,520.1512451171875,0.37357562895966423,338.5530439404341
7316,-981.1210039844024,499.8000793457031,0.35998081818486116,287.6338692894857
7317,-736.0773801258767,501.9110412597656,0.34776057117939574,218.5777270311898
7318,-1134.3000481141266,528.5281982421875,0.3382130768156687,340.68339964015024
7319,-1225.2531856433216,490.0152587890625,0.3356662485752071,325.0244463413757
7320,-930.4805147739557,505.65924072265625,0.3347332570747316,315.92546184941887
7321,-1089.9143794841702,509.69500732421875,0.33363920077976444,322.4594605299751
7322,-1250.1089480166718,505.4972839355469,0.3313106521971117,358.886639683876
7323,-852.4439235824701,496.1061706542969,0.330992227421427,288.17415975176436
7324,-889.7321294732219,553.3546752929688,0.3349964253468361,273.30442302715113
7325,-1038.9685580447967,509.8335876464844,0.34213514150904045,260.52026284548276
7326,-1001.6403850657217,514.510009765625,0.35063436110027646,271.76312597502346
7327,-1025.3470914447194,506.8682861328125,0.3583199009378114,313.4857556092174
7328,-1202.0130451198493,495.0093994140625,0.3669875917498966,335.8141723846535
7329,-1076.9498937139685,515.60546875,0.3773010000588753,272.28692820252894
7330,-739.2283571410113,534.9165649414062,0.38035818189390774,273.9633143534728
7331,-1117.4178215034126,538.7574462890625,0.3759648613632114,274.9735674061607
7332,-977.6417524110691,522.1712036132812,0.37019461207101223,308.85565923302215
7333,-562.5447494126565,491.7171936035156,0.3607453184349989,230.1057662505184
7334,-709.5529315205089,530.0798950195312,0.3467863854308074,267.35545906037373
7335,-848.2213205025935,508.7796936035156,0.34412883815623263,270.6269050577494
7336,-729.8077913851722,498.4181823730469,0.3583034854510693,284.2401199599552
7337,-811.7358969654424,492.92181396484375,0.38832052052881877,293.03070916410167
7338,-1016.4418901571208,501.94293212890625,0.4170588962760853,304.2303461220662
7339,-919.1258164059035,497.8401184082031,0.4377129377137091,311.618563220958
7340,-810.643742516971,491.00555419921875,0.45107192546624564,293.8049102203282
7341,-843.7412984656735,498.6388854980469,0.4537658095399144,288.0584795497676
7342,-929.9422903679232,506.8247375488281,0.44218924270110654,265.94623094294036
7343,-771.4214587015151,510.29595947265625,0.4230247848780613,245.2428914333537
7344,-744.4912090472154,509.6487121582031,0.4035228360538602,259.52258524731053
7345,-1082.0620079409405,516.0919799804688,0.3781893709887049,283.6848925999136
7346,-1119.5043969797762,511.5762634277344,0.3457473082003472,306.126620018573
7347,-1110.4939676894655,498.79962158203125,0.3163685426451112,356.990436142313
7348,-1560.6842346669691,525.6583862304688,0.29101731455568025,382.68229635963695
7349,-985.996149937679,498.1973571777344,0.3008286019272572,317.1341250143907
7350,-1159.073513276387,494.1366271972656,0.34527304768699185,302.32744890456667
7351,-956.4278150304754,506.82330322265625,0.4018828683593815,309.57226842079746
7352,-1057.3851029133755,494.0713195800781,0.44963628426660396,350.21025745321606
7353,-1232.520438856728,502.6076965332031,0.5036849254776379,305.9108766455004
7354,-593.6952161240082,513.4608154296875,0.52607146988838,258.6222016044761
7355,-1146.7180813575771,534.4144897460938,0.5209935456840846,324.83959611189465
7356,-585.6185578177298,508.6178894042969,0.4931588620149504,265.31333483121074
7357,-862.7949333659456,526.2574462890625,0.44587590177039216,260.0679731440506
7358,-920.2316994576288,555.4759521484375,0.39044722369427026,315.49303764510864
7359,-874.3031986941717,520.173583984375,0.3491611353384121,288.1698606422922
7360,-1034.361437044425,509.1905822753906,0.3344946119602127,316.09215222575676
7361,-918.5561649365033,490.04925537109375,0.3470693826684638,303.82920655446674
7362,-1232.5868364626017,509.8878173828125,0.370216168472179,351.05547215941897
7363,-860.0087988901959,498.2628479003906,0.39308125170954467,330.5650192238278
7364,-781.1333488786141,503.3868103027344,0.4118279144372562,279.8811804824328
7365,-976.0526362259362,502.4588317871094,0.42577826231878935,326.3671637263704
7366,-794.1184197544944,494.67578125,0.42979915440429367,294.363992614362
7367,-959.1897697277791,502.8904113769531,0.42298868357298547,279.06230999663745
7368,-1026.2280884362156,533.2030639648438,0.4092650749235811,316.973821766988
7369,-379.83427121593553,494.4579162597656,0.40939553328871925,279.0474337218015
7370,-890.1636725787764,497.9610900878906,0.40831837733475196,321.7987850805962
7371,-1096.9872889684138,529.1614379882812,0.39390370251463425,312.40698911134143
7372,-1087.2197318913088,513.9384155273438,0.36469860934173726,291.23130346105614
7373,-1053.1234105861608,507.16241455078125,0.33528347873217446,323.8764685740654
7374,-1245.9615028059984,540.1865844726562,0.3030397482223919,297.02194152206414
7375,-1008.257476797258,508.5710754394531,0.2839098982539829,253.62132817313037
7376,-762.1263370042104,509.76861572265625,0.2825996406595053,301.2665493405858
7377,-923.428635495152,503.1603088378906,0.28897478951102196,274.6759374696464
7378,-1007.161857038362,518.8151245117188,0.2992298382421552,311.51531469315904
7379,-1025.7687862772873,501.2752380371094,0.31073538586634375,300.0096231237385
7380,-1174.9538737158202,506.3538513183594,0.3246038761021482,338.50336636937203
7381,-907.0577014355607,487.37060546875,0.33342596707526767,293.41318544786617
7382,-809.4244640549972,507.66143798828125,0.3310826960963952,249.7725017113226
7383,-1213.2084375351828,530.4722290039062,0.3298965636646604,307.53648241690576
7384,-925.4113713654375,498.1399841308594,0.3236492965381673,298.0482220239709
7385,-708.8425140626606,504.00323486328125,0.3111109063029873,261.0559768408863
7386,-961.0891541654526,516.0714721679688,0.3034682851292926,301.99492313033466
7387,-1109.8203043935862,511.6377868652344,0.302670536564247,348.8038314204334
7388,-1008.8216914354372,491.6672058105469,0.30540985614498056,304.23522968686314
7389,-813.2717075632117,492.8581848144531,0.3130582235770867,284.907752803334
7390,-1072.905644563471,510.56341552734375,0.31961373701075924,277.2092195777632
7391,-1256.972461336884,532.6775512695312,0.3175724528674292,351.6714942595316
7392,-964.4392059094878,972.666748046875,0.3211073968570648,280.6688467369951
7393,-823.2174460633145,0,0,266.1332755297556
7394,-1283.8692690775576,507.9210510253906,0.3281395378315821,360.8556629628609
7395,-933.211818437133,503.97210693359375,0.3221935518126676,283.5611971681326
7396,-844.683496920458,508.33233642578125,0.3182552088339077,277.5382386800371
7397,-1246.7542859089858,507.83978271484375,0.31675298726631373,318.55919584313386
7398,-858.6931595448102,524.0167236328125,0.3059169464411795,299.7134331077754
7399,-1331.7212866450845,503.3888854980469,0.29919379614750957,345.6880226043738
7400,-679.3293281726363,511.27301025390625,0.2907985083917678,290.75097609497163
7401,-733.3734170029169,513.6228637695312,0.2901174836155022,241.63548902471797
7402,-1119.0439062269413,528.3270263671875,0.2909105215268908,318.8104857184946
7403,-1259.6717830543998,502.6502380371094,0.291134782136125,267.57222089050424
7404,-1033.988949831125,536.0702514648438,0.29116581386901613,243.36127573053287
7405,-886.1879663474376,538.4714965820312,0.29323211128245663,272.89289862819936
7406,-1108.6279274279873,512.0508422851562,0.29493960747517717,343.78601765438464
7407,-1040.4108936417338,501.66680908203125,0.29781563207735884,292.02011548246537
7408,-1114.726114710911,507.82305908203125,0.30116681525898675,281.81542507762975
7409,-1156.93345671056,520.4642944335938,0.304496355856822,320.95133480921373
7410,-1046.789271443595,500.97808837890625,0.30985860526586073,325.2036484607795
7411,-888.268071571822,495.250732421875,0.31547661684927597,282.45737273768657
7412,-1254.4783437208878,521.699951171875,0.3162507005040007,371.21291625327234
7413,-907.424420440894,500.2481689453125,0.3211276941007005,342.05744231893914
7414,-796.4058561947749,492.8594055175781,0.32160815785293473,297.70013328860546
7415,-897.2945731764229,530.4921264648438,0.31311286037640423,327.2967304706058
7416,-484.0507730074302,495.742431640625,0.3074029739952073,269.7387227339823
7417,-927.4227523197463,550.8323974609375,0.3093945496033426,295.4963028159496
7418,-1269.6687418962006,544.4550170898438,0.32175943123886563,343.8262193490243
7419,-1117.696011063462,623.298095703125,0.3258307870265753,330.01185320581595
7420,-995.7575574620089,541.888916015625,0.3207763637009098,316.8019246819587
7421,-965.3358477041319,679.2670288085938,0.31010246650228757,283.0025789942694
7422,-844.3511830983065,596.147705078125,0.30229735374493627,283.58797988304
7423,-776.7172018020525,576.0935668945312,0.30187681151713186,299.4271527708297
7424,-832.4287070358166,568.0313110351562,0.30589395388971735,217.36248453387302
7425,-698.7889315348168,601.8272705078125,0.3104885327416762,297.6172997260858
7426,-1314.3528627013359,502.9577941894531,0.31255986355305504,342.0948151496748
7427,-819.8546297568435,509.4555969238281,0.3175906517792847,316.6896729385552
7428,-1052.1478179486894,500.61865234375,0.3210025131918361,311.4439322705747
7429,-913.91869719123,502.38653564453125,0.3225294188189216,320.960975417919
7430,-1204.4511700549112,543.5130615234375,0.3204166447614072,320.26014405720264
7431,-1308.3423655220627,580.2117309570312,0.3183986526350464,362.4621105842318
7432,-1024.7093891762543,540.989501953125,0.3200656406826876,288.17581775647955
7433,-1034.65734382452,588.2700805664062,0.31830678321699113,318.7021589150857
7434,-1021.0619894518576,546.409912109375,0.31706512347205373,314.0953030383851
7435,-852.4496190518544,557.5610961914062,0.316576980056532,241.14209118245722
7436,-1036.77327224221,525.5370483398438,0.3183177970746297,325.3010018201475
7437,-945.1970774874436,509.0437316894531,0.3210479497602373,314.7475964117699
7438,-404.0943786816698,525.0318603515625,0.32716534818925813,264.13354482648606
7439,-983.8300533959908,563.9930419921875,0.3363074231901828,314.729049095251
7440,-1110.5122528576871,546.2239379882812,0.3396324161555472,312.83235703493165
7441,-817.1330177514476,531.170166015625,0.33805490295561946,286.070684551336
7442,-1394.7592253506948,657.9652099609375,0.32806671783372976,368.25515617637575
7443,-894.0383319421969,538.9710083007812,0.3147233240327323,291.068545659951
7444,-1167.9557824017688,548.6637573242188,0.30943766965452824,349.1461412088181
7445,-1151.5322454523712,504.5125732421875,0.31631575711161286,312.04112786505357
7446,-810.5069508022302,510.3037414550781,0.3334242906430146,259.6675587209406
7447,-574.2711749901227,522.7850341796875,0.34873881377575244,265.9385153814719
7448,-997.1500035309984,552.452880859375,0.3533721286842708,260.2854224352021
7449,-1169.5042759176006,524.915283203125,0.35327004266608286,321.13394712543385
7450,-1114.3138833163969,538.8907470703125,0.3541847563995024,288.34470646162976
7451,-1188.1520674693159,577.7703857421875,0.3503278035434324,296.87266115573607
7452,-942.6133195249148,550.5111694335938,0.34760264307930866,268.86215730135683
7453,-1149.672967019611,555.6322021484375,0.34398562269872046,337.14537364440355
7454,-1058.5624654632295,497.4445495605469,0.34191790906358366,318.1148218273427
7455,-1292.403912672821,545.3999633789062,0.3424285762049046,341.4475150588872
7456,-1375.9912683198002,511.1336975097656,0.3467980045907101,334.7438872858727
7457,-858.7656149197381,541.38916015625,0.3538150005054259,277.6650701694054
7458,-814.7616123555644,518.7802124023438,0.35383269149154073,309.2569485615478
7459,-1671.3536019259666,517.0110473632812,0.35495312710045435,424.70476309038764
7460,-1125.5902798268357,538.265380859375,0.3675765012681171,306.84338915089734
7461,-1083.5348568957975,522.6721801757812,0.3847910054094372,306.15609127016376
7462,-961.9868478753563,510.1758117675781,0.40112536029429574,297.067233829968
7463,-768.7136087758449,510.2424621582031,0.4049589336180836,279.6684509694199
7464,-691.3372122958162,522.3364868164062,0.39728241824229427,285.8643953195384
7465,-1172.8135977983065,517.1028442382812,0.3879311001377441,292.01615725509913
7466,-913.3981434079392,527.5164794921875,0.3818082631792026,247.98293213182458
7467,-956.4774543091369,532.76220703125,0.37611799673672985,268.42153647605664
7468,-1025.2802155882705,532.721435546875,0.3644615411798823,275.26154103345306
7469,-866.3231545569259,515.3118896484375,0.3627017568816433,256.1101136219332
7470,-960.8066106724385,521.677734375,0.36489115626800506,339.83905389799776
7471,-1002.0658847580034,501.0895690917969,0.3682784419552133,281.0578473172075
7472,-1081.1666488896203,515.3822021484375,0.37257434076976886,333.7707941303425
7473,-1176.0468730782857,521.482177734375,0.3707667511282804,302.1476583947501
7474,-624.493066859738,507.0006408691406,0.36953585979828196,210.67844849898432
7475,-740.5822566412729,536.8064575195312,0.37451788792966884,294.5847717948319
7476,-1122.858477791542,509.1044006347656,0.37770056001993485,356.4154408447323
7477,-659.5432569377977,506.83966064453125,0.38100809916267797,255.35767973014126
7478,-1043.9973430029538,530.2188110351562,0.3810063717571988,279.0384572205108
7479,-890.8153646559005,512.5227661132812,0.3802668843442094,295.5025517105079
7480,-1036.954908712051,544.2338256835938,0.3750874605139363,324.87300128522816
7481,-1145.4201827513887,527.630859375,0.36210652444214536,248.2677054606044
7482,-845.2221279922776,525.3076782226562,0.35416493943163235,238.75500888240913
7483,-837.4362697386308,532.5578002929688,0.34987419659179747,277.35528848127393
7484,-1027.7420410540415,519.1627807617188,0.3468441330132439,304.5778304090303
7485,-871.4895396532044,517.458740234375,0.34515512929415926,259.1112454426229
7486,-1088.1932023645525,530.3411865234375,0.34469131313019197,334.88186670635207
7487,-1087.082395945769,502.670654296875,0.3448719845130769,329.4162210571823
7488,-973.1861643581996,501.7942810058594,0.3463538490823604,299.27733173637193
7489,-1009.0879457316596,507.8164978027344,0.34863020480037665,327.2289880400368
7490,-933.8719596105619,507.89202880859375,0.3511463908092797,270.22627993023184
7491,-918.3145638423797,528.4569091796875,0.35303054768514464,262.80818715770044
7492,-991.0721351918443,532.012939453125,0.35470688716491505,307.65209208925035
7493,-1171.544404088792,513.4849243164062,0.3564087643038337,328.6029272165773
7494,-1173.545556997414,512.5604858398438,0.3581429231270849,315.57816038916496
7495,-1143.1587971919016,514.843017578125,0.36041797685921173,343.4900081661196
7496,-794.7877831875301,494.3752746582031,0.36224770531994205,279.1650511989623
7497,-888.0411841775262,518.4201049804688,0.3637532769597444,294.738348996138
7498,-1337.2015081864652,539.9871215820312,0.3654290828883793,338.01857357712146
7499,-937.9286368582268,498.5969543457031,0.36706511117803886,279.6147170033328
7500,-1012.1420161173784,523.8790893554688,0.36862641918211947,319.69779492111076
7501,-813.5776920471606,520.5848388671875,0.3710361849586106,304.8975375958232
7502,-800.7596927277312,508.7091979980469,0.3766668774195149,321.6952008113702
7503,-1185.8191921814653,561.6290283203125,0.3800272830614101,355.5054012724312
7504,-1005.4189826158467,1002.1524047851562,0.38709275540373067,269.191986335455
7505,-855.3394501335515,0,0,252.612626728379
7506,-817.9802981315797,525.8350219726562,0.3974222883734342,301.2401925866417
7507,-606.8478371155408,504.2859802246094,0.41137226469584565,232.44961664490782
7508,-703.9216842091217,542.5385131835938,0.4362920522695076,277.2866286853303
7509,-1036.3973709654108,531.8883056640625,0.470237851145749,277.85948295029453
7510,-967.1184409922402,549.9649047851562,0.4966145363103237,299.88546975250836
7511,-1104.3445295411855,522.6919555664062,0.5143426135332004,319.1589479373499
7512,-1182.8817998583806,521.7127685546875,0.5127354152536383,296.5818129941056
7513,-1004.9026786449992,582.9290771484375,0.49490644174220755,320.53891914544477
7514,-1125.454501469972,510.0081787109375,0.46751489871397756,340.9825369369471
7515,-1169.639828591216,540.9341430664062,0.4319761598650145,305.6266470778808
7516,-1042.4286408520322,528.8407592773438,0.3900226149715077,290.98647490396803
7517,-998.5219177566034,545.678466796875,0.3576317634434203,305.8340384791866
7518,-1145.6540659475916,522.8408813476562,0.337537944318507,333.76203094897136
7519,-772.1604120146744,508.6084899902344,0.32913513672612454,253.81028044855518
7520,-755.6957557483446,531.671630859375,0.3315989207542619,299.62195431118516
7521,-1103.2197492009143,531.9874267578125,0.3358278324137845,314.5981076207139
7522,-1039.9102233663475,545.468994140625,0.3406453302675396,315.79096810725616
7523,-1011.3416306515626,585.901611328125,0.34701735528702676,335.8035856900095
7524,-1022.5210092573512,502.6739807128906,0.3521507531427384,280.32384436228256
7525,-1113.7251191920607,553.9730834960938,0.3559785598701617,329.19392680085883
7526,-951.8380029120517,509.1624450683594,0.35876048170395064,286.60249596973756
7527,-841.8741902739763,520.1753540039062,0.35951004366792466,251.83475740536534
7528,-1304.9619410663797,538.3670654296875,0.3586389813724862,342.31581540862794
7529,-888.799844382515,516.533203125,0.3600442130260165,280.5835683742277
7530,-897.2449555373676,521.869384765625,0.3628814202902829,304.67121789138287
7531,-1117.8569142009844,521.3822631835938,0.3699971642351231,319.97833683748223
7532,-1440.3285388146064,512.7815551757812,0.3781631439965539,394.6749995391936
7533,-962.4347356848485,521.2083740234375,0.37827272093493547,261.43801775216474
7534,-750.0348450793846,534.0466918945312,0.3809658260957143,302.0306276460428
7535,-1044.807381821961,512.3169555664062,0.3917660675943345,335.1281266839287
7536,-1193.5866050719785,506.360107421875,0.4010723270477441,372.9469099533889
7537,-983.2292262277166,508.1179504394531,0.4013820625846105,319.1027864526617
7538,-1186.5699694869763,507.73736572265625,0.4006664734334493,347.3170388163078
7539,-1494.775002179112,518.2083740234375,0.3934385835108384,406.61180364579275
7540,-774.3634060701008,526.4865112304688,0.375950763002591,287.8006888857992
7541,-870.8508588646472,515.3832397460938,0.3701395317650813,318.19426922125746
7542,-984.6411538022037,516.2821044921875,0.3659108393331021,309.1161423036792
7543,-996.249194217098,515.0955200195312,0.3644292772435596,293.8657878660357
7544,-831.544641967956,520.011962890625,0.3661076516568885,283.05106858403224
7545,-1182.5938456377203,524.0006103515625,0.36877113953321194,293.22993311100686
7546,-1171.74080751563,525.7402954101562,0.36985642839463684,311.5615782847335
7547,-1102.8353636565994,520.6572265625,0.36991349076090974,341.8196561097489
7548,-777.7526145847504,511.9757080078125,0.36840469391561637,289.66760362793946
7549,-928.2193948960179,518.132080078125,0.37447541020845865,319.1413264843472
7550,-1024.9125653270196,508.3680114746094,0.38122435846719077,316.7760545312037
7551,-1062.5917791710285,510.5299377441406,0.387528169900338,309.303010359959
7552,-1053.4297119317305,512.9580078125,0.39502953179591893,312.4576706768539
7553,-1339.9162582979145,520.70166015625,0.40184754134376455,404.74308969305855
7554,-959.1915492465023,516.9447631835938,0.3942031768217613,301.52955214135244
7555,-1166.3307161114922,519.3092041015625,0.38788067735738974,330.2897741287669
7556,-739.0511184690819,509.79742431640625,0.38079474680633363,262.9483493661858
7557,-1094.7375206770487,529.1202392578125,0.38402986700038333,330.4201695135755
7558,-1158.9818231677884,511.061767578125,0.38426854836587027,322.87222411550067
7559,-1060.8796550140194,517.3736572265625,0.3807960004909968,333.6992738762014
7560,-641.4606017367188,506.31634521484375,0.3811420686557978,255.1361410241223
7561,-1151.8319747146734,534.1734008789062,0.3919577728964362,333.69898510298833
7562,-1043.336129065843,515.2500610351562,0.396880706773305,335.2797685599875
7563,-1052.3461761207277,509.0331726074219,0.3983918597571175,302.9344722718392
7564,-1125.269416124812,518.4061889648438,0.39813718428112743,324.87158841132236
7565,-949.3188035661285,514.8179321289062,0.39336474038242547,292.9184426508488
7566,-1217.1794051273594,519.0235595703125,0.39380376306300546,345.14672580037467
7567,-1168.5707564330587,523.8291015625,0.38211702556426996,293.3256040018024
7568,-1196.418824512023,521.7105712890625,0.3730405333784437,360.1746642396578
7569,-968.445156599853,505.5438232421875,0.3656799476602858,345.60121533848115
7570,-1200.0140472367307,507.0791015625,0.3587579019401418,352.734898976827
7571,-1056.2612570390063,510.80352783203125,0.35256336679787975,335.6344559790605
7572,-1155.46176507485,512.0127563476562,0.3476901762714836,319.9044042454145
7573,-1027.89260923697,513.5045166015625,0.34559345629257293,320.99141156576707
7574,-1188.1112636879777,519.4844970703125,0.3442070422696954,311.86017555775106
7575,-756.8037413711186,519.2761840820312,0.3472923964503194,295.976055911095
7576,-784.2951855779239,521.7368774414062,0.3591269962938498,314.25189123966334
7577,-1053.9487635989676,518.3878173828125,0.3763080053047549,298.4268515411155
7578,-1078.2817472054264,524.7021484375,0.3974770605568214,322.79155754289036
7579,-1538.4770337810264,527.7933959960938,0.4062181897561627,406.17980772533525
7580,-1063.453436109766,519.2494506835938,0.39879075065268393,330.59735245194486
7581,-979.8615454154639,508.73284912109375,0.39622273482624937,337.6239813144049
7582,-1011.017327791371,516.3392944335938,0.38733712583934815,276.06890095780585
7583,-989.0984260714774,526.5846557617188,0.38945030421120636,305.17195197492487
7584,-1005.5679264912536,531.0711059570312,0.39932163433868806,333.89838775926177
7585,-974.2722968304487,515.5590209960938,0.4062195491038997,300.39631913484686
7586,-558.4286967019821,523.7554321289062,0.4336375786545756,253.32558244569975
7587,-1149.3695459625037,553.1559448242188,0.47411024944666424,346.985675392565
7588,-1176.9121156608096,519.6780395507812,0.4967442380947865,357.9207087120323
7589,-1281.359192966878,518.5624389648438,0.49288784713980804,358.66463941762674
7590,-1058.7255658549586,517.9270629882812,0.4689626917315828,312.1080661571556
7591,-870.4327945474046,523.4534912109375,0.44907355756602696,276.45322100685917
7592,-1161.0528046480722,534.4268188476562,0.42925234424720343,338.3931759662062
7593,-967.3000301314272,507.7520751953125,0.4107511764145144,322.0524194722631
7594,-931.5922695073865,516.7776489257812,0.398562306933691,321.70855338338805
7595,-1074.84533594522,516.9857177734375,0.38478370883334634,313.4910861526445
7596,-830.5287123020471,517.020751953125,0.381961738706769,292.01880347908525
7597,-1137.485048508199,526.2213134765625,0.37708370073075304,341.3100168358249
7598,-1066.0162352031714,532.7168579101562,0.36555580990154934,319.77345404777566
7599,-1198.751096626525,531.9920043945312,0.34506028704605035,311.9503783646121
7600,-958.2261613476866,516.8643798828125,0.335871947929365,321.57394630874387
7601,-978.3701803830268,517.638916015625,0.3337279665365114,304.9062910008222
7602,-992.0623772170547,523.4617919921875,0.3389337929979147,302.5024346776615
7603,-1140.9950699703409,531.6657104492188,0.3436104692522596,334.06490857466696
7604,-1324.4492542096762,526.4297485351562,0.3363439702013614,386.64300952913203
7605,-988.1903884062976,504.8610534667969,0.3292195368739519,322.230441260101
7606,-1023.300632241324,514.831298828125,0.3258641157332975,312.35980657712776
7607,-1071.84278881587,521.158935546875,0.32295302871355464,304.60680046669677
7608,-1330.6522578276063,540.236328125,0.3124931069981148,351.6145382493273
7609,-1075.527024026359,516.63037109375,0.3065215482839453,351.70917095367406
7610,-1043.0933176204198,506.4655456542969,0.3035228257986357,317.2330534071841
7611,-946.9789221362047,530.0877075195312,0.3067875150624676,359.16209786085085
7612,-1141.6266407571306,514.4130859375,0.3084482960606895,349.87478777480385
7613,-1131.7583022465897,510.4012756347656,0.3090078638403035,332.5970006343172
7614,-1266.3658575455406,529.5518798828125,0.3045124958516716,360.23745430136114
7615,-1146.085607701365,513.2256469726562,0.3009141646379669,352.3870168066649
7616,-1198.9455539513435,1005.5157470703125,0.3023197565010324,353.4241612746556
7617,-1119.891497165048,0,0,305.1368000614314
7618,-1288.109815200272,528.891357421875,0.3042742424103421,372.755058858779
7619,-1256.9794020104405,514.2432861328125,0.30218156902196947,345.63043467138465
7620,-1316.3035637200114,519.253173828125,0.29858546340574504,361.82372127716667
7621,-1088.0993901850036,520.0704345703125,0.2983511411062893,351.04444437315175
7622,-968.2475012628402,530.4309692382812,0.30460332460742673,297.3080445726035
7623,-1242.8040356022525,530.3604125976562,0.30650815181741936,375.38733301559256
7624,-720.5004642005215,524.1474609375,0.30897423813741265,226.3021784742171
7625,-1222.7747472300564,600.9992065429688,0.30244191682710203,332.97268975259533
7626,-1105.8975476721462,586.8984985351562,0.3098780987897465,313.0469568395479
7627,-1282.8994162065108,626.7413330078125,0.3387914021215776,353.87919112717447
7628,-1439.2854421687343,555.1680908203125,0.36883679122194657,386.8810269263325
7629,-1191.2746894506026,589.9514770507812,0.38042152862305323,330.242097351788
7630,-1357.664501410854,526.5433349609375,0.38297855579215284,352.1401771984854
7631,-1506.544228849068,546.4011840820312,0.3615323882557798,372.7355518271495
7632,-1456.6301832383906,571.1624755859375,0.3211774602542195,384.12167532806427
7633,-1104.8909183191472,540.254638671875,0.2945256428847911,361.2730736662536
7634,-959.4636543699992,513.0159301757812,0.3061153570009968,306.587944533071
7635,-1373.828790358787,540.4590454101562,0.32940725872914,368.0792269266782
7636,-920.4235332830398,531.8231811523438,0.3666533380762182,342.03771105305543
7637,-668.0887698872598,582.2881469726562,0.39161555946874416,298.8751749421459
7638,-1044.1057244266783,540.407470703125,0.37502769603802943,287.5549631460562
7639,-1245.0062159179124,547.376708984375,0.34555985226516867,361.47033734267677
7640,-1071.7718973803849,587.2196044921875,0.3215392591451416,330.7470528795842
7641,-1266.3068175531803,576.8761596679688,0.3104421358995301,354.35336172592133
7642,-1369.0899088789658,583.4359741210938,0.3292071385587842,346.86420320531727
7643,-919.3383730021777,611.5770874023438,0.3608158120379025,298.52813991068524
7644,-1092.6767663517196,630.225830078125,0.42774556571035294,366.1035024821513
7645,-1256.1756407750438,515.9315795898438,0.4882253673401684,335.15078170387955
7646,-1121.3983057197138,535.8876342773438,0.5165946980011373,347.36616495905287
7647,-956.779829454043,533.2935180664062,0.5341070793752415,320.79892093999746
7648,-1174.844260498676,531.3097534179688,0.5340882056248223,350.11107001799905
7649,-1147.876640140055,633.1456909179688,0.49442810704936435,315.7798282752626
7650,-1274.4156846856658,568.650390625,0.43708017065239635,351.5108966770727
7651,-927.7687107209207,566.3070678710938,0.3606179245644352,322.18688458150825
7652,-1305.9769468734353,560.7598266601562,0.3092487417462556,350.6624653214354
7653,-937.406113055653,561.8333129882812,0.28141702921683504,322.90066132479166
7654,-841.9117801615092,540.5404052734375,0.295845208958299,299.2934358483215
7655,-1202.8666921336576,654.5376586914062,0.32095975262202137,351.53441558269367
7656,-1641.014720782407,549.005859375,0.35794469460106226,420.72581070007004
7657,-902.7796958938626,573.9070434570312,0.4377047661172778,273.3521989670286
7658,-802.1287846947067,562.1990356445312,0.4644879883189948,295.1053331344284
7659,-1018.6535349171342,542.924560546875,0.45821640268100244,284.52406366459957
7660,-1184.6478750569831,542.6180419921875,0.42543362840922283,344.5293944892409
7661,-868.1803386129128,534.9933471679688,0.3859733715770829,322.9902583704106
7662,-1147.1651491511627,529.0231323242188,0.3372098123532111,350.76260190353713
7663,-1336.1826201962422,534.7769775390625,0.3115936666905388,361.2738720223314
7664,-1211.097832433902,526.6142578125,0.31096844612238445,339.71454557375915
7665,-1054.3126279278133,519.9458618164062,0.32263268716643145,338.18327789030326
7666,-937.7141622683176,579.203857421875,0.3558531105939504,326.622813647613
7667,-1300.027006508146,522.3114624023438,0.39439289839912217,362.321960687399
7668,-1008.4933322407624,555.552734375,0.4160501267986604,331.4392899740772
7669,-1035.0135167627468,536.4330444335938,0.41868232134258243,266.40551604021033
7670,-904.986411846447,606.102783203125,0.42250047251894196,333.10088323055277
7671,-1233.9820932813363,582.298828125,0.4080350582254898,340.60042544663435
7672,-1114.8714488495732,540.239013671875,0.36991423927683786,329.2918829242816
7673,-1224.1270274992903,527.4502563476562,0.3333740631872638,292.2220159847805
7674,-992.0114478715341,585.7471313476562,0.3041812209598172,329.6081034714259
7675,-1409.7470314675886,551.9511108398438,0.2874979861091628,370.8941182886254
7676,-1116.0254925179265,526.8356323242188,0.30548862220164014,331.65939862256494
7677,-1235.2992555604283,520.9199829101562,0.3408393618450696,343.0989868963596
7678,-1158.1329155166009,574.2151489257812,0.380736848349004,346.51224286764705
7679,-949.8376475619388,526.0625610351562,0.41036371514645664,291.57178207051106
7680,-806.0209189721767,643.9058227539062,0.39164528809857935,306.98398169498176
7681,-937.4559065618923,664.1728515625,0.34039866551906883,312.72288585006146
7682,-1054.4777654199775,618.8197631835938,0.3044939041146215,288.27450853535623
7683,-967.9743442238511,656.0904541015625,0.33544329553869157,326.76298444843223
7684,-1171.1682527815228,578.6447143554688,0.43743255921100316,379.87784346408455
7685,-1193.6031185261866,575.8577270507812,0.526050258510622,340.3815230170383
7686,-1436.5495569288175,554.8631591796875,0.5782514122858531,376.1261938212241
7687,-1074.8418910408877,542.0153198242188,0.5812348886882468,304.09913232551617
7688,-924.9943647670221,528.5194091796875,0.5797939152277654,319.8915720045758
7689,-1133.170416526411,530.4217529296875,0.5619197525739841,351.74265795738347
7690,-1308.9234860902914,562.6069946289062,0.4954654589626819,305.9633850366341
7691,-1118.3060840663102,546.5236206054688,0.41982605496681324,361.3753708009733
7692,-1132.1436270367399,540.2099609375,0.3318035956527092,339.4892852131157
7693,-929.1345096400496,522.5977783203125,0.2777563314941301,307.24136324761133
7694,-1292.2198555905927,536.7216796875,0.26655136568037496,366.01251650715443
7695,-1247.7293327902917,531.8209228515625,0.30049383354465675,337.99282290596176
7696,-1195.4820035218956,588.8175048828125,0.34981855643755044,326.57425553032425
7697,-1036.368843771635,550.4129638671875,0.3922335522457648,306.789410622031
7698,-1336.6614807006642,548.9551391601562,0.4240477090838666,344.5820288818234
7699,-1547.152145219939,543.5299072265625,0.46616160340354806,385.4607496413635
7700,-569.1500891571857,537.650146484375,0.47302455396842635,243.49403896542668
7701,-1067.1427206221708,584.4593505859375,0.44447993305156536,328.2866875663425
7702,-1150.0983622907065,541.8572387695312,0.40734046566513266,346.5228448532023
7703,-1240.2031624053727,530.2110595703125,0.3730093212140989,366.20900754637495
7704,-1109.397528215736,31.36919403076172,0.35778547294575697,365.2975450520501
7705,-951.234297339863,532.3527221679688,0.3363696281075844,329.18502619228957
7706,-895.334792553895,550.3096313476562,0.3130347059048618,296.1745498192997
7707,-972.4826426180716,561.4642944335938,0.29613048617541915,296.1346772215399
7708,-1249.4994181501352,548.1815185546875,0.2940117772916034,359.48984393907006
7709,-892.7982185887324,546.8880615234375,0.31186606083698853,310.53959845822806
7710,-1408.1826012398592,603.7394409179688,0.3333238271485343,336.58456336842437
7711,-1310.1053009086963,606.1607055664062,0.3465065676108235,346.8992981157084
7712,-1215.3767851710963,625.9576416015625,0.35612992251088826,336.8540499449481
7713,-981.1463385451854,680.7766723632812,0.3865976721963662,291.903622095152
7714,-1194.9831622703625,39.29538345336914,0.38482691906572464,339.63908269489394
7715,-1334.848261091003,543.9409790039062,0.35769187992495804,379.9250226480456
7716,-1053.0654218629659,515.9210205078125,0.3250438850376014,310.9823901908652
7717,-1086.9603216999742,580.192626953125,0.2946464209191976,347.8320371575503
7718,-877.048261162912,561.6553955078125,0.278811826230073,286.2992047454669
7719,-875.9025865411862,624.9224853515625,0.2732729269201056,313.30015647858164
7720,-929.0625897517675,179.3326416015625,0.27789147018468763,303.4120821721135
7721,-973.3488668291379,662.2783813476562,0.2998210695368498,301.7824671599287
7722,-1369.634949023256,715.693603515625,0.36057702628303934,374.694451833599
7723,-1003.6661934844567,594.6259155273438,0.4332879975573384,340.5891437230476
7724,-1122.7711313129982,683.73583984375,0.5210464664103994,328.4396734457792
7725,-755.7009757312935,638.5695190429688,0.5716567982420728,261.8003322703053
7726,-822.5170555991847,710.4935913085938,0.5936970338496291,310.20426532986295
7727,-1085.0015509059174,643.6539916992188,0.6071029957166548,342.76555606061754
7728,-1133.1809776830594,1190.60546875,0.5995224416347589,317.6879177578155
7729,-1188.472174492437,0,0,318.0421945924892
7730,-1234.5539097662875,612.0750732421875,0.5895538196446088,330.22425334287277
7731,-1302.3608087305736,675.0184936523438,0.5945388493218181,373.4151659191359
7732,-1437.9677746847658,193.8298797607422,0.648491112040628,382.56154173706653
7733,-1193.0184950256623,638.8529663085938,0.7254235708563885,328.40036513169093
7734,-1080.7283847515296,644.4734497070312,0.7965738678124169,332.5193919631497
7735,-1296.1385808051205,620.0446166992188,0.8445774398785234,367.04123731094023
7736,-863.9703592075388,622.380615234375,0.8906137403276198,307.8277514598591
7737,-734.8653268134766,624.064208984375,0.8875342850436425,311.05699623072167
7738,-983.400943649142,636.4071044921875,0.833264395251091,288.20293627598295
7739,-740.8095316106886,680.263916015625,0.7689891420790906,291.0701798582337
7740,-547.121355365315,562.3136596679688,0.6659817025570292,292.57266436660296
7741,-1242.0754288572366,569.366455078125,0.5353232960893688,369.33596772956207
7742,-686.1493266539663,538.072265625,0.4417344743398263,246.86395758408986
7743,-829.8425965449622,586.6930541992188,0.3692956383038122,251.3704971183248
7744,-952.2649531610241,583.9658203125,0.3551546736899155,315.03744207431845
7745,-990.858931267452,550.482177734375,0.4012954106500535,328.91505289706816
7746,-639.6964468673626,649.4778442382812,0.47960730275325136,233.29272553948218
7747,-1302.7806132906137,553.5419311523438,0.563945407285773,346.6811369221047
7748,-634.1189950167383,612.4606323242188,0.5959884823497061,233.9525929588608
7749,-974.6600779077687,616.2539672851562,0.6082036727677789,218.4911807320222
7750,-1154.783567222699,657.87451171875,0.5852730646771558,323.1608074931845
7751,-1224.0012008861113,628.6420288085938,0.5198991002957322,313.208786509021
7752,-1077.650609130911,580.799072265625,0.42840841088083326,326.1016165915021
7753,-924.9220640915704,654.6199340820312,0.3328935032203851,277.07722609697487
7754,-898.4689685856251,562.4845581054688,0.2802581433780668,320.1195386436791
7755,-918.226104262422,527.8236083984375,0.2843025699260412,302.8039164344419
7756,-1214.924888477513,568.9284057617188,0.3234096356056788,355.3028930716687
7757,-959.0606415061134,535.4632568359375,0.3863212559562829,230.42054741048793
7758,-1006.5738493982983,576.6630859375,0.44260468334152026,321.04725009841286
7759,-838.8244708097214,541.2447509765625,0.48380047256237124,281.2046815206839
7760,-718.8362090523392,559.6639404296875,0.49526568875646243,268.3671094788097
7761,-570.4282604524961,574.7831420898438,0.4712557193217812,287.45173006389797
7762,-1464.3810989042204,568.5574340820312,0.4217692156012236,386.40188617391647
7763,-722.5228813540425,539.4945678710938,0.3903685864774031,266.8218163254557
7764,-871.8188386824421,562.576416015625,0.3512930478936883,306.21044577070177
7765,-1195.145538413332,561.2137451171875,0.32296919278102987,283.6813689569698
7766,-728.4270632532367,570.6044921875,0.30994151091426525,286.7127569003318
7767,-905.2289893857343,544.1163940429688,0.3068846837676131,319.474201441393
7768,-735.8773815068568,534.1852416992188,0.3165123462707223,251.90871003840275
7769,-812.4579908446854,553.4707641601562,0.3396351958356046,302.3953777350955
7770,-686.5920419675658,535.5182495117188,0.37081255268340596,280.8271920500377
7771,-820.0510479192576,561.8909301757812,0.40774495846016895,294.08569546318336
7772,-1066.7740024308132,542.6531372070312,0.44322436323454456,324.8438674836485
7773,-962.0232662265432,551.3790893554688,0.46128131486454343,267.7857940509041
7774,-1095.056068648868,580.6920776367188,0.4598781620657688,315.0045287262887
7775,-1107.4286738130568,554.2506713867188,0.4369077242618671,334.7981875742597
7776,-1029.2384435886806,563.0099487304688,0.39277636700605,286.10555713805564
7777,-868.929945903035,547.1683959960938,0.3487348743205392,252.09761191515832
7778,-1009.236195084351,577.669921875,0.30719372259491207,302.97295758834707
7779,-1080.8111123964943,571.5677490234375,0.27423412725555424,295.9415481431431
7780,-814.9347331604478,545.341796875,0.2619899331428177,280.6506735644037
7781,-923.462136903935,550.0015258789062,0.2667385390671015,309.91111572812207
7782,-1387.1530055413052,537.5714111328125,0.2781493328619906,398.4674210710675
7783,-1110.6102989142223,551.3261108398438,0.3048268204326511,288.0262357906484
7784,-1029.350576958236,577.3201904296875,0.3320981841945566,250.68680705359932
7785,-716.2688063711727,590.2818603515625,0.3482630675497516,275.39634729225736
7786,-900.1261356517936,564.783447265625,0.34192825097642254,309.9246534887407
7787,-945.8900160730898,567.3408203125,0.3340924412411123,310.4097329893684
7788,-1241.7011402227674,542.1448364257812,0.3220107611373585,361.72391867894294
7789,-986.9801808010781,535.9472045898438,0.3143849223908758,325.69039042144504
7790,-889.6099136533189,536.2984008789062,0.30454942584131456,279.61329447547547
7791,-1041.152625054543,567.3772583007812,0.29240407422699205,334.65298823592275
7792,-728.2951030939422,534.2117919921875,0.28538484685183924,263.9751113530301
7793,-1267.1861072168665,592.5635375976562,0.2834868548757194,331.43206285532995
7794,-664.0533625177404,543.4498901367188,0.28788405247884774,277.68685427802546
7795,-831.7769088654783,563.6573486328125,0.30198530670870477,288.70354622180935
7796,-1013.3348548474077,542.53125,0.32387118805098497,322.8862438358108
7797,-1037.653858947734,25.927160263061523,0.3329420955115871,315.8477343615223
7798,-792.5696437962405,630.8012084960938,0.33374052342921434,312.4320976376106
7799,-1119.1755642295104,544.06396484375,0.32751323398339566,308.8038417441928
7800,-612.675795548895,563.6210327148438,0.3203442184636467,254.91772331952924
7801,-578.6958165820497,552.7118530273438,0.3213311035316697,235.73299530075323
7802,-665.2770178228083,563.8591918945312,0.3306844032238382,260.6288205097495
7803,-924.1560680531654,558.1486206054688,0.34170260039662903,280.21660495431996
7804,-847.340161655811,548.3750610351562,0.35030069717145595,264.7520439680677
7805,-1478.7816876068814,581.60205078125,0.3462746387183806,396.4565685355916
7806,-939.5382038435694,586.493408203125,0.32838761620355417,280.1272460921451
7807,-1226.4100815068311,566.6987915039062,0.30580174389408843,355.0377604555927
7808,-1253.8959361315062,562.2384643554688,0.27936099645671264,357.3287579368116
7809,-856.5205145363789,566.1891479492188,0.2609346977355981,276.0634863864081
7810,-924.2850467401776,583.063232421875,0.254340141518287,303.7303182887395
7811,-790.6082411121594,565.5935668945312,0.2535732650398348,292.6275454757223
7812,-812.7688139011964,553.0068359375,0.254084430148064,287.7328084041651
7813,-1029.8581899611672,548.6091918945312,0.2549028144991652,318.33844537558144
7814,-654.2534154688657,553.3930053710938,0.25751296438134014,286.63550352717675
7815,-1117.977150876511,554.8400268554688,0.2604583295770535,311.74841469532055
7816,-795.8715541401186,539.1013793945312,0.26519538276111526,289.2383011952618
7817,-1321.2969501156651,575.778564453125,0.26439708301997467,303.62881879213035
7818,-724.6415206648328,548.5718383789062,0.26591244900872496,280.014373523372
7819,-1256.9339902175857,582.056640625,0.263641186197526,342.810795548414
7820,-897.0704708871111,538.7760620117188,0.2602851245636728,281.73216561799495
7821,-1010.4752493406171,550.6766967773438,0.2586759902332687,328.2488192205191
7822,-1292.3159908778491,564.4830932617188,0.2551740484710364,337.44647149708896
7823,-961.5899001420473,578.8479614257812,0.2541872302523772,307.67690789204215
7824,-889.7351374829166,565.9840698242188,0.2545736838965821,303.3765380261092
7825,-734.4210638707642,575.3637084960938,0.25553259067990064,251.88021550699705
7826,-1017.7119854747004,566.12255859375,0.25739499182632564,306.57589886384204
7827,-1462.3507553793688,607.154541015625,0.25678393641276703,364.20472492132455
7828,-861.3477946316652,523.9913330078125,0.2567784824400277,297.827170039306
7829,-933.7603904070135,546.7237548828125,0.25719375350477236,292.17149952744535
7830,-1192.7050348476337,617.5913696289062,0.2574685821676197,348.8613760394352
7831,-1033.4803770320202,531.4601440429688,0.25729224465767897,306.9034600175249
7832,-929.8145601004086,542.8200073242188,0.2575385752506515,293.33554897577983
7833,-771.7641975440769,573.9586791992188,0.2589561196131575,276.7425792252863
7834,-936.395637230559,563.2013549804688,0.2608623440597594,293.74416897637207
7835,-747.059014671762,584.632568359375,0.2650520316321732,292.28118980288923
7836,-1156.1768124282155,604.603759765625,0.264885281044908,338.1364809986488
7837,-1092.6435376614702,543.0718383789062,0.2623780407021685,319.4662482959214
7838,-1054.4401310987398,546.8486938476562,0.25926990273431016,301.26001391635634
7839,-760.5817611282727,543.0062255859375,0.2595188545666123,309.8220893175451
7840,-891.8339843279997,1085.2861328125,0.26475522855091876,283.5271591434224
7841,-792.0161281276063,0,0,290.6258883827159
7842,-941.581867340091,545.0672607421875,0.2757295561592072,265.5085463430129
7843,-706.7735734161456,567.6151733398438,0.28911183894146253,241.60615708378853
7844,-915.5253204039301,571.893310546875,0.3122638035650179,305.2040935122089
7845,-1004.6874044501441,541.2769165039062,0.3351948061611856,347.7856261447404
7846,-1182.0430697525603,535.206787109375,0.3501124512449544,334.96093199725294
7847,-1170.876609715445,557.0148315429688,0.34639770615829546,365.1037397602907
7848,-820.1595752819653,557.6512451171875,0.32596859575566867,300.50089105887065
7849,-963.832477893548,543.9546508789062,0.3098806880082183,300.92848731396174
7850,-1236.3756929163408,553.8057861328125,0.29057025235428396,291.2823527231523
7851,-532.0498781705577,575.57177734375,0.26577498355129014,249.35155164062485
7852,-1320.6474064108365,560.8578491210938,0.2588310637409613,367.78909975265515
7853,-1034.6939446702927,573.7279663085938,0.24822826139786952,331.8563825833521
7854,-1018.6822169709593,589.3162231445312,0.24362617359877264,304.700716290829
7855,-615.7918670027741,606.8668212890625,0.2433072385487262,269.8698894627619
7856,-972.1521012072793,560.1669311523438,0.24462116882423224,326.76333592254684
7857,-822.6913645561139,569.6585083007812,0.24604444023604524,330.45788467261673
7858,-979.8760911859356,558.071533203125,0.2485245004953267,311.65365473997343
7859,-1062.9692027186811,547.8244018554688,0.2514959823943938,332.20130069783244
7860,-1282.0581165149697,585.8924560546875,0.2517794276645865,344.1614778845125
7861,-1083.586541773445,555.5860595703125,0.24834080051313406,324.0873564355147
7862,-1098.985479502715,561.2108764648438,0.24672164420033071,316.84130798518424
7863,-1129.94713556451,553.6683959960938,0.248976931022185,350.30116848479224
7864,-1105.238047143692,558.2149658203125,0.25435924859707876,342.929856986342
7865,-886.6077160430252,554.4773559570312,0.2622049241186949,240.25100910436024
7866,-655.5828258606895,588.88134765625,0.2643794683661139,252.13735877446734
7867,-954.7542390447625,576.408203125,0.2579509634528974,295.61223236536694
7868,-960.6063985316878,585.1478271484375,0.2556709449137262,288.0667170643563
7869,-840.6121682051612,574.294189453125,0.2554081548072473,288.5509655366115
7870,-787.4252684017234,554.908935546875,0.26037396121199446,312.87098949045367
7871,-1234.8742552283572,546.2807006835938,0.2716235183947229,281.8160328128364
7872,-1048.533177337377,596.3624267578125,0.27825501563992094,303.0178401555303
7873,-1019.0565721911598,559.806396484375,0.27995987561891333,293.6378262220852
7874,-935.4003020086741,559.5371704101562,0.27815820934666746,313.3168721236543
7875,-1143.826644649984,542.853515625,0.2794480847387071,333.4046321732224
7876,-900.8519704837561,556.6504516601562,0.27300677875355905,301.94032523889706
7877,-1063.472322742037,548.9710083007812,0.26836499013704385,328.1004189185375
7878,-1083.4361144494073,545.25537109375,0.26310789217697994,315.2951040947908
7879,-919.491361336422,553.9273071289062,0.258704153691558,302.4046976094803
7880,-1040.8359810784734,549.9280395507812,0.2557558287106021,305.74551866618816
7881,-1180.1285807807808,555.6155395507812,0.2530990392616576,331.83909523650425
7882,-923.2925978646641,560.962646484375,0.2513113290705882,300.76472647655834
7883,-656.4190585759658,579.0967407226562,0.25188915459910965,274.0636079468018
7884,-989.4720820371565,580.0682983398438,0.25452915393689973,306.7268921216619
7885,-1091.498557134869,566.35498046875,0.26013572709418387,336.52735033322364
7886,-719.8246837332349,555.6682739257812,0.2656028571282919,295.3003558706574
7887,-1043.9657348866726,548.772705078125,0.2803800733562438,362.60421853959735
7888,-726.7332049618752,560.7659301757812,0.28916439228868157,258.55188919868544
7889,-1010.8986650810732,571.5143432617188,0.3099380945914163,296.2839559483683
7890,-1007.0908024940538,554.3135375976562,0.3080021388837034,333.74598664696146
7891,-895.3121712602352,551.0977172851562,0.3074816314215088,296.19277994481985
7892,-852.9884710618431,557.74365234375,0.3115289756958092,291.6065287200936
7893,-647.5058854511693,548.776123046875,0.32045451387015234,282.6978175100013
7894,-717.1339759636219,560.772705078125,0.3348677512616782,254.98224557514862
7895,-894.8135857077718,561.0662231445312,0.3628692571113845,301.6404507348326
7896,-1139.3914163773375,586.8059692382812,0.3760098754116692,305.0148996720137
7897,-964.7866053227068,562.6432495117188,0.37556241716545047,292.97995051101293
7898,-557.7664596606228,549.7676391601562,0.37707753762673346,250.84559345287826
7899,-983.9433659468082,579.1021118164062,0.38459924134531775,285.14981362029323
7900,-1311.4768941271313,569.5272827148438,0.37450812887644686,358.79176782105975
7901,-813.0754833969819,558.787841796875,0.3455877775521088,279.02761848153807
7902,-871.5451932736466,562.2930908203125,0.32111721336504595,323.81184820391945
7903,-1099.2447989080858,554.2880859375,0.29341013092068025,344.4085785119787
7904,-991.1660258422411,543.5929565429688,0.2667902713919805,303.78651821023936
7905,-701.1023306634628,561.4254150390625,0.24964193965965148,285.13628099794596
7906,-810.8004072322746,556.8193969726562,0.24055076536774517,296.87882032289605
7907,-1240.7570397418374,552.4583740234375,0.23685091368840291,338.5749472523515
7908,-1088.245894190356,586.3023681640625,0.22964416288066214,318.7810274430492
7909,-1456.5859495726374,575.522705078125,0.22406155684114992,389.2017077292917
7910,-1298.7225288840752,592.391357421875,0.23045693451845012,309.2409428296881
7911,-878.1133077525568,568.5875244140625,0.25411222284042956,256.3076757197754
7912,-812.4817685558893,574.5009765625,0.26760813054789345,307.3987036375555
7913,-618.537279205584,561.9977416992188,0.26099540500184093,299.3101761034866
7914,-629.0146933580912,561.1099243164062,0.24609237360565558,249.24821509493776
7915,-793.0040536186251,580.0496826171875,0.23566700454650347,282.1274855254415
7916,-602.8098581298888,609.5504150390625,0.25057702042612123,260.5918047454158
7917,-1227.3614372047107,577.81298828125,0.28716380738391767,337.8052811203999
7918,-728.9873750553098,605.2540893554688,0.32299745108995565,254.42579964112858
7919,-993.4763335903754,609.2289428710938,0.35501630518520333,286.7890818263577
7920,-926.7131963338736,581.3739624023438,0.37886423804467206,318.2449809068403
7921,-1253.7033003533918,619.1098022460938,0.3755015726203863,365.2368678863021
7922,-1102.9899334637269,589.7286376953125,0.34678652300094975,334.89809498008407
7923,-816.3379518856552,574.90576171875,0.3134471159687211,285.6076234729399
7924,-1071.153536164155,620.0872192382812,0.2722209414144941,271.31077412718315
7925,-1208.478745996833,585.1430053710938,0.23727054905985975,312.7935501420404
7926,-976.8791351800137,562.6170043945312,0.22034129221719267,274.89878606961844
7927,-1205.7778600395666,574.2648315429688,0.22645075294025913,325.7847465855949
7928,-858.9565105346555,567.3439331054688,0.24730173892004736,222.16995491603177
7929,-1208.5545871539775,723.8851318359375,0.25687871315737415,348.2754946147038
7930,-994.556929776629,670.120849609375,0.2566803976654844,304.2979313411178
7931,-1061.7311062921833,601.301513671875,0.25207177724279023,285.50588494922556
7932,-699.2790345626597,593.8497314453125,0.23785582800177665,290.31040870033866
7933,-819.0518146754321,562.18017578125,0.2338565620635148,292.410377462977
7934,-1134.9544272651012,574.1907348632812,0.24444401843973995,324.8849588854373
7935,-1075.325529000755,553.2572631835938,0.2603253082908564,323.4158378793638
7936,-1007.5492171189322,548.9357299804688,0.27617310848026533,305.62268485107154
7937,-955.831791909016,558.200439453125,0.28936961690751994,300.7666296444824
7938,-1123.2261614880424,614.5899047851562,0.2888056450042723,334.5263283863393
7939,-1377.1744274758562,607.6534423828125,0.2675216868822342,378.291301607629
7940,-945.1834697210915,596.6744384765625,0.2435572512397346,268.7976879316678
7941,-820.8017858671519,578.9160766601562,0.23225671962669558,278.58239379058665
7942,-901.4163996157379,568.998046875,0.228682094144242,326.1692287730498
7943,-647.6318297572025,561.022216796875,0.2305328553911274,266.7836464181751
7944,-1080.89653399449,577.5814819335938,0.23229655064733915,307.80642963287346
7945,-1092.552865546258,566.0009765625,0.232876934640512,295.63762163134305
7946,-938.8252631264857,569.6876220703125,0.23540733383504814,300.7916044517161
7947,-1134.4323233964085,564.1170654296875,0.23508013785518633,301.28177560552456
7948,-1039.2077029262907,595.283447265625,0.23582231067511866,338.36990707481203
7949,-1143.603636838688,557.4176635742188,0.23397911388535356,302.6099520659039
7950,-928.0906829605846,555.9850463867188,0.23421413765842672,316.4900234990483
7951,-1122.085700229782,556.531494140625,0.23269443479985824,292.1853617756301
7952,-829.5650798063134,1120.2718505859375,0.23973187032363572,262.80908646262236
7953,-1275.7987285613096,0,0,343.0230533205144
7954,-889.627109779887,566.7403564453125,0.24133812077591427,317.4751550821938
7955,-325.157342548564,552.4539794921875,0.2462637374857729,246.43990321859047
7956,-690.4821364717618,599.9354858398438,0.27803236620728217,286.88795543223205
7957,-797.7358721663302,555.2277221679688,0.32961175112883934,304.82878205062343
7958,-1151.8308150465468,549.996337890625,0.3880837317652863,333.26245590267456
7959,-1010.9966017537427,560.84375,0.42284220644011683,354.9276722367089
7960,-779.2056977921985,552.8668212890625,0.438922747634288,269.26076186701636
7961,-1088.6748165292547,564.2266235351562,0.4521073550608065,327.32571677951506
7962,-953.2693804001337,563.468017578125,0.4422485900205499,296.69619333346134
7963,-809.1346290286602,564.9839477539062,0.4198145624388453,291.39007195834347
7964,-843.8282058695561,556.1911010742188,0.3978406246777491,311.3062262625315
7965,-732.9146885954251,549.4523315429688,0.3748761499731267,282.34484058319714
7966,-926.8421349080879,561.1197509765625,0.3624610049347924,308.65293793477724
7967,-909.3927130218549,562.5625610351562,0.34371235067262473,297.5507856819404
7968,-807.0379183492397,556.65478515625,0.3245314628812924,292.07453401930763
7969,-1107.9909479752387,561.005126953125,0.31006414072600547,341.9868771546778
7970,-806.8125034512417,553.8431396484375,0.2826668545532689,268.59650466487386
7971,-1076.0442579461408,564.6043090820312,0.2648230772503989,312.90063736474406
7972,-1043.865374859644,559.7108154296875,0.24037893878311783,329.7423450845623
7973,-1030.5246621583021,571.2254638671875,0.21501771456599805,334.3073219713435
7974,-1142.0404550556846,548.3811645507812,0.19716972818558487,316.45588775795875
7975,-606.0442595899126,597.0789794921875,0.19197467200871288,282.83778126592836
7976,-1195.032664226217,591.534912109375,0.19321583335754627,316.6208709831434
7977,-984.61773751884,631.31005859375,0.19440771087167216,305.6664281859023
7978,-965.6485232643473,597.7301025390625,0.19566549919643708,286.7713615906949
7979,-1024.398329035755,601.575927734375,0.19801186211446314,306.02565051313655
7980,-1017.8252555295435,595.0640258789062,0.20276997611153924,273.0991468472214
7981,-897.7703782627677,582.3917236328125,0.20923119132898937,295.77618374383894
7982,-1291.5921081101912,600.0118408203125,0.22442410794609646,340.94570353745144
7983,-1031.9429682480575,589.4796752929688,0.23114789097332922,325.1644723556797
7984,-1129.1006230629512,559.533203125,0.23005002517634598,306.26936964135285
7985,-1002.4113299613241,590.5385131835938,0.21990299456157697,286.2974018568647
7986,-1023.3557011642395,585.8580322265625,0.21068942958108333,320.263445376394
7987,-1221.2417933613553,565.40087890625,0.2026716147431254,351.0528266845405
7988,-1028.8928336083163,557.0685424804688,0.19773841099682454,322.3100554602071
7989,-989.2211217644398,554.4149169921875,0.20158710344134442,324.3136424815416
7990,-926.6323805356711,554.4912109375,0.21004877414836673,304.3272945981377
7991,-1283.9756488937962,566.0105590820312,0.21780239885210761,335.72925665459707
7992,-1114.6522399159253,561.0186767578125,0.23330843411078578,313.82301104403894
7993,-709.0506712431505,559.3560180664062,0.24488019777711328,266.6677864178249
7994,-847.3091878139853,589.5325927734375,0.23876924416279816,239.65795699423504
7995,-1186.827261611006,589.8468017578125,0.22178838887120783,348.0090903838386
7996,-708.2563450735485,561.058349609375,0.21250578221374636,299.7301346662153
7997,-1088.019340885163,566.650390625,0.21209860322781152,328.2712352625461
7998,-1049.1125177346605,554.2345581054688,0.22312270112687643,306.6027344096758
7999,-1156.5273068317467,573.8569946289062,0.23882293674984778,353.0550903223151
8000,-1092.498018253351,569.0249633789062,0.24548815434131285,323.6148417690293
8001,-1066.6366588452029,577.4161376953125,0.23800641679874482,290.98202332578296
8002,-684.5780658685667,564.2667236328125,0.2339582366348371,268.0327084156405
8003,-794.429769435643,572.6716918945312,0.24159439236205768,263.0254224139924
8004,-874.2220235361457,594.7803344726562,0.25653892384808624,305.20218769331836
8005,-793.2662582880566,578.4525756835938,0.28236360399053884,262.52185573108386
8006,-1043.9798139948375,595.9921875,0.3187444545487115,302.47946839921195
8007,-972.5833625441985,572.6936645507812,0.3453888397137995,311.6380085467126
8008,-1170.1477851405994,561.87255859375,0.35517921121606644,322.78463021623566
8009,-1018.3597245630161,583.5838012695312,0.339602494621267,305.70030320835815
8010,-1294.6324344077968,610.7717895507812,0.30353994496068976,368.25148704178963
8011,-1025.1930976005558,590.54443359375,0.24925780682807286,301.147641497173
8012,-930.2968471452034,566.3418579101562,0.20859751391830628,277.36636324057497
8013,-940.9111162563905,576.6209106445312,0.19276646265290884,296.69046935330766
8014,-783.7250055838957,571.128173828125,0.19648352383926315,255.55681877513672
8015,-1005.1722602299956,588.9823608398438,0.2064939886361173,286.11977652739694
8016,-896.6032901784392,580.1925659179688,0.21050670094126345,271.65450420624006
8017,-1095.3660425278313,613.9583740234375,0.20669042466619958,334.31481424489004
8018,-797.5328440531578,615.5189208984375,0.2015752949747185,265.39334490602664
8019,-1174.179131433389,668.9071655273438,0.20340866952295578,328.9148678780737
8020,-1045.8231367386848,632.266357421875,0.21623281636469224,295.2389226852252
8021,-1126.6671535540104,601.291259765625,0.23687691552424497,328.2186687983685
8022,-953.9286534107763,555.03173828125,0.2603914766989556,326.4568677944246
8023,-1135.4627477324716,559.7733764648438,0.27500752083411056,341.0030061668845
8024,-753.8491015917706,554.6177368164062,0.2863322901137423,287.6372234045574
8025,-1137.0060482089175,564.0973510742188,0.299425935464005,362.87471147777546
8026,-1291.6232200296051,598.836669921875,0.2775783728471872,327.71768480407906
8027,-1046.271578368832,575.3536987304688,0.24536144246095737,318.8861920481423
8028,-1025.997535045461,572.3457641601562,0.21323649306995976,296.69690564390044
8029,-1002.3506176721347,604.013916015625,0.19581844758245465,321.1530077349072
8030,-1043.1142242452927,586.8648071289062,0.19610046782801183,280.72900298524013
8031,-1045.4468960965414,576.7220458984375,0.21450926086307143,308.8044210271716
8032,-729.3053961043217,561.164306640625,0.22589393333957425,296.1620796750132
8033,-808.0808055441047,566.8922119140625,0.2248489713928594,275.1922175737641
8034,-991.5732625065735,574.6293334960938,0.21487997504505701,321.6206042422253
8035,-985.6233701213149,561.0928344726562,0.20690299830286035,292.5637642594246
8036,-1040.2656443741562,594.5211181640625,0.20396331871419343,289.5074182732971
8037,-1026.77140765481,583.113525390625,0.2068409607981983,271.4101648645749
8038,-1309.2026887474724,593.1019897460938,0.2099613723991658,321.9106623135947
8039,-1109.7193017668076,572.7640991210938,0.20901109856211458,281.33196732310074
8040,-839.480893017002,573.5047607421875,0.21329217124732797,330.78687173605056
8041,-772.8453871910536,560.2542114257812,0.22099448932152874,284.70160162397207
8042,-1218.9472267356819,585.294921875,0.22369800594813727,307.33130836758886
8043,-852.3793045554875,576.3360595703125,0.22725874374484822,282.1383025809461
8044,-932.6706714065872,571.5491333007812,0.23913210280772446,338.06601611227177
8045,-906.3102446442072,555.5270385742188,0.25360005440350813,322.61523653360496
8046,-1111.391973711356,582.5323486328125,0.26480483630748647,355.13917488981326
8047,-1337.2264946935693,598.5123901367188,0.256561519589025,391.2255909079782
8048,-1114.507537016931,564.5297241210938,0.2327934252688577,304.0539622570677
8049,-954.204465830116,562.5821533203125,0.2177681988168026,321.431163186557
8050,-1256.458872541776,581.1790771484375,0.20198117389452894,372.5891706602838
8051,-1048.673966239405,549.5597534179688,0.19861929864318748,309.4826113438029
8052,-735.9395441545328,564.1907958984375,0.20301762509126256,253.0859816359905
8053,-1099.1849856854976,591.7435913085938,0.20868400209271343,323.444730818449
8054,-1226.5553811115917,569.8948364257812,0.22045962792980695,317.0796121794139
8055,-1105.6165011584048,575.4451904296875,0.23732788782560163,296.28644658545915
8056,-1091.0184530739743,572.4890747070312,0.25283991361161984,318.3503306760396
8057,-1097.111581933991,567.3305053710938,0.2647234164230121,318.34155858438476
8058,-1235.5239037575589,583.9075317382812,0.27903465741029726,342.17658665612305
8059,-529.261238596954,20.146825790405273,0.2713294110181751,271.31102302217215
8060,-704.8699412048059,584.4453125,0.24130820210523599,299.0513587725854
8061,-781.0679034497967,576.2623291015625,0.21827268406013509,328.808706404433
8062,-763.9333157902942,556.57568359375,0.23290721016934757,315.85411874853276
8063,-1026.8806467690376,564.5525512695312,0.27780667809186943,321.06034399539374
8064,-1099.2907043778596,1109.7247314453125,0.3377719521584321,341.46159614335124
8065,-664.3194532426463,0,0,294.8841046262889
8066,-893.9521692128602,562.417236328125,0.41753839387178476,301.0861207838177
8067,-820.8639789937624,566.1871948242188,0.4901224970897359,283.6903326719301
8068,-1131.63344343136,566.5996704101562,0.5546307504242721,335.7453148843746
8069,-1283.5414182657862,577.3176879882812,0.574807785225977,323.5347433889322
8070,-1257.5050914153728,603.6236572265625,0.539817210795367,348.6230918137708
8071,-1108.0849780615642,586.5706176757812,0.46302063231592516,344.0598339045648
8072,-903.342362331427,569.0797119140625,0.37049041879518363,295.17962259187004
8073,-782.7601173822717,578.5596313476562,0.29243415991190685,286.28511335558045
8074,-847.8749075479548,567.6203002929688,0.2413259074410643,316.6265921541484
8075,-897.9435894752169,557.7540893554688,0.2100891428863818,305.44669940981726
8076,-1156.5585978263243,561.7532958984375,0.193716399431592,290.8072418976357
8077,-493.0223211152718,589.5726928710938,0.18133671022219033,264.8527171075516
8078,-1060.8669595274805,585.9176635742188,0.18575068367352887,328.2166761500274
8079,-1059.061603012209,563.1666870117188,0.19022460063646146,308.6210139178279
8080,-1194.4410854206862,572.3528442382812,0.19191868466477166,325.2661938520007
8081,-913.9225226964036,573.28759765625,0.18909081909871253,303.03078523493764
8082,-814.6804402124986,567.5230712890625,0.1909933803522477,327.410031617268
8083,-1205.8892923775359,560.938720703125,0.20125768334477906,324.6694118999488
8084,-1033.61246748222,575.7528686523438,0.2019033758183752,336.383092438315
8085,-1079.991459188564,561.108642578125,0.2051501991952327,317.1215051509811
8086,-1149.5414965413459,570.0201416015625,0.20375498294456176,350.86148303539187
8087,-963.791737779001,558.7230224609375,0.1977793621129469,297.4239974079343
8088,-1153.833532086456,575.9601440429688,0.19446573685957355,338.9456844351306
8089,-1024.8026105503736,564.8261108398438,0.18857877701781778,305.96650191257817
8090,-984.8349367684473,570.6311645507812,0.18518535048408308,258.30893698476956
8091,-984.9679735615875,589.4551391601562,0.18525457948811258,293.04612691125567
8092,-537.7969378149472,576.5617065429688,0.18712922278989644,285.69087914585793
8093,-1103.3636134180676,577.1795654296875,0.20571927167513865,335.8557429249385
8094,-1119.6698821224925,563.118408203125,0.23010738402154124,352.53916196335496
8095,-745.1676134604115,563.3572387695312,0.24688986968888538,253.1060502387865
8096,-1111.8566122587767,585.6488647460938,0.2789131049239232,305.6786228620389
8097,-1242.774065193127,580.8794555664062,0.29582546465986126,357.79126169930646
8098,-1280.7759191030336,568.7163696289062,0.2859573029990462,353.4088002525383
8099,-883.4679593963745,568.8433227539062,0.25677374751087984,289.1511068941895
8100,-740.8214271039036,573.3792724609375,0.2367162593496399,288.2793078553017
8101,-1033.493069407419,571.6783447265625,0.24159380336011005,337.1364480873825
8102,-1058.3524394562369,567.6693115234375,0.2330337432412491,311.46714728263777
8103,-1235.7520681864717,568.8884887695312,0.22643358077822298,356.43619012220313
8104,-1045.9441359827026,576.53515625,0.1988312068858638,329.4673690915669
8105,-747.1582269575416,558.4935302734375,0.18847440339044524,268.9465111794735
8106,-1078.2332911324718,582.0784301757812,0.19029156867248254,337.0633442932099
8107,-1041.680188165018,565.1812133789062,0.18643033970812684,303.73589553412506
8108,-902.13243834661,574.8404541015625,0.1818163741566638,272.8708619277784
8109,-762.1530059331194,581.919677734375,0.18806494743752972,312.55913651845646
8110,-1379.8785154676461,567.0787963867188,0.20335789910311491,384.2372926104219
8111,-859.1485751407176,568.200927734375,0.2057116003777706,308.9422573489355
8112,-1029.8440616710004,574.2020263671875,0.20553835204172277,293.41731350766645
8113,-1200.6260086108525,581.6375732421875,0.2043943601061949,332.10306828351116
8114,-941.6590834391369,566.2509765625,0.19861934924057975,302.8353476603978
8115,-1242.250114586813,573.959716796875,0.19634249102250353,349.95052136863944
8116,-1068.9568309321069,575.0762329101562,0.1813186471719054,307.3045615927164
8117,-1093.324869675972,576.8646240234375,0.17578944017800935,327.0287571689896
8118,-1361.3919503215623,563.8983764648438,0.18068157421745593,337.78323853141404
8119,-1013.0310425076234,587.0670166015625,0.20706257729274055,297.8461859289958
8120,-864.1163775693267,573.926513671875,0.2280739194820688,311.51225904267625
8121,-1323.967096507793,579.265625,0.250402184250742,363.1093464544322
8122,-877.8312281029077,561.6661987304688,0.2593085469559787,327.3958880680797
8123,-935.6423040053428,567.4190673828125,0.24749065412867116,335.39639583420944
8124,-978.2160587207394,564.3007202148438,0.22867401882882504,311.4011617575892
8125,-820.177060141249,572.23388671875,0.20067177806982792,310.962128450745
8126,-799.5675863804433,568.4845581054688,0.1870202450625697,299.0993868791564
8127,-1156.7648536262354,578.9923706054688,0.21312015397731643,332.8017784227824
8128,-811.958402942299,565.5215454101562,0.2646636658218526,293.33116253871776
8129,-950.2278658034988,577.4254760742188,0.31808087080078,302.262580095316
8130,-1032.7648992584448,567.5091552734375,0.3833623789377621,307.9421294671546
8131,-1189.2930345253094,594.6815795898438,0.40810678785993815,309.9426394133534
8132,-1202.0912163140154,579.76171875,0.40547835641929597,351.97785404996546
8133,-1207.3823264199093,578.6892700195312,0.36159987595193993,308.2457201313221
8134,-1184.0133299915506,590.9307861328125,0.2969505275819757,342.7535744982519
8135,-927.7093270445415,572.2860107421875,0.22685921140209142,281.5250944048225
8136,-846.710564870011,577.4982299804688,0.19054032037800572,286.87480288915407
8137,-777.3987370440473,578.14404296875,0.17848177436846696,239.46195001194695
8138,-1140.7402093632923,602.3264770507812,0.17569356327772626,341.8157177469408
8139,-1045.7782197282847,572.6127319335938,0.17471448612098817,312.9399732489573
8140,-1297.3266834896606,573.3153686523438,0.1803770942736587,387.3031412458605
8141,-1543.0466093708858,586.1395874023438,0.22023632036175067,381.5081419235229
8142,-939.2688277823128,569.036376953125,0.28133567609780336,315.5236247020927
8143,-686.9284631576356,572.4391479492188,0.3359855692882722,212.60308020231503
8144,-937.8923941289646,632.4924926757812,0.3253533280828806,293.0628139118374
8145,-812.0613064116433,580.718505859375,0.2833228280783242,263.5502029243008
8146,-1208.4266268985843,597.71923828125,0.23652415351359524,336.42347530751846
8147,-1246.2499194700822,582.2156372070312,0.21805276815477131,354.93395514564696
8148,-1029.5998118448294,20.863666534423828,0.2214633888132601,321.18782367606786
8149,-1384.2123811907356,586.05224609375,0.2399918559161947,355.66396353580893
8150,-891.6397808072577,567.8746337890625,0.25925711375601657,280.0939770892364
8151,-949.3574768658452,584.9884643554688,0.25234496407966506,300.89365701334
8152,-674.0539774377075,580.3201293945312,0.2218230592135817,276.0647737830976
8153,-884.4931921965156,587.43896484375,0.193421408120782,300.5211776410801
8154,-979.0010294961065,578.1834106445312,0.20538694301551735,338.27728157546323
8155,-1235.1946714623928,574.5384521484375,0.23439366348563828,357.05534864084285
8156,-1029.390661803041,563.4525756835938,0.25987760807459515,328.9092352699443
8157,-1057.275229579265,582.1873168945312,0.268100641735809,284.26676483784007
8158,-1195.9237556541714,590.4397583007812,0.26507545589431725,356.1038700649557
8159,-938.403056912374,562.4911499023438,0.25943433485207157,328.69167532590075
8160,-730.2624422669787,561.7264404296875,0.2731941660760165,292.9620396651955
8161,-1136.2360196262632,588.0010375976562,0.2711767601172772,334.97836932374395
8162,-1021.4484746064436,567.796142578125,0.2587721505262079,326.54144408819315
8163,-982.5905807791462,570.1319580078125,0.24134032075797351,289.353192870652
8164,-1141.679856247988,590.4437866210938,0.21607153306792373,313.8829710617457
8165,-1278.5467842117048,599.3897705078125,0.1858033352086576,306.9886869740984
8166,-967.2405992657857,576.2657470703125,0.1829255886923048,312.6265534142561
8167,-840.8420356598011,573.2487182617188,0.1878811820191562,320.06827851860874
8168,-987.7159069013047,575.2802734375,0.19444526456074254,274.24130188352103
8169,-936.5660206287993,588.4169311523438,0.1952213041601739,309.6693787602387
8170,-864.0366755368874,571.3739624023438,0.18938288845682322,301.2677071857044
8171,-991.1623034191841,584.6917724609375,0.18590156410728453,325.62366357677723
8172,-870.4124961495712,565.4153442382812,0.1920467708412734,250.8707824317246
8173,-1145.3410855655056,612.1544799804688,0.20152906165541248,327.85413789833035
8174,-1017.1336077923754,572.5030517578125,0.21102241521800358,324.55752624090803
8175,-1021.549420156796,571.1873779296875,0.2170816379377267,326.6534271087786
8176,-1120.0333848084792,1141.1727294921875,0.23186915461810756,296.5490614510751
8177,-1276.8156552527148,0,0,361.46551278388733
8178,-783.6568845224224,583.9846801757812,0.22172325284963393,307.95116756768186
8179,-1103.3447127794893,573.9298095703125,0.2301988061565744,334.77817159935864
8180,-1248.546943903132,576.783935546875,0.22667775962674513,316.9482760323582
8181,-1326.1733091309422,600.7994384765625,0.20501012275634423,360.1687396938221
8182,-1201.0766357746115,583.7482299804688,0.1831993995928537,313.28747351212274
8183,-1053.9267346756913,588.3787841796875,0.20469315353631606,288.2797911077554
8184,-849.8373104388058,589.8330078125,0.25177904221688924,311.5126882591254
8185,-888.544121898101,574.4332275390625,0.2808184016830677,309.766489440769
8186,-890.5648536117759,576.7328491210938,0.28276380945882806,307.52530741133575
8187,-1198.0765728864596,597.5634155273438,0.25842156734888544,327.73732527269067
8188,-828.5993282428817,581.554443359375,0.24814612258821822,308.22827035618184
8189,-691.8090452191326,575.8220825195312,0.21868032987927388,231.10728019742947
8190,-800.111931887173,639.3689575195312,0.1937971086217979,287.22239969379535
8191,-935.4777090767396,600.9677734375,0.21501506869123893,273.9053094200309
8192,-730.4620834512907,593.8406982421875,0.27468023266077,286.86566516192545
8193,-1316.8651113171316,579.50927734375,0.36861117771928464,352.4202201100701
8194,-825.3419711069453,595.1525268554688,0.4142679139090155,294.7066803677958
8195,-1153.9071208874363,576.0250244140625,0.4580208822975434,327.91168870000973
8196,-854.6480796871384,598.8532104492188,0.4709004163891231,307.908249262416
8197,-1009.4174401075373,575.8768920898438,0.470872283321637,315.5696562341054
8198,-1018.2928238766382,600.875,0.45991383493890625,294.5270324165616
8199,-1407.4517463307184,590.2455444335938,0.4228525091082751,334.6690720889254
8200,-1099.6604755561423,616.9935302734375,0.32454228588946643,283.4183762089407
8201,-1029.561361708491,596.4252319335938,0.22836951323275545,322.4153690884791
8202,-880.1272789485873,575.4176025390625,0.17604340054605097,324.1712246918771
8203,-1325.324130852914,571.25146484375,0.18875245515644767,361.42361565620615
8204,-998.9631202106875,582.1035766601562,0.2657855302197309,297.209162393764
8205,-760.6155553942651,585.7620239257812,0.341531589670091,322.79100841676797
8206,-830.1964720404036,582.5001220703125,0.3635869829381485,280.7686249900204
8207,-714.5517315795156,594.904052734375,0.34182305820843467,314.4949797980414
8208,-1306.0436404759896,579.154296875,0.28683614731336715,352.41362679048547
8209,-1092.1957469797765,584.00537109375,0.26282176935610646,330.0817892244057
8210,-822.9208958891613,576.5706176757812,0.23913345777899397,311.14595024033696
8211,-1034.999281639945,580.5630493164062,0.20801623167295877,305.4346834330216
8212,-1005.1446771899188,584.1824951171875,0.19220452554172596,303.2478504763088
8213,-818.8352702339238,585.2841186523438,0.19545479587481152,307.774190408265
8214,-1424.9072618852294,581.2294311523438,0.217511640089055,352.6705093301262
8215,-927.4995849301444,600.5233764648438,0.21462051109298583,260.0949488528511
8216,-968.9466337062539,596.9475708007812,0.21776019875067668,321.395009337487
8217,-936.6368240894969,579.4112548828125,0.22103311403602532,316.41499694355804
8218,-845.2243730293612,586.9180297851562,0.2218333382408399,304.4993615129785
8219,-858.2809944931237,577.70849609375,0.228943089706321,297.5465373737601
8220,-770.051235522492,579.2999267578125,0.25317414518737474,283.1059685117523
8221,-1002.5162304761769,591.8201293945312,0.27860081385593555,320.815637630909
8222,-966.2796582979784,571.8777465820312,0.3103490117955062,332.71666965061263
8223,-1067.8743751235688,594.7586059570312,0.32972952537797806,315.9231551970406
8224,-1301.794337782245,595.0150756835938,0.32056561487733526,315.4987938635925
8225,-912.9782559230132,630.5547485351562,0.2917846611275646,292.2165700143295
8226,-991.3659558143385,693.02880859375,0.28873838582546635,328.4498342330862
8227,-886.692914782698,581.663330078125,0.28785967461597306,293.53683282661154
8228,-1003.7945744612425,583.52783203125,0.29251390697017604,300.2737290297953
8229,-1198.0620997432889,614.3994750976562,0.27255565487215183,356.1019575297009
8230,-1020.7850589523273,614.164794921875,0.22336487048985182,302.30195691373274
8231,-950.4638588166674,627.13916015625,0.18050571032012275,323.8456700631801
8232,-894.9957932192768,606.24267578125,0.17644308791618082,323.5642143476767
8233,-1042.857269594602,62.68454360961914,0.2275809947317708,322.9754365014238
8234,-1115.0949086912237,594.1119995117188,0.29180658353582534,339.80405682449833
8235,-1113.0362955160087,622.0181884765625,0.3530427523090517,332.64374463538076
8236,-1019.6782108562451,659.5292358398438,0.3844413682791934,329.3159560940405
8237,-1118.2351923586436,663.268798828125,0.39165746545733604,322.0918736655675
8238,-1116.536034292875,719.9196166992188,0.35322974809149776,293.9186597291158
8239,-717.8055660440178,696.9498291015625,0.28593509831442193,232.49052004608504
8240,-989.1332642161198,751.3674926757812,0.1978820926011163,322.23374431936566
8241,-1381.0694690366195,679.99169921875,0.19889539201191136,315.2982258609849
8242,-966.0095533314122,593.8141479492188,0.2518368431002235,266.87048554365043
8243,-1160.2755644251813,650.6473999023438,0.29847893304867645,298.7756823914686
8244,-739.4290199853986,607.989013671875,0.368572346883531,257.22996157505577
8245,-958.125897347974,604.9500732421875,0.44028779878459495,306.5555364583451
8246,-1014.7302354400799,618.2188720703125,0.46965084606210217,321.97231695809285
8247,-997.9140273951452,589.8021240234375,0.4608617918477013,295.6539692351668
8248,-933.7906207261866,615.6336059570312,0.4299984929576038,299.1216991172858
8249,-883.031760967377,642.1287841796875,0.37121495613244976,280.15007841474335
8250,-982.7437905754676,593.849853515625,0.3156840820192718,314.54014364969817
8251,-1142.974163015424,626.7406616210938,0.2450929392650359,328.8728832367568
8252,-1127.1525790268868,593.1657104492188,0.17796487016816942,332.55260194937983
8253,-809.8874761751247,645.4573974609375,0.17835519747525044,296.8594093992699
8254,-923.1319555003256,594.1044921875,0.2282003942825903,319.54464236048256
8255,-1084.4106013436874,609.6834716796875,0.3049925555526727,321.2523721395002
8256,-1187.6534152389504,585.8804931640625,0.39398152011095144,331.74734008184623
8257,-1153.5705056179177,591.0901489257812,0.48482871804444616,313.22262347383156
8258,-1102.9038636509788,586.0347290039062,0.5603732615846274,321.5643574739168
8259,-1380.7432044384916,595.744140625,0.6416531967493393,348.14335282577247
8260,-1127.7517711041585,615.7232666015625,0.7084136632422193,316.1029616185994
8261,-856.3435385200918,616.9141235351562,0.7115810598103713,275.3833270499037
8262,-836.179636445286,619.3992919921875,0.6426208652651726,312.3089036706359
8263,-858.4995358844751,587.9248657226562,0.5389471095473327,293.40976036806364
8264,-1074.3278665143812,594.0364379882812,0.43054035307316607,315.3055029134764
8265,-850.9037682729869,584.815673828125,0.31302717515864975,327.94572944324165
8266,-979.0401109481646,602.6207275390625,0.2319780420609272,321.4725364019058
8267,-575.1948760616652,580.5823364257812,0.2000476112593372,289.57630601328606
8268,-778.8238074319486,586.6231079101562,0.27957272717951165,291.0229484507843
8269,-896.5093855332927,612.1424560546875,0.39936638065204,308.63667099672125
8270,-983.6174467587101,608.6708374023438,0.5068154409897795,325.5031995488973
8271,-892.1351676730764,600.8571166992188,0.5822631265821128,295.3065798618541
8272,-793.5077352848112,588.0086059570312,0.638428755430484,285.3796802904005
8273,-1071.7996771014127,618.796142578125,0.64497517795679,321.2154822857764
8274,-717.5922871918726,603.4978637695312,0.6231560708015744,233.14862590253108
8275,-1206.7998255539273,651.1657104492188,0.5530044746092936,344.916533407353
8276,-1072.103148655646,589.5061645507812,0.4497499757168657,347.8351148007332
8277,-1178.283373919078,600.5142211914062,0.3202452902924582,318.40244714975785
8278,-859.6751931685145,579.1939697265625,0.21473295431259432,315.6722814442736
8279,-993.0915892162383,619.7169799804688,0.16173420194613108,297.1087550047378
8280,-1126.880923289842,638.029052734375,0.1976295524908031,327.9044732063001
8281,-907.0124758648797,613.1956787109375,0.26030026486408747,277.94101236998466
8282,-1168.8835821389632,647.677978515625,0.3253806941600956,333.35540676047714
8283,-867.5820376945219,599.4976806640625,0.35899834207963566,286.9792467615498
8284,-853.2033547082931,689.0357055664062,0.33863288165618977,296.5329069491613
8285,-1299.6196354790059,751.3572387695312,0.3089114652632213,365.733849466969
8286,-1130.191304485964,607.8250122070312,0.2833660859666352,333.98577228447044
8287,-925.0810706246845,611.3037109375,0.24454923392561073,315.10448560415654
8288,-995.8882115327352,1183.394287109375,0.19545618539065146,271.7951323770038
8289,-940.119136136371,0,0,248.2803639479916
8290,-1013.5643825667336,612.5020141601562,0.17640641060996037,312.07706400169775
8291,-931.5068060846818,591.6492309570312,0.19313252997063213,294.58713169989073
8292,-962.1984691112762,594.1856079101562,0.22752235738741386,304.93137299381345
8293,-1190.9979868276548,607.0813598632812,0.2576591015360067,355.84833067153147
8294,-998.4845476309781,596.1627807617188,0.2543409792781356,337.16119219618133
8295,-1149.5963438511817,596.7776489257812,0.23552071682574427,328.9340109796972
8296,-1015.2400157168444,593.3978881835938,0.2026401296898257,347.2429511279047
8297,-934.3068688567826,594.4027099609375,0.17807534425521665,283.71554787985264
8298,-1081.8136045830702,597.5068969726562,0.17085604075470673,288.01743864267195
8299,-1181.475566619843,623.8286743164062,0.1784735245944578,332.30768398138486
8300,-1282.1608178502609,633.9557495117188,0.20373011473761804,380.04620705890284
8301,-1311.5661455581228,640.0614624023438,0.24999026023996057,361.026263913089
8302,-1013.0816548491568,644.9454345703125,0.3129844311661561,319.4287358600266
8303,-662.7633911648413,621.1135864257812,0.35939064529587617,296.88716994715037
8304,-945.3901678011082,619.5968017578125,0.3445970162492632,295.29389594411924
8305,-1125.5480586673818,595.876220703125,0.3180763663166647,289.5517134894844
8306,-487.36422135145955,603.3694458007812,0.3003412354808043,221.0809026691207
8307,-1151.0329655875275,655.447509765625,0.23970576233491886,336.0442955018158
8308,-805.8098862601584,658.3557739257812,0.21403116174179854,222.37405606427896
8309,-905.5717612314977,681.4307861328125,0.19204538746561914,297.21683915394306
8310,-920.8535954736509,591.4381103515625,0.1806106752703754,296.9316129860352
8311,-1013.4624036770105,591.2514038085938,0.1823082342946986,291.47991561008257
8312,-938.2673567438918,685.0574340820312,0.20139685929085052,271.2039842452974
8313,-797.4412347843072,646.3558349609375,0.23445327021559395,269.89121859384665
8314,-876.211719503711,639.9564819335938,0.285720092281709,299.78092213402
8315,-887.4729625397858,752.5366821289062,0.3656597398294085,342.96044506130926
8316,-1120.8963077305846,649.0323486328125,0.43326186210780676,294.50036517149516
8317,-713.073958834688,737.1792602539062,0.4952191628560191,267.71648334032596
8318,-861.6874864177904,670.8984375,0.5658143013919772,307.2769337870549
8319,-935.2593286638894,714.2730712890625,0.6336328778903407,271.754193275298
8320,-1191.8788011271065,681.0230102539062,0.6732369289127496,273.2965860298617
8321,-1084.0515090856138,721.4063720703125,0.6668344401234215,290.61712664046456
8322,-1193.0707560160297,657.2412719726562,0.6191748083148059,316.45179141471823
8323,-818.9092833810878,679.349365234375,0.5322057159701323,309.49758448635936
8324,-1226.1479054107356,631.6951293945312,0.4365102519068053,366.4752997178926
8325,-1018.8130481030042,627.5526733398438,0.3155434839763604,333.85861523426854
8326,-823.5741179195949,669.286376953125,0.2132095508369208,289.1475180841242
8327,-1430.325287933354,596.574462890625,0.15136897517729064,384.9464304039403
8328,-666.3071357970033,605.0256958007812,0.20212690812981254,252.20913126655788
8329,-1123.7750587676912,620.4815673828125,0.2877347078187418,322.4102229360401
8330,-1274.6465799817606,646.1940307617188,0.40191648345566255,330.03045452434685
8331,-1263.5211246870251,721.2265014648438,0.5548625344742201,315.0245411290707
8332,-886.8404631092174,78.19891357421875,0.7511479979483864,271.7419344704871
8333,-825.6382943405946,629.6364135742188,0.8600156268517071,284.6557382458913
8334,-1071.198158006269,637.1268920898438,0.9137719358796115,319.75071346693045
8335,-913.900534812573,602.5568237304688,0.9301609135299647,273.81316260950877
8336,-1280.4450929556435,620.7023315429688,0.9058354521121318,289.156138468042
8337,-1123.0395549140317,616.6327514648438,0.8674667255027148,291.99761004299063
8338,-918.2403049417878,653.123046875,0.7983437144046419,317.8014740248014
8339,-1474.6201572460302,657.1046752929688,0.6958455973208764,352.1546789135003
8340,-799.7628796886402,646.0386962890625,0.5994780734412511,299.10916358786494
8341,-794.3780936787876,636.5997314453125,0.4732961427008524,255.22369496409215
8342,-946.2372852305622,662.486083984375,0.3406389068023762,268.03146030813474
8343,-1358.7678243449,618.3548583984375,0.23969492699946063,336.2102383613501
8344,-1218.3646090987324,613.465576171875,0.19569741030494286,335.27250989580455
8345,-992.7050908213109,600.578125,0.18264799788195865,285.6567187865755
8346,-807.3915197693716,615.7371826171875,0.18160577863504618,308.70377281883833
8347,-1048.211936624391,595.815673828125,0.18515726738286659,319.0781845246683
8348,-788.4489758988251,603.0780639648438,0.18380801847744316,218.97874639509547
8349,-1219.212961172866,635.3176879882812,0.18210003157127086,318.854412791249
8350,-1176.4156909279707,623.909912109375,0.17401915417018662,316.4777506403418
8351,-1219.5708818650687,615.4251708984375,0.18209570089280566,308.39686249924006
8352,-802.1079886132367,595.9053344726562,0.21017563810085454,263.3786423709089
8353,-893.8844549584226,608.9609985351562,0.2409085277506289,292.81856401008133
8354,-878.1542944978265,630.1050415039062,0.2685834506180062,281.2520339977128
8355,-968.813679120043,599.669677734375,0.28139688820846587,318.2230797291267
8356,-1083.06185578091,637.4771118164062,0.2828156333526311,347.08420183586816
8357,-1163.398272506386,593.8326416015625,0.29282190651947815,319.71034045363626
8358,-907.5760240510667,620.7662353515625,0.29394776993197824,297.3336943882373
8359,-946.8422700692936,603.6055908203125,0.2877819005239352,307.02139401261786
8360,-752.1109949397201,600.4327392578125,0.27092523701852567,297.41266534040767
8361,-812.3179588168229,596.7904663085938,0.24794765562397125,287.185456706353
8362,-1245.7328196274318,617.856201171875,0.2366237702664335,272.0238521228049
8363,-853.6829177550985,626.9342041015625,0.22687200459122747,325.0649039290422
8364,-808.0641030031169,624.6016235351562,0.22149185165063745,240.0945096556556
8365,-828.2590330620201,724.9890747070312,0.21624716621122891,258.29244352421836
8366,-926.1845509924796,670.5064086914062,0.21419225913398787,300.40055431974923
8367,-1116.6554495308699,621.7662353515625,0.21718795162364696,313.3619435295389
8368,-973.287641662022,737.88427734375,0.2316280373541318,313.46257508989555
8369,-774.0643335449645,696.1410522460938,0.2536157444188549,257.3889345144569
8370,-962.3124430180244,716.0244140625,0.2765290421767957,300.7993307691166
8371,-1180.1251414005383,645.3753662109375,0.30781011469811725,328.0946704149813
8372,-1196.6760021976347,622.8810424804688,0.3487669006813173,336.5165971445882
8373,-877.4173406986555,611.7000122070312,0.39012535107162805,275.02962257437594
8374,-933.63426593607,610.247802734375,0.4144825007220353,306.38805214243126
8375,-785.2419931782974,625.389892578125,0.41330337398509853,300.8904055725484
8376,-959.5089644353179,597.3289794921875,0.4018852263923207,309.927046313412
8377,-615.6754388045487,598.1511840820312,0.3677421008162863,273.9107281200626
8378,-1249.4389372495466,629.82275390625,0.3449819740256771,307.4075628153334
8379,-1435.032947394253,621.1773681640625,0.33982803115063986,360.01743469644185
8380,-841.848619157843,611.4830932617188,0.33717069803972655,292.7614938899819
8381,-881.4743000961479,600.498046875,0.33016347793576006,272.370611933227
8382,-1256.7484490859486,623.6837768554688,0.3284071866235876,361.50846009589543
8383,-1345.0359262792913,604.7730712890625,0.34360110763903534,356.91267114020417
8384,-1142.9619668273428,596.1079711914062,0.36952801453838735,271.04749299979113
8385,-1034.5817092778364,631.6090698242188,0.38988632340745066,299.9983524093115
8386,-477.74566522510673,627.3253173828125,0.38047359148691934,265.52214046617894
8387,-707.068874428306,629.49072265625,0.35520712473261584,252.5859332127355
8388,-1031.6449431099995,630.3958740234375,0.3304675856717996,290.55790254888007
8389,-979.2111151645677,613.0651245117188,0.3100497807614322,306.20515150247957
8390,-802.3421634841673,601.9395141601562,0.2901582438911062,276.05757952684706
8391,-1262.6204549065055,637.0476684570312,0.28325375542264875,347.6248564564031
8392,-942.740899775696,583.0181884765625,0.27978217049974563,305.0801531606925
8393,-898.6836019263677,620.5974731445312,0.2760655781259642,257.2260189975252
8394,-895.079292828767,620.1123046875,0.27184700407623497,263.7936494974539
8395,-1079.4736943000228,628.8630981445312,0.27131506055769383,337.54106614513285
8396,-1096.5427035158928,596.4863891601562,0.27655435813709817,301.72361420698746
8397,-1292.0910639204567,628.786865234375,0.29214288119908893,346.6558614638234
8398,-969.0568236661962,584.26806640625,0.30969306832904225,316.439368961966
8399,-974.1672332455927,604.5242309570312,0.32817124957866123,266.33007013060603
8400,-862.3601192370938,1221.74609375,0.33203889285388033,254.64135186223777
8401,-716.6496940037289,0,0,246.0887982629396
8402,-697.5506790086557,621.8279418945312,0.32599083522340383,273.1738228067039
8403,-1021.1539633466599,612.3890991210938,0.3123083338213571,310.4383594921542
8404,-999.1822032470334,605.9996337890625,0.3028375581001038,315.35644322472206
8405,-828.2745926504011,599.9405517578125,0.2965941280311528,268.09413580737487
8406,-1085.934674732359,615.2213134765625,0.2888567503763688,271.1505652143157
8407,-1186.1226546908078,633.52294921875,0.28552140295986705,314.5948947277328
8408,-1295.1441823145608,627.65380859375,0.2877687116472419,339.8632467450944
8409,-806.1477842127608,629.2567749023438,0.29745192472923726,286.5212412592724
8410,-1010.4756971342034,600.1521606445312,0.3043480944413077,293.52343997657425
8411,-901.1655500952221,608.955078125,0.3121470362823944,282.77332468147796
8412,-1299.731544559168,606.1761474609375,0.31778485383484356,351.8023665058216
8413,-831.0577614868063,607.8206787109375,0.3319285212268576,265.9816741208883
8414,-944.8578905235204,623.6341552734375,0.3418565243528776,253.3343378656884
8415,-867.2869942816088,630.8578491210938,0.34862063863444187,276.5197717386526
8416,-1350.3511547873513,629.5411987304688,0.3519174959637755,337.9582817776885
8417,-1161.2026969480369,614.5306396484375,0.3637772964481042,297.9332578714176
8418,-733.8543914287078,615.200439453125,0.3782752364249241,280.56006236667395
8419,-898.0684297798898,643.9179077148438,0.38085377076637394,277.4384100877716
8420,-859.0752912560454,622.8195190429688,0.3776481468716542,292.97960537477496
8421,-838.7322976704789,608.7857055664062,0.3686952881359419,276.7336405142355
8422,-1124.9961422910399,644.5552978515625,0.35487312453534114,274.0393077463615
8423,-816.745065761223,679.7132568359375,0.34206241556141304,251.33411904290926
8424,-895.961647166828,621.076416015625,0.3292689826380105,236.39996379291168
8425,-1161.8169815054587,755.418212890625,0.3147994168167939,300.85435484530814
8426,-1106.1877035154994,710.0818481445312,0.3053463588559304,309.4222109834656
8427,-928.8910176972128,617.6621704101562,0.3000905349817818,272.01445623231507
8428,-870.2641184749637,615.6519165039062,0.29692544420728,286.97031114495377
8429,-1246.0591614853633,620.6746826171875,0.29507318706335445,300.9889408825029
8430,-981.3613982705226,691.2703857421875,0.2953339968823633,276.40199724752193
8431,-841.4504604296767,621.159912109375,0.2975574564700996,230.1083158530472
8432,-1081.735853477649,685.6795043945312,0.30188116163426004,312.21231919571204
8433,-877.213798667358,677.23388671875,0.31022835153864997,295.77478964692796
8434,-839.7935068280324,601.1637573242188,0.3188037928286399,235.5045617893982
8435,-486.6982917003758,630.7882080078125,0.32612835843217763,256.6910776820181
8436,-479.5095818904637,630.5567016601562,0.3271357529423881,190.29516314894605
8437,-919.8954690740374,705.7395629882812,0.3202280935195101,311.05338343045867
8438,-540.7463835726841,609.1421508789062,0.31356547304132654,259.9827937425945
8439,-877.7644285165588,661.9216918945312,0.3075576668752795,298.01125213768916
8440,-1024.0765753172159,675.9200439453125,0.3057928551126986,242.5640831676999
8441,-1566.3590365843045,642.63232421875,0.3063210770847528,338.79899926912356
8442,-1059.570237469016,690.3507690429688,0.3047926332816583,293.18324169270846
8443,-1111.800234566456,651.5142822265625,0.3028418534513129,337.17147883816915
8444,-796.0278548102258,602.340087890625,0.30055917428131895,236.25389827512848
8445,-1192.7891934736172,690.5302124023438,0.29934352498694317,315.0451033511872
8446,-1136.572081561316,617.4090576171875,0.3004696670382145,332.39411453596966
8447,-1141.4447171875022,650.3414916992188,0.3066574478471199,323.18894633529004
8448,-934.7223149482232,610.0435791015625,0.31900389120586137,253.3581028076598
8449,-952.1720943539515,624.375,0.3330193814219164,287.035067177482
8450,-937.5567860294508,608.9306030273438,0.3460062034524791,325.488959927711
8451,-1020.9297134996943,603.7866821289062,0.3546435332951514,336.6369626318858
8452,-641.4886805561491,597.08544921875,0.362324945632448,240.061820546124
8453,-1140.0429340660803,644.416259765625,0.36171170427839633,295.790298548122
8454,-949.1090815447458,639.5970458984375,0.3597573279773211,284.04830863220616
8455,-1019.3607214657936,620.6980590820312,0.3563169781702653,283.75993896555997
8456,-848.4341914310738,615.7525634765625,0.3524256202065987,260.30449903846613
8457,-1254.7546845631878,679.0525512695312,0.3490400295746438,296.57428558730714
8458,-837.0532180011849,657.7158203125,0.34767134123374943,213.79658548859388
8459,-1175.1341212259326,700.7799072265625,0.34599931746839885,293.4720581695558
8460,-908.78493875304,702.5338134765625,0.3459438141971963,309.35069062598757
8461,-932.8323994229338,651.674072265625,0.3460222577014585,268.07733107045135
8462,-884.913716704708,645.3195190429688,0.346031853945896,262.5048131501887
8463,-825.8145346551185,653.082275390625,0.3455185275589133,282.8669541951286
8464,-576.1900595184827,705.4591674804688,0.34503890574369434,255.8244366155826
8465,-841.9012595438122,643.839111328125,0.3446485869480479,276.0002772278875
8466,-687.14845542691,613.220703125,0.34513781450065517,239.49192470805048
8467,-882.5940114127704,626.9718017578125,0.3474767450514622,300.2056862481757
8468,-804.4636063394624,609.3590698242188,0.35170840567653994,292.99598829718633
8469,-919.1034578380198,642.4180297851562,0.35769120418196565,310.1231245949097
8470,-957.4012109384652,646.462158203125,0.3629293870227238,314.44494758779206
8471,-596.5485726286745,640.5120239257812,0.3676834603625057,229.1323940720105
8472,-1119.2430781675348,692.576416015625,0.37234998402235175,313.5027545090938
8473,-1102.6732906174645,656.1727905273438,0.37078730206245747,305.4831486476206
8474,-875.2331539821598,649.5040283203125,0.3657800871960365,271.6568099064093
8475,-1118.0079111946316,700.537353515625,0.360675234390905,328.22147313755045
8476,-1094.0367819821522,648.676025390625,0.3509104121734437,280.57897587389766
8477,-1127.7317782171517,673.1904296875,0.33955929974418153,328.0231689793311
8478,-1008.5145745001281,644.6411743164062,0.3280015497039039,307.45304123007605
8479,-818.0846609296974,655.0062866210938,0.32048352572312055,265.9356180009398
8480,-788.1079695080018,635.9990234375,0.31676885150473716,292.2900739904449
8481,-782.73500649546,603.213623046875,0.3155091386801844,282.5950324907539
8482,-940.1498911861237,615.6530151367188,0.31482535043092147,324.42012078560185
8483,-1156.682968100655,603.8800048828125,0.31294509023508843,356.0961903159571
8484,-1191.197002042821,629.4440307617188,0.3092956002809514,322.23605344647746
8485,-941.1155929036687,607.5272216796875,0.3074188476092231,310.5465974955011
8486,-1063.0873246415692,617.9016723632812,0.30719632526557705,284.4453707643495
8487,-1131.2565386221665,621.1543579101562,0.30892952345485514,259.10716356325156
8488,-916.8945830071854,673.7291870117188,0.3120357285125876,301.7658368817756
8489,-1221.2638343972847,688.3217163085938,0.3173782378446539,316.7623799501841
8490,-1099.8002562051993,700.4491577148438,0.3255547640889861,282.2940368988074
8491,-813.3110213892611,663.2094116210938,0.3322236227128903,264.80268623497545
8492,-1349.3459524742987,677.8414306640625,0.33928951086145254,368.45027871703826
8493,-759.117653928978,641.7338256835938,0.3615689574198768,275.05627207989
8494,-958.1222430166189,679.8276977539062,0.35138538405681174,317.0698545308353
8495,-811.0948123385185,702.3189086914062,0.3439861852692218,276.2256526356565
8496,-898.9605741551219,27.56741714477539,0.34401156374727737,278.0450726171962
8497,-836.8899336581691,650.2193603515625,0.34228371565352633,277.8698272618806
8498,-963.5450756862355,624.5341796875,0.34083110728306154,304.2706643736024
8499,-1119.859149443541,657.905517578125,0.34138494712640377,325.38802676387206
8500,-1034.0746285076325,653.2105712890625,0.3444179464934901,296.61714515533436
8501,-1070.350030204687,719.1200561523438,0.3511669931289871,328.91784002519233
8502,-961.3463062027038,687.694580078125,0.3625419223704205,326.8815210609614
8503,-970.7387184150792,725.31298828125,0.37793831585432014,256.2208477594449
8504,-622.4021888391997,715.7870483398438,0.4046261748110298,256.2712495549654
8505,-1044.0626596762818,902.9151611328125,0.4397695274292524,305.93704491701027
8506,-1202.5906509866118,777.97705078125,0.4695343517328716,346.94213127253175
8507,-689.7144736076815,632.1478271484375,0.4978399351264522,224.58629452609034
8508,-684.6701340321229,737.7164916992188,0.5283788740715243,183.04942340331
8509,-1177.9396017745628,779.7177734375,0.5419639694153472,340.86628899278026
8510,-1028.5722476329552,656.8118896484375,0.5399760231657905,277.6204610140991
8511,-848.565488295491,663.247314453125,0.5304453931860307,256.72505033729357
8512,-811.4994085844896,1254.974853515625,0.524228278548079,264.7786462167827
8513,-1292.326221082107,0,0,372.70879452066333
8514,-925.8096952875068,649.7351684570312,0.49478929887618506,283.35087571065594
8515,-688.4295777912856,623.2963256835938,0.4540160750710962,285.28065484300976
8516,-741.2275557271544,610.4606323242188,0.4183441586830075,244.3363886491179
8517,-907.6067061530852,626.1068115234375,0.3865662459298561,292.2975987531519
8518,-1083.4634749749669,651.644775390625,0.35259257629579466,231.78287540339983
8519,-630.9972396653968,734.1121826171875,0.3143976833677546,221.358021752889
8520,-741.0886898652489,643.708740234375,0.29230278545086585,236.6094121554102
8521,-1102.6888938379857,759.5248413085938,0.2762189379998643,281.5663178017379
8522,-1039.6606506991125,651.883544921875,0.26296341205950635,301.55432206073914
8523,-1085.3168641908353,615.6318359375,0.25638870690690935,321.326842918671
8524,-712.2340098912448,615.724609375,0.2552810925992075,303.22756942071146
8525,-875.4260542942657,613.965576171875,0.25720811710378655,314.01357575967756
8526,-1252.6287032906548,606.3588256835938,0.25915080523399,367.93956121240154
8527,-1067.1208854222325,706.5819702148438,0.2616057563702752,346.3548149448752
8528,-1152.8799204729353,637.5390625,0.26489970288626935,322.23452478558227
8529,-964.699339256538,619.4615478515625,0.26821067556761485,307.1602390425271
8530,-1204.6094330409119,643.4354858398438,0.27415669337659787,310.65025341169013
8531,-1016.0017832590024,711.0430908203125,0.2816711091005982,313.1478924710331
8532,-959.5404657597223,631.2178344726562,0.2922057939294235,288.086999788363
8533,-1327.6496890479045,640.435302734375,0.30691805483707346,367.728639668951
8534,-1100.6322809465894,612.6593627929688,0.31110217657374295,328.2392336665036
8535,-852.9964986801085,606.3358764648438,0.3117535300566831,293.45591728408164
8536,-1007.9379727508222,690.154541015625,0.31109666273310715,302.11130537441215
8537,-1082.4747426985723,660.142822265625,0.3089762777092385,304.9055224824934
8538,-705.4236580897273,750.5755004882812,0.29863926773552535,211.29977019247292
8539,-911.3107237525243,751.7910766601562,0.29384632968115715,261.6971174451326
8540,-864.5384325706991,722.8077392578125,0.28767051548294664,258.25860957376364
8541,-1000.6971514061344,713.0074462890625,0.28508407995648466,348.70716824561765
8542,-780.9252991233421,700.1446533203125,0.2788563822125006,298.15145119216777
8543,-1087.5821417588093,703.3697509765625,0.27539888589805916,320.03650923205294
8544,-1062.489135972334,672.7105712890625,0.2700380766976874,342.05998549960515
8545,-942.3539294573247,641.7269287109375,0.26397472365515995,215.28106568118795
8546,-842.7701065148733,670.3612670898438,0.2627033141316681,317.3716554615663
8547,-808.8335974596913,612.1038208007812,0.2649042442822921,298.5327792040991
8548,-974.5879443867063,657.8400268554688,0.2718512844321737,295.90406683369713
8549,-1289.3564614825466,664.1503295898438,0.2831622157449855,340.4094478724521
8550,-1037.973374302964,712.1024780273438,0.2944848519231542,324.56661349843785
8551,-620.0538070058207,738.802978515625,0.3171395247544776,289.92825915957474
8552,-1095.8745331579983,801.400146484375,0.3642522089771836,342.27638040370584
8553,-1063.1128950989455,751.9805908203125,0.413117054971862,294.79288337519915
8554,-668.7406219300643,703.7108154296875,0.4658189379196764,298.74728556471666
8555,-1035.258963265482,683.63525390625,0.5253845751968401,337.34995484474064
8556,-996.4175803733166,691.880859375,0.5684128180177201,327.83484962321586
8557,-878.5009798506487,666.6089477539062,0.5897106978274615,284.5995314746504
8558,-958.1759582559586,624.344482421875,0.596226993953995,290.0407322713948
8559,-949.9975003040755,630.3519897460938,0.5844082720601838,277.45242574011655
8560,-1054.6433475438998,631.6591186523438,0.5555570510838244,291.4600029184068
8561,-826.1576482453007,647.3721923828125,0.507794067282915,293.4259165507877
8562,-686.9197607057001,624.24365234375,0.462755132468536,267.83810999594374
8563,-1154.2236985298784,665.271484375,0.415096133950833,302.5922517348934
8564,-807.5332318320783,632.6185302734375,0.35566989705010743,266.90164301801724
8565,-1231.7620635444225,648.677001953125,0.3046979065987757,362.8236014874736
8566,-829.9401551569193,609.396484375,0.25423705002718905,304.8969395689193
8567,-1165.942321338957,620.284423828125,0.2255357907668692,307.0997419016199
8568,-864.0276420996495,644.5816650390625,0.21473708481227838,290.9444615700842
8569,-835.5650526711016,617.9202270507812,0.21606487875562724,305.138897347707
8570,-1000.3519937960347,613.8546752929688,0.21938615669043482,298.2304392388219
8571,-973.96990482168,620.5927124023438,0.22111384928535616,292.95262227630764
8572,-396.6897406745629,647.8699340820312,0.22048011634389225,239.64667952462776
8573,-1081.5979926204393,714.126953125,0.23637879267583672,321.2771638393605
8574,-685.2776874699117,628.4354858398438,0.2719494178903175,268.23652521653406
8575,-829.508359567581,628.4456176757812,0.33435040154595075,305.30553034582624
8576,-933.5588101174953,617.8314819335938,0.3928081301810239,260.7009673503527
8577,-1206.2011901564292,635.186767578125,0.44421310045716567,324.81373151202854
8578,-908.6249920059483,632.2317504882812,0.47079482798586586,316.2246549251077
8579,-1240.6713917920154,638.9112548828125,0.4652822464829734,307.3267127280868
8580,-780.7933149279834,621.8601684570312,0.45739187303942025,319.613273251389
8581,-877.9218938264898,618.0908813476562,0.4360034041741562,278.5346168311278
8582,-1086.7117117034063,624.833251953125,0.41058016510480466,299.095448497502
8583,-1008.7178384893039,626.0579833984375,0.37523812430146297,303.31382610291826
8584,-955.0321668957237,617.6825561523438,0.3371482659529028,327.7191613434833
8585,-1020.6391311976976,615.38525390625,0.29786931664818894,310.2444483054535
8586,-827.9870051588772,609.603271484375,0.2686016821892257,309.9272201510595
8587,-1104.8153875736623,608.4776000976562,0.24662773874808513,346.6423249018571
8588,-1247.7277964635866,643.2964477539062,0.224966072495628,356.88446912805017
8589,-844.7505837268304,603.706298828125,0.21101474395500608,308.2545431528092
8590,-984.6318354697667,620.6807250976562,0.20565652735995588,322.38642140804944
8591,-1095.9851394470888,621.2185668945312,0.20490119115184036,322.7057338105012
8592,-1324.6957021528744,624.8782348632812,0.2102844470739078,356.4179058183864
8593,-1162.5808212166744,630.5189208984375,0.22860909262236184,346.84207209127214
8594,-1034.012141578546,645.6033935546875,0.2670859426707466,300.4899213586581
8595,-702.425589638433,628.3914184570312,0.2615729570825476,284.08073813949727
8596,-1304.5859075252617,671.19482421875,0.2676376421707207,357.29713710345357
8597,-1071.3703204567553,628.1654663085938,0.2746562362361002,306.34698353092836
8598,-1109.74219298008,627.0354614257812,0.2799272666752198,309.70448313823624
8599,-1279.9009323739147,624.9404296875,0.2831819020428212,347.17638034939955
8600,-889.0408941159374,611.7066040039062,0.27540420254229603,317.96806772683806
8601,-1102.12943987226,647.2445068359375,0.26673487600581325,325.2243936360685
8602,-1077.2890773145687,615.6121215820312,0.25700278901961615,280.3222170311355
8603,-878.89896083853,630.5474853515625,0.25388877165278245,320.55196259381967
8604,-914.8690673823486,622.6497192382812,0.22512581257012698,309.41117945495176
8605,-850.7572374425554,626.6089477539062,0.23787277847119914,315.6579005035487
8606,-1217.0382370679874,626.0363159179688,0.2856119783646136,356.3588319015844
8607,-809.5973965957202,603.15380859375,0.3944712866577902,295.7126897507844
8608,-1026.7148961417033,621.9398193359375,0.3426485471537518,281.4568163682577
8609,-1187.8178607321686,638.512939453125,0.3664416944172124,352.47508371602646
8610,-1098.717708623659,614.0601196289062,0.3715480069539824,343.76676201050736
8611,-1055.6412522850408,613.6917724609375,0.3589039972873417,273.4598150429947
8612,-1189.5055313131893,644.7303466796875,0.33410508721448196,329.03756958091515
8613,-775.9247166844866,628.186767578125,0.3261698615254147,325.8334497960777
8614,-1000.1086718922355,612.9232788085938,0.31323754271639787,306.49122213466865
8615,-1141.5661577665091,626.6837158203125,0.2907631629209274,337.1038794557639
8616,-932.748625581952,603.1220703125,0.2724615667722073,323.18501868821284
8617,-1297.5570745447217,656.1492919921875,0.23922893889919095,370.6121395040839
8618,-724.0382713683346,614.3350219726562,0.22181938408392338,220.23378915097743
8619,-901.0703376375798,660.3966064453125,0.21591153988172723,325.81849515151
8620,-1104.654474626199,627.9807739257812,0.2087988018108753,321.8298370201645
8621,-1068.973115103719,621.7658081054688,0.20465500001064013,345.4828961492576
8622,-885.9033986504055,610.870361328125,0.20495603970169163,318.2974305005936
8623,-1329.0959521761704,650.2023315429688,0.20329408698278126,387.01123211365876
8624,-1124.9733898860095,1203.001953125,0.20391968121326196,296.02846148464994
8625,-841.5460456061306,0,0,304.47141239200073
8626,-1005.5066408864344,619.2354736328125,0.20642340555934463,318.33232666043796
8627,-954.768257645717,629.2647094726562,0.21860280697683265,315.7808395973909
8628,-1092.6614218645207,616.8324584960938,0.2330509630155806,335.7862477990234
8629,-1084.0062543631652,612.4102172851562,0.2514802720512494,348.50101639997797
8630,-1116.0418668708312,607.9622802734375,0.2665067686889251,335.27035589913623
8631,-1310.8781245304542,614.1810913085938,0.27386432145143863,355.25311849848754
8632,-1089.4419565278213,624.4793090820312,0.2608080703316888,358.4739415755094
8633,-831.3079561493595,607.4041137695312,0.24420894527625578,270.8466606024746
8634,-958.2972281823429,633.2839965820312,0.240328175049984,296.8458591692205
8635,-657.2674687578639,626.1953735351562,0.2405272061435842,274.4275565811495
8636,-684.2498655795129,630.49169921875,0.2625202331897524,283.7197111309376
8637,-973.6483724828504,643.8583984375,0.30232382808076663,280.89832694454583
8638,-1143.2034062374341,97.0985107421875,0.30840448748174276,307.98990171564355
8639,-1153.6097576758525,631.8121948242188,0.30382627738273743,362.37559862087153
8640,-1070.4985372389544,652.079833984375,0.2914832143738171,322.45946839998606
8641,-1122.0226034471832,680.535400390625,0.28292736783935346,317.41003607778634
8642,-904.5322142173859,706.1194458007812,0.2787281144440528,285.45211172376423
8643,-1025.3142270087155,676.47119140625,0.2877227497429089,289.220601647566
8644,-779.1398909113228,743.3539428710938,0.3092375044694117,307.15644527719826
8645,-1002.3781717274828,642.8226928710938,0.34979140106189305,300.410144163223
8646,-1243.9182317703644,624.6185302734375,0.38189840565845334,343.2799560630343
8647,-935.0949231725479,656.4624633789062,0.3751266706160671,318.35841100610014
8648,-1152.8974257896584,660.433349609375,0.3589912818268552,307.0695829122347
8649,-1434.8905771722066,688.0352783203125,0.3179949168949267,399.87842767878215
8650,-1056.8414398007376,786.500732421875,0.2355624612919106,318.6276785424436
8651,-1153.6036286951517,668.4844360351562,0.18318122225554032,312.7151862420038
8652,-1256.5970803761677,703.9667358398438,0.21534734708140454,360.8029568238629
8653,-1088.1472865498674,659.2703247070312,0.3100608494696789,297.46866398624616
8654,-871.9321120819976,667.7535400390625,0.40810649028696333,280.71238497443187
8655,-972.226149959881,752.712158203125,0.4860304559859745,288.20091049972535
8656,-851.2506206130245,685.4742431640625,0.5291025368916202,289.74309070914103
8657,-1262.7372132954818,751.5574951171875,0.5418986323660608,340.14363131967303
8658,-1168.3340757752871,735.2094116210938,0.7163790761405835,351.6095504372702
8659,-880.0371097454325,624.0155029296875,0.5589787170413946,331.7299905084211
8660,-1287.6969997666945,717.2540283203125,0.5365895517475909,353.21485959644076
8661,-815.7744353820086,657.7518310546875,0.5113147236476252,305.87561252637886
8662,-1277.3968923045513,640.2576293945312,0.45689578443025025,308.6702636672499
8663,-463.96125441085263,637.917236328125,0.39911952493531505,273.1584705037858
8664,-974.5959641849554,669.3446044921875,0.2985353129050869,305.1956472161095
8665,-1135.627007582635,657.7163696289062,0.2276675263620025,368.3695475787332
8666,-1218.2282843810751,687.9845581054688,0.232912336078698,294.2878125941709
8667,-1388.957226722323,661.6205444335938,0.2830818203631676,399.01810968565223
8668,-757.4042865735748,742.7442016601562,0.33660525884383996,299.1772486638246
8669,-1295.1129011753915,627.6336669921875,0.39553927074419715,360.07676957301464
8670,-1076.3785727253055,643.7308959960938,0.412178712183649,280.6271424348849
8671,-1070.819556829159,651.0339965820312,0.4049941506358823,321.7026951847658
8672,-1426.2528218080297,624.45263671875,0.38110122457634654,340.78657667498805
8673,-985.7105672921303,666.8128051757812,0.32177713720308054,313.08884650068524
8674,-940.8188402515129,653.8038330078125,0.26561182746822876,329.80530978909565
8675,-751.5467122743994,644.977783203125,0.2222931344233745,282.78715880622326
8676,-1424.928692792207,67.34385681152344,0.18895539387711593,342.3419778488453
8677,-1076.7859769028157,646.6275634765625,0.25888630792542244,339.5474595125425
8678,-1147.2055785122182,617.6954345703125,0.5166397764987778,339.14092147571904
8679,-1119.230676766339,623.9122924804688,0.3358931914042348,328.7681644716302
8680,-1115.7355521844086,622.8751220703125,0.39077402187473353,335.89797971770656
8681,-1465.1764724207246,667.7469482421875,0.455602511367033,392.7550602925702
8682,-911.6861712279962,682.599853515625,0.571667775104288,302.9548289859592
8683,-578.4615563918874,840.9309692382812,0.40854029362050426,288.9956274549672
8684,-1077.4860911452688,652.0458374023438,0.343355327679177,315.49610403550554
8685,-769.4821204514786,725.7662353515625,0.5815210799046326,286.640584155592
8686,-971.1051587818031,712.2918701171875,0.21205961745770852,309.87114958727005
8687,-872.2140540864508,701.4405517578125,0.33019122480618535,306.8239095234509
8688,-1140.5392356385673,650.896728515625,0.3378290882137662,352.87957919966453
8689,-776.5320456970275,619.209716796875,0.42497706391236534,281.87514891194036
8690,-855.6203898023537,629.4071044921875,0.5066684983181062,318.1213172323322
8691,-1248.2329391307828,635.115234375,0.6343141939505585,337.67115416628485
8692,-1184.946595257604,714.8472290039062,0.5688048853326109,315.07424970688714
8693,-987.9193174277644,668.1189575195312,0.5365579198432897,304.9373173150236
8694,-1293.604614269507,849.1889038085938,0.45261568261467744,302.7151751170523
8695,-1302.1529527180542,719.7369995117188,0.34450522052640054,350.3070319668441
8696,-1163.8858159639663,682.3794555664062,0.228691927158068,340.9910502728961
8697,-1138.117923668155,660.0123901367188,0.16285351543958182,335.6622978640349
8698,-1273.4796951388105,659.2713012695312,0.22403015344068822,313.18288121297235
8699,-966.3527094473294,629.4763793945312,0.32316682386747636,280.69728719653153
8700,-1149.944777481905,662.481201171875,0.3978901760340773,367.1081301295678
8701,-1134.6383495625819,620.376953125,0.463536508705936,295.3128499461952
8702,-1232.679251849398,643.2443237304688,0.5002300776580263,374.77243099761915
8703,-1061.4239057593018,657.1996459960938,0.5118560328692134,337.5334080820758
8704,-855.6714747181612,742.3074951171875,0.47901830309415483,259.6837307111176
8705,-891.824242048541,673.0841674804688,0.41606975988332995,280.04543744922137
8706,-1143.5973271817695,770.9238891601562,0.3274741262036714,336.2417524519192
8707,-1023.7538634614498,633.9002075195312,0.24954053201412743,276.7205463075336
8708,-788.3109758028996,684.71630859375,0.19090714057865754,265.15327615945534
8709,-1217.6807695553302,663.8065795898438,0.20703162483521043,341.68258334153046
8710,-1002.5195528785695,722.6756591796875,0.2854495639867593,311.6365889248189
8711,-919.4987747458954,666.6263427734375,0.37654859176775135,316.325299326227
8712,-821.998719824981,640.7431640625,0.4604119093326773,265.706443525931
8713,-675.7912870824061,632.7374267578125,0.5740650845691562,258.9312398469149
8714,-712.8655846331193,639.0853271484375,0.823949290701421,280.74373972371524
8715,-1256.4654238730977,673.5189208984375,0.6550123306226089,329.97731155582886
8716,-1056.2022051512758,648.3828125,0.6491323142289993,317.86251170624587
8717,-1194.6497764681083,744.1268310546875,0.5988407276658307,361.19703188867027
8718,-1479.2566853250285,678.5355834960938,0.50436537715988,401.09573119291326
8719,-964.0365483102009,645.3125,0.39460532557087546,255.97218279796377
8720,-1149.0619122190326,657.5734252929688,0.2871254012026839,348.7668989620466
8721,-1091.8700433781587,691.5651245117188,0.19927377819311282,330.79775111065794
8722,-1053.657247632283,624.9269409179688,0.14675825066280074,332.6282687066646
8723,-1185.4405771286322,770.072509765625,0.1574163250693455,325.05315241353696
8724,-863.040642764732,714.9191284179688,0.1778456051102783,309.76639344154296
8725,-1206.5943504257273,662.5236206054688,0.1999686110117354,321.1783786239961
8726,-1105.1295175761545,687.7910766601562,0.21250295021221155,320.4086242819909
8727,-1010.8835844855294,741.9228515625,0.20448069120892426,327.42318212681323
8728,-1296.2428785106401,636.5150146484375,0.20222486741916273,329.72491156853096
8729,-1061.778963525071,624.3294067382812,0.1951747395594535,288.2107439844244
8730,-994.4111012872256,684.37548828125,0.18451026732807196,297.11233362778717
8731,-1255.569202584967,659.1489868164062,0.178892764644625,363.15325618661694
8732,-614.2439505527899,652.2402954101562,0.1617655396121939,290.6470600667455
8733,-1067.5972833053274,676.2587280273438,0.15440471875731623,288.5412279665722
8734,-1376.863122537836,682.438720703125,0.15437481822928298,370.83979579587896
8735,-1094.01458131259,629.58349609375,0.15477665985622158,307.15858048338026
8736,-1066.6150542842436,1258.9925537109375,0.15949838665507435,335.91146571040474
8737,-537.950889980135,0,0,253.92614937785532
8738,-1058.879272597322,741.7723388671875,0.1827981250258059,302.787843497891
8739,-691.5987244019749,686.5606079101562,0.2070147721369996,287.1737519214602
8740,-971.5469456236988,636.4681396484375,0.24963612596766385,309.0045339731653
8741,-1179.0408684590836,666.8328247070312,0.2880357467219565,276.80835424868906
8742,-665.1677333482287,716.2632446289062,0.30119564211889527,271.7164831358416
8743,-902.4031419815954,634.1168212890625,0.32877318651405196,337.1531674780172
8744,-848.825306578238,616.8130493164062,0.3532769661629303,319.6930441496745
8745,-1147.837133186908,620.7743530273438,0.37594457543038745,344.93832757956295
8746,-1144.1770306997494,631.2197265625,0.376032780347755,320.63880488353743
8747,-930.556573926304,640.3417358398438,0.355372600527575,291.47598105309254
8748,-1222.593512473059,644.9535522460938,0.33334070634759133,330.5564805843601
8749,-1225.2321189662373,641.5112915039062,0.2921418966485075,314.26500767425034
8750,-1093.214396426833,665.1836547851562,0.23973362023885475,366.1322336344988
8751,-1014.7083856894199,622.4534301757812,0.1865251141088762,283.29640394771025
8752,-1263.7632870265254,645.4646606445312,0.14846600082420422,367.0515862825156
8753,-1006.9732639187931,629.3062133789062,0.14010124173095362,326.58348165506766
8754,-1079.2164122004806,626.3655395507812,0.1637894474321809,326.5105115091027
8755,-974.3818632097114,628.7154541015625,0.19414810652167785,310.04972013539157
8756,-911.4724971469382,635.6676025390625,0.21710714235741785,289.27344611481897
8757,-1047.9892081891942,642.0590209960938,0.2222971972188406,316.92418069016355
8758,-1097.399930073055,16.004661560058594,0.23348554782675618,317.68453516211144
8759,-1129.7623435597923,636.8451538085938,0.23900626301396855,312.3069937804827
8760,-1355.9998880665128,654.8225708007812,0.23236141961101495,379.70026722910825
8761,-1112.3771394563726,629.3829345703125,0.23576893115563974,331.9742935762191
8762,-642.0490687686226,634.076416015625,0.2318535774164751,290.11651790519875
8763,-799.2503199861699,661.5372924804688,0.2024368680103979,249.70161220043744
8764,-1392.3198720908335,673.7188110351562,0.16808034947595674,370.965899183287
8765,-1181.8953124752295,634.3771362304688,0.1535304675298107,350.0518426805676
8766,-1157.8572042919059,627.7111206054688,0.14868387352274698,316.82195596429165
8767,-879.593134998699,644.1074829101562,0.149123883413876,331.6291229133972
8768,-560.214340272602,625.1405029296875,0.15891514630383607,258.5062542251094
8769,-985.0168478890425,653.1096801757812,0.19715582993642283,335.22926162652095
8770,-1145.395259130014,625.7999877929688,0.24123540375600644,344.6033525834802
8771,-1159.385381486044,661.5160522460938,0.27772491985542763,353.13066571854415
8772,-942.5186055366913,631.5568237304688,0.2967695918310168,338.4248895144915
8773,-1112.9736580793672,644.3324584960938,0.31285219788088814,305.73417189503766
8774,-1265.4145989936328,644.0599365234375,0.3137436762884489,380.28118332565407
8775,-940.0969908043436,637.23193359375,0.28604660556537104,305.75843299139433
8776,-1040.084704108824,633.1727905273438,0.26141013336225616,316.0357465391128
8777,-1395.2530455857125,666.5036010742188,0.2228787731104151,355.33759983927024
8778,-1516.5204688643246,647.8046875,0.17006020444985295,385.7165450886975
8779,-816.6452570716241,658.6516723632812,0.13854088449281257,287.37704909511916
8780,-744.0408587149433,643.6318359375,0.15896134833863584,291.8586209032433
8781,-1113.4834626580346,642.808349609375,0.17889012663030965,350.490865622421
8782,-985.3490483254623,622.2291259765625,0.19671513796781082,329.60098730466063
8783,-1428.9155779125035,634.3175659179688,0.20849622786409455,348.8776230597622
8784,-1355.3838807533186,675.2020263671875,0.23951866892581758,346.29608082583087
8785,-904.9547077640071,639.8986206054688,0.2726805900573055,300.382467623739
8786,-964.2341603969959,645.4967041015625,0.28866488605341445,298.7529053470163
8787,-960.6969230972383,647.4025268554688,0.27991950698321655,297.3744270046387
8788,-1334.4085914768234,647.376708984375,0.2772515306933201,332.6571902213977
8789,-1292.9065971894897,643.37548828125,0.2958716191315034,360.3297074959718
8790,-991.8256277556432,627.2376098632812,0.2377399355248936,305.3292586412764
8791,-1011.7864316065768,646.4542236328125,0.2205571094634019,327.3257251770701
8792,-1027.0490096326816,631.4575805664062,0.19564008248670658,292.89958040881555
8793,-1299.831941182162,648.1942749023438,0.17528259799166956,376.7216126626641
8794,-1174.1446248700756,624.7514038085938,0.1649938082408653,336.163470802237
8795,-978.5542071969844,636.0675048828125,0.15890535341576487,286.7033360275727
8796,-1076.782189261779,645.6152954101562,0.15389475589315155,321.1757984931198
8797,-870.0920714246578,636.3330078125,0.1533059520018183,300.1384510467502
8798,-988.9570628021199,635.43896484375,0.16111918683998638,339.41923149823174
8799,-975.027444408432,627.598876953125,0.17525213544927798,265.2074971229863
8800,-1312.4163848002495,672.9299926757812,0.1839064545957825,309.88845989797323
8801,-990.1970998310932,646.0635375976562,0.18620048579437679,290.2437355237196
8802,-749.8806562183213,648.0191650390625,0.19129390737820048,289.64288541079503
8803,-866.6793928212725,10.370321273803711,0.19181670006529322,273.242097180505
8804,-749.3633862262924,645.188720703125,0.20328742854521836,292.0038938652638
8805,-1071.4317053643165,638.5314331054688,0.21782831196830893,331.1462745632172
8806,-1144.6331875077583,642.3699951171875,0.2208238655329727,335.36231848965355
8807,-692.5056826780462,632.2886352539062,0.22407714768304227,279.1047048796727
8808,-1318.7649125720961,669.0169067382812,0.22646541547301202,352.78459015166624
8809,-857.7554768419515,627.6698608398438,0.22275752691022177,301.8452699390177
8810,-843.8101318489186,635.059814453125,0.2276111384132955,326.6749687027352
8811,-987.3767410403206,632.8626708984375,0.2262065410632903,280.0873418505206
8812,-1133.255525855756,659.0551147460938,0.21498113720541762,301.9124434263179
8813,-1219.856717119464,687.862548828125,0.19334471361882322,365.1182947447407
8814,-966.9406336387153,631.4961547851562,0.16472696383778226,270.9330792619904
8815,-735.7559226398912,797.2560424804688,0.14728110113796355,258.3074324427749
8816,-1351.9970549275672,711.3267211914062,0.14209820905943119,348.02997385209505
8817,-959.7953197578386,705.6119995117188,0.15683146003334514,309.631249618503
8818,-1321.215405400008,653.4157104492188,0.18953895083043842,330.24701852444
8819,-1286.4058777689315,676.0830078125,0.23561589859373738,332.3614866165092
8820,-1302.0423957094768,687.9116821289062,0.2852884141194933,350.7106208308765
8821,-1185.2517258856706,780.042724609375,0.31634281932398967,315.15258672803736
8822,-1232.3094138645135,724.9262084960938,0.3317023959061442,332.2573638084402
8823,-1154.7344664441591,712.9993896484375,0.332696816935961,315.2883965163145
8824,-1109.4751789150855,695.1090698242188,0.31487534770913816,339.07998434317756
8825,-1214.1081626674886,690.9176025390625,0.2888499747627329,354.75937065234126
8826,-1128.4290438999367,749.3865356445312,0.25610507358817536,310.2054751864933
8827,-592.8388500996335,687.51025390625,0.20172052065537294,272.47556424082177
8828,-1345.8379228855902,678.607421875,0.1691742326617453,339.9479607327913
8829,-1304.9199055236559,653.032958984375,0.159686503939252,294.31550189705007
8830,-1147.1249811435375,659.1014404296875,0.15894143315415554,324.4837123700856
8831,-1016.9436759564232,646.0929565429688,0.161544039426159,309.3978046625613
8832,-963.6888782105152,679.9605712890625,0.1648721880025576,302.7421600321444
8833,-866.9050229653128,645.4281616210938,0.1711542100215565,296.0208807946749
8834,-1388.2920456454963,674.7799682617188,0.16785185995632546,359.72915073372064
8835,-1050.50045121423,645.3768310546875,0.16095996254453854,307.075084959303
8836,-1118.0698352061793,650.2514038085938,0.15614471728958504,331.52235862755435
8837,-783.613320723319,727.8005981445312,0.15612204688455547,247.1350978434478
8838,-1022.5339404529395,708.1060180664062,0.15734039677967734,317.46307003284954
8839,-1397.652900161232,725.626953125,0.1563580324809335,372.14242311574117
8840,-1329.3782145304842,668.4948120117188,0.15567940893641105,378.93801299688874
8841,-928.5700114012375,690.5448608398438,0.15664306606189807,307.28555229004803
8842,-858.7229006851347,748.7131958007812,0.15589936714513902,328.68182069306636
8843,-875.6693749838803,628.941650390625,0.1585431797391197,301.3767629802845
8844,-1124.1711447193857,656.2247924804688,0.16237131412454486,329.35521410044845
8845,-1166.9958149575814,650.0018310546875,0.16245161288948418,351.3884806605268
8846,-1237.5117614924957,643.4769287109375,0.15787823172324983,359.8625913608858
8847,-921.9431628021468,678.5291137695312,0.1556328945280771,265.2942500041214
8848,-1135.293798998961,1315.883544921875,0.15577682785882482,359.79691063326186
8849,-1385.091417161579,0,0,369.4705370724232
8850,-1045.2280782929718,834.314208984375,0.16678718756926858,325.64358320130236
8851,-835.9148928694457,670.869384765625,0.19074173551080406,277.65748882433996
8852,-1347.9886779496726,710.8078002929688,0.21171151040169384,366.0175400812775
8853,-1055.4354385104775,843.8871459960938,0.2588887179299209,325.87907463635355
8854,-793.9042354237872,774.341064453125,0.31413027095415874,273.72104398510265
8855,-1443.2371047712047,713.2288818359375,0.34603573578242486,371.94639526905945
8856,-970.0967090861736,736.025146484375,0.39608443985863523,303.75347579018813
8857,-1316.4253759872524,698.18017578125,0.4276629142522488,379.8946979331728
8858,-1300.711925274152,717.9513549804688,0.46731736071861185,378.5774918684359
8859,-1589.5612302869051,693.6329345703125,0.5089401608289316,416.15343655810545
8860,-818.2189910993892,669.1901245117188,0.5644532518579789,258.62506864697497
8861,-986.7163586071134,859.427001953125,0.5955215431794632,316.9610597007316
8862,-1051.4004617440987,689.8232421875,0.6014987911319363,343.6082905116535
8863,-1189.6168996291456,719.9862060546875,0.5919727804024584,328.4828990011784
8864,-1238.377303184124,662.2494506835938,0.5737547800237628,313.55099742781226
8865,-796.6501477180713,663.5346069335938,0.5479388355681059,307.24902923482216
8866,-1097.454123529455,663.1669921875,0.49510653459084747,325.79491451789966
8867,-1010.7102938039109,682.042724609375,0.43497674168692857,310.9060094238258
8868,-892.3752557135319,672.033447265625,0.3693041896066761,290.83463159854324
8869,-1191.8735581090136,660.21875,0.3029108002093049,345.5888693558265
8870,-1037.2429626976,658.762939453125,0.25507330335919465,352.11609827962
8871,-1063.4625070144878,646.5067749023438,0.2248950642317577,314.1349092048219
8872,-1197.791038428437,670.9198608398438,0.21226393977340124,329.8535575103728
8873,-1154.7177609097519,653.3909301757812,0.21062212119210755,323.7536118963778
8874,-1329.6288640293012,656.5739135742188,0.21024095462583742,338.1008787450493
8875,-1436.1290464411468,701.006591796875,0.20573979808797735,333.45928171903023
8876,-1059.3266287901909,825.213623046875,0.20765022489081275,320.4078940737306
8877,-1109.917327585946,646.2245483398438,0.21883274247904805,347.0111873132598
8878,-946.6007318857296,641.367919921875,0.24506440240848398,251.848091426672
8879,-616.798062714496,674.6341552734375,0.27026389541896295,286.2778123978701
8880,-745.9344649336915,661.8466796875,0.28209658899978507,263.67746703770905
8881,-937.1394353779222,701.930419921875,0.2802864113782644,264.17198081799097
8882,-961.6053342403119,706.596923828125,0.27058021242893204,309.4547285930621
8883,-878.2375921358471,676.8344116210938,0.25674856257941947,284.915732759288
8884,-1195.8683235248186,654.3062133789062,0.24232924171489345,322.4907562469881
8885,-714.8389179288853,655.975341796875,0.23245604559243466,297.4635969725291
8886,-728.7598813773293,710.8627319335938,0.22125189081784624,277.6638511919077
8887,-1234.0337394794367,664.239501953125,0.21523402161437372,324.8711909388786
8888,-1043.5581466186318,674.768798828125,0.21438467223441854,326.8162651562152
8889,-1017.1074201487198,675.4945678710938,0.21406236966771108,305.3975745665858
8890,-926.48296686172,72.18315124511719,0.212123178628455,325.3197917482065
8891,-811.1563674580902,734.733642578125,0.21102577169916412,301.17272330660916
8892,-971.3521166465196,846.7080688476562,0.2131483797500661,303.8254318358898
8893,-1183.0662506678207,778.11083984375,0.22158154626275253,291.4995143163235
8894,-1027.501835451034,853.2752075195312,0.24241223426170408,309.1379178752297
8895,-960.7313241435257,802.180908203125,0.27718690410408714,279.7740947668268
8896,-1169.9058915617275,718.681640625,0.31254758163254004,329.8924333233445
8897,-873.6453670718427,734.1498413085938,0.351941872053107,288.89906450064086
8898,-1076.2136510739583,715.7188720703125,0.3807774949840521,305.940390647496
8899,-1143.6150660351454,723.583251953125,0.404235461759039,320.60373355835134
8900,-905.6484652677793,791.1919555664062,0.42450869316029194,306.01819286043127
8901,-1235.7129343399856,802.5582275390625,0.5733590123418253,374.80062677215244
8902,-1294.081566428025,760.0645141601562,0.5399183647532482,338.55964314818766
8903,-563.9551643773681,701.2545776367188,0.46709138906754005,285.88528903567595
8904,-1118.3856001844538,711.1097412109375,0.458650877059692,340.5442845995386
8905,-853.503461882136,657.525634765625,0.43833648413580045,321.1297203644005
8906,-593.4521371341341,653.5465087890625,0.4076295886350019,261.4172967757197
8907,-867.2121110134943,727.4932861328125,0.365450191300371,285.68782048155737
8908,-960.6776453287938,694.2276611328125,0.32841132904673187,234.94430797957065
8909,-919.9113168661509,683.0465698242188,0.29895182090081385,315.28191570075785
8910,-1028.2962820913128,656.1851806640625,0.28266977363450957,291.12450429361047
8911,-1017.4805690300537,684.6829223632812,0.27657745494451036,330.1730072604232
8912,-881.4426082606876,671.303466796875,0.2778909618297662,300.95277611022476
8913,-889.4577834003381,683.5742797851562,0.2838655916410983,312.414546730765
8914,-1186.2095114509084,653.0381469726562,0.29011939093581957,353.22724484155896
8915,-949.3200122140134,706.9406127929688,0.28773479664570417,287.4945454818997
8916,-1041.3724470425036,672.2376098632812,0.2814390454625333,311.1784224356188
8917,-1096.3956874898845,785.905029296875,0.26761357486370685,280.20655344202254
8918,-1174.7730205780535,724.7758178710938,0.2544221077428213,354.6062401081493
8919,-800.8042935553952,703.2467651367188,0.24663458019988116,315.35372586741767
8920,-881.6549252739574,714.6485595703125,0.24686384574186454,321.73998588486336
8921,-864.092408419343,641.0608520507812,0.25411228116283935,304.852823547219
8922,-1040.7412181885536,659.6386108398438,0.2673777211500892,292.82384890067823
8923,-927.1690322768828,709.2467041015625,0.2847354755413339,270.7817576001812
8924,-863.3433487261468,717.6312866210938,0.29907801005317275,305.60775772825997
8925,-1027.4093924367628,712.2864379882812,0.3128655505975238,278.16262967408284
8926,-671.1442402179955,682.130615234375,0.3178924267564941,298.3730124030483
8927,-820.1822316888898,655.1351318359375,0.31488940652047837,282.63667105218894
8928,-937.3620023637387,705.2953491210938,0.30671970759251016,299.73499190988576
8929,-734.382521775669,723.140625,0.2942634012319827,306.75150908879425
8930,-920.2384456875604,812.0032348632812,0.2832482841362207,301.3515220224746
8931,-981.3348121694776,879.2313232421875,0.2770587711550365,321.8664063712799
8932,-852.3989221094831,812.80615234375,0.2826632096795618,295.2620554958979
8933,-1031.080957416979,722.969482421875,0.2972220461828992,337.6123919711392
8934,-1055.38889454724,743.4632568359375,0.3141555047426541,297.14876673485765
8935,-817.9608056004982,752.1368408203125,0.3324633815353497,294.0652267845623
8936,-895.0812942328715,750.9354858398438,0.34959835566217484,304.4708581507956
8937,-1098.3559954036573,717.4215087890625,0.3563431035789237,301.37156173683996
8938,-943.0433236880261,704.067626953125,0.35576490875225114,290.178353066397
8939,-1167.3657126303426,797.7510375976562,0.34712409600928645,298.04433014306113
8940,-1003.523143424459,674.2086181640625,0.3297430109543165,310.51782319440235
8941,-472.06549622074726,639.1906127929688,0.3171186812373119,290.02053452855085
8942,-1197.287655637935,688.5123901367188,0.29479480909102973,319.51131327209316
8943,-1091.824243663553,704.4034423828125,0.2669241354673142,309.77499410496415
8944,-954.4246022601088,680.4668579101562,0.24168880292580158,295.26056447967005
8945,-1096.5083238880638,694.178466796875,0.22386814377177824,342.4782783820089
8946,-1215.4129745730588,657.9663696289062,0.21852219664009043,345.4034725444382
8947,-1030.1836312959617,719.2933349609375,0.2298619132839087,309.0648068264171
8948,-664.0511238660886,698.8591918945312,0.2475032103136374,288.68131436895374
8949,-837.7116801637128,674.6719360351562,0.2630565879889305,304.1389463306461
8950,-956.5615480303314,680.5391845703125,0.2754384261950687,270.60381433435236
8951,-1005.5379475692414,677.3740844726562,0.2818585019575226,326.5406422766241
8952,-529.5209610335411,669.8263549804688,0.2747016681951209,263.6819045475795
8953,-703.268742277014,683.162841796875,0.26102864655049296,277.12505420311834
8954,-1041.125069211272,684.4661865234375,0.2511966454433682,259.58154360840365
8955,-1050.2421220052684,681.1626586914062,0.24606373826775185,309.3822263030179
8956,-954.057176158855,675.9876098632812,0.2463161280809461,307.7197248426987
8957,-968.2184425714939,675.4130859375,0.2521649297548926,276.1974432169644
8958,-943.2955718172133,680.837646484375,0.26265912460770335,309.8790613510332
8959,-1060.6668462825073,61.11221694946289,0.2698356155805197,250.6944730909872
8960,-1172.1368925762313,1310.8223876953125,0.27743774456984055,357.8266943245787
8961,-1049.3612376335725,0,0,309.07930617318493
8962,-1015.8014554096325,658.6531372070312,0.2813903854238926,318.12582958388083
8963,-920.5575068745158,655.5269775390625,0.28278383289166387,305.6438096443536
8964,-954.450886936729,695.2081909179688,0.2845071655911843,316.58616504554186
8965,-981.1448918507955,652.7592163085938,0.2840734068390336,295.79715114810483
8966,-724.3689822359978,666.065673828125,0.2803256990087898,288.46547588712104
8967,-1336.2871345889182,688.3729858398438,0.27762967933910343,352.97884344912194
8968,-913.9718441936268,718.0152587890625,0.2636854020988477,278.8413160778818
8969,-715.0885280940446,693.7105712890625,0.2507387517783812,257.038460171596
8970,-1047.8607203309934,717.9403076171875,0.24246260569296235,317.28629717374
8971,-607.8616067093155,699.287841796875,0.23364926888204968,287.8335950709221
8972,-1177.873231346942,655.2149658203125,0.23138004349076566,338.15020468820956
8973,-836.2806597439295,653.6765747070312,0.22679590831560725,287.19160648736374
8974,-976.7312326690726,663.90087890625,0.22518375165064414,320.7252161043348
8975,-1165.841920535606,16.6220703125,0.2224456501816121,301.1911428865275
8976,-745.1287261480164,712.8488159179688,0.21731602776765385,272.2061177927814
8977,-1056.9379234548364,674.0032958984375,0.21682137186839273,298.09147585281653
8978,-525.5373551114781,668.0291137695312,0.21658462756824798,234.36788827337836
8979,-1286.0028704088745,701.8350830078125,0.21906927805658227,316.2119874415941
8980,-661.0913134371756,678.3938598632812,0.22064779788918043,255.95641172294899
8981,-784.8776387082403,673.7245483398438,0.2256313003726537,279.14262690673144
8982,-1001.8725548504364,662.1205444335938,0.23467047423903314,313.5182830917788
8983,-964.8237983831882,702.2781982421875,0.24747520899765552,327.84808576439343
8984,-1061.8092905816081,647.2964477539062,0.26013996112081816,288.8036489869877
8985,-786.1695258789902,669.3330078125,0.27136810496875347,295.330598849821
8986,-1003.9399429472018,664.4029541015625,0.2850269757548781,251.2040669249171
8987,-1059.4217478948676,687.794677734375,0.29278764432061394,327.6684514854209
8988,-902.7734204233302,651.6358642578125,0.29445970717009157,307.6238661420132
8989,-814.1188506804749,652.8906860351562,0.2937629767850911,282.610711379345
8990,-565.1288557492105,675.0941162109375,0.2954239735525368,264.008218884924
8991,-986.8845420870406,670.8162841796875,0.30084035732983994,286.22652739731274
8992,-1005.3886638637864,668.8148803710938,0.3006507703993915,298.37491287104547
8993,-1108.0722601692694,712.4044799804688,0.2918668565712662,349.4264852986262
8994,-617.3025913669555,697.170166015625,0.27374485136950255,255.32970791868814
8995,-1097.8111492238847,672.8921508789062,0.2627241369348735,317.80170084804445
8996,-1252.7547217352537,668.912353515625,0.2449029944957002,306.3884300611576
8997,-859.7946020878775,33.84478759765625,0.21748460828446703,324.58282412180085
8998,-1069.1618570747296,652.6807250976562,0.19919601513251273,319.846595544243
8999,-737.4452529001022,653.5624389648438,0.1900559234530293,284.75842531676193
9000,-877.5269771181136,679.4639892578125,0.18823966663798308,291.63618406456646
9001,-479.32572527460354,682.8783569335938,0.18966989284739758,267.4436708090563
9002,-960.5167271478108,679.2554931640625,0.19504147492508833,261.9156200127036
9003,-655.5902726879409,677.5350952148438,0.20567587857502811,260.8619746433348
9004,-1074.851710789764,678.9588012695312,0.2233142092479034,285.8639605442141
9005,-606.7115782469824,664.589111328125,0.24321221374356466,278.7029673193999
9006,-1309.8214431810097,670.3250122070312,0.2693409073585402,315.0056600229097
9007,-1398.4062071784547,685.7435913085938,0.27853138186253346,348.0629307992081
9008,-883.8085400712189,680.2467041015625,0.26962901965850844,286.35410316318035
9009,-902.1485104827323,664.5825805664062,0.2592837725003147,286.25523513284134
9010,-983.7799068419054,662.9178466796875,0.25073959006904284,289.15497804045367
9011,-1050.5627206686759,668.5213012695312,0.23952628730359876,278.98048392006734
9012,-835.0418816162679,668.2627563476562,0.2296483055538719,282.4543915698748
9013,-981.7050740758483,688.2821655273438,0.22534233148764504,323.2513880527974
9014,-1064.252880001247,660.9794921875,0.2162570500054496,288.97442336817244
9015,-805.1479511893731,667.14794921875,0.2075224025358946,265.48022643737244
9016,-866.900226784739,690.10986328125,0.20830461610048334,288.5680956279027
9017,-890.5703731195265,664.5570678710938,0.20908771373363066,286.46866416983397
9018,-1016.0642630306155,678.3904418945312,0.21100714008415705,324.48002111018803
9019,-726.6228311644351,648.206787109375,0.2142755864203546,261.5489133508558
9020,-642.967484575475,671.3939208984375,0.2274195123525008,291.1476110903989
9021,-766.6094221662321,665.995849609375,0.24640005642572788,272.66993458956
9022,-1072.7672306604943,672.0134887695312,0.26842033120384823,338.32284820566736
9023,-997.6965101932475,646.8161010742188,0.28553191862109784,344.0822049335177
9024,-872.9391434163367,653.5455322265625,0.29284270987855043,292.9867290757231
9025,-405.2732394821304,660.9328002929688,0.3145762693869538,253.3300940199867
9026,-465.52557660327165,668.2301635742188,0.3544253017771124,276.0077005926894
9027,-826.3074146199779,659.262939453125,0.39878916554429855,304.3773999571451
9028,-554.9871448584645,651.7256469726562,0.4375565462032698,253.4537476415102
9029,-399.45307653189633,662.3048706054688,0.4872674343824187,261.89901070785737
9030,-1316.693954709099,682.8914794921875,0.5228605942956897,376.1352249031492
9031,-923.5750546878204,677.0070190429688,0.520574780675326,308.3414973551607
9032,-760.9657360391103,650.4100341796875,0.6305702206591377,303.66699302227784
9033,-1090.7103898523462,679.7210083007812,0.6040791317063849,323.66391990190493
9034,-1030.9902348775602,671.505615234375,0.4153651972300563,268.15610281202555
9035,-663.16573070542,678.8301391601562,0.3709373330266594,318.1273788673566
9036,-775.704643342597,660.572998046875,0.32068139702358783,255.04404932407718
9037,-702.4484256363525,673.933837890625,0.28050376892729134,247.45655853197078
9038,-682.9116411832141,677.22119140625,0.2595120603557858,291.09529234489577
9039,-971.3537151170435,665.6239013671875,0.2345561838234323,300.6305998605618
9040,-1066.90170435164,677.4501953125,0.1992658767227894,280.1675840315169
9041,-1189.8674069442104,680.5512084960938,0.1660359114388461,321.4365599673837
9042,-819.9790669105977,652.5657348632812,0.1469669955422523,266.4227200318518
9043,-1208.6331056488807,688.2543334960938,0.1462362053641204,330.5708916246841
9044,-788.9018496361667,659.2490234375,0.15887662115445522,296.4770760949652
9045,-821.3764815356492,657.94677734375,0.16773991891847345,283.6826713210797
9046,-733.8784394737136,669.9271240234375,0.1649574260155322,269.5662542303134
9047,-1079.7872686488156,684.42919921875,0.16264131293194423,293.4984374425058
9048,-1042.7683230928917,664.0354614257812,0.1574813164792473,319.9214217554737
9049,-1387.663633098836,673.2034912109375,0.16019869795563024,369.36055179343776
9050,-877.5529318469924,657.8224487304688,0.16310415483878504,268.32264223801917
9051,-716.9841475253506,675.2931518554688,0.15670420409959362,248.62061248271078
9052,-982.2610518938577,689.7664184570312,0.14985037166469628,289.5857198738022
9053,-1031.9776422270136,693.677001953125,0.14841249771818193,348.01742304132335
9054,-759.6059004095769,644.3446655273438,0.158757638531471,294.9534815168798
9055,-876.5553063551016,662.0485229492188,0.18132429532584649,307.7744238524501
9056,-779.6961209333842,652.26025390625,0.2179981582780819,315.63606234364613
9057,-1163.371064923871,670.3110961914062,0.23976184026799774,322.2752547112912
9058,-701.3717280384042,650.54150390625,0.2706785523076167,312.2817196009138
9059,-642.1276880779692,653.6282958984375,0.30942581448556516,262.63178475370023
9060,-916.4311538521373,676.1718139648438,0.3408039045059616,295.6487685178808
9061,-669.9121419676736,660.003662109375,0.3751824237417878,272.6923797472175
9062,-929.9604878305765,699.154296875,0.3912406033057834,281.1064284855338
9063,-919.8541814015687,669.2027587890625,0.39411717601467056,298.8342935184079
9064,-1041.517707951681,678.6325073242188,0.3803581660525692,311.87847351507014
9065,-1112.7872372765246,689.44775390625,0.3464126010392993,304.88869622706244
9066,-757.2935236446947,654.1630249023438,0.31580136775976075,290.7724194364915
9067,-985.8660687445533,674.0242919921875,0.2745883177016112,301.0931496816678
9068,-914.1907456987439,665.2608642578125,0.23251671541011254,294.17224418536216
9069,-1131.8438578167397,687.1998291015625,0.17940817586423918,305.2573275837463
9070,-1016.5664667798942,702.3285522460938,0.1380097819665096,270.7743976096592
9071,-781.4282911196597,672.1171875,0.13139744615309645,291.4037810444507
9072,-1035.9507731683816,1304.67724609375,0.1379879931194969,337.1211291339655
9073,-949.6130758389068,0,0,277.14221497771155
9074,-1015.8590484886155,676.8560791015625,0.1465769059939365,298.08312613382583
9075,-1156.2733281177302,686.7838745117188,0.15754047136169033,293.5660605676643
9076,-931.316077075027,690.0703735351562,0.17735018402323208,306.882871437666
9077,-837.1762307165737,661.8869018554688,0.18851369927108408,288.8282071180307
9078,-856.7395295839585,668.6746215820312,0.1839532657024905,262.1807700660929
9079,-700.0887522335993,682.1978759765625,0.16693946760563083,275.99789741503224
9080,-747.4484455826466,673.6047973632812,0.14081890353643356,315.82688396510235
9081,-892.8001192735176,679.3939208984375,0.13890808448777606,287.8045408163255
9082,-436.7817141546182,690.0230102539062,0.1780993732170179,229.23640951107353
9083,-837.6906564866472,704.729248046875,0.2692211030693981,293.85466504010645
9084,-875.5736654947145,663.1642456054688,0.36460551904882055,303.2383074020918
9085,-1012.8496955801942,683.5520629882812,0.4421567808865108,345.6511183849976
9086,-847.5228001872948,659.89013671875,0.4886689819462032,282.0679384042515
9087,-720.1686439122608,732.743408203125,0.5083136707568954,293.06582812554245
9088,-1047.690829738987,685.754150390625,0.5130897983946228,298.48018188177474
9089,-657.6724915560975,691.8497924804688,0.4870925067737626,255.6303423766069
9090,-1003.4712033276138,670.1830444335938,0.46342907170185177,321.42539096533875
9091,-1057.0315937917499,744.0736694335938,0.405040552192794,308.4300112466365
9092,-892.4330273513727,675.5460815429688,0.3267884497900231,284.8158047783046
9093,-966.5421406656078,669.2149658203125,0.2502266726779362,305.1768313401705
9094,-1021.1860778293811,696.0423583984375,0.1825370872407252,297.71175610129694
9095,-1399.4121203482423,716.5153198242188,0.13234686731169312,354.3363388583157
9096,-893.3517923912731,737.5376586914062,0.12253272179650909,304.73908091984293
9097,-1050.098717612501,739.45263671875,0.16287250181871116,315.075983882525
9098,-1028.3744253176503,732.0742797851562,0.20401832685766724,314.640502580608
9099,-1201.1109712205969,748.9218139648438,0.23182272621688044,332.01611982854484
9100,-1027.6987365192892,801.7086791992188,0.24124863619392994,312.7081937554879
9101,-703.9450482632524,734.5375366210938,0.23992293888624122,261.71116539463856
9102,-873.0329065325577,760.3409423828125,0.19809079097234333,257.2936601181758
9103,-787.3494122044269,840.0791625976562,0.13429793471309281,292.11073745179965
9104,-644.8834622182513,758.9227294921875,0.132976229740977,278.81465595625355
9105,-788.263526225654,718.2215576171875,0.22646579146614196,240.13546146391693
9106,-1023.4333941792283,780.9779052734375,0.35390022024656775,308.2695677385254
9107,-1004.8310927304506,784.5711669921875,0.4659316313737162,277.3763341462227
9108,-852.9800791699296,707.2706298828125,0.5528089664905405,272.40083222526823
9109,-654.383452768942,704.3597412109375,0.6231694930161317,271.9273212323114
9110,-939.1943302501052,666.7208862304688,0.683841953844307,276.5786054848141
9111,-1026.028238980179,704.4264526367188,0.6940265493507356,264.36557551057297
9112,-771.5865274587,690.921142578125,0.6720372369150374,318.0970448639045
9113,-868.3538633510926,657.2924194335938,0.6355309152428634,306.3653296334921
9114,-1215.1913268617966,702.6345825195312,0.5639966344257137,287.4963216006495
9115,-1017.9975136004094,708.6470947265625,0.4483632932492483,266.7080994842852
9116,-968.6556624874659,683.4291381835938,0.32873175955700557,321.90825158682304
9117,-673.442414027927,669.3294677734375,0.19979917910014777,233.43067627042984
9118,-1054.6546326067426,706.1740112304688,0.11825470934591323,340.6109623116929
9119,-1028.979322030832,662.8739624023438,0.11836329155704424,276.31393148989565
9120,-1096.5615930753036,682.1317138671875,0.20121315959929728,337.29907610204634
9121,-1277.0238245457704,667.53173828125,0.3039903305650084,301.07702074132044
9122,-938.0111405676782,677.5924682617188,0.40731098216143374,282.25454681713006
9123,-822.5105689973998,682.7876586914062,0.4831949570816092,231.6438748554564
9124,-1004.5191406142441,721.3764038085938,0.5048451333336712,310.687976538815
9125,-898.881632002583,684.594970703125,0.4807739422789795,303.62681158522537
9126,-968.4287979815115,697.2706909179688,0.4215654808998084,336.5488730552768
9127,-1245.0518595508404,660.5261840820312,0.4583088850558852,333.9709209607181
9128,-1340.8792626141355,671.9007568359375,0.3167665012620053,363.7378982039138
9129,-1025.8443792366284,708.4127807617188,0.2978873489779539,309.8070471528377
9130,-1056.5520655242167,689.8712768554688,0.28492125011675595,306.01926302118864
9131,-1040.380191722803,669.3211059570312,0.26305237653812025,319.81126312363256
9132,-780.0936541884033,675.1505737304688,0.22634889006122477,285.6630138222975
9133,-771.1847265996907,684.4650268554688,0.16420781419865668,310.23557157851144
9134,-1075.1914976280998,668.278564453125,0.11730472433712823,335.4503327389928
9135,-981.5956884692803,669.0601806640625,0.11462161080674482,342.7797205711129
9136,-882.733974275721,662.3987426757812,0.1556825167590385,334.29667851156216
9137,-929.988451919527,658.2686767578125,0.19870810552089668,298.0802791601609
9138,-955.4907550846322,670.0942993164062,0.23682253693115773,307.2694963338282
9139,-1443.0294113562072,690.638427734375,0.24290641988832976,368.6629591639491
9140,-1077.85178171388,689.717041015625,0.20905917405323793,312.26413031450323
9141,-1084.8537362693587,676.0791015625,0.16332988744379304,306.5244664897889
9142,-1013.6239506141052,740.5089111328125,0.11945841222268427,322.326976638105
9143,-901.3899434117754,689.8666381835938,0.10093405329359939,326.11434492347917
9144,-1001.0985795612754,664.9135131835938,0.12692829012121365,331.1198277249892
9145,-752.4896691187242,664.8551635742188,0.1508799210932599,287.7022758967567
9146,-1014.9805941991598,673.2962646484375,0.17180353828807426,303.39626302404474
9147,-1045.3265203585888,679.5628662109375,0.24400744325248525,288.8563085640175
9148,-1070.6501799432726,694.5518798828125,0.20500048184560055,320.75961337669105
9149,-631.37646022511,662.5184326171875,0.19377101486179527,264.94396672069496
9150,-822.9391111931127,696.0970458984375,0.1803306879082811,296.08725132492236
9151,-672.2178902414988,673.43798828125,0.111539390552025,300.883487107485
9152,-922.1027775426746,673.4331665039062,0.11153557983060458,300.07011846337895
9153,-1026.78275127181,674.3631591796875,0.1734227912274946,288.2310917054226
9154,-915.1604771542808,697.9507446289062,0.23726755258394405,259.98732611446565
9155,-787.5397504590984,681.3961791992188,0.26541557200835086,305.7811808296672
9156,-1045.5760086652547,669.4114990234375,0.2750657437081827,344.60419797363846
9157,-613.9286863619409,683.4013671875,0.2851911205395936,252.232652849602
9158,-650.6680763016302,688.8356323242188,0.32132067496445416,255.46633335611574
9159,-1035.573537080636,697.516845703125,0.3595283163849672,310.71250287771164
9160,-964.2432765586618,669.248291015625,0.49011341284494847,325.5882520317782
9161,-725.2768503197378,661.3903198242188,0.38277491564076627,290.15606463990565
9162,-1021.9860332936086,697.1503295898438,0.3292591751601222,274.3980655098837
9163,-915.070871813649,673.8154296875,0.31145222331153777,325.0492707363718
9164,-1187.0311793853114,686.9603271484375,0.25813641313454205,301.17128988169725
9165,-1127.44084406479,681.5671997070312,0.1911777343212293,334.25334861862126
9166,-1034.5237161343396,670.6326293945312,0.12280215081293022,299.3054144609789
9167,-919.6026724031162,670.0794677734375,0.0954193521038178,316.17775629316174
9168,-1012.5106258811563,668.9216918945312,0.12359998185204232,316.1280319108266
9169,-867.2343759970532,670.249267578125,0.17367494900683256,247.79716568882864
9170,-911.395235632622,694.4735107421875,0.2054696318732253,325.6482376857243
9171,-863.8851937110585,660.4443359375,0.2198365879051245,297.4915923623676
9172,-841.5499049392951,679.1696166992188,0.21407948835354773,291.75157187084847
9173,-725.8363988390813,673.314697265625,0.18132575712146975,284.4754526083035
9174,-720.0922828147735,675.0910034179688,0.1321951615380434,277.5782899057399
9175,-632.4823206342256,678.311767578125,0.09821438137699427,304.42500611730094
9176,-1030.8626461225892,679.44384765625,0.12944009936095774,234.62953877625307
9177,-1070.392788192574,712.7249145507812,0.1708847684839137,311.05280879190974
9178,-820.1972899937242,663.192626953125,0.21700574798995106,294.9305563787383
9179,-769.1394270421721,673.5698852539062,0.2700058238827617,320.56177194247067
9180,-877.336694880055,667.3417358398438,0.3148721850403669,312.99684581893405
9181,-598.8148093402473,657.5819702148438,0.3699967361664862,267.9872940972657
9182,-834.3263992840716,682.365234375,0.4152870635046323,277.1902523293366
9183,-736.0514691781688,673.386474609375,0.45450150455066307,279.9812939074684
9184,-947.6607997472094,1330.86376953125,0.4907887949998029,311.07810960097345
9185,-992.7634542500814,0,0,296.25634726581444
9186,-1331.3023050329616,40.46376037597656,0.4677661634305011,376.39399293600167
9187,-749.0772012904637,695.8085327148438,0.38850759517542166,307.2154286044342
9188,-789.5103922173535,659.8296508789062,0.3166796698238933,284.7865416621659
9189,-1050.4333048217852,695.3214111328125,0.24661174238437172,324.03377495368113
9190,-936.9422006873964,676.027099609375,0.16682416601092145,285.7661191136944
9191,-881.3719946949793,681.9734497070312,0.10381528086850156,307.0468037711818
9192,-839.9435200780866,681.6932983398438,0.086431372148561,300.91079694526474
9193,-965.0385246450167,680.1669921875,0.10326302850878483,310.8454015209564
9194,-1141.3741091030986,671.2626953125,0.12698936371102598,340.4194722185543
9195,-475.566498197222,667.5380249023438,0.16080918163767713,298.7679726461382
9196,-1245.5578439867288,680.8321533203125,0.14803312119942447,341.21748433785154
9197,-872.0884332069049,674.8217163085938,0.15227364010189848,275.7785745685369
9198,-1160.6523488851108,685.96875,0.1448000134690083,302.75176897643405
9199,-844.595929684066,685.0474243164062,0.14791060104733245,298.7815463674158
9200,-1009.150359284378,677.6759033203125,0.13989022214505753,296.66059225070853
9201,-991.5612931439795,705.2911987304688,0.13693865017821621,303.73068013838935
9202,-998.8047948662187,673.5294189453125,0.1303491106009768,319.94946758456683
9203,-761.8006325350968,668.1212158203125,0.12344961544561114,306.94156547156325
9204,-797.8297372567187,669.42919921875,0.10286483322107733,315.0681000696923
9205,-1103.3335113185437,663.5560302734375,0.08981478959472372,343.46103359351895
9206,-1269.7764008134418,664.4527587890625,0.09271154460068598,330.6162754467058
9207,-1425.8306992931105,688.123291015625,0.09021481844730508,362.8890229316069
9208,-1140.4062987849964,61.67459487915039,0.11679648166571632,318.5357341605827
9209,-719.5863989993851,681.5321655273438,0.17737787329443758,306.238715875127
9210,-996.3070065858732,685.39208984375,0.21039799373462542,333.7661513554135
9211,-801.7645482286417,663.8369140625,0.23079208349814523,302.1036715878711
9212,-944.3770894912393,672.2509765625,0.22649447913788012,294.266887775217
9213,-643.1371455530602,679.8910522460938,0.21056756324203327,282.15993979932216
9214,-1065.1085665361918,689.2950439453125,0.16808913783479795,309.8443020476783
9215,-1113.161012977232,677.432861328125,0.13539217223326985,309.825415809618
9216,-1295.5307078473465,680.4799194335938,0.11634903401820067,330.11456482750464
9217,-1008.731123872469,686.7413940429688,0.11367251806128993,320.53872057174897
9218,-924.6739168571016,670.3529052734375,0.11127063542768749,277.49432037059086
9219,-815.2877084933739,686.0679931640625,0.10742424477414547,296.48787565762797
9220,-829.7166433413868,678.6661987304688,0.09979396740699865,299.5267500399556
9221,-956.0882384104656,674.2933959960938,0.09389644731579415,299.02780156759724
9222,-826.4113658741644,672.5697631835938,0.09517979707465749,269.7645300284795
9223,-728.7431757548009,684.4645385742188,0.11067331817101961,271.73901994062595
9224,-523.1766014294168,679.9841918945312,0.14502762378705247,279.3186879948875
9225,-1064.563438648583,686.2086791992188,0.1983333730958623,289.5121215241482
9226,-1087.0056557362273,695.9393310546875,0.24221354487327917,332.2290847068139
9227,-695.0997270083044,667.7679443359375,0.2725661241425977,264.1368013086485
9228,-1025.4560189036497,687.1885375976562,0.29993622540975895,315.56554089047256
9229,-1550.080397190134,716.80419921875,0.28488487787819095,343.7600513317608
9230,-1140.557611135028,732.242919921875,0.21323117439451597,301.3299753823848
9231,-862.9109813988447,682.7025146484375,0.14363275282189908,325.74656298003197
9232,-1128.2915355378047,682.9249267578125,0.09287090350595745,295.0542699988193
9233,-962.7748088885284,686.8501586914062,0.10382663053798069,330.29057673041507
9234,-708.5956902199341,664.0130004882812,0.1436902576512281,314.22026583674887
9235,-958.5266792906542,668.7886352539062,0.17914137267089367,270.58046127255847
9236,-1129.0401874028735,697.4837646484375,0.20894349405707127,321.5431937198113
9237,-838.43407761453,668.814453125,0.23043874992935226,279.12682707056143
9238,-1124.045437112744,693.106689453125,0.24269109868937236,328.72018102713054
9239,-1033.1838893325678,668.3037719726562,0.2516733154127755,291.3319032454198
9240,-794.1429906112675,684.4635620117188,0.23915605619875735,308.0964572702376
9241,-879.082187217836,676.083740234375,0.21192305549221016,303.3612959250858
9242,-664.2010374072578,674.6740112304688,0.16988430574630026,289.5210364267722
9243,-1236.3528929999327,686.3294067382812,0.12810675935804738,344.37281816544305
9244,-931.2513713919424,668.6727294921875,0.10242205627914562,314.3850948721561
9245,-1054.0012751198353,675.7338256835938,0.09371687007594795,322.4206326951028
9246,-796.7226253145084,668.2352905273438,0.09818599609341001,314.2580679657302
9247,-916.9755123456922,667.8766479492188,0.11268973529901477,288.8804876411361
9248,-1136.576997249839,686.5839233398438,0.12613917235595312,285.50040921905384
9249,-930.4142074229214,692.8704833984375,0.13050430335214025,324.5522968873992
9250,-834.92405573718,666.2015991210938,0.13424940922379483,306.7412480832044
9251,-1059.5151106501585,674.6607055664062,0.13674240936403093,334.22017710619014
9252,-1036.1424618776473,677.7771606445312,0.12286004512668833,295.031472258875
9253,-805.6187502120092,678.0982055664062,0.1132207384648238,245.98696100207417
9254,-889.667839797405,697.0922241210938,0.11518131528806563,329.289317712116
9255,-642.0013181180743,666.7267456054688,0.12618324722640706,313.7336899701994
9256,-868.5822783720972,669.5386352539062,0.13965039315783637,307.2342173114235
9257,-1022.0036339451037,686.6004638671875,0.14191015105890736,282.57829919324155
9258,-946.2814521932653,689.008544921875,0.13509685072293665,300.0379376177643
9259,-1015.589415148804,678.6497802734375,0.12539210087980424,287.81933413346553
9260,-1108.101675166626,699.4031982421875,0.10453655818893463,306.87889467650683
9261,-948.7552799687703,677.9964599609375,0.0938527683307433,336.2715816789042
9262,-918.8535636096844,667.0748291015625,0.08815842283284171,272.28667599842066
9263,-1233.324988364512,704.4586791992188,0.09943232645922179,324.1063982597834
9264,-973.6748025618222,675.2235107421875,0.12245190014960702,332.6927505038615
9265,-1227.2421843126247,711.435546875,0.16357992065020327,283.66648967891587
9266,-1122.4840622073177,719.4514770507812,0.20217388025353822,337.0728650818071
9267,-684.3069318593459,685.2015991210938,0.21811682780413727,261.99942883455844
9268,-887.6683142711063,699.1549072265625,0.2096526268720572,316.7795040231176
9269,-914.4643203914791,682.8146362304688,0.1858640204670074,328.3024138547101
9270,-768.8227713140454,666.072021484375,0.15145558108514123,305.7317469052885
9271,-1035.876935026557,694.7919311523438,0.12298960732102324,316.62219665882446
9272,-1144.9452937371582,687.6375122070312,0.11194601982986857,312.4709703053835
9273,-924.0372747066997,682.61181640625,0.105744357695648,288.6806537232108
9274,-1306.6738099251008,707.5206909179688,0.11030499351429282,354.5245493796534
9275,-1278.7070641723171,687.416259765625,0.13606023152971167,309.4063341957846
9276,-1047.4920412799272,681.0138549804688,0.1658526800181126,327.9937648001561
9277,-1040.0241940063715,678.7719116210938,0.19990742383663251,302.774046086984
9278,-869.0384688034877,683.158935546875,0.2190555614714018,277.99660878873743
9279,-1101.8063104550963,700.7753295898438,0.2391026847220802,286.51566059426625
9280,-951.7777011581602,684.58349609375,0.24429206563266942,323.0914742712006
9281,-988.6983368919055,703.7054443359375,0.2385377912694506,293.62781307366566
9282,-1032.151797620205,699.9185791015625,0.2310062192400011,291.3535999516828
9283,-1047.9264173574702,705.0590209960938,0.21578228125245313,340.2721712179627
9284,-1051.7541938075594,710.39990234375,0.19900571682534005,303.36942458378195
9285,-716.3843107253513,721.9973754882812,0.16091748753203725,268.32093781490346
9286,-784.3978681730083,45.58545684814453,0.12929144602957182,270.0230587248834
9287,-1295.518943752745,721.2495727539062,0.11919383823173635,293.629746160756
9288,-822.20937262331,686.4520874023438,0.1083967070704572,261.4598451946405
9289,-1181.0582448830783,721.355224609375,0.10690784037023342,343.48821106456097
9290,-876.5867764778507,659.5387573242188,0.10475925636629592,321.252251213441
9291,-831.3733038180824,712.2734375,0.10283804900683474,277.8859083639188
9292,-1097.798098109483,789.3126831054688,0.10826110051656558,285.51691086815026
9293,-1080.9085392740565,769.5614013671875,0.1264576525668623,315.46725364991704
9294,-1008.6775714666871,681.9527587890625,0.15143426368442015,341.3369785545578
9295,-1116.270340978416,675.2032470703125,0.1855247812336823,334.6649828448683
9296,-1003.5472969340217,1357.4261474609375,0.1997825216006387,258.10828436474816
9297,-1057.3331000411197,0,0,256.8602655673416
9298,-1168.2686713927317,708.2150268554688,0.21306809784937097,249.68779958561495
9299,-1031.5447960842446,764.8661499023438,0.2269604615936262,286.28491356600944
9300,-769.7914729467421,760.5724487304688,0.22855181375782463,263.73693099486707
9301,-1123.8077969181554,41.9324951171875,0.2248108890037655,315.95968971629924
9302,-1009.1093277764247,745.6210327148438,0.21865190054984468,267.755848597808
9303,-1022.7973263877126,729.0247802734375,0.2081582691865338,311.8238420764178
9304,-852.958984355692,710.4613037109375,0.1931104621535917,313.96830185351047
9305,-743.9169259703716,689.6026000976562,0.17361536350472306,282.02753897743605
9306,-673.5412228228512,684.3428344726562,0.13828152940733418,269.8223890056293
9307,-1029.6167325679078,688.6181640625,0.11141668783753406,306.6542040861229
9308,-1015.2374782627587,689.2770385742188,0.11060672635665629,341.17236782005244
9309,-861.6786039649551,720.9583129882812,0.11822587375390498,304.25087241692614
9310,-917.9371013463857,682.0660400390625,0.12601375393583136,288.6777716335541
9311,-648.4250340889444,717.7315673828125,0.13005273323660177,299.46002389890543
9312,-1048.879833925464,722.3666381835938,0.13586878020546744,301.1525811732811
9313,-867.0226051396813,850.9052124023438,0.12394847771583672,293.0124955016317
9314,-1033.0223735739658,857.602783203125,0.10722417477658708,322.9454200182971
9315,-1064.5773828283975,725.8795166015625,0.10786317898625267,335.24547427807306
9316,-844.5273569970045,771.3372802734375,0.14070779356801566,293.63398112337967
9317,-1106.7145632139818,729.5311279296875,0.18425977360075557,269.3568104110634
9318,-886.8866473502123,886.3900756835938,0.25005908319147485,304.92250208068543
9319,-899.7290537235376,688.4817504882812,0.3032248996381689,319.5489454304869
9320,-856.7520586515149,734.3403930664062,0.3484280955187057,298.17765780833037
9321,-743.4215515869857,732.4595947265625,0.37461827886000776,281.21927526106487
9322,-805.2152824955153,714.9739990234375,0.37541461739003795,265.63183317714055
9323,-613.3618564630647,718.1710205078125,0.362178154341771,281.4771100506324
9324,-957.4129746438753,701.5872802734375,0.31868310645383446,318.96153103179444
9325,-677.6617034982867,679.8041381835938,0.27006422359089377,275.8464891333222
9326,-1177.0843290767693,698.9482421875,0.21153206194927485,340.19614861425157
9327,-870.1288803215897,732.5610961914062,0.1677201027431247,298.10368768182184
9328,-856.6061649013027,728.2646484375,0.13352832902897416,280.8177433968616
9329,-918.8355798368372,731.1729125976562,0.12114665017982618,310.19984911060095
9330,-909.9992838389187,754.4697265625,0.13687240898908118,284.61528148403
9331,-770.4635274632182,719.6344604492188,0.16301039658157404,288.4223347330405
9332,-1091.3312533367514,688.2071533203125,0.18740519898392405,308.35746617477287
9333,-773.5389176494634,744.0191040039062,0.19195269601214093,296.24204570425275
9334,-1106.6112135195065,742.1448364257812,0.1854296047245752,318.78905311616234
9335,-754.2697823441628,757.6498413085938,0.16229958322153354,302.7633746931493
9336,-1136.1304513294713,748.2929077148438,0.1332485531628853,299.0401748676137
9337,-1107.2503870565174,806.8199462890625,0.11014829290888098,339.8769303548659
9338,-822.0974327481437,798.1021118164062,0.13570051271403707,291.5890929333747
9339,-1021.6558898024037,769.2213745117188,0.19563875287531496,306.274103103682
9340,-915.8770759816998,741.4669189453125,0.264957159821452,297.3492769844687
9341,-1139.2241139725772,867.674072265625,0.34126711766806456,329.55094189002926
9342,-933.7235026791022,714.9263305664062,0.41645951617420013,298.9604196011467
9343,-819.5232369787473,792.0752563476562,0.47777634121600004,258.1252036918272
9344,-882.6419330797211,793.0927124023438,0.5194079168461079,270.45700898467715
9345,-939.4956536290001,716.1974487304688,0.525568384188469,306.4821760849329
9346,-815.0678212625633,706.7095336914062,0.5185902463475696,287.29683722646826
9347,-1046.5776584421096,757.3453979492188,0.4815863195229525,336.3898118044406
9348,-847.2154695595891,737.5111083984375,0.4339025581893168,311.7709960843969
9349,-684.8893858601186,689.4857177734375,0.3711601607602893,269.7181381471398
9350,-925.9702102020058,706.484375,0.30476851019310625,309.4763486010148
9351,-633.0220241105906,720.487548828125,0.23466929048904828,263.4432263298282
9352,-969.3902064269371,704.3546752929688,0.17823510643563267,301.2935231429113
9353,-1314.344984899435,695.2423706054688,0.14886577431437134,318.9884607634971
9354,-960.5772396117587,729.0675048828125,0.14283538767233675,261.69895023711405
9355,-879.607503291661,743.2887573242188,0.14287121875026842,299.1934155930826
9356,-709.1639887527235,684.091064453125,0.14562911105196247,311.76484997435233
9357,-660.7449102856629,685.32177734375,0.14775923226774476,279.2563776174039
9358,-859.4177693959745,726.3134155273438,0.14747571010521765,293.4955817231169
9359,-1033.925560256194,745.2550048828125,0.14084285119881307,304.0435551001566
9360,-1110.9337509907543,705.6039428710938,0.1327638304973805,269.7173337288283
9361,-796.0804006556396,713.2861328125,0.13353383867224194,254.76736621428603
9362,-888.8185609512548,699.6893920898438,0.14309910738786769,277.8051662718116
9363,-907.2255999761368,27.596694946289062,0.16342947489281415,297.4619422941225
9364,-605.1783088677917,737.158203125,0.18055414024926447,275.4886093227915
9365,-821.3443060575504,689.76806640625,0.19044992517486525,263.8159756111335
9366,-843.2827234933923,719.2927856445312,0.20252037421109612,266.08703954994564
9367,-943.7772983542694,703.6361694335938,0.210627478550368,264.8087525531837
9368,-1188.2955634679288,708.1256103515625,0.21827417239747854,310.3046110710384
9369,-983.1341951329871,707.9296875,0.23156339489674357,274.3021876741391
9370,-829.608507731792,718.3267211914062,0.24405937831180025,268.5108979501655
9371,-909.5819910897297,702.6055908203125,0.2511387150861589,277.589467305474
9372,-962.21948694844,702.5049438476562,0.25637003593625707,288.9774867668238
9373,-927.2026902086307,695.633544921875,0.2578893154877451,271.692994066704
9374,-898.5656045980924,710.4710083007812,0.25151604416106,322.63280362653126
9375,-933.9308905714773,683.2086181640625,0.2435402703377866,292.47323378862785
9376,-990.9928080771481,692.6011352539062,0.23453910074362916,306.0609570170252
9377,-910.0528364051542,693.3566284179688,0.2267922387048377,303.60978323996864
9378,-852.1292514845719,682.20166015625,0.21687862464541732,285.6975808091226
9379,-1027.1218222372695,701.2948608398438,0.20946381050338236,283.1842404878932
9380,-928.8167667610967,711.6233520507812,0.20418496244549977,284.5886486196671
9381,-943.4610276095946,693.4375,0.1997435409591541,266.87058311727077
9382,-1034.3957125419747,707.697265625,0.1975955396115367,292.8313420282538
9383,-859.5039736050372,693.1009521484375,0.19562556042765306,273.4756328561292
9384,-1052.9438944431138,703.95361328125,0.1959284441553688,282.3431287246942
9385,-937.9396589859626,706.8129272460938,0.19717358053855238,313.1020308022847
9386,-637.1535667544085,681.5530395507812,0.19350339845337505,311.19688694865886
9387,-748.0021851813856,681.7384643554688,0.18948066258436105,254.84078608695157
9388,-1066.462464927708,716.5133056640625,0.18764619806781202,306.0364383601649
9389,-885.0127440889888,684.94384765625,0.18683262451523952,267.39458981360724
9390,-804.2039475092527,697.7393188476562,0.18447132222606083,296.08895647373527
9391,-694.3634356487092,681.9412231445312,0.18004330780188932,243.85020948664092
9392,-877.2465243292631,721.5248413085938,0.1772712618222306,233.015640217041
9393,-1121.3257245403543,736.4398193359375,0.17726321334486717,302.481660753587
9394,-532.0956131827504,678.0811767578125,0.1744944269568603,249.5123906010218
9395,-1077.6131567755774,726.6912231445312,0.17386192735439393,298.4429385670522
9396,-1074.6190886381469,708.0404663085938,0.17603324945485957,301.53779751927874
9397,-934.5403553852043,690.6771240234375,0.17929746179459177,294.43443783063447
9398,-870.819862487563,699.3434448242188,0.1823746738977493,290.2134076183546
9399,-782.714900623535,690.1021728515625,0.18432857376105047,266.6524280019411
9400,-1085.8300618468886,721.4608764648438,0.18907990027652746,275.6076766613016
9401,-731.4756524971756,694.2720336914062,0.19099643983257364,277.15118229726994
9402,-1343.6382682837052,738.1310424804688,0.1992645301252997,337.31181429146295
9403,-854.0160978775641,670.94580078125,0.20676098700214113,281.2427206537462
9404,-649.6505758502923,694.0997924804688,0.2080659479243997,299.82326386947625
9405,-1073.2004535169822,698.9647216796875,0.21156557671311377,281.99339143875886
9406,-688.0254203404785,696.8148193359375,0.20971680677132853,309.0831664813719
9407,-1221.7997210516141,710.8236694335938,0.21285037823096187,352.78283297836896
9408,-1034.8537831132508,1362.179443359375,0.2121364939964585,275.3960586904251
9409,-1070.8242890198899,0,0,332.67781505438643
9410,-962.0062401203173,686.454345703125,0.21321816743883798,329.48808309870736
9411,-797.484817349261,681.4658203125,0.21418432897322015,317.835218621267
9412,-834.6731367571165,680.1378784179688,0.21204252355084793,295.8395582448089
9413,-826.0763232124536,690.1547241210938,0.2080866620385904,273.57888729717786
9414,-777.5288365133997,698.5147094726562,0.20318902757386825,280.681344817684
9415,-927.679449103054,696.78076171875,0.1975245252360595,318.45687767996014
9416,-1177.3014542843039,684.6504516601562,0.19322565534070352,321.85634149332765
9417,-800.4624820892814,702.4813232421875,0.19206181727416094,275.8800428523251
9418,-803.9158948652502,695.7823486328125,0.19051972224724886,298.5994468475836
9419,-1135.197139437321,692.1990356445312,0.18903710227583326,251.10835666401067
9420,-875.8175413400346,738.0064697265625,0.18939727692082606,298.2202875116418
9421,-705.3982614168169,689.25634765625,0.18987517245334543,286.5555832726286
9422,-867.6855364719131,688.3864135742188,0.1894742421949498,269.7113927812322
9423,-956.4463550554898,704.693603515625,0.18894546406871374,299.33503484309836
9424,-827.4162128120735,696.7762451171875,0.18887378750748965,298.50155419377745
9425,-1032.057576248393,710.93017578125,0.18822204042440596,348.8883575402108
9426,-1167.8412413903081,683.9068603515625,0.1883612455574123,310.7573492019502
9427,-970.4734328127208,708.64794921875,0.19022049222079507,270.38385015450996
9428,-1007.7308697908636,31.3132381439209,0.19525877333895808,267.4219592760708
9429,-960.3629359245103,712.7345581054688,0.20207534009416805,303.2561164794678
9430,-965.403616755956,692.9609985351562,0.21011558832806732,295.0282108962011
9431,-816.0824836746056,713.8751220703125,0.21963163096022342,249.87584716237325
9432,-1090.789790685812,14.278966903686523,0.23047353888561684,336.31736264298684
9433,-602.2532278827653,689.2694091796875,0.24283801578716085,213.23711882997816
9434,-911.0340120285164,742.6953125,0.24541636299469874,268.54480230940595
9435,-928.6706031248854,711.9279174804688,0.24407219887752418,285.07334352595564
9436,-889.7359926563876,700.5836791992188,0.24034616539461853,295.87612093550126
9437,-791.5390106846984,694.8051147460938,0.234118258698702,286.91254201235336
9438,-925.1054361696112,695.1715087890625,0.2252899060702362,242.23081374138343
9439,-1049.9059604884585,726.0418701171875,0.21846758947361122,283.78835949097123
9440,-1040.7468123521603,713.2091674804688,0.2137750351673045,309.4820554061204
9441,-712.8911233273124,692.3174438476562,0.21098288409248156,248.81436992584352
9442,-888.0313590274025,713.3052368164062,0.20821695588838296,279.00522310919325
9443,-636.3754430381176,699.1046142578125,0.20641583745418401,243.31257607271397
9444,-710.9214087685211,711.9268188476562,0.20621309523607606,261.76452822396163
9445,-614.215658395126,698.6746826171875,0.20840926031470097,284.83135578557363
9446,-838.8681820255628,693.0542602539062,0.2139743585145773,281.8192371371148
9447,-1149.4885480858577,709.9256591796875,0.21853214971623997,313.66377790687835
9448,-913.7298166961756,704.1122436523438,0.21882448908288185,298.15595376508867
9449,-773.6017851282791,698.1322631835938,0.21622082032337925,286.82528994632634
9450,-836.6068172823379,693.2706298828125,0.2134209078089868,260.97302518693465
9451,-878.071215036483,710.689208984375,0.2089578183972748,206.8558936092483
9452,-974.8620471538248,744.800537109375,0.20337612468740246,287.13669538195677
9453,-1151.106423027807,33.915287017822266,0.1945756245342038,280.5096067363394
9454,-702.9763317850294,709.1083984375,0.18938375731009005,294.72888456360494
9455,-940.9414078372422,19.623716354370117,0.18879511487155187,290.15056861693074
9456,-682.5339983048086,694.9736938476562,0.19346128365844134,281.0486360208422
9457,-863.2152161753893,696.9375,0.1982895489941821,300.97376187351256
9458,-1125.0303336290676,712.1763916015625,0.20337528829272838,304.1577818255196
9459,-1132.4028851669457,709.1189575195312,0.2098125405623924,325.78784674880234
9460,-963.3571184331915,699.2213745117188,0.21787597427970826,295.9152660832552
9461,-632.5071184486574,699.8844604492188,0.2226765137251167,245.84973924125268
9462,-1062.1232295418665,730.71630859375,0.222372533756368,292.135410682838
9463,-687.173413393785,743.4356079101562,0.22172418423400908,279.4369685204479
9464,-803.9339549443873,741.3820190429688,0.21825910735209725,233.0964617354851
9465,-1051.239604049858,734.1779174804688,0.21362388496520435,290.0934353912836
9466,-623.99428894082,698.8226318359375,0.20862539500942226,282.23939095076685
9467,-752.8199342471825,704.7928466796875,0.20610806628491846,239.7921774459912
9468,-1087.3241449791815,728.1655883789062,0.20681612051631576,317.00390660985835
9469,-743.4588125004437,690.2832641601562,0.2109872627774081,300.0029285828618
9470,-995.109866293283,744.9771118164062,0.21780528688355155,293.13215929673413
9471,-1008.6240735565458,701.5570678710938,0.22445214821030027,305.07826894044877
9472,-906.6050478897173,813.3636474609375,0.23008240219008325,256.55472818248654
9473,-884.3326732880535,763.3814697265625,0.23410107580305595,271.1587415962952
9474,-1034.679272751569,711.5192260742188,0.23488678599865764,306.3155127036166
9475,-990.8483390912089,718.9804077148438,0.23024186741202413,306.6087144398703
9476,-875.2015198942207,685.4929809570312,0.22519535556307152,316.8879159987922
9477,-875.4828694570632,699.4635620117188,0.2174864566378325,292.62306180143185
9478,-950.1337299287118,704.8896484375,0.20871869470172477,293.7346030382116
9479,-951.2648632260422,717.1873779296875,0.19991892537566375,321.4447789451171
9480,-1003.1328654840088,714.2409057617188,0.1912835370770573,259.81940817874863
9481,-1032.1872137217058,736.1741943359375,0.1867645199288204,281.6675305189315
9482,-891.6227529714981,705.5189208984375,0.1873229460461892,280.49105932755583
9483,-930.1039006303557,708.6336669921875,0.19098329276718448,279.1403117501092
9484,-721.1245979520296,705.8133544921875,0.19422479084625724,274.59822057987463
9485,-1092.821212938009,731.6287231445312,0.1956947158252093,329.51492497598736
9486,-1181.9830845993251,698.0529174804688,0.19821429066764018,308.1089593348781
9487,-989.7786139909147,712.8848266601562,0.20196219455199543,276.3164713356208
9488,-903.9154507083748,716.2383422851562,0.2041669386523096,270.3403276741193
9489,-610.9738517837638,730.3743896484375,0.20287287949929936,252.53207903073937
9490,-868.040522438626,783.0842895507812,0.20081926947806822,270.5079802572729
9491,-976.5707760045651,744.9569702148438,0.1991918032192873,317.54598117059146
9492,-996.9368261391135,736.511962890625,0.1989533860703414,287.18942169336646
9493,-790.2223842741547,711.9261474609375,0.19919345094828866,295.8776003086336
9494,-1180.6300116080356,716.9644165039062,0.19999574257650407,359.0306581528217
9495,-1005.1234080140405,691.07861328125,0.20033727307074872,314.22032328360547
9496,-980.5120808919461,698.8308715820312,0.20073568076305887,294.0664237064373
9497,-758.6043494079607,701.0086669921875,0.20166230674939015,283.4184619157126
9498,-540.0580767878018,808.5809936523438,0.207540939498859,250.00084836394026
9499,-819.9386691799627,769.962158203125,0.2181068590068222,284.3339002882362
9500,-953.8388413871963,709.3530883789062,0.22939514927609794,292.43477309182384
9501,-427.7777902151939,698.87548828125,0.24717809446279776,238.39532226683556
9502,-946.7008135726857,725.6361083984375,0.2630990501635304,284.15463835562866
9503,-845.821733620855,701.0548706054688,0.27543828822825145,295.22676707917867
9504,-819.2234996679376,701.3987426757812,0.28203415876691845,282.053169194145
9505,-1095.654032452659,741.6351318359375,0.2762227469085187,298.2282612884039
9506,-1179.274188722538,724.5521240234375,0.25988375582486145,341.94448789090904
9507,-1338.9286966552263,734.142578125,0.23111270368711878,326.35769069890426
9508,-1037.8691010606171,709.9801635742188,0.20276154112545314,265.7304940411195
9509,-996.6660220017844,725.1918334960938,0.1834841832211641,294.58323576625264
9510,-607.8707536884461,695.6240844726562,0.177519371638456,296.616337824155
9511,-966.360208268825,704.541748046875,0.17779959831442155,281.03676030630174
9512,-533.9644350013876,712.5369262695312,0.18021826309294653,250.01325152860045
9513,-996.2557240113192,731.0817260742188,0.18272289347079929,308.7443071529181
9514,-1127.8453342009327,706.0877685546875,0.1860520086873837,316.10918567738065
9515,-874.8817530345319,691.9752807617188,0.1877731634304615,284.1375733147481
9516,-1126.6893971967447,720.1347045898438,0.18993935547806529,263.01499861746595
9517,-937.6469812989146,718.9857177734375,0.19061515709397542,320.49263000329
9518,-462.0536076915368,699.8193969726562,0.1877343310699555,250.5244196498757
9519,-747.9737114295305,761.47509765625,0.18834656570118025,261.35876924941255
9520,-898.5682220333426,1436.00830078125,0.19871309399606663,317.7946232900566
9521,-959.2287350127062,0,0,291.5230700873723
9522,-822.681455595316,706.5372314453125,0.21581488107861696,306.7473208988335
9523,-989.9516229522628,692.099609375,0.2375023867970398,293.2709614829392
9524,-929.6922509848961,707.738525390625,0.2557460568397004,265.6577809446174
9525,-928.070506601901,28.738927841186523,0.2617760598661494,272.9997660774968
9526,-776.86081087282,716.0188598632812,0.2622385938132207,276.32383863302186
9527,-944.4628683622111,707.5828857421875,0.26153146848094916,243.99850878401764
9528,-857.3002444662028,732.7218627929688,0.25555966049648005,284.0536377576421
9529,-957.0823238982812,709.9310913085938,0.24669661629824885,290.5203457008664
9530,-613.1535031864915,707.8340454101562,0.2342059314251449,263.0147106320635
9531,-1051.3848809218937,704.208984375,0.22888140753448208,340.135793745415
9532,-906.6264530676061,697.6272583007812,0.2181698028008306,297.3185290099051
9533,-832.1543123604953,700.7025756835938,0.2067741341892892,246.2967399177138
9534,-854.9492992191806,731.7323608398438,0.19913501630726793,313.14164575342824
9535,-856.9682405241401,695.6673583984375,0.19317479617969738,272.57142150820266
9536,-1163.9447904818453,709.7974243164062,0.18884962376455772,320.3670024686464
9537,-777.607732995917,709.936279296875,0.18134474975796663,266.11337506492913
9538,-1088.6496144627506,710.4769287109375,0.1773182079549136,273.85423740059156
9539,-998.0823290749435,28.894245147705078,0.16999860188046118,347.1193534239719
9540,-734.8323639034061,687.5814208984375,0.1674542589238588,271.37798336684835
9541,-967.8444714462189,710.9639892578125,0.16810067698901943,256.73612674883424
9542,-730.9437348865017,724.09228515625,0.16942458529594026,294.4324863510931
9543,-884.0204530243549,703.0132446289062,0.17001869299154335,262.11123573664906
9544,-977.9059572523685,720.0918579101562,0.1707847239452821,308.9023970362085
9545,-903.5678127123565,700.13134765625,0.17227668544779992,317.04851303799364
9546,-782.4836284831952,693.8429565429688,0.17471336853843897,275.7473455763333
9547,-952.8766647446739,708.763671875,0.18021884281298534,277.6015652230311
9548,-1046.967877312504,712.1904296875,0.18722914904362498,331.8915282081138
9549,-837.3360558105403,690.8792114257812,0.1937858834879604,291.8030856091875
9550,-1100.301380692013,702.0927734375,0.20039091668528916,331.77842744298164
9551,-860.7393622758041,694.9544677734375,0.20333211128778184,285.81825122027857
9552,-823.9998700587545,704.619140625,0.20609075110436015,278.41770477983965
9553,-808.4297658375513,705.4990844726562,0.21037604848688773,283.9374558199659
9554,-840.5927968940756,703.2388305664062,0.21613949008720496,264.975708007631
9555,-1028.559927162274,714.3328857421875,0.22204574011457917,322.5149772896242
9556,-822.4818246963005,695.4495239257812,0.2241833696155392,271.89529858902125
9557,-1066.1928699719388,714.0408935546875,0.2235637251355992,311.27936372815145
9558,-1149.5789203821598,712.9691772460938,0.2150275073952041,267.3293154548865
9559,-1007.0529769870129,735.9035034179688,0.19980416203671042,300.5249409280938
9560,-799.4390854624762,706.1375732421875,0.18486249633236057,248.9867463542479
9561,-817.9197233622931,724.3847045898438,0.17759845313539685,276.89764087315064
9562,-1521.7516986762987,725.350341796875,0.17294653877841668,343.5020144551599
9563,-1032.3442584463744,743.6016845703125,0.16417937725794712,275.6641035016072
9564,-733.4771236381661,714.2332763671875,0.16307994257770675,215.68517430936114
9565,-1059.4072795612394,748.661376953125,0.165095983096058,318.9627286813575
9566,-849.250465977494,702.8622436523438,0.16859889497567498,270.3006370451724
9567,-890.5111041097188,716.2523193359375,0.16929876711455732,274.4980079668085
9568,-808.4737623605821,714.8801879882812,0.1687067104868061,243.5770122266276
9569,-889.3192190872919,727.486083984375,0.16785718972112207,287.2785392760524
9570,-695.9386412214238,710.3577270507812,0.1698262863207948,258.63618466858156
9571,-949.5851404187772,726.3200073242188,0.17802526152443715,290.1817512965554
9572,-855.6258583387497,704.7935180664062,0.19267998273803233,291.9339267397667
9573,-809.4426457555967,701.0899047851562,0.21356364527743116,282.3107675876076
9574,-693.309060545462,705.19482421875,0.23902706802635937,245.67203050196167
9575,-588.797543459226,723.6819458007812,0.26479817927459076,240.81775869062207
9576,-1056.8362194481142,724.9819946289062,0.29732741077014396,303.2347673698464
9577,-922.4768012886368,726.401123046875,0.3123317752073822,269.7144660204561
9578,-949.02924002402,725.604248046875,0.31693392061490977,258.336423361362
9579,-912.7037270282284,728.6604614257812,0.3140526935481096,280.4068585639561
9580,-896.3917774163336,712.405029296875,0.3042227346456271,271.4324763529309
9581,-781.2495079281466,710.8215942382812,0.2933990918200651,274.1398457842814
9582,-1079.0408116762685,712.4207763671875,0.27813769485282236,340.7417221316278
9583,-647.7057095745683,694.331298828125,0.2602429725338595,298.6107167848727
9584,-812.5859308497718,698.5347900390625,0.2443760516077263,291.55733941182564
9585,-746.1986807444765,706.7354736328125,0.22772196176290227,253.38881357051963
9586,-875.4012647773748,719.3477783203125,0.21485977617471264,281.4398158615168
9587,-1103.4247749129431,716.34326171875,0.19995790227341312,278.3257312772978
9588,-779.584078760311,715.1199951171875,0.18842992002541958,319.8397714145005
9589,-558.5271634768301,693.4920043945312,0.18433344271603797,260.73762206783255
9590,-929.1269561159871,719.6795654296875,0.18382865555807193,304.3514159512666
9591,-942.3090311586183,697.3272705078125,0.18417151375441995,316.6957007667802
9592,-928.1717981520949,699.1856689453125,0.1821377668546973,285.87736350343545
9593,-1171.1810683960207,717.0758666992188,0.17698304187678665,342.65849627277225
9594,-925.1863843633726,693.2689208984375,0.1707270257877685,339.1254022083789
9595,-785.8162558983022,697.1931762695312,0.1624978399480681,266.4728662779396
9596,-616.5794571713534,715.3115234375,0.16714276485002913,296.3166217918247
9597,-980.54933468853,708.1427612304688,0.17148074243414202,304.51066021836084
9598,-928.1550093108843,705.697021484375,0.17393875353126848,295.54586789396006
9599,-1291.6287042956671,723.2724609375,0.17089171620974994,343.1794126947068
9600,-1189.8910870471564,705.7648315429688,0.1612344393577374,346.7473555875662
9601,-888.5655973201125,699.2250366210938,0.15275530983042385,308.3672742888901
9602,-1105.293892310514,705.25146484375,0.14767892673073077,319.45279866660087
9603,-859.0589104391706,701.3973388671875,0.14701340569893626,307.78851604162077
9604,-939.0302354891678,706.3912353515625,0.1488516638061793,294.7436710306471
9605,-946.4134260003927,710.54833984375,0.15061442182246576,306.37461855226377
9606,-950.9673931431505,710.7796020507812,0.15071454086891384,318.89584271410183
9607,-1016.8008010201883,708.0228881835938,0.15048618461717075,327.2790830920046
9608,-975.5316294461255,705.0671997070312,0.15070545953509915,269.96194463070924
9609,-711.7827418334958,732.6751098632812,0.15112801734449038,269.06491430634986
9610,-1235.3151479837281,736.7551879882812,0.152213240043078,346.8845959386511
9611,-1082.428433705014,695.076171875,0.1527007869496615,337.44638510096615
9612,-1224.376766328384,704.8018188476562,0.15206054150297516,348.7841274845709
9613,-770.5717595331585,691.583251953125,0.15215757116687526,227.31280777982644
9614,-983.0542374196757,776.4766845703125,0.15283569026553825,282.4244373570063
9615,-740.7668662168271,720.9884033203125,0.1570237388851455,301.4876026679449
9616,-609.9122190241743,714.2679443359375,0.17040209335564852,242.4032934804833
9617,-825.407110575969,733.341796875,0.19543556642050017,304.1660301432239
9618,-1211.7689103764515,732.7935791015625,0.21203857847917346,354.7370715827633
9619,-745.1608390259463,691.60791015625,0.22816396272143602,247.32996423600358
9620,-997.6533242927678,731.9136352539062,0.2422533764749923,332.87689060583097
9621,-1212.628933576117,717.0594482421875,0.23762031113150708,341.3834252029462
9622,-695.5531065608851,681.2637939453125,0.23862370479284156,294.41004569065524
9623,-966.5173027660079,725.6848754882812,0.23604595482848822,318.49498872005097
9624,-807.5975489044772,698.6533203125,0.2336099857498861,248.95136175828796
9625,-775.117243991068,724.8673095703125,0.23719751885847856,294.85130853933106
9626,-1069.6351448181786,719.791015625,0.23002581310542825,314.5854822849422
9627,-589.7151483863156,688.8373413085938,0.2352422508730463,242.48502441494773
9628,-854.6626399833451,733.368896484375,0.24072654359323598,297.90262452616537
9629,-758.6492896312076,700.10302734375,0.24958006764360205,272.8738887331166
9630,-729.0844432548968,716.62451171875,0.26257553350545204,256.05708412809594
9631,-805.5442991031077,723.3846435546875,0.27525836587651176,297.4678469555422
9632,-996.7422135561326,1382.454345703125,0.2915067151169269,357.9983813246278
9633,-880.9899333600224,0,0,257.9015938940016
9634,-1123.25591099164,724.3046264648438,0.3008744330216086,308.0162431336168
9635,-1285.1962980395795,723.2643432617188,0.28838258054857624,351.25099626882144
9636,-786.0458598367458,724.1889038085938,0.24833061351471586,313.5676293390733
9637,-1078.7194229717688,708.5410766601562,0.2150196228283011,309.2030314352738
9638,-984.0310560995836,714.2359008789062,0.1777770866274449,319.0688506316918
9639,-893.7678522044323,715.5435180664062,0.14772773539586978,295.68653151576945
9640,-956.7623031048711,712.3568115234375,0.13513999946510355,318.1876735864285
9641,-1123.6717916920675,713.207275390625,0.13712590840324534,330.97999188662635
9642,-584.3905416064855,712.6660766601562,0.14968547179455483,246.4300237715641
9643,-1287.3724626403057,733.878173828125,0.15129329391074106,336.95254540966755
9644,-944.1448508006489,720.6634521484375,0.16155124363570436,302.20798296040687
9645,-1235.4984322361797,714.5430297851562,0.16747249022461358,361.09639645521577
9646,-636.3164550102641,708.6389770507812,0.18302260495922626,295.99554462773136
9647,-1039.6995412805952,713.2409057617188,0.1763153243821909,318.10054132772154
9648,-984.2337095138421,707.8914184570312,0.168648053532014,328.74947394475515
9649,-1039.947656340948,700.8092651367188,0.1597954006939933,327.84749170790104
9650,-990.9355592678148,703.9950561523438,0.15242598921376252,307.0211061254231
9651,-938.6653949671321,710.0283813476562,0.14733881020192202,321.4324360726425
9652,-1240.1794242032838,700.3399658203125,0.14503840872975857,311.4245542909232
9653,-1013.1751713872311,735.5413208007812,0.14522916719808973,300.64274656886266
9654,-1031.195762607732,713.2772827148438,0.1454191366888252,300.9913083555469
9655,-711.2601672194281,715.7574462890625,0.14565689776313703,248.88804026082133
9656,-857.527220423841,729.7610473632812,0.14828949608252343,314.47540881429313
9657,-865.9734495896042,700.3710327148438,0.15533135107982488,293.8612643440731
9658,-772.7569233943457,707.7888793945312,0.1685855198719342,253.63164086950337
9659,-901.947553230537,731.7781372070312,0.19334215302859706,273.5016565850295
9660,-1341.2843845206285,721.2872314453125,0.21928707138486292,380.5028630790163
9661,-931.3955872798008,721.1146240234375,0.21540045366142732,270.7725738608671
9662,-834.9367509733273,725.090087890625,0.21440576762815278,291.0998909968874
9663,-824.1000026997434,710.5982666015625,0.21522272882401347,271.1254591224315
9664,-403.22624241147867,728.4291381835938,0.22676826366256542,270.8273426050575
9665,-1068.9218473870133,717.4636840820312,0.2550782338599118,317.11565271277686
9666,-1198.9816319720512,717.3095703125,0.26571582729359433,323.43538039631187
9667,-933.9130987102442,723.0692138671875,0.2528344692227652,277.0120572863875
9668,-1122.6362818797832,719.9993896484375,0.23629450615170355,315.7356100083667
9669,-886.3810565534515,721.9368896484375,0.20611280016891603,308.1894782312671
9670,-1250.958346476309,712.716796875,0.17806861541870506,346.8460498522242
9671,-1098.6574043709327,727.4442138671875,0.14397305227232626,332.08856391481015
9672,-1368.6872627509804,708.1033325195312,0.13639725931717145,385.64983897159027
9673,-881.5017165078415,726.8984985351562,0.17064666659392977,317.11308281914404
9674,-837.6594882159671,744.403564453125,0.20279921130147033,278.6930698262926
9675,-1202.8904702516231,722.4990234375,0.22610363483353535,310.03338577102073
9676,-940.1483716506442,724.9384155273438,0.2515397537532449,295.3012958192595
9677,-813.3079374311211,727.8117065429688,0.2607552558327241,255.88669746788491
9678,-1111.3523126919756,738.9360961914062,0.24374742992935122,337.8810126337619
9679,-980.6796999020316,701.7918701171875,0.22525381576412723,294.7609537649607
9680,-701.6067109721087,719.4722900390625,0.20330043695987324,266.653107339302
9681,-950.1869373783112,728.9210815429688,0.16930529102724232,292.69776870690544
9682,-997.4355383635543,716.65576171875,0.1503474182249493,324.41302858223344
9683,-911.5645292117921,702.1983642578125,0.1537023326895493,322.5336056893452
9684,-1326.3829435587515,727.2477416992188,0.16800444201196363,352.5034440006205
9685,-1310.9543259356358,732.7296142578125,0.16962448992046142,357.1017082226408
9686,-878.5049640640021,712.5169677734375,0.1639794848941481,287.9501086726055
9687,-964.2358880446617,712.6331787109375,0.16249123960857487,308.04727074370885
9688,-967.8387533554386,712.8807983398438,0.16059124376919137,239.65321968191617
9689,-1238.4491689203032,784.8182983398438,0.1560615934816519,332.5542852561234
9690,-941.0622043437286,721.1375122070312,0.15039869633256278,325.84534012686305
9691,-817.3255176134612,745.1669921875,0.15075543160875143,322.2766282775806
9692,-922.2371871716932,707.3124389648438,0.15023876819925763,270.94280982091
9693,-1012.3165928865704,725.9111938476562,0.15249422457182474,311.0549034409927
9694,-744.6334172373976,728.2587890625,0.15486067866211317,271.1911485586829
9695,-1379.089792566171,734.1267700195312,0.15908527959000596,324.1502280005693
9696,-979.8647143507216,732.3660888671875,0.1554651800576194,325.40665834420065
9697,-1372.6604668625341,717.2715454101562,0.14851339962432508,364.49917543822755
9698,-1205.0449423804107,724.6002807617188,0.14644802650694416,339.65070567998356
9699,-614.4237219646311,708.5280151367188,0.16087253858002776,226.4710545684694
9700,-698.3310882776766,752.594970703125,0.16669129542542865,254.7146133004006
