{
    "T_ffd": 172.74703513139718,
    "T_ra": 169.40512694493435,
    "T_rls": 140.00124956636617
}