episode,actor_loss,critic_loss,entropy,advantage
5,-0.5184752345085144,0.8079068660736084,3.4130226612091064,0.3998932144753499
10,-0.5389627099037171,0.7804593682289124,3.4129281759262087,0.42303454349656133
15,-0.6875186800956726,0.7094983696937561,3.3357050021489463,0.566580179730905
20,-0.6200146794319152,0.6021558165550231,3.317142860094706,0.5072494383385411
25,-0.5664710164070129,0.6640823721885681,3.3268651167551675,0.4538468950882253
30,-0.21840110123157502,0.6202340960502625,3.227879349390666,0.10138380892426767
35,-0.5064845561981202,0.643603515625,3.199240493774414,0.39749741627394564
40,-0.4026919424533844,0.5893065810203553,3.0837517658869427,0.2967697209691661
45,-0.25004130601882935,0.6707955121994018,2.996374575297038,0.14257980538432594
50,-0.4881826102733612,0.6685723066329956,2.889008331298828,0.39207135803681514
55,-0.39084473848342893,0.6529945015907288,2.854340155919393,0.29175002084171636
60,-0.43382290601730344,0.578652536869049,2.835741925239563,0.3351557754264785
65,-0.26404012441635133,0.6259916543960571,2.711535938580831,0.16259759171556387
70,-0.0888398066163063,0.6117483973503113,2.5665550867716473,-0.0006792687196653011
75,-0.1344293922185898,0.5689962148666382,2.6224108934402466,0.04525956445486551
80,-0.17011505663394927,0.5199320077896118,2.525451119740804,0.08225373329393802
85,-0.30029251575469973,0.5607927799224853,2.469232710202535,0.21100228078013106
90,-0.2163708508014679,0.5763427972793579,2.3220374584198,0.13252831642503732
95,-0.13000341206789018,0.5896534442901611,2.2856989463170367,0.04587391248144806
100,-0.26368013620376585,0.5326869368553162,2.2301928043365478,0.1873120841631708
105,-0.29250357747077943,0.5303243041038513,2.270714545249939,0.21444478315065524
110,-0.34677064418792725,0.5492350220680237,2.3926682631174723,0.26169536190902504
115,-0.35417274832725526,0.5464457392692565,2.324414277076721,0.27432150151496143
120,-0.07764526903629303,0.5376459360122681,2.337081027030945,-0.002895797481086199
125,-0.12160922437906266,0.5697385191917419,2.372151827812195,0.03539241649930068
130,-0.28868423104286195,0.6212287664413452,2.271155913670858,0.20925285415820732
135,-0.2262495070695877,0.5447232604026795,2.1257195472717285,0.15118246388473608
140,-0.3630410671234131,0.48790897727012633,2.017405565579732,0.29223043495745915
145,-0.24080907106399535,0.5225380778312683,1.9118185997009278,0.17472968100078487
150,-0.27721428871154785,0.5278082013130188,1.8065019647280376,0.21615535261295002
155,-0.2078317403793335,0.4834069013595581,1.7508077263832091,0.14798396952733245
160,-0.12053897678852081,0.4555420756340027,1.6980393608411153,0.06347422629408586
165,-0.2562720954418182,0.4616092085838318,1.6474525173505148,0.19860974885851532
170,-0.20206877291202546,0.44205000400543215,1.5016124447186787,0.14887119454451583
175,-0.1053902730345726,0.4362739086151123,1.461765205860138,0.05491315423789652
180,-0.06098888218402863,0.5120884537696838,1.4314998189608257,0.008155990621010462
185,-0.09708162248134614,0.4905771195888519,1.444337793191274,0.04722908271325299
190,-0.11435025185346603,0.4558112800121307,1.38703533411026,0.0651696503140285
195,0.01997269634157419,0.5007287561893463,1.554047179222107,-0.07406551753440242
200,-0.0302911888808012,0.47430638074874876,1.587928827603658,-0.02638477757595974
205,-0.05642591416835785,0.4065714657306671,1.6011428515116373,0.00374955235180273
210,-0.06662637069821357,0.448260098695755,1.5432890415191651,0.013690128584116557
215,-0.05613963156938553,0.5040423452854157,1.7742295861244202,-0.002882724117190781
220,-0.06591240093111991,0.4890964269638062,1.7301045457522075,0.008720037813453502
225,-0.05824877545237541,0.48420326709747313,1.847978409131368,-0.002488317784998959
230,-0.107279734313488,0.5382526397705079,1.9695443073908487,0.034589926709894504
235,-0.24264978170394896,0.4932048797607422,2.0722087383270265,0.17004932701544997
240,-0.2752077758312225,0.5094529867172242,1.9955474138259888,0.1993485759090035
245,-0.2411150276660919,0.4667685925960541,2.0211206436157227,0.16716012088711923
250,-0.3218033730983734,0.45559191703796387,1.7942406058311462,0.2536887004432857
255,-0.2649121701717377,0.4866427183151245,1.6392264763514202,0.20759074780570785
260,-0.2424539476633072,0.5154735445976257,1.6688708702723185,0.17950490387520993
265,-0.3469439744949341,0.46291289329528806,1.6163801034291585,0.2898559703200686
270,-0.3550738632678986,0.4246589124202728,1.4185614546140035,0.3060683622271181
275,-0.3114398181438446,0.44528926014900205,1.3837416052818299,0.2615000801301604
280,-0.34705942273139956,0.4346508502960205,1.2555843909581503,0.299844099821478
285,-0.18606227040290832,0.43998889327049256,1.3121968706448872,0.14008115825183864
290,-0.2521496504545212,0.44921932816505433,1.2070797681808472,0.21119823071698338
295,-0.26595805287361146,0.43280673027038574,1.214481528600057,0.22508694656265513
300,-0.1758308857679367,0.4119876265525818,1.2316125512123108,0.13249359844700614
305,-0.2266336888074875,0.39754910469055177,1.173227842648824,0.18711836328573947
310,-0.2168353885412216,0.40200609564781187,1.118404491742452,0.17794474000581187
315,-0.15529203712940215,0.39285412430763245,1.2028653701146443,0.11561196246445322
320,-0.15859195590019226,0.43057107329368594,1.2313087622324626,0.1143063069887708
325,-0.10844112783670426,0.43968488574028014,1.316439723968506,0.06199490610979804
330,-0.12331309914588928,0.3820046126842499,1.184759795665741,0.0847326154119307
335,-0.020145439170300962,0.40573920011520387,1.359849178791046,-0.03036646481744969
340,0.030610059201717377,0.44582617878913877,1.4093404531478881,-0.07814440712634153
345,-0.02751191072165966,0.43738713264465334,1.3013352076212565,-0.021849154784958347
350,-0.042958466708660124,0.4420295298099518,1.280988331635793,-0.0009900076889702264
355,-0.12145729213953019,0.3720543622970581,1.3401483257611593,0.07464972945712499
360,-0.2059558868408203,0.4087404668331146,1.359628979365031,0.16139476898858973
365,-0.10011984407901764,0.4083813726902008,1.5491087476412455,0.05093648693077174
370,-0.18818539679050444,0.41468325853347776,1.563441558678945,0.13811411193777373
375,-0.14415382146835326,0.4128017842769623,1.583307687441508,0.0860710821445878
380,-0.22157370746135713,0.4625048577785492,1.5700530648231505,0.16940655950012426
385,-0.14554317593574523,0.4583783268928528,1.4645177205403646,0.0939186370650356
390,-0.0912525162100792,0.403110408782959,1.370760707060496,0.044327487621647836
395,-0.06080214604735375,0.3815870642662048,1.2935214519500733,0.02035400983251756
400,-0.052187665551900866,0.46574167609214784,1.4625307162602743,0.003572324390620976
405,0.020127196609973908,0.45078641176223755,1.4874513626098633,-0.07025876309035375
410,0.022012405283749103,0.47695623636245726,1.7393024206161498,-0.08282332934751994
415,-0.12173391878604889,0.44459542632102966,1.5841764569282533,0.0653462607434615
420,-0.11875154376029969,0.44107438921928405,1.5237294554710388,0.06977931757071297
425,0.04831417798995972,0.4560561954975128,1.5070724328358969,-0.10459689600207518
430,-0.03502217568457126,0.4694936811923981,1.5727590918540955,-0.02154314014293062
435,-0.052800565212965014,0.4630288064479828,1.5953266024589539,-0.0019931031750665003
440,-0.1606721192598343,0.3826083838939667,1.5552443345387776,0.10783341831323567
445,-0.17849754095077514,0.4273491382598877,1.5756510456403097,0.12326165969710719
450,-0.1280379980802536,0.396158504486084,1.4795245289802552,0.07866426629210811
455,-0.06489594727754593,0.40495293736457827,1.5136985818545023,0.010875023547004762
460,-0.19982397556304932,0.39166287183761594,1.535255209604899,0.14646404546304959
465,-0.07373960018157959,0.4012039005756378,1.620154579480489,0.016141543052580122
470,-0.16855158805847167,0.4171264708042145,1.4750178138415018,0.11763127478146355
475,-0.24975193440914153,0.3910454034805298,1.4167851646741232,0.20329819796475276
480,-0.2813364744186401,0.38976405262947084,1.5533745169639588,0.22246291056641318
485,-0.33748942613601685,0.38110085725784304,1.4825361371040344,0.28230412040017416
490,-0.18414872884750366,0.36484444737434385,1.3779096206029255,0.13427821952249802
495,-0.17143703401088714,0.37064971327781676,1.3286028385162354,0.11645198358304501
500,-0.13243882060050965,0.3666791796684265,1.319042650858561,0.08516870333914899
505,-0.08551421016454697,0.3589663803577423,1.2547209858894348,0.03705999560387965
510,-0.16053335070610047,0.3498261392116547,1.1541735847791037,0.11844098057343351
515,-0.252446386218071,0.30329121351242067,1.077154242992401,0.21562368939624008
520,-0.26414833664894105,0.32326058149337766,1.0792462984720865,0.2265643559522623
525,-0.14568988382816314,0.30911619067192075,1.0254697879155477,0.10797392677373666
530,-0.12256072163581848,0.35246426463127134,1.0258192896842957,0.08792336882401529
535,-0.10663777440786362,0.3216521322727203,1.0166367053985597,0.06942331034671675
540,0.03738524317741394,0.33777679204940797,1.057304282983144,-0.07692392612885379
545,-0.015023416094481944,0.3587614119052887,1.0728530844052633,-0.020827008326720606
550,0.03955494686961174,0.34292182326316833,1.0768729130427042,-0.07963286900271382
555,-0.010259688179939986,0.33644086718559263,1.1081168055534363,-0.03402833108937312
560,-0.07598888874053955,0.3413379192352295,1.1103237787882487,0.03360662733874395
565,-0.03745086304843426,0.34071649312973024,1.125753891468048,-0.0031940801389199955
570,-0.046718402206897734,0.3193017303943634,1.130526316165924,0.008263939300489813
575,0.03718114793300629,0.34387664794921874,1.1272119561831155,-0.07847369483806509
580,-0.030156618729233742,0.30982898473739623,1.0650465647379557,-0.0076038549597855646
585,-0.23167471587657928,0.3215595006942749,1.0049708485603333,0.19374761741809235
590,-0.05588764846324921,0.3300767958164215,0.9689206639925639,0.020140037791170396
595,-0.23170633018016815,0.3033978879451752,0.871562252442042,0.20060742567652742
600,-0.10467671006917953,0.3245007872581482,0.8743123233318328,0.07361562974438036
605,-0.2163051337003708,0.312863701581955,0.9951670944690705,0.17958332452430514
610,-0.1417580157518387,0.29913952946662903,0.9238219996293385,0.11051226719260444
615,-0.07910432070493698,0.2940984070301056,0.9039817770322164,0.0486762189812505
620,-0.1143248900771141,0.29847015142440797,0.9244632144769033,0.08439290739613299
625,0.037804803997278216,0.3025291204452515,0.8776336093743642,-0.07057838763301183
630,-0.08903506845235824,0.3010294198989868,0.9662659168243408,0.05846597527366355
635,0.029677851870656014,0.3156222581863403,0.94218537012736,-0.06336105006588377
640,0.0009365985752083361,0.2794197082519531,0.9717658698558808,-0.03506880791933536
645,0.0067606777884066105,0.33036344051361083,1.1335054914156595,-0.04392011714795812
650,0.07438511699438095,0.3319766283035278,1.246519653002421,-0.12385028118685922
655,-0.21658349335193633,0.32161774635314944,1.207492733001709,0.16926239535484416
660,-0.1811169534921646,0.2874623596668243,1.0166085680325827,0.14646432432482206
665,0.047918131947517394,0.31445852518081663,1.0189318577448527,-0.08487803038990692
670,-0.0798504889011383,0.3198212802410126,1.0040530880292258,0.0471093277405271
675,-0.07572408616542817,0.3054328501224518,1.0769379099210104,0.03799459895949085
680,-0.04995125085115433,0.32386664748191835,1.1350250045458476,0.005513147256966025
685,-0.03444748595356941,0.3120090186595917,1.109211230278015,-0.005817282263597533
690,-0.09101846665143967,0.30935428142547605,1.0763996481895446,0.052154661793360944
695,-0.1140795573592186,0.3547674953937531,1.0145015875498453,0.07647742774254336
700,-0.1679759293794632,0.2998989880084991,0.9586763620376587,0.13513470402603214
705,-0.2326091319322586,0.281354159116745,0.9172614336013794,0.20189122497080492
710,-0.10793209969997405,0.2903176724910736,0.9162827511628469,0.07821186030842672
715,0.03451979719102383,0.3293873846530914,0.9756779511769612,-0.06760681360268761
720,0.019482174888253212,0.3549172103404999,1.092132063706716,-0.0570753493457596
725,-0.06458671391010284,0.3310017824172974,1.057954692840576,0.024391887567562758
730,-0.06756253093481064,0.294052392244339,1.0528600811958313,0.03165581663840475
735,-0.02568615451455116,0.320917534828186,1.103334895769755,-0.014016406747747338
740,0.08059105873107911,0.31548574566841125,1.067031192779541,-0.11992511851079926
745,-0.12380533069372177,0.3115882396697998,0.982876718044281,0.08272003881215453
750,-0.013153098896145821,0.29883305430412294,1.010267154375712,-0.01937901667311623
755,-0.167999929189682,0.30389073491096497,1.0609831889470418,0.13163762890496164
760,-0.0060456750681623815,0.33885740041732787,1.2124168952306111,-0.03731057719191214
765,0.13330283463001252,0.3132557451725006,1.2512422283490499,-0.17576518959420634
770,-0.29069654941558837,0.34200447201728823,1.2768123507499696,0.24369990573578115
775,-0.18411015272140502,0.2879899024963379,1.1288481791814169,0.1429905015961502
780,-0.156842702627182,0.3368681490421295,1.1912026007970173,0.11016695691108243
785,-0.2087662100791931,0.27990601658821107,1.0543149630228679,0.1706246160784023
790,-0.2112509548664093,0.29549487233161925,1.0394539475440978,0.17507355176250505
795,-0.1621210902929306,0.2953787088394165,0.954580553372701,0.1240222771968489
800,-0.19491795003414153,0.288424414396286,0.9028751432895661,0.16088403218193822
805,-0.2866400063037872,0.2916910231113434,0.8686701675256093,0.2577563111627883
810,-0.12963471412658692,0.29043165445327757,0.8622337122758229,0.1004702077312542
815,-0.23056610226631163,0.2875928819179535,0.8106941978136698,0.20253479722767115
820,-0.20255792140960693,0.2896472454071045,0.8563311894734701,0.17420314696542585
825,-0.18717625439167024,0.2754359066486359,0.7913609286149342,0.16110110642848985
830,0.012793268822133542,0.3182121515274048,0.8658454537391662,-0.04778556348984307
835,-0.17575239837169648,0.3043966770172119,0.799598224957784,0.14716335869723615
840,-0.10570118725299835,0.27366074323654177,0.7559667746225993,0.07902655726248822
845,-0.10979637801647187,0.28818426132202146,0.6813974996407827,0.08722285777414936
850,0.0013740331516601146,0.27814669609069825,0.7251431961854299,-0.026213057718933844
855,-0.0425771027803421,0.30565559267997744,0.7229127864042918,0.016935541555149966
860,-0.007526265038177371,0.30839645862579346,0.7432195325692494,-0.01955510874417941
865,-0.08299161195755005,0.2734910786151886,0.691873037815094,0.060837320156444136
870,-0.189509055018425,0.2553495168685913,0.7540061851342519,0.1653479552136475
875,-0.1247686579823494,0.29855568408966066,0.750532603263855,0.09427586995034255
880,-0.16445863544940947,0.24383918344974517,0.675390879313151,0.14319345438426964
885,-0.039018458873033526,0.2624726891517639,0.7605155487855275,0.01389717222908452
890,0.10229329168796539,0.2672590136528015,0.8255124827226002,-0.13530512029045924
895,-0.09496837109327316,0.301194429397583,0.8675938030083974,0.06305373739146615
900,-0.07614698559045792,0.2547157943248749,0.7553348183631897,0.04855922656758521
905,-0.1126921147108078,0.26798285245895387,0.7501442829767863,0.08583582612521273
910,0.012077352777123452,0.28985823392868043,0.7391446053981781,-0.03918664895834632
915,-0.09998128116130829,0.27642669677734377,0.7530167102813721,0.07489760646673106
920,-0.05642193704843521,0.27831241488456726,0.7220280607541402,0.033022127658632
925,0.02771127037703991,0.26604758501052855,0.7790701011816661,-0.05582270003231328
930,-0.021666264906525613,0.2717936098575592,0.7741901218891144,-0.005037547350879566
935,0.05525060892105103,0.2938662707805634,0.9169749061266581,-0.08967602896656163
940,0.009659135714173317,0.2718510329723358,0.9418144226074219,-0.0455132185066848
945,-0.21467165350914003,0.25160824656486513,0.862767360607783,0.18597163203311548
950,-0.19519984126091003,0.26465039849281313,0.8597502668698629,0.16602770142471557
955,-0.04393359124660492,0.27863675355911255,0.839854089419047,0.014005046119718515
960,-0.08722667247056962,0.2798707544803619,0.842303995291392,0.05773836463907062
965,-0.11533689647912979,0.31727824807167054,0.8028120776017507,0.0898324334597373
970,-0.1387856423854828,0.2811078429222107,0.7717875937620798,0.11443927767481776
975,-0.0007222337648272514,0.28400551676750185,0.8512444972991944,-0.026555068365609218
980,-0.08465825319290161,0.30077876448631286,0.9574700713157653,0.051636518613001
985,-0.044122251123189925,0.27018848061561584,0.9350494106610616,0.013362593902403838
990,-0.1232497364282608,0.30387219190597536,0.9792705138524374,0.0868700379800909
995,-0.12037598639726639,0.29818626046180724,0.9509746034940084,0.0869625217906516
1000,-0.10978432595729828,0.3116588771343231,1.0358225623766582,0.07375234895793932
1005,-0.19616004824638367,0.31891241669654846,1.0852515618006389,0.1574849341405301
1010,-0.22257535755634308,0.2729332625865936,0.9351696372032166,0.1857572654363782
1015,-0.18855544030666352,0.2968056917190552,0.9346878906091054,0.15469904002656812
1020,-0.10897046625614167,0.263781476020813,0.9062632044156392,0.07755656491037277
1025,-0.009517042804509402,0.28856971859931946,0.9699591755867004,-0.023371533315445347
1030,-0.009336648136377334,0.28647964596748354,1.0462835788726808,-0.028698273167919293
1035,-0.07704526335000991,0.31002325415611265,1.1498022437095643,0.037594166723479885
1040,-0.12657105326652526,0.3134441077709198,1.18298579454422,0.08576694691303871
1045,-0.023344392701983453,0.32997416257858275,1.184948976834615,-0.018686593370379097
1050,-0.03188502416014671,0.3611305594444275,1.1563214302062987,-0.011756437956217213
1055,0.005652346066199243,0.3326075434684753,1.0663601756095886,-0.04245421618616839
1060,-0.06730991303920746,0.29283485412597654,1.1270221749941507,0.03008498502776596
1065,0.041258924454450605,0.30236448645591735,1.1203397432963054,-0.08210821672646185
1070,-0.01245661722496152,0.3202946543693542,1.2643603682518005,-0.03176769811417987
1075,0.03967688977718353,0.3434059202671051,1.2195738514264425,-0.08699849711217525
1080,-0.12108161300420761,0.3179537892341614,1.1961305459340414,0.07717129970225943
1085,-0.14422928988933564,0.29631068110466,1.0721328496932983,0.10528058530032448
1090,-0.15316254198551177,0.2832882344722748,1.02144748767217,0.11665140580778487
1095,-0.19245013892650603,0.26137657165527345,1.0492342511812847,0.15974913729740586
1100,-0.27153962254524233,0.2898557782173157,1.0426776250203451,0.23801667978656948
1105,-0.10522540509700776,0.29300647377967837,1.0730398734410604,0.06063790839098637
1110,-0.17834199368953704,0.2725509166717529,0.9771956324577331,0.14537729026931043
1115,0.09110016226768494,0.29939252734184263,1.0074629267056783,-0.12712486419818161
1120,-0.06515805274248124,0.2835131049156189,1.1206347227096558,0.028616476233418196
1125,0.17683506906032562,0.32186004519462585,1.258695089817047,-0.22893222519550246
1130,0.03086278848350048,0.32680757641792296,1.2363632082939149,-0.07631330403611249
1135,-0.08068796396255493,0.3203507959842682,1.2712841669718424,0.03783258073826411
1140,0.10696030259132386,0.32521397471427915,1.290812865893046,-0.1527053664693383
1145,0.1543627232313156,0.3018219292163849,1.4271791974703472,-0.2048338829872548
1150,0.23471330106258392,0.409328418970108,1.5066369930903116,-0.29086952506369623
1155,0.19794875979423524,0.3217299520969391,1.442422914505005,-0.25378632967596276
1160,0.026291413232684135,0.3147649228572845,1.4183680256207785,-0.07880605160981671
1165,0.03221650756895542,0.3207686245441437,1.4870940725008646,-0.08663339935860237
1170,-0.008767099352553487,0.3506274402141571,1.5169723947842917,-0.04901701837375553
1175,0.020951106399297714,0.32473578453063967,1.406048063437144,-0.07333921486638681
1180,0.15029192566871644,0.32918936014175415,1.3668801029523214,-0.20253326815931924
1185,0.12386341392993927,0.3588490664958954,1.319162925084432,-0.17771720533165133
1190,0.00791325573809445,0.3211521506309509,1.317352020740509,-0.05436006649193181
1195,0.04558359906077385,0.3196742594242096,1.3111743052800497,-0.09211158357585991
1200,0.1016630306839943,0.33399401903152465,1.382812790075938,-0.15101134466338142
1205,0.04122606590390206,0.3422350585460663,1.3564521471659343,-0.09168684726469725
1210,0.019481645524501802,0.32184399366378785,1.3148300727208455,-0.068071658436533
1215,0.003964170231483877,0.30210036039352417,1.333213698863983,-0.05144049830782698
1220,-0.013011302892118692,0.3568178951740265,1.2174147645632425,-0.03232724662859854
1225,-0.2544715732336044,0.29812520146369936,1.1552475015322368,0.21335207912025897
1230,-0.16452088952064514,0.3101377129554749,1.0927640557289124,0.12254715678414435
1235,-0.21944023668766022,0.2766226351261139,0.9574976483980815,0.18353170550167425
1240,-0.15052060186862945,0.30257818698883054,0.8984324177106221,0.11766247337042292
1245,0.04482707008719444,0.3091099262237549,0.881159899632136,-0.07551151401179536
1250,-0.14688779711723327,0.2564700901508331,0.8494485159715016,0.11787924934449993
1255,-0.02957618422806263,0.2618725299835205,0.8283047238985698,0.0020130576705138154
1260,-0.05124329999089241,0.32308400273323057,0.850746347506841,0.02019574474947331
1265,-0.045204410701990126,0.2798427402973175,0.889160829782486,0.015377324003774817
1270,0.0042918382619973276,0.3170195519924164,0.937997947136561,-0.04140518862747231
1275,-0.05319137722253799,0.2852117717266083,0.9481820344924927,0.022701031551054452
1280,-0.0707459419965744,0.2498390793800354,0.9975453774134319,0.03834725924593861
1285,-0.02186194472014904,0.2917595386505127,1.0167116244633994,-0.014064486213240556
1290,-0.0962238609790802,0.3075529932975769,1.066933230559031,0.060125987205029596
1295,0.029732366278767585,0.30979194641113283,1.1081631938616434,-0.07130903444884841
1300,-0.24166305959224701,0.3158707022666931,1.0752803484598796,0.20496531482947344
1305,-0.23775929510593413,0.2966563403606415,1.1457508683204651,0.19581968337449265
1310,-0.25187668204307556,0.2763132333755493,0.9764629960060119,0.21357375969357661
1315,-0.19525189101696014,0.27773419618606565,0.8848969797293346,0.16419387202726898
1320,-0.21199122965335845,0.28506205081939695,0.8991997679074605,0.1800590811513401
1325,-0.020607045292854308,0.2752589523792267,0.8824545860290527,-0.00965784850542333
1330,-0.13245289921760559,0.32109796404838564,0.9285380184650421,0.10028720233531836
1335,-0.19137226939201354,0.2594519555568695,0.9109453439712525,0.16107567705965176
1340,-0.24112484157085418,0.2848707437515259,0.9211518466472626,0.2100538119562467
1345,-0.07016931176185608,0.28559895157814025,0.8981169283390045,0.03725256221334063
1350,-0.19266294836997985,0.2827503323554993,0.8828720430533091,0.16298281782519494
1355,-0.21449284255504608,0.2704060673713684,0.8369713604450226,0.18299331501306448
1360,-0.1196519672870636,0.28013612031936647,0.8097638487815857,0.08878513848339856
1365,-0.18787821531295776,0.2764632165431976,0.8462166428565979,0.1611051194142641
1370,-0.07031254917383194,0.28189027309417725,0.801607757806778,0.04203203325411973
1375,-0.0895595446228981,0.276289963722229,0.8320912659168244,0.06142837395238992
1380,-0.17802227139472962,0.2865186929702759,0.8465253035227458,0.15004783018020684
1385,-0.3153679370880127,0.24204099476337432,0.8326894044876099,0.2882404259791742
1390,-0.11322449743747712,0.2467513769865036,0.8661364118258158,0.08501127252360374
1395,-0.038263936340808866,0.27495750188827517,0.9147462526957194,0.007199082064237589
1400,-0.06320920288562774,0.2789652764797211,0.8986565113067627,0.030050250317548374
1405,-0.0035720412153750656,0.27784447073936464,1.0353539029757182,-0.032737516920120724
1410,-0.016292760707437993,0.3155839204788208,0.9890693624814352,-0.019397617858371914
1415,0.026579782366752625,0.28170201778411863,1.0401504715283711,-0.0643794471208724
1420,-0.058188899606466296,0.345846962928772,1.0786493341128032,0.020764558177495784
1425,-0.10106302499771118,0.3064790844917297,1.06440984805425,0.06235766498274483
1430,-0.06570537164807319,0.2873778700828552,1.0633760492006938,0.02907653440191958
1435,0.03884317800402641,0.28024111986160277,1.0598140080769858,-0.07731779845108008
1440,-0.10599418133497238,0.2873609960079193,1.0779486457506815,0.0646443595785087
1445,-0.006598102534189821,0.3038042724132538,1.1017868161201476,-0.036728487737928736
1450,0.012962025869637728,0.355837470293045,1.0902849872907003,-0.05716739781982337
1455,-0.09830043613910674,0.27286639213562014,1.1028722047805786,0.05694083457760134
1460,-0.05416047126054764,0.2962099015712738,1.0976131717363993,0.01582734806228675
1465,-0.24246353209018706,0.2566499710083008,1.0913279096285502,0.20479450645506309
1470,-0.23501543402671815,0.23724927008152008,1.0052529215812682,0.19968336933033048
1475,-0.023480689711868764,0.31778270602226255,0.9830247640609742,-0.014532458799548639
1480,-0.13251358270645142,0.27801358699798584,1.0095021287600199,0.0991345339841938
1485,-0.1293422117829323,0.2778349757194519,0.9408040265242259,0.09471922411834527
1490,-0.11479115635156631,0.2836260199546814,0.9477353632450104,0.08329043272104104
1495,-0.017831838317215444,0.27302483320236204,0.9112441043059031,-0.016153958610692548
1500,0.07964139580726623,0.2556541979312897,0.9380564073721568,-0.11273330916246167
1505,0.07839015126228333,0.2529229551553726,0.9369814534982045,-0.10904922535833263
1510,0.14680080711841584,0.26576300859451296,1.0239502390225728,-0.18452946409659
1515,0.08283953964710236,0.26774026155471803,1.0649917840957641,-0.12108943330567029
1520,0.18937233090400696,0.29850130081176757,1.2080825646718343,-0.2355841701479049
1525,0.03691503144800663,0.299901419878006,1.2800569772720336,-0.08202874847565968
1530,0.14468365609645845,0.28772854804992676,1.2257152199745178,-0.196758909696073
1535,-0.01920605432242155,0.27439228296279905,1.2365910490353902,-0.02266324587914334
1540,0.07052921503782272,0.3046074390411377,1.26613955895106,-0.11720597545393102
1545,0.13649219572544097,0.3512730062007904,1.2426291664441427,-0.18330753108331194
1550,-0.16658781766891478,0.23385602235794067,1.1063130815823874,0.12561623973831965
1555,-0.0652725338935852,0.26512640714645386,1.1527195652325948,0.0207868400786057
1560,-0.07112744897603988,0.2708379030227661,1.03434499502182,0.03428946744328877
1565,-0.02746746614575386,0.2798997938632965,0.971800818045934,-0.00875098848227013
1570,-0.1389387935400009,0.26358906626701356,0.9404213507970174,0.10441754135593936
1575,-0.15114096701145172,0.27251592874526975,0.9166979630788167,0.117726201594388
1580,-0.2758408188819885,0.24061941504478454,0.8055700739224751,0.24898876869764996
1585,-0.1825790137052536,0.24110489189624787,0.8333030819892884,0.15580351133465434
1590,0.0025152159971185027,0.2874982595443726,0.9011973857879638,-0.03420971872369784
1595,-0.1572093278169632,0.2684457004070282,0.9352186481157939,0.12502471664587378
1600,-0.20153671205043794,0.24634131491184236,0.9602158228556316,0.16829937925444238
1605,-0.09919159561395645,0.24801529943943024,0.948753046989441,0.06678502703901378
1610,-0.26173198223114014,0.250958189368248,0.8807214558124542,0.23269967081176593
1615,-0.15896376371383666,0.24173649847507478,0.7895286977291107,0.12997469393514666
1620,-0.12311050593852997,0.22939902544021606,0.7477969268957774,0.09784136153353622
1625,-0.19690649807453156,0.22558433413505555,0.7821214437484741,0.17238195276553123
1630,-0.14642558097839356,0.21734293401241303,0.7757272442181905,0.12200288224973392
1635,-0.15360777378082274,0.22461862564086915,0.7552608251571655,0.12820314152463894
1640,-0.009432024415582418,0.2590476095676422,0.8036614259084066,-0.01855151144537277
1645,-0.07493217289447784,0.25669915080070493,0.8598030467828115,0.0461909546386199
1650,0.02816506028175354,0.24915997684001923,0.8668089032173156,-0.05958067498229663
1655,-0.022328896820545195,0.267402708530426,0.9525526980559031,-0.01444790562462595
1660,-0.05721941664814949,0.27041983008384707,0.9130871335665385,0.022110384871529724
1665,0.012877694703638554,0.2887197256088257,0.8284269332885742,-0.04401192689884851
1670,-0.18266966342926025,0.2460310161113739,0.8224255919456482,0.15357649044685204
1675,-0.15400964319705962,0.234650856256485,0.8188141842683156,0.12680819485432349
1680,-0.00791635811328888,0.2309235841035843,0.8694784005482992,-0.021076733884795633
1685,0.13615110218524934,0.26532691717147827,0.9622436622778575,-0.16929122873973954
1690,0.18622106015682222,0.2662812232971191,1.055031462510427,-0.2265459983996017
1695,0.26467536091804506,0.2567165732383728,1.045737361907959,-0.30178848777293077
1700,0.2116307646036148,0.24849499762058258,1.065826706091563,-0.25226815801772506
1705,0.22171263694763182,0.2849113404750824,1.1898701985677083,-0.2694086922044984
1710,0.40716378688812255,0.31969956755638124,1.263253124554952,-0.4561110325242387
1715,0.1541850596666336,0.28198933601379395,1.17925523519516,-0.20298992790318968
1720,0.2079004466533661,0.2742404043674469,1.1880453745524089,-0.2515241321647447
1725,0.18030278086662294,0.26395843625068666,1.222426974773407,-0.2225916012222902
1730,0.17224997878074647,0.27514869570732114,1.4118176182111104,-0.2250070817832855
1735,0.28550485968589784,0.34794241189956665,1.4717244664827982,-0.3485430809245853
1740,0.17822753489017487,0.33397907614707945,1.4771894256273905,-0.23559052711736597
1745,0.13341195583343507,0.372748863697052,1.4122748335202535,-0.18591744771334026
1750,0.2599355518817902,0.29711896777153013,1.2692411263783774,-0.30819711051181
1755,0.15193387866020203,0.298783278465271,1.28122878074646,-0.2002621082102306
1760,0.03812422826886177,0.3266685903072357,1.2755715250968933,-0.08431511717584501
1765,0.03223967291414738,0.3160823345184326,1.2809924483299255,-0.08105427861769988
1770,-0.22962645888328553,0.25824192762374876,1.175058368841807,0.1844015000045229
1775,0.20119297206401826,0.31629000306129457,1.2836135506629944,-0.2539313882651626
1780,-0.13608891665935516,0.27444553971290586,1.1054989616076152,0.09444975896708219
1785,-0.18100842237472534,0.22610434293746948,0.9910431265830993,0.14609604410729937
1790,-0.11853249967098237,0.22392012774944306,0.9705588340759277,0.08029583087995713
1795,-0.07243266701698303,0.21433879137039186,0.9506185392538706,0.04231616931684527
1800,0.05716442391276359,0.24219526648521422,0.9560446202754974,-0.0919495384326737
1805,0.0127469627186656,0.24831680357456207,0.9586156666278839,-0.045862591312159556
1810,0.24645790457725525,0.2329103857278824,1.017503023147583,-0.2849320301777616
1815,0.14922457337379455,0.3044731318950653,1.1702085415522256,-0.19052033271871244
1820,0.15601728856563568,0.2754874050617218,1.1432464679082235,-0.19790093467045938
1825,0.05377388969063759,0.29490440487861636,1.1367217143376669,-0.09719779333241611
1830,-0.07644597887992859,0.24166461527347566,1.0599112908045452,0.039800633507272594
1835,-0.035891849920153616,0.27018111348152163,1.0711163004239401,-0.002609593800048093
1840,-0.04473908022046089,0.2319208562374115,1.0775984446207683,0.006650290190284645
1845,0.06017991676926613,0.2765264093875885,1.087717847029368,-0.10414144349795887
1850,-0.1676640182733536,0.25679212212562563,1.0309855500857035,0.1288445407432009
1855,-0.25322706401348116,0.22903140485286713,0.9620524505774181,0.21705135905410555
1860,-0.23771075606346131,0.22797307670116423,0.9158291478951772,0.20468362426263786
1865,-0.12877511978149414,0.22538651823997496,0.8900811016559601,0.09968169570357784
1870,-0.09673119783401489,0.22917001247406005,0.8662977973620097,0.06744785587896966
1875,-0.07000902593135834,0.2406047135591507,0.8504267017046611,0.039866494390974505
1880,-0.05719083696603775,0.21066918075084687,0.7958504339059194,0.030609258716507246
1885,0.008976414427161216,0.21822983622550965,0.7890533387660981,-0.037622786827885744
1890,-0.008512708172202111,0.21488460302352905,0.8121981759866078,-0.020152600780990584
1895,0.1258825659751892,0.22879480421543122,0.9859575867652893,-0.1615647149733421
1900,0.02559881769120693,0.22280940413475037,1.0024415751298268,-0.06498311965315268
1905,0.09309985339641572,0.27432523369789125,1.0631165981292725,-0.12976560861814454
1910,-0.07708250135183334,0.25888033509254454,0.9908837139606476,0.040894353649145725
1915,-0.06329475939273835,0.2314579427242279,0.9985090931256612,0.028714974283460655
1920,-0.14189319908618928,0.2355772525072098,0.9918268779913585,0.10798526980809799
1925,-0.055886772274971006,0.23559495508670808,0.9450442055861156,0.02563894817679012
1930,0.019708744809031488,0.24590003192424775,0.9808207273483276,-0.05461154891485281
1935,-0.020563827082514762,0.23614966571331025,0.9792313814163208,-0.012029310705002185
1940,-0.0633911706507206,0.2390839248895645,1.0782782117525735,0.026793779043672996
1945,0.13280986547470092,0.27947044372558594,1.1212541580200195,-0.17537499450863533
1950,0.24184434711933137,0.3010468363761902,1.2904058694839478,-0.2926263922592915
1955,-0.036571234837174414,0.2899977207183838,1.1826241612434387,-0.010474325807128896
1960,-0.18508729636669158,0.28905786871910094,1.027952883640925,0.14579258053230493
1965,-0.1721882164478302,0.28197063207626344,1.084245753288269,0.12932082251329918
1970,-0.04196860417723656,0.22964586913585663,1.0406290928522746,0.0058229208029844685
1975,-0.12908747494220735,0.24089076220989228,0.9852683822313945,0.0933256861372791
1980,-0.2954133808612823,0.23653945922851563,0.9476240555445353,0.260381571708944
1985,-0.26028937101364136,0.22326533794403075,0.8581696708997091,0.2315423764634283
1990,-0.19091103374958038,0.23779354393482208,0.8510379870732625,0.16205608813826963
1995,-0.19803241789340972,0.256904211640358,0.8806833644707998,0.16703528399592718
2000,-0.2889758825302124,0.2319722592830658,0.8307947377363841,0.25962945147294325
2005,-0.29520397186279296,0.22582372426986694,0.8578344841798147,0.26661872925321994
2010,-0.3068845868110657,0.233584725856781,0.8189303159713746,0.27827390473708796
2015,-0.1992432564496994,0.2609278440475464,0.778917270898819,0.17071225255553626
2020,-0.24654200077056884,0.2175286293029785,0.7848638693491617,0.21763808064842877
2025,-0.21916439533233642,0.19859203696250916,0.6993759632110595,0.19453186117528723
2030,-0.20881887376308442,0.22124727070331573,0.7632435917854309,0.1843225434027254
2035,0.06012742817401886,0.23766643404960633,0.8139666358629862,-0.09039014285270809
2040,-0.1807866632938385,0.2479946255683899,0.7293817381064097,0.15195885415970237
2045,-0.22432852983474733,0.22172593772411348,0.7293406208356221,0.19827045959206932
2050,-0.10483202338218689,0.21010005474090576,0.7147403399149577,0.08071148712202195
2055,-0.19655101597309113,0.21026317179203033,0.7160949409008026,0.17141374796879752
2060,-0.11594673693180084,0.205460587143898,0.7355578561623891,0.09133969790439056
2065,-0.010111713223159314,0.23263925909996033,0.7598587910334269,-0.016560495941896677
2070,0.05569788739085198,0.22435047924518586,0.8043812096118927,-0.08396306393999732
2075,0.01345111709088087,0.23755280971527098,0.7686829547087352,-0.040514978432466625
2080,-0.018250678293406965,0.22366463840007783,0.7927141865094502,-0.010466130333770493
2085,-0.11205948740243912,0.26072882413864135,0.8432430366675059,0.0787720907858785
2090,-0.18276219964027404,0.21071341633796692,0.7993097325166066,0.1578841619615432
2095,0.13034061193466187,0.25237286686897276,0.8635464310646057,-0.1623973995613422
2100,0.18877628743648528,0.23103251159191132,0.9571905136108398,-0.226606420816647
2105,0.13700741827487944,0.23320549428462983,1.0383237679799397,-0.174353931788859
2110,0.3064141273498535,0.2620190024375916,1.147182536125183,-0.3481294835582911
2115,0.3752537310123444,0.27478525042533875,1.2232584834098816,-0.42231065371195053
2120,0.3585098564624786,0.27187386751174925,1.3571179668108622,-0.4109170830497528
2125,0.44437275528907777,0.3060493230819702,1.4230990091959634,-0.5013365445511686
2130,0.2953735589981079,0.32867798805236814,1.364106277624766,-0.35302917593995936
2135,0.3277017652988434,0.27471494674682617,1.4245699485143026,-0.3833564009843834
2140,0.5341567516326904,0.3359521269798279,1.4194857160250345,-0.5981055229959765
2145,0.11502436846494675,0.30089098811149595,1.4089418967564902,-0.1669520208485192
2150,0.2531463861465454,0.3047358632087708,1.4776389201482136,-0.30535231244946864
2155,0.1512507677078247,0.2975210964679718,1.5753093163172405,-0.21306679352891367
2160,0.012833917047828436,0.36355342268943786,1.5278677622477213,-0.07034733643498597
2165,-0.16077075004577637,0.31576856374740603,1.4359009901682536,0.1041347915647489
2170,-0.03880280442535877,0.30372336506843567,1.4362126032511393,-0.020957475738629258
2175,-0.11436843127012253,0.28821812868118285,1.343377685546875,0.061846413696493324
2180,-0.27622159719467165,0.2545929759740829,1.2120943387349448,0.23087849753225095
2185,-0.2995881199836731,0.28889279961586,1.1911433537801106,0.25633653146502805
2190,-0.43281152844429016,0.23990420997142792,1.0450286070505779,0.3936947052596646
2195,-0.42013571262359617,0.21799342036247255,0.9514078756173452,0.382867884801353
2200,-0.32671883702278137,0.20782744586467744,0.8712987840175629,0.29612550289357725
2205,-0.3434125602245331,0.2098319411277771,0.820218539237976,0.31435017834576323
2210,-0.2790525734424591,0.22320685982704164,0.7920202930768331,0.25073343581570223
2215,-0.3049624443054199,0.24150660932064055,0.7777269184589386,0.27875118904850943
2220,-0.3748732924461365,0.2037820190191269,0.7645629604657491,0.34958100545979215
2225,-0.31354867815971377,0.21023764908313752,0.7546948452790578,0.289087663692559
2230,-0.16822109520435333,0.22050083577632903,0.7847281714280446,0.1392179946061207
2235,-0.06275608316063881,0.22107621133327485,0.7983777781327566,0.03425859845002998
2240,-0.13572266697883606,0.23217434287071229,0.7787348747253418,0.10768104993380667
2245,-0.11333722621202469,0.2186741441488266,0.8127544144789378,0.08549820386421893
2250,-0.10602023750543595,0.2486040025949478,0.8738311350345611,0.07597008267128756
2255,-0.10669576525688171,0.23085109889507294,0.9150079031785329,0.07494028694152224
2260,-0.050475272536277774,0.23273581266403198,0.8223967929681142,0.02029640375796691
2265,-0.09013124853372574,0.21635546982288362,0.9252021253108978,0.05487857008109598
2270,-0.10645406246185303,0.22148868441581726,0.8859078387419382,0.07441668830123936
2275,0.1003708466887474,0.258310341835022,0.9157442351182302,-0.1443544786599119
2280,-0.03920894265174866,0.2086259126663208,0.8649983604749044,0.006144624550421489
2285,-0.09373683333396912,0.22200627028942108,0.8424996038277944,0.06445106124151524
2290,-0.024298364669084548,0.2086898297071457,0.7919553796450297,-0.005850627626288016
2295,-0.10668670982122422,0.197060027718544,0.8129673957824707,0.07923635585090687
2300,-0.12589129954576492,0.20234257876873016,0.832555357615153,0.0974594487706775
2305,0.10145770758390427,0.22975903153419494,0.9342384080092112,-0.13479186917772057
2310,0.05416266247630119,0.2206392139196396,0.9403773585955302,-0.08627139117994835
2315,0.0600296400487423,0.24396081566810607,0.8904690066973369,-0.09715664329020496
2320,0.03100920096039772,0.2631806194782257,0.9536542852719625,-0.06385666681102896
2325,0.1882783740758896,0.2718561887741089,0.9546476185321808,-0.22906222309704236
2330,0.20312941074371338,0.25039570331573485,1.087983453273773,-0.24505647905077094
2335,0.006432461924850941,0.2434109479188919,0.946397046248118,-0.03863236503806428
2340,0.020159539580345155,0.1948883891105652,1.0931157072385151,-0.05575714535871254
2345,-0.009865263663232326,0.21089065372943877,1.0250659386316936,-0.023975690817350813
2350,-0.000783765921369195,0.25814791321754454,1.0739477674166362,-0.0365981445646745
2355,-0.16840672492980957,0.2068939596414566,1.0251071055730183,0.13420656344925821
2360,-0.13312810361385347,0.26150221824645997,0.9853748699029287,0.0949950050222555
2365,-0.13225228786468507,0.21991104483604432,0.939622567097346,0.09688670653154746
2370,-0.13879417181015014,0.2136183798313141,0.9504043579101562,0.10531823920072156
2375,-0.15161463916301726,0.19666141867637635,0.9486642638842265,0.11589725239298927
2380,-0.013672328740358352,0.2198897123336792,0.8887169361114502,-0.017782833323986662
2385,-0.1322778880596161,0.18899827003479003,0.9329814990361531,0.10020458355807202
2390,-0.0571031779050827,0.21443841457366944,1.025311271349589,0.021824730807696337
2395,0.07382732331752777,0.22236193120479583,1.0440600077311197,-0.11588449283497898
2400,0.01647822204977274,0.21516347527503968,1.0675938328107197,-0.05288045884474565
2405,-0.1285430371761322,0.20378175973892212,0.9797979950904846,0.0958469025898869
2410,-0.1151081994175911,0.2156019240617752,0.9865723172823588,0.08180534444784117
2415,-0.13516189455986022,0.19099654257297516,0.9890925268332164,0.10224126950427351
2420,-0.02864033207297325,0.21870517432689668,1.073737331231435,-0.00956682904332421
2425,0.06071130335330963,0.24603680074214934,1.2200863043467203,-0.10342029053738952
2430,-0.1009914293885231,0.22874706089496613,1.1098131775856017,0.06218046347056734
2435,-0.011681570485234261,0.25523783564567565,1.10850191116333,-0.02762246894706709
2440,-0.08212095350027085,0.2103893995285034,1.1603171825408936,0.04329183315875166
2445,-0.03456711582839489,0.2332378774881363,1.0803209662437439,-0.003912265699137927
2450,-0.07643245607614517,0.21121773421764373,1.0506123383839925,0.03835966319790993
2455,-0.05409914925694466,0.23565548062324523,1.0211262265841166,0.019544178899299384
2460,0.015872287936508654,0.21082436442375183,1.0147156238555908,-0.049079794575937016
2465,-0.08465044051408768,0.1951650410890579,1.0249964316685996,0.047601325711725845
2470,-0.03043327443301678,0.2093375653028488,1.0562202215194703,-0.00463702312354098
2475,-0.03427954837679863,0.19949604868888854,0.950041405359904,-0.000878777579957283
2480,0.005102474521845579,0.20130724906921388,1.0134277860323588,-0.03945503150790301
2485,-0.024999267235398293,0.22583917677402496,1.1343638102213542,-0.012327910599881208
2490,-0.04868848323822021,0.2489691436290741,1.2118922154108682,0.005223550548787909
2495,0.17505283951759337,0.25875291526317595,1.2329896887143452,-0.2190796185189764
2500,0.023382095620036125,0.21637146174907684,1.23427787621816,-0.06505924160348259
2505,0.19581287503242492,0.2796920478343964,1.3640476942062378,-0.2453750552162614
2510,0.012038285471498966,0.2563316524028778,1.280145255724589,-0.057923093595133195
2515,0.09246858209371567,0.2556616455316544,1.2361171245574951,-0.14145636610796292
2520,0.014443544112145901,0.23431658148765563,1.172486146291097,-0.056137366045617025
2525,-0.07640367448329925,0.23582125902175904,1.186787482102712,0.034828818534696396
2530,-0.13057218194007875,0.24201036095619202,1.089800767103831,0.0887884532291202
2535,-0.15033768117427826,0.24506235420703887,1.0970988154411316,0.10695952588734199
2540,-0.2546882003545761,0.21767006516456605,1.0114993135134378,0.21888447854975698
2545,-0.3141416132450104,0.21005722880363464,0.9394047896067301,0.27975399478019797
2550,-0.18093605935573578,0.2258445918560028,0.9868117491404216,0.14581034795373118
2555,-0.2685784101486206,0.23825176656246186,0.8321885526180267,0.23474684906195992
2560,-0.2564085960388184,0.2022274285554886,0.7558557331562042,0.23076419055003122
2565,-0.17185730040073394,0.2557938575744629,0.7783996880054473,0.13872982142816995
2570,-0.2943153023719788,0.206083083152771,0.6793253978093465,0.27216742981719766
2575,-0.3011765480041504,0.2335733026266098,0.7038909912109375,0.27695498220225745
2580,-0.1436073362827301,0.24318466782569886,0.7403848032156627,0.11646722747733296
2585,-0.18775275647640227,0.20395777821540834,0.7743103484312693,0.16171364183482456
2590,-0.008370976336300373,0.22437939941883087,0.8166722933451335,-0.019998388520265538
2595,-0.0956192135810852,0.2188764691352844,0.8170572996139527,0.06379167644871234
2600,-0.11927294135093688,0.20370593965053557,0.7813736041386922,0.09203187756727912
2605,-0.08103519529104233,0.2261478215456009,0.8025904953479767,0.052814745464564425
2610,-0.18022408187389374,0.2094048649072647,0.8344120542208354,0.1517977669892308
2615,-0.16258646845817565,0.21656841933727264,0.7632632454236349,0.1305395333419254
2620,-0.17021588683128358,0.19700214862823487,0.7467581907908122,0.14600694169315284
2625,-0.1960024893283844,0.183371639251709,0.7444649597009023,0.1694115822997086
2630,0.005734300590120256,0.1992561161518097,0.7779270788033803,-0.03420014740022864
2635,-0.0009154322324320674,0.18935110569000244,0.8342735687891643,-0.027732341773103342
2640,-0.034097955003380774,0.19989697337150575,0.8267535746097565,0.0031533426298256985
2645,-0.10695947110652923,0.17759068310260773,0.8180643618106842,0.07942268044771869
2650,-0.08279423713684082,0.18858850002288818,0.8904855012893677,0.052134902284748305
2655,-0.007338078366592527,0.2253338098526001,0.8711745262145996,-0.025013988307559083
2660,-0.027670781314373016,0.18990262150764464,0.9057287295659383,-0.0005996070072529515
2665,-0.06275571361184121,0.1843818813562393,0.9008352200190226,0.03185195526354228
2670,0.1494417130947113,0.22913634181022643,1.0892481962839762,-0.18834319271356267
2675,-0.06202040314674377,0.21609541773796082,0.9569838762283325,0.02900533981761963
2680,0.04257457256317139,0.25945352017879486,1.002580318848292,-0.08048830597481865
2685,0.022931646183133127,0.2357804983854294,1.0327802220980327,-0.06030164166271005
2690,0.0327393501996994,0.21308377385139465,0.8889618396759034,-0.06466126170809837
2695,-0.07274433970451355,0.23745730817317962,0.9577780922253927,0.03997370069004596
2700,0.047431354969739915,0.22585434317588807,1.0611492395401,-0.0822865737491518
2705,-0.10879713743925094,0.22995550632476808,1.0154115796089171,0.07140715879518407
2710,-0.21396797895431519,0.19055392146110534,0.9156052033106487,0.17940824870167535
2715,-0.15874884128570557,0.21084387302398683,0.9140791575113932,0.1278859927147513
2720,-0.16285508275032043,0.21626137793064118,0.8654173314571381,0.13244647659191217
2725,-0.15734783709049224,0.2122905045747757,0.9256657739480336,0.12521650409696508
2730,-0.1283446043729782,0.2077194333076477,0.8856264193852742,0.09669007975575339
2735,-0.16827572286128997,0.22128433287143706,0.8450226803620656,0.13949026061725725
2740,-0.0810583159327507,0.2114172101020813,0.9562479972839355,0.047921506509871904
2745,-0.18387922048568725,0.180217844247818,0.9448171476523082,0.15169523078923916
2750,-0.17429222166538239,0.20867800414562226,0.9904526889324188,0.14047584976626745
2755,-0.21958077549934388,0.18179385960102082,0.8870261987050374,0.18897518584867995
2760,-0.2075059711933136,0.2491677761077881,0.8134365061918895,0.17096202434174967
2765,-0.20298667550086974,0.1854703724384308,0.783085189263026,0.17375372823063406
2770,-0.21159931123256684,0.19814329743385314,0.7675697962443034,0.183453090416118
2775,-0.06827179193496705,0.21625223755836487,0.7217162211736043,0.043292136444955574
2780,-0.1837477743625641,0.16800310611724853,0.6897900621096293,0.16139411413662721
2785,-0.13052041828632355,0.17804184257984162,0.762791117032369,0.10497312056062988
2790,-0.06894507855176926,0.21715928316116334,0.7802190760771434,0.04166158476521087
2795,-0.036225533485412596,0.18865972459316255,0.7730186641216278,0.008010048196118157
2800,0.05913177654147148,0.21861864924430846,0.8181565324465434,-0.08867470764470746
2805,0.03726034238934517,0.19090981185436248,0.8115205963452657,-0.06720678098729346
2810,0.10323152542114258,0.21978652477264404,0.8823368728160859,-0.13273723501825774
2815,-0.17679884433746337,0.17896276712417603,0.7930013140042623,0.15029093044367417
2820,-0.09122110158205032,0.17948816418647767,0.8429146309693655,0.06372313699253414
2825,0.04854956269264221,0.19153669774532317,0.8999146362145741,-0.08069120194828158
2830,-0.02753157466650009,0.18826590180397035,0.869881788889567,-0.0021070380886632875
2835,-0.0044528923812322315,0.19205501079559326,0.8790197312831879,-0.02604609668340054
2840,-0.016568396985530854,0.19401567280292512,0.9324492235978444,-0.01769690247406513
2845,0.07867564707994461,0.2073204070329666,0.9977968792120616,-0.11423083173233174
2850,0.1458170622587204,0.21131412386894227,1.0735779305299122,-0.18494678822111563
2855,0.1221919447183609,0.19208905696868897,1.0888310472170513,-0.16051868786694137
2860,0.280642968416214,0.21756018400192262,1.275982642173767,-0.3324566028698419
2865,0.29678314328193667,0.22801050245761872,1.3614796161651612,-0.3460703146378852
2870,0.10318858921527863,0.24536963701248168,1.331801950931549,-0.15426950710280157
2875,0.1733461081981659,0.2768253982067108,1.203987141450246,-0.22122984603358606
2880,0.09173274338245392,0.25254680812358854,1.2088194847106934,-0.13732054110502423
2885,-0.016844300366938115,0.2276133269071579,1.2179468313852946,-0.028067790222965315
2890,-0.025809450820088387,0.23350698053836821,1.1677627960840862,-0.0149742430052319
2895,0.045163553953170774,0.23903243839740754,1.2150324741999308,-0.08858519054292775
2900,0.08255727887153626,0.31068817973136903,1.1780961831410726,-0.13117131319147463
2905,-0.02361883334815502,0.2356626033782959,1.1091193000475565,-0.0189285633364142
2910,-0.04446521997451782,0.22706306278705596,1.1556339502334594,0.004343213546458473
2915,0.04394660294055939,0.23563629388809204,1.1300648172696433,-0.08467772321206148
2920,0.05767209529876709,0.1915789097547531,1.1877310156822205,-0.1005041185615391
2925,0.2641376256942749,0.2307996779680252,1.232710075378418,-0.3125770528046633
2930,0.31159178018569944,0.2740552246570587,1.1831815640131633,-0.3647270237738427
2935,0.23916541635990143,0.23861524760723113,1.3233210563659668,-0.28675230914673966
2940,0.1848883658647537,0.2760006785392761,1.307106892267863,-0.23648128382410574
2945,0.2342142343521118,0.28551286458969116,1.4150741537412008,-0.28552692135257735
2950,0.3880321681499481,0.3104785203933716,1.4846035480499267,-0.4525139976851785
2955,0.07896218448877335,0.26709001660346987,1.3461796561876933,-0.12611356343694308
2960,-0.11490115523338318,0.3368314981460571,1.401772689819336,0.06255872960779636
2965,-0.2601204216480255,0.28176491856575014,1.1725865562756856,0.21361832595837058
2970,-0.3175997853279114,0.23205407559871674,1.0204217831293743,0.2702130237515364
2975,-0.19141189455986024,0.27314900159835814,1.0803980588912965,0.14855038482277486
2980,-0.08471867293119431,0.26831902265548707,1.0142344454924266,0.04905496440263737
2985,0.07065300792455673,0.22984830737113954,1.068562376499176,-0.11068672042827284
2990,0.06222866922616958,0.2557222217321396,1.1543055216471354,-0.11109950504731769
2995,-0.18233585059642793,0.2292671710252762,0.9447481870651245,0.1491507950454538
3000,-0.009028734173625708,0.23009457290172577,0.9613448937733968,-0.02469524018079012
3005,-0.16262397468090056,0.18744665384292603,0.8942032516002655,0.1322020170148959
3010,-0.02719329670071602,0.18528255224227905,0.939299984773,-0.0026734885386860492
3015,-0.13214679062366486,0.19032775163650512,0.9037492553393046,0.10237699141205264
3020,0.018277443014085293,0.2175246298313141,0.9303562899430593,-0.05117237458453113
3025,-0.11656074374914169,0.2053712248802185,0.8799632827440897,0.08632065624306777
3030,-0.23298209011554719,0.2230540245771408,0.8990167717138926,0.20129307105327163
3035,-0.05788826197385788,0.2037147879600525,0.9494224488735199,0.02361995929722367
3040,-0.07508566379547119,0.21721065044403076,0.9778088788191478,0.041106326166007096
3045,-0.1474011391401291,0.1782474249601364,0.8320977826913197,0.1177053645612593
3050,-0.0847883716225624,0.1691060334444046,0.8361752410729726,0.058378454284048746
3055,0.015713775902986525,0.21761899888515474,0.8676644424597423,-0.04750406492839318
3060,0.006846063677221537,0.19198585748672486,0.9063541730244954,-0.03779839082418826
3065,0.05480265989899635,0.2356051653623581,0.9508809228738149,-0.08934079887753915
3070,0.05861385241150856,0.19644840359687804,1.0037998656431835,-0.09272908257549987
3075,0.1217680111527443,0.22952324151992798,1.1124645431836446,-0.1639779471700966
3080,0.1309581518173218,0.23604020178318025,1.0907512585322061,-0.1708158054509178
3085,0.017346823401749135,0.19782541692256927,1.0393290042877197,-0.057147300377256474
3090,0.10330039411783218,0.1874295175075531,0.9070737461249033,-0.13667992854414898
3095,0.16712234616279603,0.24225595593452454,0.9403312961260478,-0.2028359487501546
3100,-0.07994514852762222,0.21795527040958404,0.9533375680446625,0.04872124083343305
3105,-0.09557173699140549,0.20111865997314454,0.9346949716409048,0.06445232676830806
3110,-0.13078257143497468,0.1913976103067398,0.8807092189788819,0.10199753480668884
3115,-0.21223315894603728,0.18693394362926483,0.9012099067370097,0.17690015794884933
3120,-0.25258366465568544,0.1765073150396347,0.7905091524124146,0.22598788958913243
3125,-0.20564476549625396,0.18728405833244324,0.7816351294517517,0.17637088934466102
3130,-0.24802586138248445,0.18825929164886473,0.7964530130227406,0.22084610093790163
3135,-0.20859713852405548,0.2271503746509552,0.7808278520901998,0.17871275089630406
3140,-0.12660128325223924,0.1645575374364853,0.7301917354265849,0.10252910473902489
3145,-0.10079646110534668,0.21820810735225676,0.7526278614997863,0.07176481845857642
3150,0.028488216921687126,0.23869466185569763,0.7649170100688935,-0.055146845958035984
3155,-0.1462145447731018,0.17636189758777618,0.6774767478307088,0.12353816347795882
3160,-0.18460254669189452,0.19475843906402587,0.6905184368292491,0.16094488068245882
3165,0.039076197892427444,0.24647506475448608,0.8192927300930023,-0.07622158362689005
3170,-0.08530354052782059,0.19825104176998137,0.6040917297204336,0.06378933533153529
3175,-0.0053250362863764165,0.1759346604347229,0.6419737060864766,-0.016961276879674008
3180,0.0714331790804863,0.19910275042057038,0.810086973508199,-0.10129478581644706
3185,0.02402028925716877,0.1810736119747162,0.7763372262318929,-0.05036267661534072
3190,0.158518248796463,0.19411469101905823,0.7917805393536885,-0.1877429841746827
3195,0.050987572968006135,0.19323695600032806,0.7658764700094859,-0.07820847113448355
3200,0.08469679802656174,0.19381855726242064,0.7984845280647278,-0.1148598166172226
3205,-0.0022817121469415726,0.2138574242591858,0.8201616525650024,-0.028597999843362712
3210,0.07846888303756713,0.1935438722372055,0.8355010032653809,-0.1077268941296209
3215,-0.054180067777633664,0.1802116811275482,0.7929142713546753,0.025368577510097683
3220,-0.024005811661481857,0.1832448810338974,0.8397885640462239,-0.007239155078134791
3225,0.05310820192098618,0.17989172041416168,0.8385623514652252,-0.08245025049295271
3230,-0.0630568504333496,0.19233423173427583,0.9142800450325013,0.031169452761448252
3235,-0.016683359071612357,0.2097785234451294,0.995788045724233,-0.01657200711986569
3240,-0.04019796475768089,0.19529308676719664,0.9809175550937652,0.004508105026626519
3245,0.07109396606683731,0.20895296931266785,1.0559524774551392,-0.10935294003321629
3250,0.14167200028896332,0.21176078617572786,1.038995587825775,-0.1798066917862903
3255,0.23878996968269348,0.2335141956806183,1.0971047401428222,-0.283552810561218
3260,0.20504529178142547,0.19871242642402648,1.1205862879753112,-0.24380084183344947
3265,0.29336769580841066,0.24160829186439514,1.1331353545188905,-0.3364251537065218
3270,0.09679517596960067,0.2025921732187271,1.2444260597229004,-0.14148663453389018
3275,0.1923183470964432,0.21911518275737762,1.353083034356435,-0.24044559691644837
3280,0.05631104558706283,0.22350097298622132,1.2279591798782348,-0.10129565504331808
3285,0.1264009803533554,0.23825799226760863,1.1538190404574076,-0.17720449853387568
3290,-0.1133074015378952,0.20897527933120727,1.100973363717397,0.07532601600075695
3295,-0.10368951112031936,0.21417466998100282,1.1368002414703369,0.06227743913348466
3300,-0.08883078396320343,0.20691211223602296,1.0464559237162272,0.047810277730222936
3305,-0.09028680622577667,0.23354977667331694,1.0598487456639607,0.049490976610310086
3310,-0.11241604387760162,0.21914609968662263,0.9094331721464793,0.07988240836799493
3315,-0.1541948914527893,0.19574559926986695,0.9437255044778188,0.12268460904850433
3320,-0.1503368467092514,0.2203567773103714,0.8633235434691111,0.11978694056062425
3325,-0.015150237455964088,0.20111681818962096,0.8959052582581838,-0.013847637559027114
3330,-0.013923242129385472,0.2011358082294464,0.8697141508261362,-0.016061166586439617
3335,-0.09538117200136184,0.2105413168668747,0.9228401104609172,0.0634459215788401
3340,-0.03298464491963386,0.21778989732265472,0.9206785420576732,0.0020825618717033472
3345,-0.09106258898973466,0.19450345039367675,0.9110684017340342,0.06190979985636289
3350,-0.04817796647548676,0.20789178907871247,0.9914340535799663,0.01079412403549267
3355,-0.18519115447998047,0.1988441228866577,0.895489650964737,0.15194407127990198
3360,-0.029994978010654448,0.2613583981990814,0.8558200220266978,-0.005707638458807993
3365,0.037165644392371175,0.2227225810289383,0.8285618444283803,-0.07122293047254483
3370,-0.27112423777580263,0.21639440655708314,0.7420197049776713,0.2435059187291081
3375,-0.15122635960578917,0.2094977766275406,0.7372627238432566,0.12375586862554182
3380,-0.23455935716629028,0.19785229563713075,0.7741719067096711,0.2081672834059266
3385,-0.06368459463119507,0.19786098897457122,0.8063839296499888,0.03568110701070748
3390,-0.18332454860210418,0.1748850852251053,0.7296726306279501,0.15622742861986277
3395,-0.039838755130767824,0.1712806850671768,0.7303235133488973,0.012966993910901373
3400,0.002555218047928065,0.22960509359836578,0.8248908539613088,-0.033200230894318276
3405,-0.027181437239050865,0.1976534217596054,0.7882937093575796,0.00039341730311479814
3410,-0.035287424176931384,0.21406640410423278,0.8766670564810435,0.006816560428252345
3415,0.016739262640476225,0.19463767409324645,0.916238522529602,-0.04954942270339667
3420,-0.01622388120740652,0.17983548045158387,0.8735245664914449,-0.014445666260636994
3425,0.010652022063732147,0.1931609570980072,0.8987507700920105,-0.042779491639072305
3430,-0.026937513798475265,0.16851646602153778,0.9518049438794454,-0.006684397879078577
3435,-0.11377694308757783,0.19632400572299957,0.9991238792737325,0.07875863323384548
3440,-0.01352642085403204,0.1971450686454773,0.9197048743565878,-0.019231509346965013
3445,-0.03708760961890221,0.1950138360261917,0.8718355635801951,0.006324791789987726
3450,0.09681153446435928,0.24395470321178436,0.9913390556971232,-0.13290449614132524
3455,0.17396202683448792,0.21868549287319183,1.0755656679471335,-0.211505840100951
3460,0.2418300151824951,0.26881924271583557,1.109440263112386,-0.2824336457537896
3465,0.1963399440050125,0.301138174533844,1.1166406671206157,-0.24048663906114373
3470,0.18243271708488465,0.2057126998901367,1.0041697343190512,-0.22280796635015118
3475,0.10220742672681808,0.2169940173625946,0.9911429524421692,-0.1394793059054701
3480,0.02456156425178051,0.25057130455970766,0.9575499912103017,-0.06651508854632554
3485,0.04184221848845482,0.2141040086746216,0.8793232858180999,-0.07394239484881202
3490,0.026027047261595725,0.20182960033416747,0.8920087238152822,-0.058642001320993786
3495,-0.02818589210510254,0.19855503141880035,0.847427781422933,-0.0010180519293407134
3500,0.07414726912975311,0.18245547711849214,0.909099014600118,-0.10440211052463362
3505,0.09715329259634017,0.1845027059316635,0.9696111996968587,-0.13090207943182766
3510,0.166618949174881,0.20594896972179413,1.0597911794980368,-0.2028112689713623
3515,0.08368561118841171,0.2144961953163147,1.1924524704615276,-0.12403464593114617
3520,0.17851558625698088,0.23719520270824432,1.258307162920634,-0.22402301229419022
3525,0.08608158826828002,0.23443807661533356,1.1842835625012715,-0.1272563086479288
3530,0.1491640955209732,0.2568546921014786,1.285830016930898,-0.19583694400668475
3535,-0.12296790927648545,0.2122299700975418,1.1826159278551738,0.08147399067070422
3540,-0.01922868173569441,0.21825678944587706,1.1078787008921305,-0.02413044393494874
3545,-0.15774235129356384,0.24092267453670502,1.0419995228449503,0.11718826220087246
3550,-0.06885873004794121,0.2620797991752625,1.0993520538012187,0.028203184323126653
3555,-0.1356471836566925,0.21095053851604462,0.937746012210846,0.10345066240058981
3560,0.038959655165672305,0.22544735968112944,0.9621592879295349,-0.07257187743472261
3565,-0.025178086012601852,0.1761670708656311,0.9791035254796346,-0.00672777516408444
3570,0.030712052434682845,0.21767516136169435,1.054206701119741,-0.06687528209879937
3575,-0.011566094774752855,0.22973885834217073,1.0775523900985717,-0.02679576060044178
3580,-0.07072836756706238,0.2068789631128311,1.0420816918214162,0.03598204354161122
3585,-0.22551493644714354,0.17868980169296264,0.990756505727768,0.19016825203966092
3590,-0.19585401117801665,0.16348991990089418,0.8947872082392375,0.16645479568676042
3595,-0.27613120079040526,0.17234081029891968,0.8780246794223785,0.2454361859375868
3600,-0.2193365216255188,0.1860624819993973,0.8070416609446208,0.18983269944585665
3605,-0.18568893671035766,0.18865781724452974,0.7333419978618622,0.15868546511127662
3610,-0.19956491589546205,0.16560844480991363,0.8109721759955089,0.17365570893652407
3615,-0.14953669905662537,0.20072218477725984,0.7906401932239533,0.12206779840818449
3620,-0.09877338111400605,0.17201054394245147,0.7644700626532237,0.07445111419112983
3625,-0.17141939103603362,0.1515601933002472,0.7653267363707225,0.14568261339946162
3630,-0.22673079669475554,0.1647091031074524,0.8018113732337951,0.20061840388742827
3635,-0.1949738919734955,0.17288317680358886,0.7926645696163177,0.169768715173094
3640,-0.21139536499977113,0.15593306124210357,0.7491015275319417,0.18584972079556508
3645,-0.12940787374973298,0.18431317508220674,0.7223366022109985,0.10453574909547299
3650,-0.21662830114364623,0.16504923403263091,0.7565906584262848,0.19074630466113404
3655,-0.17558099031448365,0.20500164926052095,0.7499553124109904,0.14824072842473598
3660,-0.2785412669181824,0.15635464787483216,0.6740744531154632,0.25609612687923894
3665,-0.22864746749401094,0.15695864856243133,0.660569816827774,0.2071793582837206
3670,-0.1529849350452423,0.16218535900115966,0.6833410501480103,0.12940537132867314
3675,-0.10252251625061035,0.1901961773633957,0.7508651793003083,0.0765245999644909
3680,-0.1729256570339203,0.15958543717861176,0.7726613879203796,0.14815255006333145
3685,-0.1910918951034546,0.16180478632450104,0.7228537499904633,0.16790729159651874
3690,-0.20748225450515748,0.17360821664333342,0.6962813834349314,0.1823563844441333
3695,-0.17157902121543883,0.16893531382083893,0.6897148589293162,0.14854933117360852
3700,-0.12954593300819398,0.1923919141292572,0.7706891755263011,0.1027941119396217
3705,-0.23068188428878783,0.20157581865787505,0.7539134701093038,0.20126732830899835
3710,-0.25101025998592374,0.16072003543376923,0.6830950458844502,0.2245139080532075
3715,-0.19747434258461,0.17371309399604798,0.6510165433088938,0.17519762910109665
3720,-0.26100857853889464,0.1998890072107315,0.6616455912590027,0.2357959806812229
3725,-0.22196478247642518,0.16358979940414428,0.624611359834671,0.19985101357430865
3730,-0.12024216502904891,0.1573019653558731,0.6020157019297282,0.09957252325345846
3735,-0.15417170524597168,0.1538972556591034,0.6265660444895427,0.13315501458753462
3740,-0.0865502879023552,0.15998747944831848,0.6810474336147309,0.06325410544157185
3745,-0.06419048607349395,0.1959489792585373,0.7728209475676219,0.03580815828363298
3750,-0.18537821173667907,0.21693978309631348,0.7616743942101797,0.154477646561049
3755,-0.179014128446579,0.16515054702758789,0.7287831485271454,0.1522589547521919
3760,-0.2900529563426971,0.1850669115781784,0.7069934844970703,0.26290897208888536
3765,-0.32560446858406067,0.17267997860908507,0.6476991375287374,0.3013677988968857
3770,-0.2954694092273712,0.17104709446430205,0.5962639967600505,0.27466273883910536
3775,-0.2668263018131256,0.15784726440906524,0.5532906750837961,0.24755069842316604
3780,-0.28638190031051636,0.17142792642116547,0.5758379052082697,0.267236801616597
3785,-0.38018577694892886,0.1590021789073944,0.5460113902886709,0.36224145367985716
3790,-0.28705708384513856,0.13890284299850464,0.5613020032644271,0.2690093048619536
3795,-0.2883152484893799,0.14646020531654358,0.5530041068792343,0.26966724872669645
3800,-0.33415254950523376,0.1448177844285965,0.5204781035582224,0.3173496087445409
3805,-0.24206148087978363,0.16165797412395477,0.4831908663113912,0.22588359685985526
3810,-0.24332597255706787,0.17633056342601777,0.5231641938289007,0.22392961102512124
3815,-0.26628813743591306,0.15670313239097594,0.4961864540974299,0.24973242794378758
3820,-0.20629300475120543,0.14794010818004608,0.48565457165241244,0.1910325003541548
3825,-0.2701272428035736,0.14087392389774323,0.5189448873202006,0.25300123098993443
3830,-0.1663077086210251,0.14621645212173462,0.5779327829678853,0.1477070567339068
3835,-0.21132689118385314,0.16262441575527192,0.5651030699412029,0.1919826980522819
3840,-0.1526600807905197,0.16756344735622405,0.5554114997386932,0.13188346578020596
3845,-0.17528314292430877,0.1366662085056305,0.5678720672925314,0.15686404996835424
3850,-0.08417331129312515,0.15529418289661406,0.561117829879125,0.06328144754864672
3855,-0.14093270003795624,0.14612138271331787,0.5410989582538605,0.12320990587946079
3860,-0.02456374578177929,0.15164485275745393,0.5779249429702759,0.004233315351473616
3865,-0.003750034049153328,0.14397070407867432,0.6137555519739787,-0.01695212568834332
3870,0.07026151716709136,0.15589644014835358,0.6554783483346304,-0.09602641466965224
3875,0.0801498606801033,0.17594044506549836,0.6612953861554464,-0.10628352789948949
3880,-0.05628001838922501,0.16708809435367583,0.5848666965961457,0.03659471394799368
3885,0.04284226521849632,0.15782951414585114,0.5911885519822438,-0.06236966395649054
3890,0.13704077005386353,0.1661068707704544,0.6770239373048147,-0.16273105431663937
3895,0.1660737544298172,0.17191412448883056,0.6561779956022898,-0.19121174921270162
3900,0.16875244975090026,0.14761023223400116,0.7033000965913137,-0.19223215348252642
3905,0.1813056528568268,0.1784595638513565,0.8512475470701854,-0.21726023535764052
3910,0.24824720919132232,0.21693572103977204,0.8719433228174845,-0.2782597493018343
3915,0.1757822722196579,0.18855723440647126,0.8458948413530986,-0.20828295054798318
3920,0.3108433723449707,0.19296142756938933,0.9055483520030976,-0.3447577940715796
3925,0.2440020263195038,0.20682153403759002,0.9288749794165293,-0.28133475241338507
3930,0.10222075134515762,0.205223149061203,0.8479363818963369,-0.13428793056993218
3935,0.0653154581785202,0.16671982407569885,0.8712995608647665,-0.09551196060426762
3940,0.05258746519684791,0.1808635860681534,1.0394368569056194,-0.08886262158133551
3945,0.15587048530578612,0.20510884523391723,0.9955095271269481,-0.19017682178329973
3950,-0.07849849462509155,0.17809990048408508,1.083469601472219,0.04295368750948942
3955,0.2090182423591614,0.22507270574569702,1.1698806643486024,-0.2535754813589597
3960,0.10816920697689056,0.21984420716762543,1.2639922062555948,-0.15891011743739034
3965,0.29272987842559817,0.19587420523166657,1.3474716583887736,-0.3502458896397611
3970,0.2247544378042221,0.2958554863929749,1.2948702613512675,-0.275761067245929
3975,0.17168107628822327,0.23754325211048127,1.2744144717852275,-0.2210805140476543
3980,0.05681324452161789,0.24383704364299774,1.2236921707789103,-0.10947955684950512
3985,-0.04117295891046524,0.24475699067115783,1.1330772678057353,-0.000503877240802485
3990,0.14800181090831757,0.19188471734523774,1.0342050035794577,-0.18777033359999779
3995,-0.043747468292713164,0.2222049593925476,0.9373735308647155,0.0054196499489238366
4000,-0.19050064384937287,0.17953223884105682,0.8987307190895081,0.15936698403965974
4005,-0.114172825217247,0.18892798125743865,0.8204066038131714,0.0845062331225304
4010,-0.044593533128499986,0.17602663934230806,0.8029799540837605,0.014322307361792215
4015,-0.06889624297618865,0.1655054897069931,0.8056403597195944,0.04153229495325044
4020,-0.07343265265226365,0.17056213915348054,0.8428679903348287,0.04411895278985725
4025,0.015283820778131485,0.17838833928108216,0.8429356694221497,-0.045029700287630994
4030,0.0761164978146553,0.19087292850017548,0.9399008611838023,-0.11232194321614114
4035,0.18591647744178771,0.1960728406906128,0.9112359086672465,-0.22014109935648413
4040,0.21085976362228392,0.21097109615802764,0.9331810951232911,-0.24624376952039762
4045,0.03018137812614441,0.19549011290073395,0.886863233645757,-0.059508286714295325
4050,0.08699234724044799,0.19287440478801726,0.980074018239975,-0.1235934932833897
4055,0.11624895334243775,0.20855519771575928,1.0618309458096822,-0.15139750819254877
4060,-0.01755215860903263,0.21803466975688934,1.0539122859636942,-0.020351507400004267
4065,0.06950469464063644,0.2054905891418457,1.0493009587128956,-0.10520629333019686
4070,0.0854966476559639,0.21130954325199128,1.0514991839726766,-0.12163915340055598
4075,0.03677777238190174,0.22374664545059203,1.1490233023961385,-0.07851484900065436
4080,0.22308660447597503,0.25416999161243437,1.232972757021586,-0.2703221205319412
4085,0.2255531519651413,0.24334271848201752,1.3484200795491537,-0.274083758918792
4090,0.07056363075971603,0.24997565746307374,1.1634167154630026,-0.11999067742917673
4095,-0.013134114071726799,0.18799381256103515,1.1240792353947957,-0.024255071808720538
4100,0.16576436758041382,0.2543489158153534,1.1716336488723755,-0.21164343689177642
4105,0.18696677982807158,0.2583405256271362,1.1716609477996827,-0.23027675558530689
4110,0.050149989873170854,0.20471890568733214,1.0578781247138977,-0.0923296884385267
4115,-0.09081964194774628,0.20652421712875366,0.990976885954539,0.053839398962691534
4120,-0.1163751482963562,0.22709169387817382,0.9024236261844635,0.07966021821003628
4125,-0.22595989406108857,0.1716832160949707,0.7805298507213593,0.19863651348712902
4130,-0.18223460912704467,0.18417951762676238,0.7365106403827667,0.1564537876985918
4135,-0.18670413196086882,0.18729653656482698,0.7464697380860646,0.16161158360144043
4140,-0.279918771982193,0.1717644900083542,0.6470619301001231,0.2580140040618873
4145,-0.21816718578338623,0.17732983827590942,0.674748569726944,0.19413824793329576
4150,-0.17377289533615112,0.172370845079422,0.6302389880021413,0.14930833935769863
4155,-0.2393029510974884,0.2023218095302582,0.6151349325974782,0.21702817276121494
4160,-0.223110169172287,0.1556457132101059,0.6159110883871715,0.2027150865819113
4165,-0.17606326341629028,0.15695613622665405,0.6106306274731954,0.1546636995131058
4170,-0.022845612466335298,0.14995720982551575,0.640098120768865,0.00115953637816889
4175,-0.012341322936117649,0.15520931482315065,0.6603546539942423,-0.011410169856815566
4180,-0.09519725143909455,0.16691989600658416,0.6450846691926321,0.07192136489594186
4185,-0.03380489572882652,0.16983595192432405,0.741042164961497,0.005382764700714066
4190,-0.1302845984697342,0.1600176841020584,0.6474207659562429,0.1080501693775349
4195,0.008813872653990983,0.17934136390686034,0.6507193247477213,-0.03142744003879759
4200,0.07858239114284515,0.15375840067863464,0.7084685226281484,-0.10428901076883688
4205,-0.00038037955528125167,0.14540639221668245,0.7056105375289917,-0.02326161684269613
4210,0.1348492056131363,0.17338488698005677,0.6625846286614736,-0.15909133274946205
4215,0.03908845633268356,0.2078826516866684,0.7653113007545471,-0.06716411655909478
4220,-0.0633378766477108,0.1619055300951004,0.7146198193232218,0.036533131724366855
4225,-0.04417358934879303,0.1807540774345398,0.7288685182730357,0.017231109533616486
4230,-0.043715305626392365,0.1654314249753952,0.7237659454345703,0.01837796872401815
4235,-0.11732221394777298,0.1967322736978531,0.7525227487087249,0.08851560046724893
4240,-0.2453098326921463,0.1902002662420273,0.6698608219623565,0.2227841852486478
4245,-0.09832458049058915,0.12821386456489564,0.6794841448465984,0.0749535502650618
4250,-0.10268173813819885,0.1608598440885544,0.6985041161378225,0.07744443608733753
4255,-0.02651185467839241,0.1640719175338745,0.6759992261727651,0.001795175609022857
4260,-0.16702940762043,0.1669357270002365,0.6932214816411336,0.1430817736873654
4265,-0.08373275697231293,0.15131223499774932,0.6320677856604259,0.06267639536387237
4270,0.014019741676747799,0.15555502474308014,0.6668018281459809,-0.03786791395819433
4275,0.020138984173536302,0.13599686920642853,0.6411382814248403,-0.04260863585517956
4280,0.03410879746079445,0.151266947388649,0.6694610675175985,-0.05827264892073613
4285,0.0822848692536354,0.17296144664287566,0.7041462083657583,-0.10896643435020989
4290,0.013604317791759968,0.14830069243907928,0.6553746481736501,-0.036673718904016765
4295,-0.01661834493279457,0.15274739861488343,0.6998902042706807,-0.007953784240343797
4300,-0.03797666952013969,0.15881494283676148,0.7286411404609681,0.011392466132589351
4305,-0.010686202254146338,0.19010841846466064,0.7143172601858775,-0.015504404817363275
4310,0.12915388196706773,0.16849348545074463,0.6733537216981252,-0.15471488365350125
4315,0.16272778511047364,0.17545856833457946,0.7267442345619202,-0.19040014876006722
4320,0.006271863542497158,0.1603603720664978,0.7218401491641998,-0.031992473442163015
4325,0.04879517927765846,0.1976612091064453,0.8168085515499115,-0.0800343904028009
4330,0.17994146049022675,0.18218253850936889,0.8924308896064759,-0.21241386160335646
4335,0.1745473861694336,0.17568353712558746,0.8555396576722463,-0.20536678372947018
4340,0.08397293686866761,0.15847070515155792,0.8768906056880951,-0.11348927575620993
4345,0.14324259757995605,0.18378957808017732,0.9135032792886099,-0.17535323959113655
4350,0.17138238847255707,0.23545678853988647,0.9584880292415618,-0.2099534003772327
4355,0.1341608166694641,0.18964046239852905,0.9186833461125692,-0.16905162353580544
4360,0.1588230162858963,0.23531558513641357,1.000669793287913,-0.1953840536073133
4365,0.17178899943828582,0.19158585965633393,1.0040853222211201,-0.20678694275136345
4370,0.2288750022649765,0.17226669788360596,1.0561883290608725,-0.2656515024110884
4375,0.22306572496891022,0.21150914430618287,1.1090619524319967,-0.26583803983771975
4380,0.09379932582378388,0.1598183959722519,1.126804780960083,-0.1308516122028395
4385,0.14243623614311218,0.21551661491394042,1.108378545443217,-0.18309464561067507
4390,0.17684138119220733,0.2050553023815155,1.233888026078542,-0.21981978590388634
4395,0.2634814500808716,0.2811247408390045,1.1824827392896016,-0.31560297321324016
4400,-0.015022423304617404,0.23149734735488892,1.1581525683403016,-0.027565772302723467
4405,0.013906704261898994,0.19897763431072235,1.0249163210391998,-0.05191036373472827
4410,0.08138892352581024,0.22984745502471923,1.0592492779095968,-0.11888300475022878
4415,0.0777432844042778,0.22073607444763182,1.0143324414889017,-0.11286681205070742
4420,0.14023551642894744,0.1693148285150528,1.0228461980819703,-0.17507741779916566
4425,0.14468411803245546,0.18220252692699432,1.0750436345736185,-0.18460365257966257
4430,0.14311234951019286,0.2507300555706024,1.1575928290685018,-0.18426878962101031
4435,-0.020055744238197802,0.20386082530021668,1.1166194041570028,-0.018313024412159106
4440,-0.06542271077632904,0.22710432708263398,1.179538607597351,0.024279993072312288
4445,0.055630925297737124,0.22997134625911714,1.1436414202054341,-0.09985021584850089
4450,0.03135521337389946,0.2131204456090927,1.1493613600730896,-0.07385964423151672
4455,-0.13479656875133514,0.20701218247413636,1.059481430053711,0.0974768714729514
4460,-0.04912320300936699,0.1774834305047989,1.0374558647473653,0.013341322532900197
4465,-0.07735047936439514,0.20241135060787202,0.9747212906678517,0.0416673228209242
4470,0.04849078431725502,0.19831623435020446,0.9962456683317821,-0.08126371945470214
4475,0.0801268383860588,0.23533185720443725,1.0010277231534321,-0.11647919201872334
4480,0.05469387099146843,0.23614237010478972,1.0698190927505493,-0.09330005206627325
4485,0.010131346667185426,0.22354995012283324,0.984685629606247,-0.04710854372985088
4490,-0.18046022057533265,0.18452487587928773,0.9466024080912272,0.14855854594856627
4495,-0.21652573943138123,0.2099856913089752,0.9688567797342936,0.18179018068268207
4500,-0.08402879387140275,0.20213282704353333,0.9140502393245697,0.048439808396249756
4505,-0.092945896089077,0.19640192091464997,0.8514618456363678,0.06029594914012709
4510,-0.1246616631746292,0.16623391211032867,0.8408405443032583,0.09686639369849019
4515,-0.20693300664424896,0.17342414557933808,0.8721133132775625,0.17854366230204208
4520,-0.1542609989643097,0.18372434377670288,0.8749069948991139,0.12220831229440797
4525,-0.01659360695630312,0.18691570460796356,0.803362512588501,-0.01237885581900851
4530,-0.22612175345420837,0.19690971970558166,0.7694119771321615,0.19949554621173846
4535,-0.13485278487205504,0.1900068402290344,0.8144796272118886,0.10651212783255493
4540,-0.13098014295101165,0.1876992553472519,0.8118824223677318,0.10286738343973055
4545,-0.147852298617363,0.22630079388618468,0.7691411932309469,0.12136329900576055
4550,-0.08433147221803665,0.16450458467006684,0.7442919552326203,0.057928451959169236
4555,-0.13111704289913179,0.19968169927597046,0.7839509785175324,0.10197518286753969
4560,-0.09666813611984253,0.15836067199707032,0.691629954179128,0.07347614896228809
4565,-0.06607104018330574,0.18533141911029816,0.7342296719551087,0.038537931156362476
4570,-0.11252232491970063,0.15122067034244538,0.7032098472118378,0.09010409684197102
4575,-0.11634517312049866,0.16531828343868255,0.7371233542760213,0.09141023648260133
4580,-0.055132295191288,0.15405942499637604,0.7266069014867147,0.031203839648756296
4585,-0.04017249420285225,0.16591240763664244,0.7416635791460673,0.01628202854814657
4590,-0.06085924133658409,0.16806347370147706,0.7582283695538838,0.03520352710143284
4595,-0.07934256494045258,0.17767562568187714,0.7694453120231628,0.05308213845798318
4600,-0.07052768021821976,0.19482867121696473,0.7754334608713785,0.042513899849077025
4605,-0.14138684868812562,0.18399404287338256,0.7416552503903707,0.11635002805104273
4610,-0.12089687585830688,0.18011625707149506,0.7179068485895793,0.096783294989441
4615,-0.09504028707742691,0.14775040745735168,0.6858008166154226,0.07238806837400678
4620,-0.08480874747037888,0.15563330352306365,0.7408434212207794,0.06049131290788745
4625,-0.00025930197443813086,0.16830610632896423,0.7639306227366129,-0.02678549968611987
4630,-0.03319437839090824,0.173304283618927,0.8258635918299357,0.004768130708808888
4635,0.013255481794476508,0.16909254491329193,0.8031309425830842,-0.041911960112532336
4640,-0.14003882706165313,0.16003601551055907,0.7626340826352437,0.11418042824420174
4645,-0.039015033096075055,0.19186886847019197,0.7746356109778086,0.010311945657376581
4650,-0.14174674749374389,0.15612733662128447,0.6925228834152222,0.11894010490785183
4655,-0.11226801425218583,0.16391242444515228,0.7159761408964793,0.08781564215393002
4660,0.03923453092575073,0.17742736041545867,0.7324196855227153,-0.06634104516919327
4665,-0.14143742620944977,0.1643627792596817,0.722021238009135,0.11738730625484776
4670,-0.1557364732027054,0.1724027395248413,0.6981327593326568,0.12893372784844934
4675,-0.21484622359275818,0.15166034698486328,0.6737455050150554,0.1926992881822422
4680,-0.24958742260932923,0.14699760675430298,0.6978120227654775,0.22589297542162853
4685,-0.015904377773404123,0.148389133810997,0.6729318559169769,-0.008296418756376213
4690,-0.09495127052068711,0.15849518179893493,0.6739117244879405,0.07231657599544457
4695,-0.05367441400885582,0.18647275865077972,0.7333666125933329,0.028819011490298124
4700,-0.015451725013554097,0.15420013666152954,0.7396815955638886,-0.009634448054719488
4705,-0.12678380608558654,0.1630435049533844,0.7737515767415365,0.10008602051138364
4710,-0.08074836730957032,0.16812007129192352,0.813220743338267,0.05349439746273868
4715,-0.09691845625638962,0.2120130717754364,0.7864438772201539,0.06612235677075509
4720,-0.11668884009122849,0.16703323125839234,0.8260129650433858,0.08620719736031576
4725,-0.13364413678646087,0.16000355184078216,0.7510548690954845,0.1083962831668314
4730,-0.10121797323226929,0.1713070511817932,0.7946426053841908,0.07549731411671112
4735,-0.12123756259679794,0.15259317457675933,0.7385523696740468,0.09699558974589047
4740,-0.08023347556591034,0.16097959876060486,0.7857670942942302,0.05446619742583582
4745,-0.1498567283153534,0.1524853527545929,0.7702540159225464,0.1243219557605793
4750,-0.06293447613716126,0.19246188402175904,0.8327668050924937,0.033072512842007164
4755,-0.06545289009809493,0.1545586943626404,0.8455872495969137,0.037605023949552736
4760,0.024150673672556876,0.18308103680610657,0.8950863500436147,-0.05843388511599953
4765,0.10259382277727128,0.17442020475864412,0.9019837379455566,-0.13378495140407468
4770,0.07998823076486587,0.18791108727455139,0.9243991196155548,-0.11166565518807904
4775,0.056936687976121905,0.20772894620895385,0.9671533644199372,-0.09427985095402484
4780,-0.2649632155895233,0.15753287076950073,0.8426468988259633,0.23654941850886574
4785,-0.1424490600824356,0.19106526672840118,0.893541834751765,0.11039440371829265
4790,-0.12538858503103256,0.16384426951408387,0.8301601231098175,0.0960713884502922
4795,-0.145811927318573,0.1872264951467514,0.8296642859776815,0.11762962006671224
4800,-0.08863189667463303,0.16774713397026061,0.8147803962230682,0.060849277580077035
4805,-0.09873577803373337,0.1865784555673599,0.8376221120357513,0.06863150568368243
4810,-0.01290703248232603,0.19231971204280854,0.8079466919104258,-0.01702505492436156
4815,0.15182454288005828,0.18241685032844543,0.7958568314711253,-0.18243291072333515
4820,0.17311349511146545,0.18171830773353576,0.8322187244892121,-0.2036632398690673
4825,0.15323933064937592,0.20411058366298676,0.827141797542572,-0.1841213921920135
4830,0.16535609364509582,0.20545609891414643,0.8369689782460531,-0.19354020346592352
4835,0.03244012668728828,0.14929690659046174,0.8506142576535543,-0.06077674206152059
4840,0.03866201266646385,0.18649137020111084,0.8641948958237966,-0.06740724434980266
4845,0.039733998477458954,0.17344952523708343,0.8930526236693065,-0.07102548591477637
4850,0.13439397811889647,0.18111560642719268,0.9965556542078654,-0.16935586002958347
4855,-0.02707611620426178,0.14623742997646333,0.9563694437344868,-0.003962466866591116
4860,-0.006543115945532918,0.17527370452880858,0.9841242412726084,-0.026831152665474207
4865,0.009675594791769982,0.19968416690826415,0.9917047103246053,-0.04476375664940326
4870,0.10292204022407532,0.22606471478939055,1.021711560090383,-0.14064151506917968
4875,-0.1392662674188614,0.18902258276939393,0.895880502462387,0.10871102437872585
4880,-0.0338200006633997,0.1779581606388092,0.8913708786169688,0.003558609448180176
4885,-0.059685835242271425,0.1809801995754242,0.9275393486022949,0.027307979652198378
4890,-0.020594163239002226,0.18074729144573212,0.9513565540313721,-0.012066023848038596
4895,0.060992037504911424,0.1858011305332184,1.030336618423462,-0.09504664913555774
4900,-0.0811427265405655,0.16462904512882232,1.005561109383901,0.04826739030778666
4905,-0.038224246352910995,0.18463022708892823,1.0043753584225972,0.0022619152402361935
4910,0.015966839157044888,0.2032973051071167,0.9788331468900044,-0.050860937442483815
4915,-0.16173535883426665,0.1549930214881897,0.9576641043027242,0.12949356617026744
4920,-0.039976852387189864,0.2145128905773163,0.9562808891137441,0.005589927587515935
4925,-0.18080732226371765,0.14144374132156373,0.930286580324173,0.14634362234601303
4930,-0.07896433770656586,0.19130503237247468,0.8835537950197856,0.04734988394811702
4935,-0.061808161437511444,0.21061541736125947,0.8809929927190144,0.03089017943475543
4940,-0.057065679132938384,0.22386724948883058,0.8725548605124156,0.02510566287385635
4945,-0.13494394421577455,0.17662855982780457,0.8447544892628988,0.10598129816152978
4950,-0.07620220929384232,0.19767820835113525,0.8214700361092885,0.04732767293366216
4955,-0.13918140828609465,0.14864645302295684,0.7884496510028839,0.11351236621351857
4960,-0.09834454655647278,0.19366542994976044,0.8143326580524445,0.06804551114373777
4965,-0.15381984114646913,0.16721247732639313,0.7783450206120809,0.12681741125160534
4970,-0.020509621314704417,0.1908688247203827,0.7802190919717152,-0.008628657111081992
4975,-0.1774389773607254,0.14642874598503114,0.7535809993743896,0.1520648825931074
4980,-0.05193180143833161,0.14602923393249512,0.7604808966318767,0.026212800726317764
4985,-0.01915991883724928,0.17757630944252015,0.8397272825241089,-0.010191314921833153
4990,0.029618772119283675,0.1680016428232193,0.7730505088965098,-0.05808457653886523
4995,-0.1008020892739296,0.18133569955825807,0.8518652121225992,0.07141697872955277
5000,-0.00858112182468176,0.2041465610265732,0.8514441827932994,-0.021253044654640937
5005,0.019981743395328523,0.16676444113254546,0.8715853770573934,-0.051672991424983085
5010,0.15343153178691865,0.18563692569732665,0.8098972757657369,-0.18459028041160197
5015,-0.029296853020787238,0.18046180307865142,0.8116513967514039,-0.0003904081869433348
5020,-0.032759927585721015,0.18529027402400972,0.8298750480016073,0.004830827904100565
5025,0.03325057290494442,0.15834731757640838,0.8229169706503551,-0.06124814546300797
5030,-0.11971957385540008,0.17205553948879243,0.7813188672065735,0.09412625557838702
5035,0.0326823316514492,0.15637266933917998,0.8547614316145579,-0.06346058766566316
5040,0.02328689247369766,0.21873732209205626,0.8335881849129995,-0.05516923534336902
5045,-0.10987439006567001,0.15620140433311464,0.790093062321345,0.08297634785407586
5050,-0.05858413130044937,0.20346907079219817,0.8260184983412425,0.02825000583249512
5055,0.03309100978076458,0.1631002128124237,0.799623449643453,-0.06010675603922304
5060,-0.04909929484128952,0.1937621623277664,0.8713041563828786,0.016771019668811536
5065,-0.04882132634520531,0.1837453603744507,0.8132409532864888,0.018525506309860884
5070,0.16579726934432984,0.18108938932418822,0.8321845849355062,-0.19500176040259246
5075,0.08614487648010254,0.15285011231899262,0.8278624415397644,-0.11579974495191636
5080,0.07376986742019653,0.1637222111225128,0.9131557643413544,-0.10521857995639147
5085,0.12060217708349227,0.1988351672887802,0.9570466816425324,-0.15539874211050267
5090,0.0834871232509613,0.25793424248695374,1.0571199178695678,-0.12111460648364276
5095,-0.0407283253967762,0.20089179277420044,1.006014766295751,0.0068612795286982515
5100,-0.09931470155715942,0.22999560236930847,1.0677662372589112,0.058892510155908705
5105,0.007994522247463465,0.16068272590637206,0.965581883986791,-0.040375567215002114
5110,-0.026361146941781044,0.18601577877998351,1.0114699761072794,-0.007475936224076607
5115,0.06233097687363624,0.18987969756126405,1.1208727399508158,-0.10024686279248857
5120,0.10430564284324646,0.24333510398864747,1.0969123403231302,-0.14566742443086583
5125,0.04184925928711891,0.27557783126831054,1.0440108935038248,-0.08027173601579218
5130,-0.03944520764052868,0.19960589110851287,1.0715776125590006,-0.0009054839044977098
5135,-0.07151188403367996,0.23474596440792084,1.0297894736131032,0.03695842814340866
5140,-0.003473218623548746,0.19426302909851073,0.9809876680374146,-0.03299190294690533
5145,-0.022990280017256736,0.1725049287080765,1.0361443042755127,-0.011236224211105008
5150,0.025597158819437027,0.2045201539993286,1.005721386273702,-0.059878356301410585
5155,-0.052413111180067064,0.1898092657327652,1.0640500883261363,0.01501761887702614
5160,-0.09866717904806137,0.17824635803699493,0.9841462095578511,0.06300678342969676
5165,-0.11589373648166656,0.1943667322397232,0.8458825170993804,0.08645782989355069
5170,-0.08253211975097656,0.16492564082145691,0.8728451331456503,0.052781862037394635
5175,-0.14244115948677064,0.16315097212791443,0.8418837229410807,0.11593240659564463
5180,0.014777833223342895,0.15523320138454438,0.9171073218186696,-0.043948261814203624
5185,0.04030406773090363,0.16721086502075194,0.945602269967397,-0.07408449206693829
5190,-0.03276046253740787,0.2176831603050232,0.9127418239911397,0.002306041862776357
5195,-0.11315387487411499,0.19795580208301544,0.8823843856652578,0.08135474417508685
5200,-0.18416570425033568,0.17257742285728456,0.8955581208070119,0.1541795951115195
5205,-0.3037417709827423,0.1617413192987442,0.8796170492966969,0.27318451128693183
5210,-0.2798612415790558,0.15923647880554198,0.8175285498301188,0.2519039525984971
5215,-0.2806489825248718,0.18652582168579102,0.8131205817063649,0.25221185726485024
5220,-0.25727752447128294,0.16481977999210357,0.7713858505090078,0.2287475249605486
5225,-0.10020192563533784,0.2344111055135727,0.7578199565410614,0.06924851721699511
5230,-0.10759191960096359,0.1600276082754135,0.7027125875155131,0.08484665716940704
5235,0.0023329370538704096,0.206488436460495,0.7685697237650554,-0.030664994310220982
5240,-0.11120864897966384,0.1672578364610672,0.7145877063274384,0.08730535529152178
5245,-0.055438657850027086,0.18378086388111115,0.7503191729386648,0.03017179847327387
5250,-0.03328740485012531,0.1905635267496109,0.8278842250506083,0.0046102959689216785
5255,0.07789103537797928,0.17798598110675812,0.7750143865744273,-0.10611651936985239
5260,-0.10897932797670365,0.15716736316680907,0.6846810181935629,0.08637795384399005
5265,-0.016821685433387756,0.13784689009189605,0.7229215999444326,-0.00764226087491918
5270,-0.02441929802298546,0.14826267659664155,0.7701255281766256,-0.0011100462096183276
5275,-0.022454238310456277,0.15066863596439362,0.7742803573608399,-0.004715284752135202
5280,-0.02015654593706131,0.150954407453537,0.799921053647995,-0.0063144261506547054
5285,-0.10810424387454987,0.1688552528619766,0.7795829673608144,0.08194340304354629
5290,-0.08909826725721359,0.15972769558429717,0.8308362185955047,0.060212872227163074
5295,-0.056994079053401946,0.15328271687030792,0.9009461303551992,0.02682508606651643
5300,-0.12867258191108705,0.1949562817811966,0.850088091691335,0.10051227128455668
5305,-0.04819623380899429,0.16765873432159423,0.8345338960488637,0.019554940276455934
5310,-0.04170412495732308,0.17881464958190918,0.8756355881690979,0.010546923308774079
5315,-0.04828638732433319,0.17815984189510345,0.9121810674667359,0.014714467942142625
5320,0.029227568581700326,0.18177756369113923,0.8491107404232026,-0.05995782483463397
5325,0.08719420880079269,0.1463240534067154,0.918119341135025,-0.11862881197314114
5330,0.12654296755790712,0.16250603199005126,0.965734471877416,-0.1595280451441734
5335,-0.0019927786313928665,0.1801765590906143,0.9546742876370747,-0.030437781025557668
5340,-0.029225707426667212,0.16902588605880736,1.0182088255882262,-0.005225894695139584
5345,0.022727514058351515,0.16929564177989959,1.032562655210495,-0.05821497420272984
5350,0.0714847832918167,0.23069815933704377,1.0392743349075317,-0.10870399984737851
5355,-0.008794443774968385,0.17081812620162964,0.960909390449524,-0.02363751142293714
5360,0.1710732877254486,0.25476168990135195,0.9725866059462229,-0.2068396182936497
5365,-0.06276886761188508,0.1682739168405533,0.9164511879285177,0.03262525746624757
5370,-0.1061980664730072,0.16086929440498351,0.9623655676841736,0.07325689543293394
5375,-0.017882796935737133,0.18710544407367707,1.0503228108088176,-0.01879518501073758
5380,-0.032391303777694704,0.1732640564441681,0.9359303176403045,0.0011161959060121281
5385,-0.025955475866794586,0.14420186579227448,1.015662395954132,-0.00719032278798174
5390,0.05158887431025505,0.16608976423740388,0.9629194537798563,-0.08365207149669548
5395,0.09109597206115723,0.18167951405048371,1.064388930797577,-0.12744618590449047
5400,0.08365331292152405,0.18915341198444366,1.100387938817342,-0.1234053488738347
5405,-0.10706476122140884,0.17578791379928588,1.0318646609783173,0.07220037722614396
5410,0.00836454275995493,0.22063235342502593,0.9828857521216074,-0.04505297916625711
5415,0.09559722840785981,0.2074178099632263,0.9856985072294872,-0.12970680253543235
5420,-0.11667288541793823,0.1864586055278778,0.9756611069043477,0.0828948807074266
5425,0.032840434834361075,0.1876107484102249,0.9428603092829386,-0.06468139012209224
5430,0.04231654182076454,0.1926774263381958,0.9356575886408488,-0.07401131263588584
5435,0.016684163175523282,0.16838293075561522,0.9899976154168447,-0.05043477786609951
5440,0.08510933667421341,0.23619984090328217,1.005007549126943,-0.1243725530994834
5445,0.08716721534729004,0.21501237750053406,1.0040341019630432,-0.1231017551342542
5450,-0.10627120733261108,0.16798832416534423,0.9466123660405477,0.07445466340206018
5455,-0.19112356305122374,0.16780330538749694,0.8808992842833201,0.15929857536623948
5460,-0.18349316716194153,0.16323401629924775,0.8628753165404002,0.15445022874870712
5465,-0.19830483198165894,0.19601051211357118,0.920840714375178,0.16755680029719355
5470,-0.17484987378120423,0.18259190917015075,0.8928508321444194,0.14263180216880103
5475,-0.085857293009758,0.2115113228559494,0.8891745289166768,0.05373990129278788
5480,-0.06898342072963715,0.15968296229839324,0.8292012989521027,0.04153903681038124
5485,-0.16277768313884736,0.17927402257919312,0.8463130752245586,0.13144033952300513
5490,-0.14790875911712648,0.14503250122070313,0.8324451247851054,0.12017572443603178
5495,-0.12161933779716491,0.17354596555233,0.8275789737701416,0.09181992753460615
5500,-0.20452277958393097,0.2003907322883606,0.8189650217692057,0.1756249530270348
5505,-0.007132243691012263,0.1713386207818985,0.8311913232008616,-0.02103591337194874
5510,0.01993453372269869,0.1769692689180374,0.9245789647102356,-0.05571526939789681
5515,-0.13529066741466522,0.16677118539810182,0.8617196977138519,0.10483300189484188
5520,-0.0638232983648777,0.12550529092550278,0.8071439802646637,0.03638599212314989
5525,-0.0560137003660202,0.1704611748456955,0.7756036857763926,0.02953055285891946
5530,-0.09224253445863724,0.17784372270107268,0.7337086578210195,0.06765929515331617
5535,-0.10351379364728927,0.16789411902427673,0.7857185343901316,0.07773833589888506
5540,-0.031032559648156165,0.14146713614463807,0.8389013727506002,0.0037758598977617125
5545,-0.04162346720695496,0.14513355493545532,0.763514518737793,0.01702220043785905
5550,-0.09308793395757675,0.11994471549987792,0.77940580646197,0.06784620230965278
5555,-0.08786681443452835,0.1674735128879547,0.8591040710608164,0.058653510322936024
5560,-0.03433430418372154,0.15443049967288972,0.7999649445215861,0.007523649246080063
5565,0.029464661702513696,0.15978861451148987,0.7754938125610351,-0.05546637994414193
5570,-0.009561308659613132,0.13860670626163482,0.8052694459756216,-0.01604095506943749
5575,-0.018662094511091708,0.19945650398731232,0.8918070495128632,-0.01178692561360253
5580,-0.08485694229602814,0.18620201349258422,0.9166409571965536,0.05195416754703908
5585,-0.016148317046463488,0.1587558299303055,0.8373691538969675,-0.015398954857875643
5590,-0.19542337954044342,0.17518393099308013,0.8129008154074351,0.16745932966318539
5595,-0.06830952167510987,0.1389069527387619,0.7959248185157776,0.04015448253183718
5600,-0.05195367187261581,0.15083656311035157,0.7663738965988159,0.027267011536827337
5605,-0.09098909795284271,0.16189490556716918,0.8026748975118001,0.06532096592711721
5610,-0.20138308107852937,0.16570091545581817,0.798521739244461,0.17532813281426438
5615,-0.18670784533023835,0.14255268573760987,0.7795814752578736,0.15908940055916063
5620,-0.14026809632778167,0.16124181151390077,0.7425251324971517,0.11465915302789345
5625,-0.1282384991645813,0.17344927787780762,0.7757676362991333,0.10164941790497914
5630,-0.17632667124271392,0.16325365602970124,0.7210717181364695,0.1529739463549477
5635,-0.12383781224489213,0.1570811688899994,0.7646948138872782,0.097653852599361
5640,-0.04076635912060737,0.20411026775836943,0.755122059583664,0.015542522644754912
5645,-0.10032352209091186,0.1558692753314972,0.756666483481725,0.07544716621256478
5650,-0.06855394542217255,0.17508828341960908,0.6855458954970042,0.04468660776380537
5655,-0.06818260997533798,0.16907119154930114,0.7434826195240021,0.04382636059693326
5660,-0.07288613468408585,0.13960228264331817,0.7338817079861959,0.048466284526210664
5665,-0.07102069109678269,0.15234548449516297,0.7063852707544963,0.04838176848395695
5670,0.0139523446559906,0.16481637358665466,0.7145712435245514,-0.03804992811313912
5675,-0.09138902127742768,0.13867695033550262,0.6987898369630178,0.0685853794502696
5680,0.031860408186912534,0.17151343524456025,0.7230084757010142,-0.057787329509010985
5685,-0.06762805581092834,0.1624432235956192,0.8166019181410472,0.040391925591178754
5690,-0.13877655565738678,0.14491131007671357,0.7370649218559265,0.11389846171755444
5695,-0.1241357147693634,0.15091146826744078,0.7709197203318278,0.09867273361488986
5700,0.07067304998636245,0.14684176146984101,0.8193093955516815,-0.0997677462753623
5705,-0.10545798391103745,0.16285068690776824,0.7971387525399526,0.07827560784183969
5710,-0.044817914813756944,0.13444968461990356,0.7159786323706309,0.020486645922655363
5715,-0.008337736316025256,0.14331797361373902,0.7808278481165568,-0.018234050855319112
5720,0.03345071263611317,0.15145525932312012,0.7936267455418905,-0.05983926001244085
5725,-0.009315982926636934,0.17118215262889863,0.8087033291657766,-0.017132335550531116
5730,-0.0063675323501229284,0.17293323278427125,0.826077800989151,-0.022588392198301423
5735,0.11039702296257019,0.18844833970069885,0.8633626361687978,-0.14181609567911163
5740,0.07220188677310943,0.18412270545959472,0.8487712939580282,-0.10403616049808471
5745,0.03397432155907154,0.1417478948831558,0.8520944078763326,-0.062375635401063584
5750,0.09947131276130676,0.18775573670864104,0.8635366360346476,-0.13317668844081798
5755,0.018697217293083667,0.14189308881759644,0.8375700811545054,-0.0473764775820843
5760,0.08548455983400345,0.2105777531862259,0.8451960583527883,-0.11819393775081447
5765,-0.10301049500703811,0.18364419043064117,0.7936924000581106,0.07488768763344214
5770,-0.19665541052818297,0.15151199102401733,0.7544824779033661,0.17213301954468485
5775,-0.10968994498252868,0.14440161883831024,0.7583325008551279,0.08471781691583337
5780,-0.048439063131809235,0.17334972321987152,0.7933647592862447,0.0196366710734128
5785,-0.08017270565032959,0.16686456203460692,0.85549675822258,0.04974068026030854
5790,-0.012960705161094665,0.19244217574596406,0.8348199387391408,-0.016533986476552295
5795,-0.18640690743923188,0.1488422930240631,0.7293563326199849,0.1622028164892586
5800,-0.18093231618404387,0.16087382435798644,0.7197087943553925,0.15648138068331435
5805,-0.14623777866363524,0.1407526671886444,0.7084062377611796,0.12234024775631185
5810,-0.21079263389110564,0.14447441101074218,0.6976099193096161,0.18704013356356003
5815,-0.2240021347999573,0.16215952336788178,0.663579644759496,0.20149690216606325
5820,-0.10830394476652146,0.1562245398759842,0.6831352492173512,0.08535237881648833
5825,-0.16753389239311217,0.13430638015270233,0.673178517818451,0.14601866164009136
5830,-0.1277028888463974,0.16154932379722595,0.6925160388151804,0.10466382339799664
5835,-0.021518330648541452,0.13972001075744628,0.6772375384966532,-0.000935260823240272
5840,-0.051269041001796724,0.14820144772529603,0.6728972355524699,0.029388142577682574
5845,-0.009904477465897798,0.15591557025909425,0.7076989054679871,-0.014024572160398534
5850,-0.018748024106025697,0.13613941967487336,0.7417324741681417,-0.00605095148620851
5855,0.041448474675416944,0.1426520586013794,0.8187167843182882,-0.06828219014545571
5860,0.0714271456003189,0.18090376853942872,0.8561304072539012,-0.10091020700053001
5865,0.05580066740512848,0.17774510979652405,0.8256048222382864,-0.0858871015962011
5870,0.08452346473932267,0.1472042351961136,0.9044887860616048,-0.11595908992143299
5875,0.06972517222166061,0.16855496764183045,0.8044620354970297,-0.09722976351139888
5880,0.05311273336410523,0.14368541538715363,0.8775985717773438,-0.08241978086799015
5885,0.002459083858411759,0.16896505057811737,0.8977759460608165,-0.031040879838087017
5890,0.028930860012769698,0.1918439596891403,0.9436788221200307,-0.061920507377418006
5895,0.07429120987653733,0.1846155434846878,0.9993236442406972,-0.1082763401033695
5900,0.10324772000312805,0.1752597987651825,0.9957798937956492,-0.1379046185427362
5905,0.03252610452473163,0.1783575415611267,1.0405050774415334,-0.06707484342071345
5910,0.06711769700050355,0.22128256261348725,1.0978922367095947,-0.10397466198150017
5915,0.17195506393909454,0.23500774204730987,1.1603670001029969,-0.21090612964453906
5920,0.04670082777738571,0.17256542146205903,1.115710151195526,-0.08326492597159708
5925,-0.03592369556427002,0.18970100283622743,1.1456246058146158,-0.0031809845058637996
5930,0.08982229828834534,0.20359029173851012,1.16171080271403,-0.1276593989419921
5935,-0.16492010653018951,0.2373076558113098,1.0805697917938233,0.12806160548961035
5940,-0.09883004873991012,0.20749419927597046,0.9960733195145924,0.06351032965936604
5945,-0.09033122509717942,0.20760514140129088,0.9265265723069509,0.05467244518255442
5950,-0.11858049035072327,0.20972910821437835,0.94480828444163,0.08638399316179625
5955,-0.2165214866399765,0.18751631081104278,0.9384666542212169,0.18515428222618582
5960,-0.13978900015354156,0.16559530198574066,0.9590390781561534,0.1072406262086119
5965,-0.16593731045722962,0.17436297237873077,0.9179394523302714,0.13321180080507825
5970,-0.23099680244922638,0.19504255056381226,0.8399555504322052,0.20082558747941145
5975,-0.23283939063549042,0.16955103278160094,0.807869839668274,0.2053737830940129
5980,-0.2040380358695984,0.15200698971748353,0.7605841000874837,0.17881563893309693
5985,-0.24786215722560884,0.16520242393016815,0.7727450986703237,0.22276242813089298
5990,-0.23228257596492768,0.17637789249420166,0.8156657159328461,0.2058751511360077
5995,-0.1872616469860077,0.15507583618164061,0.7677085737387339,0.16223895028105667
6000,-0.09252110570669174,0.14800404906272888,0.7864664157231649,0.06675923932807876
6005,-0.06072151213884354,0.1512440025806427,0.7865080495675405,0.03492764576096897
6010,-0.031681760028004644,0.1469393104314804,0.8697060306866964,0.00348657571953954
6015,-0.010527220088988543,0.1747123122215271,0.917609175046285,-0.019279362384086087
6020,0.10477032214403152,0.20096622109413148,0.9687236825625102,-0.13728275871516474
6025,0.05643283277750015,0.21531200408935547,0.9224657833576202,-0.08865660060982479
6030,0.0665053017437458,0.28867886066436765,1.006861158212026,-0.10471111381324903
6035,-0.04078235626220703,0.18531104326248168,0.8813134551048278,0.010954077169638799
6040,-0.05815756395459175,0.1714424103498459,0.8813280761241913,0.026622868633385366
6045,0.03585102334618569,0.19233441054821016,0.8787161409854889,-0.06689864307374414
6050,-0.021160383149981497,0.17796543836593628,0.8495514909426372,-0.010585397167152264
6055,0.12480470687150955,0.17610375881195067,0.9009922544161478,-0.15587778899216315
6060,-0.10021744817495346,0.16691046953201294,0.8433000842730204,0.07207226507872093
6065,-0.0852012351155281,0.16305333077907563,0.8178516666094462,0.05921230876216049
6070,-0.06966736316680908,0.16471234261989592,0.8921688298384348,0.041668352125125686
6075,0.0243668045848608,0.17711705565452576,0.9532295425732931,-0.056998096079988125
6080,-0.028101493790745734,0.24444753229618071,0.9167402843634288,-0.008550619666069879
6085,-0.08353339284658431,0.17234984040260315,0.8164295554161072,0.05691607497212624
6090,-0.1116575300693512,0.17661487460136413,0.8342008332411448,0.08473124547307206
6095,-0.1760932832956314,0.15464769303798676,0.8459345161914825,0.14712019979856697
6100,-0.11669974029064178,0.18888546228408815,0.8243102232615153,0.08616499353318541
6105,-0.1276197463274002,0.15799847543239592,0.7879441698392232,0.10215380887998737
6110,-0.10917210727930068,0.16376552283763884,0.788526302576065,0.08401923056110337
6115,-0.08024402260780335,0.17814698219299316,0.7935315032800039,0.0532676381026705
6120,-0.14280666708946227,0.16876049041748048,0.8245764672756195,0.11530721760141721
6125,-0.09017889052629471,0.1619287073612213,0.7874389330546061,0.06351892449486315
6130,-0.024303395301103592,0.19918605983257293,0.7851907730102539,-0.0015159014854594136
6135,0.1173324391245842,0.19588559865951538,0.8656898816426595,-0.1475723940028571
6140,0.12093193978071212,0.18904704451560975,0.8388840695222218,-0.1509629127171221
6145,0.0383929394185543,0.20741448998451234,0.8968362271785736,-0.07041558973779516
6150,0.08223253190517425,0.21570387482643127,0.923318612575531,-0.11482458174918608
6155,0.14528620541095733,0.14146622121334076,0.8461721122264863,-0.17375332013362088
6160,0.16457244455814363,0.15733533799648286,0.9317961911360423,-0.1974535738129946
6165,0.12477716654539109,0.20371223390102386,0.9611870070298513,-0.1565705809600793
6170,0.16467478573322297,0.19288453757762908,1.0355404655138651,-0.20187189061216676
6175,-0.07542000114917755,0.17013718485832213,0.9872722486654918,0.0431174734509074
6180,0.03344058580696583,0.18553750216960907,0.98688552180926,-0.06681011434037047
6185,-0.09281818866729737,0.17697531282901763,0.9103308777014415,0.06315617267113607
6190,-0.1094941958785057,0.16348174810409546,0.9824109574158987,0.07805001801347139
6195,-0.057792996615171434,0.16030539870262145,0.978715580701828,0.02419077889567411
6200,-0.1585422396659851,0.18886373639106752,0.9354855040709178,0.12798313508250458
6205,-0.093034428358078,0.17136728763580322,0.8972237050533295,0.06275215870949546
6210,-0.09985664635896682,0.1581721395254135,0.8335008998711904,0.07098972722171318
6215,-0.06709125190973282,0.17985495626926423,0.8674984773000082,0.03828710622804174
6220,-0.13601515889167787,0.16712008118629457,0.7923284987608592,0.1063734159969963
6225,-0.1844938278198242,0.16602271795272827,0.8231569786866506,0.15777011761951007
6230,-0.14869581162929535,0.1561126708984375,0.7930466254552205,0.12128521062555538
6235,-0.17284754812717437,0.1679977983236313,0.7792090276877085,0.1463390538424899
6240,-0.2199550986289978,0.12617784440517427,0.7392806092898051,0.19603977230609893
6245,-0.1983247995376587,0.14324489533901213,0.7952721218268076,0.17236046494737217
6250,-0.22586027085781096,0.14641116559505463,0.7207907557487487,0.2018332756232339
6255,-0.18031975924968718,0.1411958932876587,0.6849015116691589,0.15804658946353026
6260,-0.0946085661649704,0.14050882160663605,0.7303882678349812,0.07092741442614744
6265,-0.08440743386745453,0.14727458953857422,0.7216316123803457,0.06045054322608396
6270,-0.052894914895296095,0.1895698368549347,0.7662724335988362,0.02537205722713809
6275,-0.05476298481225968,0.15012097358703613,0.7424893120924632,0.030638483048087455
6280,-0.013871308602392673,0.1784757435321808,0.7515466074148814,-0.012013973825950831
6285,-0.1047947496175766,0.14459209144115448,0.7411847651004791,0.08105181092951022
6290,0.012683322839438915,0.17615591287612914,0.7627634565035503,-0.04301697943247511
6295,-0.044055475294589995,0.16414240896701812,0.7841663638750712,0.017514943732452038
6300,0.015577218867838383,0.14048733413219452,0.7981890519460042,-0.04253919590368982
6305,-0.09574491679668426,0.14901165962219237,0.7806447724501292,0.06919464992672252
6310,-0.049205667525529864,0.13347450494766236,0.7843101978302002,0.02363946796145921
6315,-0.1000326469540596,0.1470898598432541,0.7695574541886647,0.07499887864316326
6320,-0.08810828775167465,0.1413259595632553,0.8099208851655324,0.061274701622854415
6325,-0.03395873606204987,0.14450407028198242,0.7809158682823181,0.008120667970474022
6330,-0.09013253599405288,0.15253858268260956,0.7896595497926077,0.06429741318829363
6335,-0.08406018018722534,0.13998667001724244,0.79354860385259,0.05721584766016812
6340,-0.03788088858127594,0.13894493579864503,0.7611693461736043,0.012181591595216087
6345,-0.0054638833738863465,0.1474773108959198,0.8596631427605946,-0.022051810681843344
6350,-0.008377139735966922,0.17474416494369507,0.8408760488033294,-0.02013866111662501
6355,-0.13311713933944702,0.17834484577178955,0.7832725683848063,0.10658686194567213
6360,-0.10842958688735962,0.1562252700328827,0.8124068200588226,0.08179119225642036
6365,-0.09523541927337646,0.1419736474752426,0.7949386417865754,0.06956403733267322
6370,0.08680400550365448,0.18395379483699797,0.8129241625467937,-0.11433956605764986
6375,-0.013886129669845104,0.1639760375022888,0.8295055607954661,-0.014654613857511937
6380,-0.04317629039287567,0.14699550867080688,0.7714673459529877,0.015461213630677643
6385,-0.08446100056171417,0.17234688401222228,0.7509349842866262,0.0596338789607247
6390,-0.0709082156419754,0.15067947506904603,0.7073513785998027,0.04759596752174876
6395,-0.12287691086530686,0.13576819896697997,0.7572981496651967,0.09865243123478172
6400,-0.07218983620405198,0.14752863049507142,0.7416506230831146,0.04867531707766087
6405,-0.05172018259763718,0.1381950169801712,0.758730000257492,0.027396174084776015
6410,0.012292194552719593,0.18165142834186554,0.8303788801034292,-0.041545966421592966
6415,0.025862714275717735,0.13913911879062651,0.7881496588389079,-0.05137612368479497
6420,-0.0411639116704464,0.14555382132530212,0.7798471907774608,0.014574291417453186
6425,-0.08101196438074112,0.1556152194738388,0.8155636290709177,0.05370806423220112
6430,0.034724277630448344,0.16694485247135163,0.8371658027172089,-0.06410895853965391
6435,-0.04127029031515121,0.14552177488803864,0.8189509709676107,0.013788965301495709
6440,-0.07892055213451385,0.12603867352008818,0.7663626829783122,0.055274446355225375
6445,0.051265410333871844,0.15210676491260527,0.815826686223348,-0.07842076773515348
6450,-0.02402988150715828,0.1465393930673599,0.7901817659536997,-0.004291012945349228
6455,-0.08625438362360001,0.15222570896148682,0.7916327794392903,0.06172572092505389
6460,-0.02924327477812767,0.14479115903377532,0.8261831382910411,0.00206537911253536
6465,-0.03551936149597168,0.14571677446365355,0.8396942555904389,0.008009760473914338
6470,-0.04656598791480064,0.15318473875522615,0.7930659790833791,0.020542938057098784
6475,-0.10429027229547501,0.14519941210746765,0.8209100306034088,0.07671152856008877
6480,-0.019803666695952415,0.2240138679742813,0.829880032936732,-0.01062409526133966
6485,-0.1221953123807907,0.1386510819196701,0.7725616316000621,0.09705391816007626
6490,-0.18952252566814423,0.130160653591156,0.8111572921276092,0.16292203212305834
6495,-0.1622704952955246,0.13633980751037597,0.7876370867093404,0.13747171158320756
6500,-0.07366300374269485,0.1412458300590515,0.8493897100289662,0.04622035679149155
6505,-0.005620035901665687,0.15907898247241975,0.8715674221515656,-0.022474175576435853
6510,-0.029158321022987366,0.17068494260311126,0.8297111690044403,0.000303445694700335
6515,-0.08167514055967331,0.14897907972335817,0.7904990116755167,0.05565328304337069
6520,-0.03117320090532303,0.18080463111400605,0.8022542317708333,0.0032386800310423127
6525,0.060509411990642546,0.18520817160606384,0.8107624093691508,-0.08981354263761633
6530,0.10147583037614823,0.1348919153213501,0.8122946560382843,-0.1288834910452715
6535,0.046162478625774384,0.1696175754070282,0.8583674927552541,-0.07494882380219799
6540,0.08478894978761672,0.13457834124565124,0.7854533751805624,-0.11124129458752861
6545,0.21622408628463746,0.1508451968431473,0.8827509264151255,-0.24773064280687468
6550,0.14956441819667815,0.13906195461750032,0.8417576571305593,-0.17739191736055043
6555,0.13406501412391664,0.15938285291194915,0.8772675653298696,-0.16295030704698513
6560,0.2412777841091156,0.17812677323818207,0.8882569412390391,-0.27431895495896413
6565,0.1847595363855362,0.16041642129421235,0.9411990106105804,-0.21597909154221634
6570,0.15624299943447112,0.171098193526268,0.990917855501175,-0.19056862137781758
6575,0.14628586173057556,0.15398004055023193,0.9847882648309072,-0.17924964809720847
6580,0.2420924037694931,0.2064485102891922,1.114360749721527,-0.2840108963591677
6585,0.2905940353870392,0.20769261717796325,1.080571742852529,-0.32730924018702423
6590,0.22970233261585235,0.1959894984960556,1.1077379842599233,-0.26619348890600636
6595,0.17438218295574187,0.18398385047912597,1.0631133437156677,-0.20950586182441028
6600,0.08606144785881042,0.20860268473625182,1.075836471716563,-0.12393579876454774
6605,0.027414994686841963,0.19757050275802612,1.076773222287496,-0.06333624294098338
6610,0.09580840915441513,0.15752456486225128,1.061305030186971,-0.13108877830416613
6615,0.01760238241404295,0.16965626776218415,1.1227221488952637,-0.05429392356257978
6620,0.11703884750604629,0.21075228452682496,1.133221407731374,-0.1582871786072916
6625,0.023167382925748825,0.21847647726535796,1.1195673147837322,-0.06140130560364483
6630,-0.07071467339992524,0.16823902428150178,0.9922171235084534,0.03784089750435902
6635,0.11139548420906067,0.19988617897033692,0.9895001570383708,-0.14412305295846772
6640,-0.006817495776340365,0.17386447489261628,1.021955180168152,-0.026476233598457254
6645,0.05280962213873863,0.14515210688114166,1.02195805311203,-0.08511373440073235
6650,0.06091587394475937,0.21262649595737457,1.0809219002723693,-0.09755565572417488
6655,-0.004885828506667167,0.17981403172016144,1.1117518544197083,-0.03258340748606121
6660,0.03203945606946945,0.28449477553367614,1.1336879054705302,-0.07196002543313085
6665,-0.10671578347682953,0.17407552003860474,1.022271809975306,0.07191889968191253
6670,-0.1583942085504532,0.17666331231594085,1.0072939972082773,0.12435681855789006
6675,-0.128110271692276,0.1652429223060608,0.9382970670859019,0.09716172427700934
6680,-0.1421690583229065,0.21944743394851685,0.9103932897249858,0.11221763758732059
6685,-0.18920336663722992,0.16834657192230223,0.9536041100819905,0.15672900177878354
6690,-0.19127838015556337,0.20092869997024537,0.9728559335072835,0.15913289995535124
6695,-0.04569217413663864,0.17608668506145478,0.9366531153519948,0.014845460093150848
6700,-0.06738531440496445,0.19786508083343507,0.9919924219449361,0.033698740806408126
6705,-0.09652907699346543,0.15548101663589478,0.9658077935377757,0.06419238186456691
6710,0.012043456360697747,0.24542271792888642,0.9969151298205058,-0.04485721016239336
6715,-0.022475970908999443,0.24563153982162475,0.9543357988198599,-0.012304131937717235
6720,-0.06385912075638771,0.18435458242893218,0.9028074026107789,0.03371366598582087
6725,-0.11539632529020309,0.1596188873052597,0.9083379745483399,0.08477911793871672
6730,-0.041900626569986346,0.20052967965602875,0.9179724872112274,0.011280587289566931
6735,0.03213299885392189,0.18350470960140228,0.909039972225825,-0.06420962571589603
6740,-0.0016085709794424474,0.15833022594451904,0.8849613110224406,-0.028511486293208276
6745,-0.03705832660198212,0.17536635994911193,0.9302448193232219,0.007185119068064116
6750,-0.04513372182846069,0.1573712259531021,0.9208290954430898,0.014732302013660858
6755,-0.1414699971675873,0.14476426541805268,0.8664076089859009,0.1132768307722953
6760,-0.043539782613515855,0.14631142914295198,0.9200783550739289,0.013369162911263695
6765,-0.02609230801463127,0.16489801704883575,0.8900820155938466,-0.003198767800981031
6770,-0.019653018191456796,0.15166726410388948,0.8796512842178345,-0.00971250199706431
6775,0.14816003441810607,0.1812451660633087,0.977219021320343,-0.18036684132649353
6780,0.10311048477888107,0.18069856464862824,0.9252370238304138,-0.13487207546687635
6785,0.030795474722981452,0.16615683436393738,0.9899999757607778,-0.0633868777010636
6790,0.04894637987017632,0.17911917865276336,1.0322458386421203,-0.0830738841670748
6795,-0.11020085513591767,0.15635386407375335,1.0133952299753826,0.07785348929431722
6800,-0.0617368184030056,0.21058903336524964,1.000610347588857,0.025235016850840442
6805,-0.04025723561644554,0.15668068826198578,0.9968649049599966,0.006112999285233528
6810,-0.06549746990203857,0.17895017862319945,1.023556403319041,0.032215971832916954
6815,-0.05393310859799385,0.24381714165210724,1.0379444658756256,0.019458673866078198
6820,-0.14061832726001738,0.18884383141994476,0.9313237786293029,0.10879340832890926
6825,-0.19386863708496094,0.17680418193340303,0.9348084330558777,0.1626576788824012
6830,-0.18862010538578033,0.19479310512542725,0.9310109376907348,0.15785207512947175
6835,-0.17208191454410554,0.1655387431383133,0.9003037333488464,0.14262746946593544
6840,-0.1424611657857895,0.1625080704689026,0.8592447459697723,0.11277057005055575
6845,-0.20555320978164673,0.16728039979934692,0.8925906578699748,0.17494222872683235
6850,-0.2201471209526062,0.20163422226905822,0.88680566350619,0.1885640100336141
6855,-0.22140839993953704,0.18257780075073243,0.8262625634670258,0.19281495105630786
6860,-0.17129361629486084,0.18390872478485107,0.7958825886249542,0.14300204472870273
6865,-0.13800362050533294,0.15642137527465821,0.758615122238795,0.11387343772435315
6870,-0.14196510910987853,0.1381940722465515,0.7516313930352528,0.11820984250893446
6875,-0.09121163189411163,0.15939066112041472,0.756745982170105,0.0642764560146996
6880,-0.17729556262493135,0.13944660127162933,0.7494009653727214,0.15370491720481372
6885,-0.11878587901592255,0.16962299048900603,0.8104789714018504,0.09176835731312297
6890,-0.12307705879211425,0.1558386951684952,0.8403573969999949,0.09543885076767496
6895,-0.02311512902379036,0.16007405817508696,0.8412764310836792,-0.004491666816747269
6900,0.015766619704663754,0.1573288172483444,0.8600224037965138,-0.04454756687344166
6905,-0.10082529634237289,0.16099515557289124,0.8432983179887136,0.07360818235698359
6910,0.056663180142641066,0.13935795724391936,0.9210589249928792,-0.08658726457891423
6915,0.029858328774571417,0.1602207750082016,0.8866219063599904,-0.05866545700206449
6920,-0.01342364139854908,0.2016730397939682,0.9367788672447205,-0.01773924924484378
6925,-0.0175435246899724,0.18225077688694,0.8669001042842865,-0.010997686641358084
6930,-0.1093338280916214,0.13503914773464204,0.8500982960065205,0.08233150307952482
6935,-0.002830930706113577,0.153549861907959,0.8798861960570018,-0.025968471381771222
6940,0.09798102378845215,0.17260113060474397,0.8774250745773315,-0.1276834302230482
6945,0.019034254550933837,0.161297744512558,0.854642367362976,-0.048008507055582045
6950,0.07384874224662781,0.14724057614803315,0.8270063996315002,-0.10197333744804128
6955,-0.027068427950143813,0.15029314756393433,0.7961274147033691,0.0012997662265359536
6960,-0.035419055819511415,0.1520508348941803,0.7931625604629516,0.009724984348096535
6965,0.05962776318192482,0.13206750750541688,0.8100439310073853,-0.08615105602458023
6970,-0.028340886160731316,0.1418803870677948,0.8082922557989757,0.0028703432697157402
6975,-0.055378847569227216,0.13704948723316193,0.8196821272373199,0.02877887341927156
6980,-0.03825543373823166,0.13782662749290467,0.8077174425125122,0.012613545907653295
6985,-0.01801599469035864,0.16981131434440613,0.8758977750937144,-0.01066110962002234
6990,-0.010281115397810936,0.16453499495983123,0.8816008369127909,-0.018825995465572034
6995,0.03191900961101055,0.1647113084793091,0.9070874412854513,-0.06087151522580628
7000,-0.04861637055873871,0.16151871681213378,0.8651457568009694,0.019255934388340307
7005,0.1286527171730995,0.1512128919363022,0.8871768971284231,-0.16006331953913416
7010,0.19407728910446168,0.14800876379013062,0.9279360314210255,-0.2251516471848316
7015,0.05571612268686295,0.1775122880935669,0.9836783071358999,-0.08817348100852819
7020,0.024518536031246187,0.16778282225131988,0.9469139873981476,-0.05643557919474958
7025,0.07904542535543442,0.13430189788341523,0.9761035064856212,-0.11152009904623561
7030,-0.02730100676417351,0.1408979505300522,0.9142039557298024,-0.0010016742749173223
7035,0.11382352262735367,0.20510336458683015,1.0097863376140594,-0.1502087548871651
7040,-0.07303531914949417,0.1262082576751709,0.879673441251119,0.0460304478969225
7045,0.01546036098152399,0.17740972936153412,0.9515395363171896,-0.047777147761015354
7050,-0.060740357637405394,0.12459748536348343,0.9430532236893971,0.030024681464875816
7055,0.000464285840280354,0.13961827158927917,0.9241926232973735,-0.030232213284182467
7060,-0.011135489866137504,0.16830829679965972,0.9674885749816895,-0.019881741747726216
7065,0.05757257044315338,0.18876327574253082,1.011399547259013,-0.09120980123387518
7070,-0.07453179955482483,0.1576529324054718,0.9005188445250193,0.04490530003000389
7075,-0.09056449681520462,0.16007112562656403,0.9402577420075734,0.060167115231307924
7080,-0.12065283060073853,0.15478855073451997,0.8648579140504201,0.0929271170908131
7085,-0.1450925350189209,0.139800027012825,0.8039340277512869,0.11949243666545002
