episode,actor_loss,critic_loss,entropy,advantage
5,-0.8740108132362365,0.7095942974090577,3.450922401746114,0.7543808363561073
10,-0.8510484337806702,0.8050704836845398,3.413572565714518,0.7394152755655115
15,-0.7405809998512268,0.8597923159599304,3.4407338460286456,0.625343047636905
20,-0.76787348985672,0.6703494548797607,3.3623494307200112,0.6538161447683067
25,-0.6273114085197449,0.686516273021698,3.3083086093266805,0.5119297243679636
30,-0.5253615140914917,0.6940229654312133,3.289638304710388,0.4112061652259275
35,-0.3841381847858429,0.6511993169784546,3.2502881209055583,0.2761308313369477
40,-0.3445172727108002,0.6502769351005554,3.204581046104431,0.23129555939272783
45,-0.3424714684486389,0.6626732826232911,3.1128178040186563,0.23597402580118998
50,-0.22743828892707824,0.7096074938774108,3.153619408607483,0.12452640551720855
55,-0.37749759554862977,0.6517651557922364,3.122476069132487,0.2748416982578926
60,-0.21874969005584716,0.6391951084136963,3.1046385844548543,0.11142508474233975
65,-0.36619276404380796,0.6134387493133545,2.9662458578745525,0.263437883569708
70,-0.3067665219306946,0.6326829195022583,2.895927309989929,0.20729168573960374
75,-0.46684242486953736,0.6456194519996643,2.9268058935801187,0.36802500540815325
80,-0.31130812764167787,0.622681987285614,2.878798484802246,0.21253150717202782
85,-0.25312080681324006,0.5604859828948975,2.760670288403829,0.15739245188777443
90,-0.33962825536727903,0.5482382416725159,2.721220016479492,0.24288033557868513
95,-0.3034510135650635,0.5486760377883911,2.532745917638143,0.21391862033039333
100,-0.19586445093154908,0.5461365103721618,2.4645867347717285,0.11137003659888074
105,-0.24614329040050506,0.5201743602752685,2.375815987586975,0.17070968487459184
110,-0.159625643491745,0.49685070514678953,2.2960079034169514,0.08562513637349546
115,-0.04871144741773605,0.5194597840309143,2.224096655845642,-0.025861511477622067
120,-0.23333310782909394,0.543907630443573,2.3349749644597373,0.15291825484112023
125,-0.13019212931394578,0.46916027665138244,2.1961705048878986,0.05629241120036771
130,0.09350043833255768,0.5060470819473266,2.1213544448216757,-0.16529024691529132
135,-0.12405729144811631,0.5555731415748596,2.080881683031718,0.055643965946804846
140,-0.04726955071091652,0.5103621482849121,2.0358712991078693,-0.021788674947370756
145,-0.16267147958278655,0.4919983446598053,2.0595248699188233,0.0955746571437045
150,-0.042426398396492,0.4796046197414398,2.147231117884318,-0.026704084314520843
155,-0.07257941588759423,0.5019052982330322,2.2146910429000854,-0.006430442170050688
160,-0.08003882616758347,0.5039294481277465,2.274234986305237,0.0038169968924563276
165,-0.012570328079164028,0.5198667645454407,2.132567056020101,-0.057725206494708636
170,0.1409945696592331,0.5220060229301453,2.0814708709716796,-0.21009576445698283
175,0.010249116364866495,0.4747713267803192,2.0643805344899495,-0.07949039471065868
180,-0.0662540003657341,0.46694997549057005,1.8551525751749673,0.004411400433482698
185,0.055740554630756375,0.5353768110275269,1.8757388989130657,-0.12002767377710624
190,-0.01821938082575798,0.4501114547252655,1.7499810854593914,-0.04409826588916325
195,-0.012164401449263096,0.47327196002006533,1.7135128855705262,-0.04644735961041975
200,0.03895021602511406,0.4762699127197266,1.7318946599960328,-0.09782706957905654
205,-0.06103808507323265,0.4571904957294464,1.6356178601582845,0.00593866755428711
210,-0.08085732907056808,0.42090182900428774,1.6154080271720885,0.027613199996489028
215,-0.03260347843170166,0.4431125640869141,1.6437000989913941,-0.02331047033808384
220,0.028478917852044105,0.4173633694648743,1.591015895207723,-0.08306916364902758
225,-0.06577756702899933,0.4695820391178131,1.5763266603151957,0.010047099211316772
230,-0.14611170291900635,0.41791380643844606,1.4851826032002766,0.09345688545195342
235,-0.06338421404361724,0.43122891783714296,1.452230485280355,0.01097420780220828
240,-0.10189298838376999,0.4302913069725037,1.5537790139516194,0.051223151467321745
245,-0.08696578443050385,0.3925393223762512,1.5922034978866577,0.035505148865850204
250,0.09302217364311219,0.4409811973571777,1.644261626402537,-0.14583033176013566
255,0.012464441917836666,0.40457637906074523,1.6279557426770528,-0.0648645768713179
260,0.003980855154804885,0.4165053129196167,1.7629113952318827,-0.06164503100095194
265,0.10769849866628647,0.4520504117012024,1.7376689235369365,-0.16505599672607876
270,0.09689410775899887,0.5033572554588318,1.7166822950045268,-0.16004003543622586
275,-0.009313660208135843,0.47355706095695493,1.7248862425486247,-0.04817439614427037
280,-0.09265209585428238,0.48288912177085874,1.7393540581067404,0.03091875487616625
285,-0.1319597452878952,0.4314846396446228,1.6868116736412049,0.07630943917596147
290,-0.04661001712083816,0.4438063621520996,1.854030478000641,-0.015255006371977183
295,-0.01973375529050827,0.4228794753551483,1.7960857272148132,-0.04021741901961429
300,-0.12762024998664856,0.5236753344535827,1.9466866254806519,0.06107996020557545
305,-0.026639297232031824,0.4697632431983948,1.8463439742724101,-0.0376045661437776
310,-0.01123610744252801,0.44884427189826964,1.7435237685839335,-0.047514225490034
315,0.00913885566405952,0.4488732576370239,1.8105649113655091,-0.06840174831199942
320,0.13887726068496703,0.4547649323940277,1.931052803993225,-0.2016802594413729
325,-0.0020939218811690807,0.4665343999862671,1.9630966822306315,-0.0633469112051539
330,-0.004402017558459192,0.5080706715583801,1.9433040221532185,-0.058985865184139376
335,-0.011249975860118866,0.48969267010688783,1.9507625659306844,-0.053096536655168974
340,0.15164125263690947,0.5119210958480835,1.9571678082148234,-0.21904702305430523
345,-0.08896602392196655,0.5094557642936707,1.9935155073801676,0.02338918374420881
350,0.02704603038728237,0.4939483642578125,1.9372284571329752,-0.09075231817916085
355,-0.04196962788701057,0.4872286796569824,2.0018301725387575,-0.02546410143967168
360,0.010955517552793026,0.4835690438747406,2.0054966529210407,-0.07710360539872405
365,0.006459274259395897,0.4731270432472229,2.014228852589925,-0.07145481789498916
370,0.08256187587976456,0.494111567735672,2.0230596621831256,-0.14932429050340057
375,-0.10868447870016099,0.4532843232154846,2.050846290588379,0.04353238503054822
380,-0.03934249058365822,0.44112759828567505,2.0480342547098798,-0.02881833563179165
385,0.20564698576927185,0.44955024123191833,2.116749556859334,-0.2759091784910081
390,0.06635390743613243,0.45128286480903623,2.007386628786723,-0.1337719011378122
395,-0.06785114333033562,0.4685278594493866,1.9584426641464234,0.002767924111484354
400,-0.014660741202533245,0.48371513485908507,1.9652549902598062,-0.04955489858511743
405,0.01664914786815643,0.4323782205581665,1.871977412700653,-0.07838132999902134
410,-0.062154950201511384,0.43156576752662656,1.8882808844248453,0.0011298645147473502
415,-0.09493692219257355,0.4513960123062134,1.8959005276362102,0.03138798210130347
420,0.059032434970140456,0.43421563506126404,1.8688299059867859,-0.12336626977716422
425,-0.05512327551841736,0.43377149701118467,1.8969449202219646,-0.009883391266083895
430,-0.02324882447719574,0.4446151554584503,1.783419414361318,-0.035996188446587196
435,-0.10646094679832459,0.3956873297691345,1.7758897185325622,0.04798825475815057
440,-0.06884852200746536,0.41569480299949646,1.7690910220146179,0.011113137432320732
445,-0.09317558407783508,0.38074115514755247,1.664128299554189,0.036528155966491345
450,0.040871205180883406,0.4294711709022522,1.6318518002827962,-0.09452763690457336
455,-0.06605088040232658,0.47253475785255433,1.6524869720141093,0.010467904918709388
460,-0.0983848288655281,0.38324305415153503,1.60604674021403,0.0468814093108021
465,-0.020982914604246616,0.4367944300174713,1.606578572591146,-0.03499831536904484
470,-0.119880910217762,0.4082848608493805,1.6683477520942689,0.06431419513059239
475,-0.08652610778808593,0.4117266356945038,1.589417556921641,0.03177773919544218
480,0.030406568571925162,0.4143021047115326,1.5756263653437297,-0.08518755567999034
485,-0.035728538781404494,0.3809203565120697,1.5325339913368226,-0.014347412961171901
490,-0.17118816673755646,0.35776570439338684,1.5106726129849752,0.12192089014530555
495,-0.03835841715335846,0.4066185474395752,1.5016203006108602,-0.013278703565291528
500,0.07703739702701569,0.3825145363807678,1.523561712106069,-0.13121816414638682
505,-0.0664343386888504,0.36425466537475587,1.502912453810374,0.017602976445087876
510,0.022361752390861512,0.40308416485786436,1.5574205756187438,-0.07607520800638193
515,-0.10813311338424683,0.34731664657592776,1.424170935153961,0.062263541489716114
520,-0.058115170896053316,0.386918431520462,1.4433867613474527,0.009133206048644427
525,-0.021914229914546012,0.3325468420982361,1.3951112945874533,-0.024296729448467926
530,0.04065959677100182,0.37113826274871825,1.4090948661168416,-0.08998522080828054
535,-0.05155886635184288,0.3734748184680939,1.3935776154200237,0.006093230281604185
540,-0.009780640061944724,0.37325903177261355,1.3794180591901144,-0.03427551737284074
545,-0.039103645086288455,0.37470794916152955,1.3556737462679544,-0.006061596132500331
550,-0.07920051366090775,0.3762138426303864,1.338561471303304,0.03475597551076599
555,-0.076195627450943,0.3498900055885315,1.3416925032933553,0.03125464991165213
560,-0.08056391924619674,0.3271462917327881,1.280178387959798,0.03826232869964532
565,0.05766780897974968,0.3848551332950592,1.3707297960917155,-0.10248956067948267
570,0.021339892596006393,0.35686433911323545,1.3721364418665567,-0.06607240218205193
575,0.018211741372942923,0.35570104122161866,1.3432438850402832,-0.0628062590457618
580,-0.02796097509562969,0.3543361723423004,1.3560914238293966,-0.017702330321064615
585,-0.02921937368810177,0.3179132342338562,1.28229101896286,-0.012708300600909815
590,-0.0033627418277319522,0.36482809782028197,1.3131969730059305,-0.03934517371014699
595,-0.05845615267753601,0.3686139166355133,1.2969807306925456,0.015208774094651
600,0.005675385077483952,0.3612149655818939,1.3161933223406475,-0.04746367537126581
605,0.02645694687962532,0.35268822908401487,1.3239186962445577,-0.06923661854106587
610,0.021201641485095023,0.3367549479007721,1.337801742553711,-0.06426666484679715
615,-0.049350454658269885,0.3471194267272949,1.3874404946962993,0.0034448007596374194
620,0.015014873631298543,0.34383209347724913,1.3760655800501504,-0.06032997700452684
625,0.051501959562301636,0.33999709486961366,1.3575393040974935,-0.09705648079957843
630,-0.08127687573432922,0.3565560817718506,1.3132352789243062,0.038191733329939026
635,0.004833046707790345,0.35505640506744385,1.3476993083953857,-0.05071692631714962
640,-0.0010894545936025678,0.3669623672962189,1.3037015279134114,-0.04163261577942258
645,0.021824338659644126,0.3543741226196289,1.3132033904393514,-0.06495212931188428
650,-0.11749707162380219,0.32022568583488464,1.2578418413798014,0.07700557986911945
655,-0.10131963640451432,0.3285803973674774,1.2627262393633525,0.06088873082453226
660,-0.04014649614691734,0.3759186327457428,1.2979094664255777,-0.0041710946628968635
665,-0.12151855379343032,0.32807072401046755,1.2644180456797283,0.07918719342145729
670,-0.0987589105963707,0.3059149980545044,1.2566630045572917,0.055644367964134495
675,-0.024292632564902307,0.32395264506340027,1.2572932561238608,-0.017317021619879056
680,-0.061987584084272386,0.3199904203414917,1.2503668824831644,0.02274720277332166
685,0.1669068902730942,0.391231095790863,1.2989407022794088,-0.21293269368023446
690,-0.016635105945169926,0.36264415383338927,1.2375993609428406,-0.024817371962801496
695,-0.054345596581697464,0.29852325320243833,1.103559386730194,0.017326034101890844
700,-0.057098732143640515,0.34435402154922484,1.1638581236203511,0.017245005462055797
705,0.006804009899497032,0.33875793814659116,1.1777766386667887,-0.04627762482223357
710,-0.123483207821846,0.323462700843811,1.2054407715797424,0.08600138426830067
715,-0.031246156990528108,0.32876303791999817,1.2256982525189717,-0.009075057541515474
720,-0.10537566393613815,0.3287000596523285,1.2473922610282897,0.06599140078938406
725,-0.034546884521842,0.3424879550933838,1.2625058571497598,-0.008878436834528396
730,-0.04200710877776146,0.35046162605285647,1.2064412514368692,0.0028635590505675834
735,-0.017136680148541927,0.3947332978248596,1.2689271370569866,-0.02644243181698399
740,-0.0522576130926609,0.3471021234989166,1.2738677541414896,0.01074100453279984
745,-0.016153183206915854,0.34668954014778136,1.2072592735290528,-0.024845332942576685
750,-0.05361071899533272,0.32923491597175597,1.2030717690785726,0.013867681706101252
755,0.022973963618278505,0.34680094122886657,1.1992788553237914,-0.06203843307620979
760,-0.0661495178937912,0.3748142242431641,1.2470052401224772,0.024983822292009385
765,0.05550212636590004,0.3632117986679077,1.2199950734774272,-0.09588251122982061
770,0.016917386464774607,0.3586553454399109,1.2209790190060934,-0.057148093250830694
775,0.01850501224398613,0.3626042604446411,1.2173707842826844,-0.061865951522625605
780,-0.05860206931829452,0.36737067103385923,1.1709213813145956,0.020695183052894847
785,-0.023283582553267478,0.31523470878601073,1.1365629116694131,-0.01419932355036056
790,-0.043183676153421405,0.36051493883132935,1.1566427866617839,0.006774872827996465
795,0.013120485562831163,0.3553138911724091,1.1599759300549826,-0.054955507764219716
800,0.11197201758623124,0.3470831036567688,1.081773002942403,-0.14931844222142973
805,-0.012257459573447704,0.3320577085018158,1.0833696921666462,-0.022788363673737377
810,-0.052163296937942506,0.3388616919517517,1.126189641157786,0.014357242787158738
815,-0.020312906801700593,0.32181153297424314,1.0502302726109822,-0.01452245136984406
820,0.011193121969699859,0.33268826007843016,1.0403273701667786,-0.04744576345627611
825,-0.09083941280841827,0.3155008375644684,1.0263456106185913,0.05631001960653821
830,-0.05963379517197609,0.3249377906322479,1.0171642661094666,0.025981644085242304
835,-0.07472106665372849,0.310049033164978,0.9751056035359701,0.042445833178672746
840,-0.016024839691817762,0.3238649845123291,0.9624770899613698,-0.016103317797183922
845,-0.08041886240243912,0.3228107035160065,0.9357608199119568,0.05096690294302043
850,-0.07567609995603561,0.3300799489021301,0.9561751782894135,0.04512082957318872
855,-0.09768293797969818,0.2920643210411072,0.9168969392776489,0.06846300194159322
860,-0.08710137009620667,0.2942729711532593,0.8912599762280782,0.05947871157883542
865,-0.009365285839885473,0.30627302527427674,0.8856279532114665,-0.019059818836995618
870,-0.008423675782978535,0.30476598143577577,0.9037078857421875,-0.021273078029808327
875,-0.02415340915322304,0.3241024374961853,0.9172263344128927,-0.006335588658979347
880,-0.05058578848838806,0.3117183744907379,0.9027198811372121,0.02209715622933897
885,-0.017546988651156427,0.3045212268829346,0.8896683176358541,-0.01124814460250522
890,0.038738420605659483,0.3419413506984711,0.9542693595091502,-0.07110779067226677
895,-0.04516853168606758,0.29689255356788635,0.875972330570221,0.018050770729493574
900,0.058694639801979066,0.32019670605659484,0.9015858630339305,-0.08810419409685791
905,-0.03858002349734306,0.30800548791885374,0.9019450366497039,0.009194109363986958
910,-0.002466216924949549,0.315322083234787,0.9456418295701344,-0.0283229779180489
915,-0.05016329512000084,0.3310266375541687,0.9859062691529592,0.01841788222583212
920,-0.11621869504451751,0.294409316778183,0.9320249537626902,0.08815690098778493
925,0.011437417939305305,0.3200919270515442,0.9276481846968333,-0.04147527381065672
930,-0.06667268723249435,0.293316113948822,0.9318348666032156,0.03798974241451662
935,0.07559660226106643,0.35468320846557616,0.9790430545806885,-0.10949030191174988
940,-0.030096133798360826,0.3084771573543549,0.9264541526635488,0.0009776435477548875
945,-0.06862858086824417,0.3048382341861725,0.9107620477676391,0.03850362193536625
950,0.0010190249944571407,0.30032071471214294,0.9149865289529164,-0.02935952047806932
955,0.06847524046897888,0.35259546637535094,0.9798387050628662,-0.10026860497347193
960,-0.05693005472421646,0.3194356322288513,0.951595950126648,0.026003938680892173
965,0.07581430822610855,0.31954243779182434,0.9429116110006969,-0.10712785954055465
970,-0.05482675731182098,0.3139413893222809,0.9862545291582744,0.02243858893252631
975,-0.06953055709600449,0.3251581907272339,1.0281965851783752,0.03519406717516876
980,0.014447499066591263,0.3250092029571533,0.9772623618443806,-0.04982352416295438
985,0.027927646040916444,0.33120182156562805,0.9750959475835165,-0.060809154836186215
990,-0.03515952043235302,0.3288401186466217,0.9965696970621745,-0.0003605008688454146
995,-0.05055952370166779,0.30474403500556946,0.9312102278073628,0.021103639365241268
1000,-0.012797628529369831,0.32750924825668337,0.9402739465236664,-0.01943916243635108
1005,0.023763711750507354,0.30630059242248536,0.8651285489400228,-0.05337037436003306
1010,0.01140468642115593,0.3222902476787567,0.9018186708291371,-0.041274145841075666
1015,-0.06589625179767608,0.3067918002605438,0.8887249608834584,0.03863929875149494
1020,-0.019540539383888243,0.3058850049972534,0.9261658668518067,-0.009404273356686112
1025,0.0034278319915756585,0.3141233265399933,0.9709757963816324,-0.0334406196914074
1030,0.05009657293558121,0.35887815356254577,1.0127599557240805,-0.08433125521930536
1035,-0.010385955031961203,0.3274450123310089,0.968784221013387,-0.022169667592899057
1040,0.039279861748218535,0.31788994669914244,0.9877808491388956,-0.07506780014509513
1045,0.05267001017928123,0.321807450056076,0.9163156827290853,-0.08289423272996478
1050,0.06390979811549187,0.33684307932853697,0.8895168463389079,-0.0942842665880421
1055,-0.08438136279582978,0.3086405575275421,0.9556012312571208,0.053718680994672946
1060,-0.03607460856437683,0.3218102931976318,0.9578680217266082,0.004519633183078359
1065,-0.12036492675542831,0.30704099535942075,0.85422602891922,0.09141852436105123
1070,-0.05283461883664131,0.27977149486541747,0.7955417414506276,0.024848773097096828
1075,-0.10403405725955964,0.3149101734161377,0.8198530594507853,0.07765057142933092
1080,-0.05357874482870102,0.30638179183006287,0.8095553199450175,0.02792734989910814
1085,-0.019455519318580628,0.33325297832489015,0.8473607460657756,-0.009995689065262289
1090,-0.03213567025959492,0.3006811201572418,0.8197228610515594,0.003897766318339166
1095,-0.06278692856431008,0.3008563816547394,0.807934824625651,0.036051642347101835
1100,-0.07090065181255341,0.27890429496765134,0.806297638018926,0.045390810235492594
1105,-0.0033595878165215256,0.3297431290149689,0.8455062786738078,-0.024113930365179476
1110,-0.05851972922682762,0.26548858284950255,0.8292689541975657,0.031617961977296466
1115,-0.01861357782036066,0.2990198194980621,0.8344610075155894,-0.010457736783408556
1120,0.048291866481304166,0.31736001968383787,0.8354710857073466,-0.07650889651081194
1125,-0.09916666448116303,0.31284525990486145,0.8237197776635488,0.07220993696868837
1130,-0.06436970382928849,0.28880770206451417,0.8058279474576314,0.03855905457217159
1135,-0.025775978341698647,0.3158345758914948,0.7784915387630462,-0.0004669735849624911
1140,-0.031253613904118537,0.3189630746841431,0.7666902383168538,0.005105237582936017
1145,0.008182654902338982,0.2779530704021454,0.7535788933436076,-0.034334621630790735
1150,-0.0529846802353859,0.30767996311187745,0.764368329445521,0.029481318254914433
1155,0.008003413490951062,0.3209766685962677,0.7648562510808309,-0.03366603990926412
1160,-0.10258423388004304,0.2709108114242554,0.7294284403324127,0.08007017019914406
1165,0.032038699835538864,0.317485386133194,0.785610846678416,-0.05769369724367555
1170,-0.011051930859684944,0.3010396957397461,0.7569555461406707,-0.0136846967522007
1175,-0.01894241813570261,0.3199410319328308,0.7687078992525737,-0.008237219937496374
1180,0.03038717173039913,0.3012696623802185,0.761256625254949,-0.0560948060859473
1185,-0.026252757757902145,0.29512794613838195,0.803943125406901,0.000580367569527029
1190,0.08267452120780945,0.33631799817085267,0.8452824552853903,-0.11197759162824879
1195,0.011470209620893002,0.3050340533256531,0.7937800069650014,-0.039836308375419675
1200,0.020361251011490823,0.3353665888309479,0.8055841048558553,-0.04634572159120322
1205,0.01207560058683157,0.33681322932243346,0.8501394669214885,-0.04083307673479933
1210,-0.023333421722054482,0.3107258200645447,0.7899422725041707,-0.003145417022341704
1215,-0.05652997046709061,0.2854055643081665,0.7722805738449097,0.03251917682045986
1220,-0.0521210178732872,0.29570944905281066,0.7489642381668091,0.028304309679453007
1225,-0.060855213552713394,0.30240375399589536,0.7821790277957916,0.035394711554042585
1230,-0.0800512433052063,0.3024862229824066,0.840217407544454,0.05125914988982343
1235,-0.024578681960701943,0.29361326098442075,0.796408595641454,-0.0011463785615593693
1240,0.08828592002391815,0.34315925240516665,0.8447135587533315,-0.1168407947923753
1245,-0.02536381483078003,0.3079115688800812,0.843771509329478,-0.0029208222451420295
1250,0.03149872906506061,0.3146828532218933,0.8471708675225575,-0.06157133292947125
1255,-0.033414014428853986,0.319597464799881,0.8088183681170146,0.007371354304466853
1260,-0.034776075184345244,0.33421739339828493,0.7828014492988586,0.007947457133046777
1265,-0.051313719153404234,0.3024445712566376,0.7594855884710948,0.026012792338541584
1270,0.04844914376735687,0.3253238320350647,0.8464791158835093,-0.07714423529717494
1275,0.038792402297258374,0.3240591466426849,0.8047372798124949,-0.06458395237459112
1280,-0.08685785979032516,0.33576845526695254,0.7896249651908874,0.06090496764451555
1285,-0.05794854387640953,0.33267614245414734,0.8303590575853984,0.030384064835435386
1290,-0.05302081406116486,0.3103694677352905,0.7821817497412363,0.028877241907601704
1295,0.02126372084021568,0.3221577167510986,0.7668305516242981,-0.047783254560024385
1300,-0.04070425257086754,0.3126943588256836,0.7711557885011037,0.015937840346481505
1305,-0.10093537867069244,0.32214468717575073,0.8003136237462362,0.07461170677780106
1310,-0.06735897213220596,0.29679554104804995,0.8135195096333822,0.040946150602383956
1315,-0.04579296857118607,0.30793570876121523,0.7657970666885376,0.021681202455754785
1320,-0.07115703523159027,0.306841778755188,0.7814256966114044,0.04649809071187474
1325,-0.09109961092472077,0.3258631587028503,0.7860199610392252,0.06530629077945925
1330,-0.11966058611869812,0.32462661266326903,0.794813863436381,0.09293716371612389
1335,-0.0237856388092041,0.3165424883365631,0.7964980244636536,-0.0036647716603380063
1340,-0.07964904010295867,0.3233895778656006,0.8539693733056386,0.05018995695453236
1345,0.03157524093985557,0.3585417985916138,0.8330797215302785,-0.0594782202750778
1350,0.05852655842900276,0.3341208755970001,0.7890015920003255,-0.08604890027021456
1355,-0.009897190611809492,0.33743152022361755,0.7874014675617218,-0.017572090694029655
1360,-0.014777554012835026,0.3275065004825592,0.8108152767022451,-0.010751813986181389
1365,-0.08060971945524216,0.30718435645103453,0.8305506269137065,0.054384645431977685
1370,-0.028568173199892043,0.3064107894897461,0.7972307105859121,0.0025588618684141587
1375,-0.033463677391409874,0.31487151980400085,0.7998297154903412,0.005289005778628685
1380,0.008635156322270632,0.33501051664352416,0.7530667384465536,-0.037055528694744606
1385,-0.022708822414278983,0.32589765191078185,0.7507968127727509,-0.0016421193399885727
1390,0.00021753086475655435,0.30347859263420107,0.7227036933104197,-0.02627856331489527
1395,-0.009772328101098538,0.3391744434833527,0.729904035727183,-0.015767646524275203
1400,-0.04719451442360878,0.3094289302825928,0.6778688093026479,0.025438963898720912
1405,-0.021091547235846518,0.3129873514175415,0.6923542002836863,-0.0012632884191487634
1410,-0.03583285212516785,0.29794785380363464,0.6730981687704722,0.01490643692252516
1415,-0.0397989921271801,0.29903475642204286,0.6756926000118255,0.017581891033656594
1420,-0.05571804717183113,0.28941771388053894,0.659864197174708,0.03400113773683731
1425,-0.051207005977630615,0.2818969964981079,0.706361073255539,0.029058904225550148
1430,-0.03741911724209786,0.3102819323539734,0.7045604825019837,0.015144644420470255
1435,0.05486973375082016,0.32133871912956236,0.7274906694889068,-0.07913704188455725
1440,-0.004005382908508182,0.31310781836509705,0.697128822406133,-0.018000198007454497
1445,0.005966706527397036,0.3133254528045654,0.7224416355292003,-0.031514951259255505
1450,0.009003168065100908,0.3306291103363037,0.7024286011854808,-0.03349910829494425
1455,-0.01221834309399128,0.29964560866355894,0.7000031312306721,-0.010183032637612843
1460,-0.04720848798751831,0.32714226841926575,0.7222593188285827,0.024010421550193912
1465,0.0486101932823658,0.32240794897079467,0.7128254810969035,-0.07225560878073002
1470,0.016592480428516864,0.31041848063468935,0.7294802804787953,-0.0395813130432698
1475,0.01506043616682291,0.3465082049369812,0.8026877045631409,-0.041939364295008795
1480,0.037425050139427186,0.3164945900440216,0.7683816055456797,-0.06256625726032831
1485,0.04890527054667473,0.3419986546039581,0.819236163298289,-0.0778473594910593
1490,-0.010434603225439787,0.3295359194278717,0.8031635185082754,-0.017119660721865337
1495,-0.009776710160076618,0.32196585536003114,0.8361061215400696,-0.01820615849114728
1500,0.08281368166208267,0.3384289681911469,0.8127211789290111,-0.10992800227777594
1505,0.006961225066334009,0.32668301463127136,0.7653188566366832,-0.03314600228324151
1510,-0.022638996317982673,0.32535459399223327,0.7992996493975322,-0.0028811527165041534
1515,0.009945280011743307,0.33316254019737246,0.791644008954366,-0.03618505765788909
1520,-0.034947441145777705,0.33205761313438414,0.8260429978370667,0.005631707854082165
1525,0.04542289897799492,0.35632861256599424,0.7901634792486827,-0.07298225804388048
1530,0.005868681962601841,0.3111990332603455,0.8076564212640126,-0.035723727871944326
1535,-0.004269191296771169,0.3034202098846436,0.7773131390412649,-0.02091810979991395
1540,-0.030056081339716913,0.2959328830242157,0.7410994370778402,0.006411919236294712
1545,-0.030639880895614625,0.29664496183395384,0.7867937703927358,0.0012461036264416491
1550,-0.06890246719121933,0.3115037024021149,0.8014032304286957,0.04324867951773623
1555,-0.04664027765393257,0.3206317961215973,0.7836570382118225,0.021507358710899056
1560,-0.09641324281692505,0.33473331928253175,0.8814813574155171,0.06722867898084992
1565,-0.04326851516962051,0.3847558259963989,0.9588429053624471,0.005794710535082501
1570,-0.03239161893725395,0.3388621389865875,0.8856040497620901,0.00012389579021638878
1575,-0.05570051968097687,0.3606159329414368,0.9332684516906739,0.01945099921686017
1580,-0.09420643001794815,0.2973513245582581,0.9160597821076711,0.06208259272416087
1585,-0.21706258356571198,0.3492995142936707,0.9703325430552164,0.17874990948726233
1590,-0.09563887268304824,0.3401030421257019,0.9130076388518016,0.060632510032290025
1595,-0.11684872508049012,0.3264686346054077,0.8816959877808889,0.08282613311600899
1600,-0.08812335282564163,0.3328557014465332,0.8552278439203899,0.05933048036381995
1605,-0.2160840630531311,0.3264503479003906,0.8447007815043132,0.18758219730353728
1610,-0.16777844727039337,0.3220890164375305,0.8376798252264659,0.14085211589278446
1615,-0.1480133205652237,0.31828993558883667,0.8082288463910421,0.12188300472765252
1620,-0.10296281725168228,0.3239731669425964,0.812644902865092,0.07564592303552242
1625,-0.10281585454940796,0.3284153163433075,0.8207533121109009,0.07490423557491181
1630,-0.09573935270309449,0.3066312611103058,0.7998995343844096,0.06844572180222422
1635,0.003747334110084921,0.34955345988273623,0.8534825503826141,-0.035205151734650435
1640,-0.05967571660876274,0.31415133476257323,0.7994183997313181,0.0330946135902388
1645,-0.05029230639338493,0.3114107847213745,0.8426063736279805,0.022111623245361648
1650,-0.10822189152240753,0.2992508947849274,0.7811579604943594,0.0820724951575582
1655,-0.10580340474843979,0.3132107019424438,0.7873460988203684,0.0802057913780853
1660,-0.02235992215573788,0.3093422532081604,0.797839347521464,-0.002348000485728335
1665,-0.04294897988438606,0.31559939980506896,0.7662599980831146,0.016565832535819985
1670,0.036298441141843794,0.33146426677703855,0.8117528617382049,-0.06497992833603382
1675,-0.021874963119626046,0.33937456011772155,0.8155154486497244,-0.004724165082027926
1680,-0.04719539135694504,0.32100528478622437,0.8240979552268982,0.019040579068467182
1685,-0.07571706026792527,0.3049215078353882,0.7471400141716004,0.048706860902868764
1690,-0.05333576500415802,0.2927824318408966,0.7332394440968831,0.028040844620437547
1695,-0.06514467298984528,0.29917181134223936,0.7768020490805309,0.04036895264502388
1700,-0.05853976383805275,0.2834393322467804,0.748141900698344,0.03346973060900133
1705,-0.009601772017776965,0.30648300647735593,0.7406662225723266,-0.017833945264333354
1710,-0.058944955468177795,0.27944341897964475,0.6747745633125305,0.03623544331294084
1715,-0.05322622805833817,0.3134112417697906,0.6697736263275147,0.03188787292595966
1720,-0.05943387970328331,0.30126726627349854,0.6887477040290833,0.037982010272915714
1725,-0.01996951550245285,0.3189891159534454,0.6865088601907094,-0.002561271297266903
1730,-0.06933817714452743,0.295148229598999,0.6674196859200795,0.04748838390763751
1735,-0.0016718389000743628,0.29906662106513976,0.6656633098920186,-0.020530796348375683
1740,0.036366799473762514,0.3342612564563751,0.7569844563802083,-0.06258299022158731
1745,0.021992972120642662,0.29169297218322754,0.7181559423605601,-0.04486676225470312
1750,0.0317341510206461,0.316450697183609,0.7267617444197337,-0.05634480771383319
1755,-0.012672978267073632,0.3075571537017822,0.6710655391216278,-0.009061692376096421
1760,-0.009490248747169971,0.307579904794693,0.7158118585745493,-0.012783570077787989
1765,0.0014213749091140926,0.2991776764392853,0.682111010948817,-0.02747392236556069
1770,0.03282320909202099,0.3116714596748352,0.6684100091457367,-0.05485059007312873
1775,0.1296122342348099,0.3374340534210205,0.7139634092648824,-0.1545098233439764
1780,-6.362211715895682e-05,0.3037329375743866,0.6800637066364288,-0.021517085617228975
1785,0.009772010706365108,0.3169136464595795,0.7181636611620585,-0.033755029829930346
1790,-0.024089983478188515,0.3156433701515198,0.7185124258200327,0.0011413863312551406
1795,-0.053423036634922025,0.30683964490890503,0.7325435598691304,0.030478917257735827
1800,-0.004004580527544021,0.31967217922210694,0.7206591725349426,-0.02014182772628244
1805,-0.05373842716217041,0.2916150867938995,0.7454083939393361,0.029428834358266407
1810,0.03298436477780342,0.3083284020423889,0.769552085796992,-0.059550138312506176
1815,-0.05289027020335198,0.3051077902317047,0.7613977571328481,0.028095900332542955
1820,-0.06432836800813675,0.29246307015419004,0.7973632951577504,0.039458919271986324
1825,-0.016780951246619224,0.30757569074630736,0.7997839093208313,-0.008536107833040797
1830,-0.004139328934252262,0.2999314725399017,0.8182290534178416,-0.02209721958310972
1835,0.03983534649014473,0.3553251981735229,0.8618306398391724,-0.07139933581654859
1840,-0.02849855273962021,0.29884861707687377,0.7243328591187795,0.00489929820874056
1845,0.0449574775993824,0.29495497345924376,0.7595311482747396,-0.07035975785321247
1850,-0.006732021598145366,0.30138149857521057,0.753084256251653,-0.020088258495932088
1855,0.0006860559107735753,0.3233959019184113,0.7071921805540721,-0.026325128661712098
1860,-0.04720863103866577,0.30204416513442994,0.6552775343259175,0.024133281919417257
1865,-0.11018821895122528,0.2783747673034668,0.6280978242556254,0.09024559054533116
1870,-0.06411381363868714,0.30487910509109495,0.6309091508388519,0.043460588263451165
1875,-0.01869147941470146,0.3207894802093506,0.6308041115601858,-0.00333528939173676
1880,-0.07748699933290482,0.2958467721939087,0.6209116478761038,0.056268234254392965
1885,0.007185581279918552,0.32297323942184447,0.7027561525503795,-0.03123075324931236
1890,-0.048049332946538924,0.29695533514022826,0.7104594051837921,0.024864773690570007
1895,-0.019972724467515947,0.30362879037857055,0.7142218013604482,-0.003529435393826553
1900,0.03055897317826748,0.32205278873443605,0.743353396654129,-0.05513335100648148
1905,0.07628657817840576,0.30623291730880736,0.7075862685839335,-0.100260703873099
1910,-0.028787188231945038,0.30091364979743956,0.6903416097164154,0.006443379186346042
1915,-0.027103402093052863,0.3304062604904175,0.7134789824485779,0.003583744613022989
1920,-0.08680770248174667,0.29153778553009035,0.7012810230255127,0.06433913365847616
1925,-0.11455830037593842,0.2952331840991974,0.7206801195939382,0.09233784799040677
1930,-0.004009615420363844,0.31282633543014526,0.7433901290098827,-0.020335600519035775
1935,0.014800280518829822,0.3296613276004791,0.707828164100647,-0.039061797407254475
1940,-0.035813727974891664,0.3046138346195221,0.7310167849063873,0.01019385340973501
1945,-0.04479067102074623,0.3094128847122192,0.6892731328805287,0.022152497594931868
1950,-0.09385985881090164,0.3180863857269287,0.657468831539154,0.07080391373335057
1955,-0.0423606276512146,0.3092214524745941,0.6118397156397501,0.022851222128296853
1960,-0.12352321594953537,0.2750877857208252,0.6084433197975159,0.10434634688484483
1965,-0.05260964632034302,0.2843044281005859,0.6376975337664287,0.03163653546902071
1970,-0.023950769379734994,0.32205690145492555,0.6662251154581705,0.0008630801013242443
1975,-0.10549251288175583,0.2912477731704712,0.6446755369504292,0.0846111766526836
1980,-0.014131807908415794,0.3193129897117615,0.6400525033473968,-0.010572814642626133
1985,0.019085729494690895,0.29831423163414,0.6284006694952647,-0.04066551710908274
1990,-0.04935677200555801,0.289858078956604,0.6628434558709463,0.02808426819117579
1995,-0.12286681532859803,0.3087324798107147,0.645670082171758,0.10302607869749822
2000,-0.07620634734630585,0.2990600824356079,0.6832709530989329,0.054404153500107716
2005,-0.03101259134709835,0.319169408082962,0.7168555517991384,0.007465532436914373
2010,0.03486499711871147,0.3180627942085266,0.7361755450566609,-0.0594247067916953
2015,-0.016038337908685207,0.31597734689712526,0.7602676153182983,-0.007868723292848911
2020,0.04450644999742508,0.31472345590591433,0.7500367085138957,-0.069472638706026
2025,-0.05745743215084076,0.30397205948829653,0.7215390066305797,0.03443065726909505
2030,-0.018318372964859008,0.2963281571865082,0.7221454123655955,-0.004907026733132752
2035,0.016087957471609116,0.310927015542984,0.74082111120224,-0.045426128658119784
2040,-0.0066457951441407205,0.29029114842414855,0.7102265616257986,-0.016735626078283133
2045,-0.012185520492494106,0.29252700209617616,0.7272996683915456,-0.011723220045731588
2050,0.02896336540579796,0.3185799181461334,0.742472094297409,-0.05320602926721818
2055,-0.07332835048437118,0.28904584646224973,0.7397313435872396,0.05023627634307129
2060,-0.04681685492396355,0.3000341892242432,0.7348141849040986,0.022915091537055014
2065,-0.02707984782755375,0.3180673003196716,0.7355595370133717,0.0003753158854366452
2070,-0.06146005913615227,0.2829049050807953,0.6647442678610483,0.039936151983278254
2075,-0.07099968940019608,0.30530388951301574,0.6705799082914988,0.04863319481364229
2080,-0.024710488319396973,0.31549169421195983,0.6834186454614003,0.001292148397831356
2085,-0.06792757511138917,0.30557081699371336,0.6791857798894246,0.04643036268131922
2090,-0.1203392580151558,0.2838522970676422,0.6778284390767415,0.09863547052754172
2095,-0.07938019782304764,0.28953548669815066,0.6714091181755066,0.05750818199089089
2100,-0.003729707549791783,0.2949072360992432,0.6274918297926585,-0.018258858989381364
2105,0.02518024779856205,0.3149399936199188,0.6478377560774485,-0.04800479939053121
2110,0.010164294205605984,0.3111430764198303,0.6431756317615509,-0.032161121361170726
2115,-0.08236314654350281,0.29063157439231874,0.6207135438919067,0.06326016829259987
2120,-0.07956860363483428,0.305763840675354,0.6291824420293172,0.05872039431294235
2125,-0.07170382291078567,0.29131230115890505,0.5998308718204498,0.05295054589230469
2130,-0.072479946911335,0.2947069764137268,0.6092292428016662,0.05339970759387326
2135,-0.08101994693279266,0.2879109144210815,0.6026627759138743,0.061664571261829164
2140,-0.03045593500137329,0.29475107192993166,0.6214367071787517,0.008214553811804779
2145,-0.09321298748254776,0.30551994442939756,0.6334639290968577,0.0734296799011432
2150,-0.05211779475212097,0.3111290752887726,0.6598954796791077,0.030199132670131534
2155,-0.06629786491394044,0.30332417488098146,0.6573047439257304,0.04513780097474408
2160,-0.01719415411353111,0.3418174862861633,0.7033941964308421,-0.008008102699281873
2165,-0.07740634828805923,0.319741952419281,0.6975651840368907,0.0545307656229973
2170,0.012970733270049096,0.31578798294067384,0.6516895929972331,-0.035567498958824446
2175,0.024893126264214516,0.2986388087272644,0.6553426444530487,-0.04699706226974491
2180,0.03257742263376713,0.3224550008773804,0.668767911195755,-0.05496088917686336
2185,0.034408573806285855,0.31302268505096437,0.6637662291526795,-0.0567661428380123
2190,-0.02222020998597145,0.29951674342155454,0.6556420544783275,0.00029007699113918565
2195,-0.05807452946901322,0.2959994077682495,0.7007498145103455,0.036389629314232314
2200,-0.0532134085893631,0.29699661731719973,0.6837205290794373,0.030707358136233577
2205,0.013316428661346436,0.29380605816841127,0.7095010459423066,-0.03739739174889808
2210,0.010313235316425562,0.31276358366012574,0.7151947379112243,-0.03504737065121847
2215,0.05284181758761406,0.3265960991382599,0.7386048833529154,-0.07919613313572066
2220,0.00014978849503677338,0.29095340371131895,0.7032179951667785,-0.02268175823241472
2225,-0.01386746410280466,0.3079978585243225,0.7380466262499491,-0.01072151885927495
2230,-0.05067487582564354,0.2951504230499268,0.7560570518175761,0.027292514582453433
2235,-0.06226750910282135,0.3000123560428619,0.7689128617445627,0.03656733299165211
2240,0.0330682884901762,0.30665563344955443,0.7879934191703797,-0.058595211681543066
2245,-0.14286568462848664,0.30559420585632324,0.7932846506436666,0.11678025202568487
2250,-0.05223292633891106,0.2936630606651306,0.7816579977671305,0.0266418848296367
2255,0.05727820843458176,0.32186818718910215,0.7701651930809021,-0.08355524776487593
2260,-0.08600910156965255,0.3044987618923187,0.7684165338675181,0.06128235425510104
2265,0.044508733600378034,0.31175472736358645,0.7789704521497091,-0.07113307994638195
2270,-0.06674482077360153,0.29328243136405946,0.7535564462343852,0.0413788326196864
2275,-0.01933986246585846,0.298934143781662,0.7272844394048055,-0.005072869613366539
2280,-0.08640646934509277,0.2975001156330109,0.7402138153711955,0.06344593213020336
2285,0.051056274026632306,0.30012853145599366,0.8144799013932545,-0.07953854816964545
2290,-0.03806259930133819,0.32936590909957886,0.7996141076087951,0.010466473325873707
2295,-0.009849146101623773,0.29995505809783934,0.7854529182116191,-0.01655533462608346
2300,0.04092487096786499,0.29265531301498415,0.8349624971548716,-0.06819377418783108
2305,0.04588311836123467,0.32794522047042846,0.8674393693606058,-0.07659482760501433
2310,0.11056428700685501,0.34650295972824097,0.8886544088522593,-0.14239773500729835
2315,0.028848627209663393,0.34916871786117554,0.8976247886816661,-0.05920522281940386
2320,-0.09862609356641769,0.3297512769699097,0.835082346200943,0.07150225142699826
2325,0.06081940606236458,0.3404080331325531,0.8589431703090668,-0.09226576844514335
2330,-0.010716235172003508,0.32571706771850584,0.8466669996579488,-0.020824906337114323
2335,-0.0980953961610794,0.2986362040042877,0.7658959766228993,0.07267894475203425
2340,-0.07900845855474473,0.3230199575424194,0.8043920020262401,0.05030782328920198
2345,-0.16691447794437408,0.311838710308075,0.7487744649251302,0.14392645352982125
2350,-0.09239856898784637,0.30573214292526246,0.7734780172506969,0.06768109603617208
2355,-0.009500491246581078,0.31922389268875123,0.8229477604230245,-0.017502780910209233
2360,-0.0009281671373173594,0.3535667955875397,0.8584948082764944,-0.03097199433710291
2365,-0.05552412122488022,0.30858026146888734,0.801506886879603,0.029562036037907094
2370,-0.02517007142305374,0.316382497549057,0.7922753632068634,-0.0006128160331374816
2375,-0.07552745193243027,0.3146414279937744,0.7612965246041615,0.05092113061541506
2380,-0.1494647204875946,0.3040959596633911,0.7750101745128631,0.12423013229768594
2385,0.044013196229934694,0.33436058163642884,0.8181910971800487,-0.07188757093893874
2390,-0.11661958396434784,0.3086757719516754,0.7743772566318512,0.09180200082792951
2395,-0.043948601186275485,0.3386987328529358,0.7560118019580842,0.01649289480717962
2400,-0.1170957252383232,0.304115355014801,0.7289040406545003,0.09312717520510715
2405,-0.1142843097448349,0.32590267062187195,0.7229707380135854,0.09078512961463747
2410,-0.07425944656133651,0.31680603623390197,0.6930887957413991,0.0513636637435859
2415,-0.048664841800928116,0.3150819420814514,0.7233395437399547,0.02591912815365624
2420,0.012648726627230645,0.325455904006958,0.7038638830184937,-0.03839565072773829
2425,0.05395746678113937,0.31966436505317686,0.723592209815979,-0.07956881155164938
2430,-0.050059884786605835,0.3151665449142456,0.6590955853462219,0.028507678082597597
2435,-0.03174089416861534,0.326532381772995,0.6517411907513936,0.007467621784928935
2440,-0.07100878208875656,0.30519083738327024,0.6048578560352326,0.050972486276220495
2445,-0.06346870884299279,0.3047227144241333,0.589827690521876,0.04047776412745791
2450,-0.13180393874645233,0.28091641664505007,0.5630379100640615,0.11432253873822172
2455,-0.1000583752989769,0.30397424697875974,0.5955680906772614,0.08112088358284758
2460,-0.027509936690330507,0.2995265781879425,0.591647086540858,0.007221303126452795
2465,-0.04710136204957962,0.3002428114414215,0.571173487106959,0.028402678642507808
2470,-0.025960160046815874,0.3131186723709106,0.5691252867380778,0.005019247932232983
2475,-0.14346162974834442,0.28989903926849364,0.5429662923018138,0.1262700986556677
2480,-0.07287051230669021,0.2807114839553833,0.5613016565640767,0.054853343569616846
2485,-0.05638885796070099,0.3023881852626801,0.5561998764673869,0.037945624287474694
2490,-0.08032349944114685,0.29831825494766234,0.5608276983102163,0.06261629456966102
2495,-0.06016826927661896,0.2984147906303406,0.5695368905862173,0.0415535610342819
2500,-0.03515240550041199,0.29596073627471925,0.6103111763795217,0.015458592644971994
2505,-0.05508779212832451,0.28059707283973695,0.6215710242589315,0.03435599360952473
2510,-0.033173682540655135,0.2890935778617859,0.6165877381960551,0.013547963239804067
2515,-0.07275426089763641,0.2927162230014801,0.6241126954555511,0.0529527987378075
2520,-0.05533361136913299,0.2985981345176697,0.6504441062609355,0.035563741913420925
2525,-0.0316762275993824,0.29830647706985475,0.6840593914190928,0.007979100103934274
2530,-0.0965925171971321,0.30805604457855223,0.6637100974718729,0.07523016074087638
2535,0.007409524917602539,0.31998059153556824,0.64920614361763,-0.029463012192110817
2540,-0.035685861855745314,0.3026576697826385,0.6651164015134176,0.014034518259346923
2545,-0.029208748415112496,0.31343698501586914,0.720384548107783,0.005278320630438281
2550,-0.03117589242756367,0.2945414364337921,0.7094955126444499,0.008647004804819614
2555,-0.051071659475564954,0.3012666285037994,0.7214808364709219,0.028451979269168978
2560,-0.04588725417852402,0.29623624086380007,0.7458622634410859,0.022210285928538544
2565,0.04183607995510101,0.329372239112854,0.7770685990651448,-0.06816945104094825
2570,-0.061551136523485185,0.3072426915168762,0.7872830748558044,0.03537391880727902
2575,-0.11001619249582291,0.2784367501735687,0.7574937860171,0.08676120485424382
2580,-0.026766252145171164,0.291691380739212,0.7519334256649017,0.00223454473464151
2585,-0.007412049826234579,0.31144187450408933,0.7816995561122895,-0.02083323022126834
2590,0.04410109519958496,0.30631120800971984,0.7616585890452067,-0.06812368164159699
2595,0.12805283814668655,0.35499957799911497,0.8011257568995158,-0.15756319346020625
2600,-0.018229393102228642,0.32939429879188536,0.7769041736920674,-0.00847165257228656
2605,-0.03163174465298653,0.2990166783332825,0.7419552862644195,0.006216763775430342
2610,-0.008662461210042239,0.30935472846031187,0.7934937675793966,-0.017224315061904506
2615,0.015735887549817563,0.33093547224998476,0.810351433356603,-0.0428387126004418
2620,-0.008232493605464696,0.31771340370178225,0.798193629582723,-0.018459686302528252
2625,-0.049208545684814455,0.3276898801326752,0.8406027217706045,0.021538140328425635
2630,-0.01077042380347848,0.31427342891693116,0.8112666328748067,-0.018061163512830918
2635,0.004479392222128809,0.31276058554649355,0.7777485112349193,-0.03073762346293239
2640,-0.09212386310100555,0.30713979005813596,0.7769831577936809,0.06679104079239354
2645,-0.1229157269001007,0.3073446750640869,0.7324616154034932,0.09892174940406255
2650,-0.04552539587020874,0.33441073894500734,0.7914380669593811,0.019773278488050192
2655,-0.04297759756445885,0.31982250809669494,0.8465371251106262,0.01683302106069935
2660,0.0001961695379577577,0.33287601470947265,0.8578025658925374,-0.02899002605878328
2665,-0.027270778268575668,0.3573366940021515,0.8171695590019226,-0.002319323251567267
2670,0.018329632841050623,0.32355095744132994,0.8193989157676697,-0.0470309973223619
2675,-0.08476807475090027,0.3120418608188629,0.8092796325683593,0.05814701017846127
2680,-0.048743408918380735,0.30724877715110777,0.805563880999883,0.0217258818372196
2685,-0.045270470529794694,0.3325981616973877,0.7881364186604818,0.01850593798642174
2690,-0.042294539511203766,0.30763580203056334,0.789330800374349,0.015150988621567484
2695,-0.06728025078773499,0.33606159687042236,0.7895219206809998,0.04201392309904075
2700,-0.03635177686810494,0.3118252694606781,0.7782506922880809,0.011010984552942494
2705,-0.014906295575201511,0.32451446652412413,0.8149838070074717,-0.011312621043821641
2710,0.01945726349949837,0.3254812300205231,0.8412936627864838,-0.047261249469568604
2715,-0.1175438717007637,0.3189457654953003,0.8155597388744354,0.09013664801588234
2720,-0.04529568254947662,0.326654440164566,0.8440637230873108,0.01730306617230261
2725,0.058166076242923734,0.3574997246265411,0.8582399964332581,-0.09026919465486084
2730,-0.07379744201898575,0.32297118902206423,0.7998726030190786,0.04858929868019999
2735,-0.04839449301362038,0.3125705003738403,0.79811772108078,0.021992280242239023
2740,-0.1621009886264801,0.3340149879455566,0.8139278391997019,0.13658416874254595
2745,-0.08313830792903901,0.30430459380149844,0.8267857253551483,0.057349479406474065
2750,-0.019904088228940964,0.344203507900238,0.8728925963242848,-0.010862755428826821
2755,-0.05298260897397995,0.29566460847854614,0.8461108446121216,0.02487959037300972
2760,-0.07967104315757752,0.30741230845451356,0.8249377191066742,0.051641953159262725
2765,-0.01949858069419861,0.3187493860721588,0.833519192536672,-0.0074476188997735894
2770,0.033279930055141446,0.33322207927703856,0.8118668317794799,-0.06314060534340452
2775,-0.07479318678379059,0.30951444506645204,0.8277052938938141,0.04750811492696268
2780,-0.02276007868349552,0.33427324891090393,0.8512714405854543,-0.007617626181968682
2785,-0.10239906758069992,0.3190151512622833,0.7656318684418996,0.0782254948489818
2790,-0.09109437465667725,0.30649272799491883,0.7959874212741852,0.06630211247768142
2795,-0.0459243543446064,0.2889646291732788,0.7836731632550558,0.019415742806986325
2800,-0.031018679961562157,0.31254405379295347,0.7953904787699382,0.006485647659389436
2805,-0.015153945982456207,0.2966687023639679,0.8192323942979177,-0.011899727771668415
2810,-0.005576138943433761,0.3282496690750122,0.8333882629871369,-0.022693950687202213
2815,0.16563940942287445,0.3363448798656464,0.8408398707707723,-0.1981593269577701
2820,-0.07605323642492294,0.3263163030147552,0.7783072809378306,0.05003680950080087
2825,-0.038239435851573945,0.30929813385009763,0.7582044581572215,0.01347659950681523
2830,-0.026345844939351083,0.30808154344558714,0.750256093343099,0.0026452338207375603
2835,-0.09312945008277893,0.3275698721408844,0.7649454494317373,0.0678886378497268
2840,0.02703898549079895,0.3275305688381195,0.7576914628346761,-0.05305112064353343
2845,-0.08369640409946441,0.2961578369140625,0.8031647026538848,0.0578672698691541
2850,-0.05924935042858124,0.3381219804286957,0.843840769926707,0.029939415750317385
2855,-0.04683071747422218,0.3117558002471924,0.8116318265597026,0.021163321700006784
2860,-0.06515159457921982,0.30198142528533933,0.8399979154268901,0.03718430297276705
2865,-0.050244301557540894,0.33634098172187804,0.8276175677776336,0.023910051002107836
2870,-0.08464275002479553,0.3173967182636261,0.857430495818456,0.0557912130973549
2875,-0.09288037866353989,0.31152644753456116,0.8319426476955414,0.065032888657312
2880,-0.031160082668066025,0.3071532607078552,0.8338813086350759,0.003814951505586363
2885,0.020996593311429022,0.3343660533428192,0.8967646678288778,-0.05228682799132223
2890,-0.00779782310128212,0.3240164816379547,0.8002437810103099,-0.01881232675165112
2895,0.01953730173408985,0.3305439829826355,0.7956181943416596,-0.04554416869423622
2900,-0.014743199944496155,0.31211859583854673,0.7855406781037648,-0.012294386768332529
2905,-0.01197107434272766,0.31744751930236814,0.7832578877607982,-0.01411974058752964
2910,-0.01133223958313465,0.31951251029968264,0.8174988567829132,-0.015105305061552334
2915,-0.1059087336063385,0.3028663396835327,0.7695985694726308,0.08088057398991452
2920,0.03559976816177368,0.32070172429084776,0.7808836877346039,-0.06184686856599551
2925,0.05175664350390434,0.33254140615463257,0.7643694380919138,-0.0782473896340357
2930,-0.06960220634937286,0.3204737603664398,0.7172995984554291,0.04600610438912379
2935,-0.08148585557937622,0.31781070232391356,0.7231053034464519,0.058543510210274916
2940,-0.09959837645292283,0.2951476454734802,0.7531068861484528,0.07524877891313571
2945,0.010492644086480141,0.3058291614055634,0.7566807389259338,-0.03435026650133234
2950,-0.058761312067508696,0.32755069732666015,0.7837304035822551,0.033617219480144095
2955,0.03145330101251602,0.2997837603092194,0.7627445499102274,-0.057855445787344875
2960,-0.03064599484205246,0.31363117694854736,0.7414998193581899,0.006580514453284814
2965,0.034593569487333296,0.3232128739356995,0.775977353254954,-0.059851357948993
2970,0.11811165064573288,0.3459192872047424,0.7898651460806528,-0.14778585843695746
2975,0.05635479316115379,0.3312052011489868,0.7346299469470978,-0.08409125852102713
2980,-0.08193643391132355,0.30289363861083984,0.7240509867668152,0.05867535187279631
2985,-0.10029062479734421,0.30511494278907775,0.7275477826595307,0.07596609052135203
2990,-0.11854445338249206,0.30626070499420166,0.7485470056533814,0.09361500087187229
2995,-0.02709672413766384,0.3056337356567383,0.7404497702916463,0.0008969212694964872
3000,-0.0010328761185519398,0.3433580458164215,0.7689515173435211,-0.025075832405823388
3005,0.021031281724572182,0.33462271094322205,0.7788242479165395,-0.046623624162568
3010,-0.0075203623622655865,0.3212765514850616,0.7233210762341817,-0.01719865444224512
3015,-0.06297928392887116,0.3221632480621338,0.7293832739194234,0.03797425910788447
3020,0.06053358614444733,0.3390186786651611,0.7145350019137064,-0.08353137864496507
3025,-0.02492474392056465,0.31087149381637574,0.7181008617083232,0.0018520197286319867
3030,-0.0038213073275983334,0.32447936534881594,0.7030320346355439,-0.019128866216163266
3035,-0.031751162558794024,0.31869948506355283,0.6866164088249207,0.008421466987850701
3040,0.11465989351272583,0.342084139585495,0.6999533017476399,-0.13969181563782895
3045,-0.07473067045211793,0.31127369999885557,0.670193342367808,0.05335926852388315
3050,-0.010494604147970677,0.3461028695106506,0.7404017607371013,-0.01331952975708874
3055,-0.058329008519649506,0.3130397856235504,0.7456607460975647,0.03340813368426842
3060,-0.04650302082300186,0.3207643151283264,0.7813911696275075,0.021843633847403527
3065,-0.04723588302731514,0.3466005682945251,0.7789764364560445,0.022389506452636987
3070,0.012479017861187458,0.3217863619327545,0.8466934581597646,-0.039383542403138495
3075,0.012264503352344035,0.31311959624290464,0.8505185306072235,-0.039987276206189325
3080,-0.07546533197164536,0.32942219376564025,0.8202750126520792,0.04857339584506635
3085,-0.04078339859843254,0.3343863785266876,0.8113627572854359,0.014268482460857355
3090,-0.01500480268150568,0.34705770611763,0.8811437368392945,-0.015252469280918338
3095,-0.045562471449375155,0.3107189774513245,0.8726409157117208,0.017646517053853124
3100,0.043131764978170395,0.32240043878555297,0.8338179210821788,-0.07265832156507376
3105,-0.002395125525072217,0.3377141416072845,0.8384370187918345,-0.026668819182298138
3110,0.030622394010424613,0.3278598725795746,0.8576483249664306,-0.05985606467752559
3115,0.026426948234438898,0.3489774584770203,0.9052768647670746,-0.05486488644148433
3120,-0.0796804204583168,0.3331225514411926,0.9014806747436523,0.04933336888360053
3125,-0.032214876264333725,0.29977952837944033,0.8868965109189352,0.004244312252825621
3130,-0.013607067801058293,0.33006559014320375,0.9455392142136891,-0.018249533626827533
3135,-0.05649453923106194,0.32669838666915896,0.9070051729679107,0.02690690944509433
3140,-0.018694373592734338,0.34201908111572266,0.8926672319571177,-0.010252029762971276
3145,-0.11068767309188843,0.30694898366928103,0.8892788887023926,0.08160631406141361
3150,0.12963108569383622,0.3618067681789398,0.9593266089757283,-0.16165357304409034
3155,-0.007681075669825077,0.324648118019104,0.9894380271434784,-0.025407507121780724
3160,0.05011448785662651,0.3513778388500214,0.9582766870657603,-0.0828838774738351
3165,-0.025902298837900163,0.3220495879650116,0.9049338380495707,-0.003744321575057222
3170,-0.09855279624462128,0.34021655321121214,0.9094790716965994,0.06621940782842158
3175,-0.032225034385919574,0.3142419993877411,0.8694752713044485,0.00398248272243527
3180,-0.08401120305061341,0.3334005832672119,0.8517755329608917,0.05732833098816043
3185,-0.01527750063687563,0.3510739326477051,0.880316827694575,-0.014713364750791123
3190,-0.008398422319442034,0.33535986542701723,0.8823924084504445,-0.021211958473803718
3195,-0.04030887633562088,0.335257363319397,0.9109514892101288,0.009904611877773748
3200,-0.054847851395606995,0.3210721671581268,0.8227361758550008,0.02626743712090758
3205,-0.033630797266960145,0.3487464725971222,0.80071093638738,0.003984995076490305
3210,-0.040768901258707045,0.32164532542228697,0.7394862929979961,0.015379107943193719
3215,0.032486914098262785,0.3548178613185883,0.772937395175298,-0.059270992338115426
3220,-0.0804597184062004,0.2996880531311035,0.7272869308789571,0.057231192237491145
3225,-0.07960448116064071,0.2970877707004547,0.7206819236278534,0.05654845911267481
3230,-0.12350582778453827,0.3097799837589264,0.7114201406637828,0.10100304562854816
3235,-0.03765993863344193,0.3243861854076385,0.7065252045790354,0.012485761313757124
3240,-0.12265635132789612,0.3127439856529236,0.7388770977656046,0.09927636719845592
3245,-0.01833740770816803,0.3134267687797546,0.7501184125741323,-0.0065790789861351956
3250,0.0019369413144886493,0.32661930918693544,0.7682295441627502,-0.026345158512481266
3255,-0.010544035118073225,0.3394509434700012,0.7814794898033142,-0.01583961036355093
3260,-0.02082170695066452,0.3176223456859589,0.7738601843516032,-0.0057098151642061565
3265,0.02283027283847332,0.3322218179702759,0.7617030998071035,-0.048884015825527406
3270,-0.056320761889219285,0.3296010076999664,0.7740292310714721,0.03144197278043654
3275,0.022844456508755683,0.35547059774398804,0.7930290520191192,-0.04886861049906596
3280,-0.05638667419552803,0.33880175948143004,0.8024282395839691,0.030929888178608693
3285,-0.028277398273348808,0.31120272874832156,0.7930227776368459,0.0032396670198498252
3290,-0.01332880724221468,0.3288821876049042,0.7815602044264476,-0.012516026817158006
3295,0.03169230632483959,0.3381757318973541,0.7805544952551524,-0.05855170193875922
3300,-0.03305823840200901,0.33890473246574404,0.8210307200749715,0.006512729136716853
3305,-0.015298501029610634,0.3398293495178223,0.8114697655042012,-0.012629019783232344
3310,0.001224294677376747,0.32753282189369204,0.7820723593235016,-0.028464793688188345
3315,-0.04648871719837189,0.34291077256202696,0.7677435060342153,0.022213476533846577
3320,0.03175239525735378,0.3223339140415192,0.747938064734141,-0.05573286064300197
3325,-0.01191445104777813,0.3220087468624115,0.777956348657608,-0.01363247847527929
3330,0.08614494353532791,0.32244699001312255,0.7986853301525116,-0.11186431263799312
3335,0.05266072750091553,0.3377787947654724,0.7868755181630452,-0.07834940112194365
3340,-0.06960132718086243,0.35117597579956056,0.8098359088102977,0.04248374541214169
3345,0.03840715065598488,0.3379185080528259,0.8686432202657064,-0.06931758346999194
3350,-0.09499677121639252,0.34000262022018435,0.8012219329675039,0.06774071830290428
3355,-0.05272512212395668,0.33263044357299804,0.8057710826396942,0.02600596706166893
3360,-0.06804059892892837,0.30619797706604,0.7750506361325582,0.04351533740685774
3365,-0.029528678208589555,0.3213148176670074,0.7891281505425771,0.0038574039839535923
3370,0.03786062076687813,0.3637673735618591,0.822640722990036,-0.06854683827350715
3375,-0.055378690361976624,0.33361406326293946,0.8023225684960683,0.030058926462560892
3380,-0.04053827524185181,0.33189426064491273,0.8481376429398855,0.012513166946921042
3385,0.0006401681457646191,0.3753379464149475,0.8133450448513031,-0.028498567684947955
3390,-0.07300211787223816,0.32412172555923463,0.8195671141147614,0.046899506170881275
3395,-0.11049229353666305,0.3134770929813385,0.8431329170862834,0.08327734280672255
3400,-0.0045814439188688995,0.31923285126686096,0.7911586085955302,-0.020936207111316895
3405,-0.0933498352766037,0.3212878108024597,0.822614989678065,0.06517670421570432
3410,0.05281887054443359,0.36166532039642335,0.8178275525569916,-0.08148479626004781
3415,0.007277824496850371,0.3466611444950104,0.8224351048469544,-0.03595397090894627
3420,-0.1224225863814354,0.3130557417869568,0.7771347522735595,0.0981826732895738
3425,-0.014199254848062993,0.34251285195350645,0.7967246313889821,-0.01298260242273655
3430,-0.002909114999056328,0.3123633086681366,0.7958237886428833,-0.02366298840343466
3435,-0.05654793009161949,0.34444462656974795,0.8004548609256744,0.031220192007145455
3440,0.015607313998043538,0.3542872786521912,0.7903966148694356,-0.04296607976122102
3445,-0.017090830951929092,0.35136746168136596,0.8212444027264912,-0.01089525006162497
3450,-0.026945606246590613,0.31610521078109743,0.8003138800462087,0.00011384416632687095
3455,-0.04258511289954185,0.3213542938232422,0.790548692146937,0.017357963532857824
3460,-0.04655559584498405,0.3514295399188995,0.8121195912361145,0.01976403054355101
3465,-0.03165748529136181,0.3568692564964294,0.7766921281814575,0.005365154517132145
3470,-0.03220362588763237,0.3293479263782501,0.7962709863980612,0.005759272839705988
3475,-0.13403586745262147,0.31442763805389407,0.7940001408259074,0.10762101325957499
3480,-0.11511285901069641,0.32254229187965394,0.7242114345232645,0.09153403724796108
3485,-0.047202106565237045,0.3320539593696594,0.8009130279223124,0.021166473107086366
3490,-0.03685267418622971,0.31293187141418455,0.7523811260859171,0.010860575135283298
3495,-0.07139252573251724,0.32739059925079345,0.78154070576032,0.046063921424779795
3500,-0.03632345721125603,0.33911499977111814,0.7807577033837636,0.010675198384649292
3505,-0.02415534071624279,0.3416075348854065,0.8361709415912628,-0.004039330950693196
3510,-0.030384813994169237,0.3525059223175049,0.7910579065481822,0.003964447213696748
3515,-0.014961531199514867,0.3525740444660187,0.8181026717027028,-0.011907299636309147
3520,-0.09695185571908951,0.3214622139930725,0.7920583923657735,0.07185857266650925
3525,-0.057725338637828826,0.3138216257095337,0.7871355672677358,0.03252033787568022
3530,-0.018210670724511147,0.31054648756980896,0.7816823383172353,-0.007474873925250154
3535,-0.04218336120247841,0.3228224992752075,0.7815146883328755,0.017516295790054554
3540,0.024991968274116518,0.3594816327095032,0.87189648548762,-0.05382444251542417
3545,-0.018330014869570734,0.33401575684547424,0.8402126014232636,-0.0077652625358408155
3550,-0.044526755809783936,0.3389635980129242,0.8793514251708985,0.013369354825780538
3555,0.016215598583221434,0.34920150637626646,0.8751363138357798,-0.045507863127336484
3560,-0.015724491328001022,0.36311405897140503,0.8762783924738566,-0.015247788150744478
3565,-0.04326427951455116,0.35105833411216736,0.8557672500610352,0.015586838641597421
3570,0.05256512016057968,0.34641583561897277,0.7929575761159261,-0.08100192710582939
3575,-0.059855695068836215,0.34266080260276793,0.8138243675231933,0.03401296851095422
3580,-0.09523890912532806,0.31832993030548096,0.769615908463796,0.07099003013320736
3585,-0.008419609162956476,0.3302384614944458,0.8076604684193929,-0.01811577697693467
3590,0.008917348086833954,0.3480624437332153,0.7647722283999125,-0.03499955589468164
3595,-0.1664795845746994,0.3007961273193359,0.7392049908638001,0.14371171254306317
3600,-0.06372899711132049,0.3176953196525574,0.7843066871166229,0.039459847189802714
3605,-0.07723814845085145,0.3508473575115204,0.7831464231014251,0.05256194950802358
3610,-0.013662157766520976,0.33640525341033933,0.8065679411093394,-0.013287109400391814
3615,-0.08010125756263733,0.3369923710823059,0.801404595375061,0.05356975486609685
3620,-0.007670354470610619,0.35357192158699036,0.8435559332370758,-0.02280084235320317
3625,-0.09665102660655975,0.3155090093612671,0.791464485724767,0.07121626299356475
3630,-0.09150456190109253,0.3124742269515991,0.7904885629812877,0.06571327826523143
3635,0.042165597528219224,0.35275404453277587,0.886309411128362,-0.07271075524806273
3640,0.036708957701921466,0.3817002773284912,0.8454738120237987,-0.06687261088676945
3645,-0.07087633013725281,0.32500717639923093,0.8025145987669627,0.04484354060590077
3650,-0.11746717691421509,0.320212584733963,0.814337158203125,0.09133513494603379
3655,0.02282722815871239,0.35072100162506104,0.8515044033527375,-0.05358803380577311
3660,-0.02552025653421879,0.33411687016487124,0.8013931949933369,-0.0007546733105617168
3665,0.03208455629646778,0.3594655692577362,0.8136942982673645,-0.06203388346251093
3670,-0.0035084109520539643,0.3354452133178711,0.7898438612620036,-0.02312530378863391
3675,-0.02848368287086487,0.3312563419342041,0.7776821732521058,0.00199817200835271
3680,-0.0869978278875351,0.3423903822898865,0.7557504614194234,0.06086056853929339
3685,-0.1189662903547287,0.33194122910499574,0.7380876739819845,0.09513499091012083
3690,-0.08025097250938415,0.32385621070861814,0.7544510245323182,0.056777896550629224
3695,-0.03880697265267372,0.31690492033958434,0.7836764554182688,0.013797039903765901
3700,-0.054471933841705324,0.3470135748386383,0.8036547462145488,0.028350633617114505
3705,-0.06271408200263977,0.3150308668613434,0.8133677959442138,0.03619993529199506
3710,-0.046081344783306125,0.3514494478702545,0.7801858862241109,0.019470918726585983
3715,0.0056799548678100106,0.3328875362873077,0.8281204104423523,-0.032853255046027936
3720,0.05660571530461311,0.37614052295684813,0.8936017592748006,-0.08699120380169921
3725,-0.057117868959903714,0.33380430936813354,0.8226137340068818,0.02997444810985434
3730,-0.07224895805120468,0.3310513436794281,0.8648649255434672,0.042479800564136
3735,-0.02539571523666382,0.3445236086845398,0.8961277623971303,-0.0037036246645339166
3740,-0.00997467078268528,0.3516486704349518,0.8432516932487488,-0.018281103894070252
3745,-0.10627958774566651,0.33075771331787107,0.8853725294272105,0.07718236100296587
3750,-0.12894207537174224,0.344319623708725,0.8259781281153361,0.1017063406078611
3755,-0.06686836630105972,0.33947057723999025,0.867145029703776,0.03713790558925878
3760,-0.11559001505374908,0.33328682780265806,0.8510064919789632,0.08552222823971013
3765,-0.042313370108604434,0.34610177874565123,0.7937786241372426,0.014588480447125915
3770,-0.044331757724285124,0.3516937971115112,0.7841687341531117,0.016127118974124357
3775,-0.11150575131177902,0.32152784466743467,0.7659756819407145,0.08628996607021595
3780,-0.042512095719575885,0.3162544906139374,0.7623469630877177,0.017994182069365237
3785,-0.09742203205823899,0.308341246843338,0.7737440605958302,0.07294120650196549
3790,-0.165429750084877,0.3196491181850433,0.7635483364264171,0.1410033231084515
3795,-0.06669012904167175,0.3234242141246796,0.764342067639033,0.04163351866869207
3800,0.026718492433428765,0.34176805019378664,0.787453152736028,-0.053636480388630586
3805,0.007041876111179591,0.34755812883377074,0.7565816024939219,-0.034149976141238686
3810,-0.030130587890744208,0.3350241780281067,0.701949433485667,0.005102116057007235
3815,-0.01428060494363308,0.32842603921890257,0.6858012278874716,-0.009847506296155564
3820,-0.08976324796676635,0.32002878189086914,0.644184003273646,0.06775396436322799
3825,-0.06855096369981765,0.34522289633750913,0.6555896500746409,0.047171800784343694
3830,-0.12625339031219482,0.32438660264015196,0.6485597729682923,0.10582151652065036
3835,-0.09054550379514695,0.3178164839744568,0.6990658601125082,0.06804347578825248
3840,-0.0718481108546257,0.3310807108879089,0.6966323316097259,0.0496726940770369
3845,-0.03616909831762314,0.34448233246803284,0.692700082063675,0.012994989498645523
3850,-0.04301038011908531,0.32300510406494143,0.6360551337401072,0.021597217575541217
3855,-0.10837768912315368,0.3294659495353699,0.6251589914162954,0.08745550042553991
3860,-0.05079103484749794,0.3460023581981659,0.636254632472992,0.029990771438931915
3865,-0.09570772498846054,0.3112865149974823,0.6319775998592376,0.0761596607529762
3870,-0.07799756228923797,0.3086655080318451,0.6592746396859487,0.054635915889099614
3875,-0.002694883744698018,0.33410046696662904,0.6323416213194529,-0.01819546361911327
3880,-0.09907478392124176,0.30745899081230166,0.6140400409698487,0.07983542697110511
3885,-0.07824014723300934,0.3065312564373016,0.6070559899012248,0.057733320752617966
3890,-0.028545325621962547,0.3152807891368866,0.6184657295544942,0.008716098606509763
3895,-0.023861978203058243,0.34156420826911926,0.6215028087298076,0.0041985053185433045
3900,-0.040817391872406,0.31078731417655947,0.6209921459356944,0.019178119778385905
3905,0.025083418190479278,0.36027440428733826,0.6526413202285767,-0.047903362938617744
3910,-0.05134133473038673,0.3188739836215973,0.6391877651214599,0.03001045321317111
3915,0.017025342397391795,0.33818533420562746,0.6866124947865804,-0.04224930528273979
3920,-0.056646011769771576,0.3260333776473999,0.6994692365328471,0.034599581561208466
3925,-0.10185846090316772,0.3254056692123413,0.7195707619190216,0.07856686792597464
3930,-0.018446438759565354,0.3220736801624298,0.7584065874417623,-0.005922197482184656
3935,0.038995283842086795,0.34108792543411254,0.7694600661595662,-0.06505553861852166
3940,0.01976239513605833,0.33978368639945983,0.704057514667511,-0.047530079498329866
3945,-0.06976260840892792,0.3167431652545929,0.6881949365139007,0.04683978098107247
3950,-0.06092884764075279,0.3216797411441803,0.6827390730381012,0.038015910660425985
3955,0.026050318032503128,0.3299044132232666,0.6846229692300161,-0.05135800067900759
3960,-0.027422362193465232,0.31415616869926455,0.6892646173636119,0.005694104819815661
3965,-0.08584470003843307,0.3323976993560791,0.6927541057268779,0.06415921066465213
3970,-0.017684397101402283,0.3501991629600525,0.7368906617164612,-0.007127848494764623
3975,0.12627581655979156,0.34209156036376953,0.6857660949230194,-0.15229927930530412
3980,-0.05500679686665535,0.315656965970993,0.7534869770208995,0.029425024235350903
3985,-0.09793864637613296,0.3246618688106537,0.7211171189943949,0.07423237962944042
3990,-0.093003149330616,0.30584723353385923,0.7002021233240764,0.07017628773629629
3995,0.03295800052583218,0.34140066504478456,0.705920954545339,-0.055645991046513514
4000,-0.1121220275759697,0.3325122773647308,0.7049726108709972,0.08955510182779751
4005,-0.10552172362804413,0.3138129532337189,0.6712172071139018,0.08247190638580802
4010,0.01798150260001421,0.3342970907688141,0.6626354932785035,-0.040876501834676924015,-0.5085649251937866,0.43628239035606386,0.6787644962469737,0.4849757929593118
4020,-0.7328572869300842,0.5198071718215942,0.6502317965030671,0.7124246995133225
4025,-0.682437789440155,0.5276915311813355,0.6250591317812602,0.6628720473403521
4030,-0.6418195128440857,0.5305846214294434,0.6103143413861593,0.6220137887444429
4035,-0.5402148127555847,0.5821506381034851,0.6133485118548075,0.5205251693343139
4040,-0.3887739062309265,0.5945139527320862,0.614174364010493,0.36891570175034366
4045,-0.3411532998085022,0.5592735171318054,0.5947217921415965,0.3217414492173893
4050,-0.4047972857952118,0.553466284275055,0.5849555154641469,0.386647952207212
4055,-0.3071614861488342,0.533752179145813,0.5857018053531646,0.2883827797878752
4060,-0.16679224073886872,0.5662622094154358,0.5788397789001465,0.14845422316646334
4065,-0.1712493598461151,0.5494353652000428,0.5848733822504679,0.15122327942837946
4070,-0.20658741295337676,0.5276901364326477,0.5874837239583334,0.18822276119891101
4075,-0.1343400299549103,0.5502672553062439,0.5921244819959005,0.11592492065730814
4080,-0.09289201498031616,0.5710716843605042,0.5769434233506521,0.07428484173106235
4085,-0.06304832175374031,0.5536900043487549,0.5706853846708934,0.045149341472120005
4090,-0.10505511313676834,0.5520626306533813,0.5896448850631714,0.08675543475416897
4095,-0.05116226971149444,0.5470466613769531,0.5960989912350972,0.032395280419430905
4100,0.03186328262090683,0.5596976161003113,0.5947851598262787,-0.05096514536989636
4105,-0.09841851592063904,0.5434467911720275,0.5934129099051157,0.0794127221301551
4110,-0.06449826508760452,0.529447078704834,0.582356725136439,0.04654369433072568
4115,-0.06049405112862587,0.510898768901825,0.5788237353165945,0.042303544605983595
4120,-0.002337906404864043,0.573834764957428,0.6234632273515065,-0.01775586266331361
4125,-0.030161330476403236,0.5196495532989502,0.6023894747098287,0.01111939950673906
4130,0.10555669665336609,0.5599451184272766,0.5903651158014933,-0.12468395137999413
4135,-0.022372369840741157,0.5829138398170471,0.6061565359433492,0.003412569549502874
4140,-0.07693753093481064,0.5448921203613282,0.5963537673155467,0.05830029030074778
4145,-0.04443810284137726,0.521872591972351,0.619376003742218,0.025277062103745883
4150,-0.06089835911989212,0.5298123478889465,0.613163368900617,0.042027472387250644
4155,-0.08918655067682266,0.5370335102081298,0.6120516280333201,0.07014645609868504
4160,-0.09039507806301117,0.5704947948455811,0.6121654729048411,0.07143485246707432
4165,-0.04141604602336883,0.5767558097839356,0.6048457900683085,0.022594278271961764
4170,-0.049659205973148345,0.5489713788032532,0.6278279026349386,0.030012793888211372
4175,0.037578459829092026,0.5234492301940918,0.6257508476575215,-0.056962850743394286
4180,-0.024089429154992105,0.556149172782898,0.6298752268155415,0.00452836558266409
4185,0.025639286264777184,0.5488490700721741,0.6618358075618744,-0.04744871419100281
4190,0.07931511849164963,0.5426681756973266,0.6353763401508331,-0.09941201808087721
4195,0.0897466003894806,0.5615986347198486,0.6465615868568421,-0.11041621159165582
4200,-0.007229549065232277,0.5511184096336365,0.6187932093938192,-0.01223051683233966
4205,0.06504102647304535,0.5361846089363098,0.6266435066858927,-0.08471636773332986
4210,0.022862176597118377,0.6090130686759949,0.6329144457976024,-0.04272329520953751
4215,0.07250485420227051,0.5764375805854798,0.6132648746172588,-0.09168470945999786
4220,0.016898145899176598,0.543565320968628,0.6630648096402486,-0.03737757429682922
4225,-0.04683902859687805,0.6083706617355347,0.6458195487658183,0.026208450932224275
4230,-0.00628837887197733,0.553867506980896,0.6189342041810354,-0.012594066321929782
4235,-0.03223006650805473,0.5848256826400757,0.6377219974994659,0.012559592756433932
4240,-0.09754198640584946,0.5667888522148132,0.6308041314284006,0.07747404123685872
4245,-0.028323056921362878,0.5659167051315308,0.6299859901269277,0.008603905021896988
4250,-0.0511440247297287,0.519773268699646,0.6294607142607371,0.031835218488692814
4255,-0.0638472855091095,0.49894769191741944,0.6310544431209564,0.04453565594352394
4260,-0.004495942872017622,0.5587001800537109,0.6288548489411672,-0.015423342370342798
4265,-0.06127334535121918,0.5645737767219543,0.645392135779063,0.041059095310746446
4270,0.0544773742556572,0.5538488626480103,0.6315995991230011,-0.07513673965016726
4275,0.05864705592393875,0.5891913175582886,0.6497245808442433,-0.08072612405454474
4280,-0.03281032294034958,0.5811571955680848,0.6460923532644908,0.011917531264395678
4285,-0.06963779926300048,0.5561699867248535,0.6232536594072978,0.05007779951747184
4290,0.0009441915375646204,0.5502898335456848,0.6201849937438965,-0.020873645854030818
4295,-0.11239340007305146,0.5246637344360352,0.613918141523997,0.09320694277917066
4300,0.01639440394937992,0.5935911655426025,0.6505900263786316,-0.03765325749233716
4305,-0.05012442842125893,0.5577665805816651,0.612748650709788,0.030690814702154318
4310,-0.06477753669023514,0.5306847333908081,0.6529519935448964,0.04368678638553901
4315,0.002651755069382489,0.5548464775085449,0.6170917193094889,-0.022445719577881617
4320,-0.08222890198230744,0.5240774393081665,0.6335639437039693,0.06284247680027498
4325,-0.043734001368284224,0.549726951122284,0.612939304113388,0.024543628958411005
4330,0.003260301658883691,0.5744480490684509,0.6427721997102102,-0.02383936906528602
4335,-0.020764742419123648,0.5446804285049438,0.6036603709061941,0.0019301570229052734
4340,0.10883980840444565,0.6003475069999695,0.6569504340489706,-0.12942688799587812
4345,0.036142724007368086,0.5440208435058593,0.6145056267579396,-0.05505017627817045
4350,0.009879129379987717,0.5759649157524109,0.6296081264813741,-0.030127760306252808
4355,-0.007264784537255764,0.5336884260177612,0.6241280992825826,-0.013450963024519865
4360,0.025562017038464547,0.5583310008049012,0.6226236323515574,-0.045607197157937235
4365,-0.004106198018416762,0.5427005529403687,0.6099010666211446,-0.01551717396614146
4370,-0.0189280990511179,0.5490089774131774,0.6296372294425965,-0.0010429228870640329
4375,-0.06898799538612366,0.5858668565750123,0.6012727399667104,0.05018313635758722
4380,-0.052441004663705826,0.5473493218421936,0.6079022983709971,0.03363064521044746
4385,-0.11161327213048935,0.5195036888122558,0.6365309695402781,0.0916694144841795
4390,0.002443344611674547,0.5703370809555054,0.6473898112773895,-0.02240642676870121
4395,-0.019168054684996605,0.5736493110656739,0.6450043062369029,-0.0007199483748125176
4400,0.0882118284702301,0.5776677250862121,0.6868099808692932,-0.11093557716441077
4405,-0.06871427297592163,0.5175985336303711,0.6120310664176941,0.049319831425094794
4410,-0.058511197566986084,0.5315922856330871,0.6470529794692993,0.038635111141185015
4415,-0.07461376041173935,0.5188426375389099,0.6354785044987996,0.054383682241274975
4420,-0.07829666733741761,0.5402209520339966,0.6637075503667196,0.057244042582502944
4425,0.012898984923958778,0.5086548209190369,0.6404712835947672,-0.03299274145944753
4430,-0.006646486837416888,0.5333936452865601,0.6477679351965586,-0.013736612414242315
4435,-0.06693172454833984,0.49443359375,0.6404895861943563,0.046341974290596076
4440,0.08066616505384445,0.619866955280304,0.6626798510551453,-0.10252361641113146
4445,-0.037872401624917985,0.5840387225151062,0.640827069679896,0.01752002900129673
4450,0.014007719606161118,0.5686562299728394,0.6028905173142751,-0.03320970036866945
4455,0.060213301330804825,0.5497931122779847,0.6298251529534658,-0.08035972050611769
4460,0.03797179237008095,0.5726777911186218,0.6562611997127533,-0.058873861258598344
4465,-0.0435840517282486,0.5224512696266175,0.6360016008218129,0.023877771730157517
4470,0.0339787907898426,0.5841179132461548,0.6591900328795115,-0.055388089723885585
4475,-0.1087880089879036,0.5079019427299499,0.6212875227133433,0.08955968496681649
4480,0.04368790164589882,0.5309875130653381,0.6411945978800456,-0.06515067657666959
4485,0.014177238754928111,0.5334629893302918,0.6278328975041707,-0.03416496764087358
4490,0.020468300580978392,0.5597638368606568,0.6590055425961813,-0.04087383509026957
4495,0.01880955621600151,0.5476156592369079,0.6180796643098195,-0.03799905460755137
4500,-0.047307484596967694,0.5285021066665649,0.6391916831334432,0.027130936940640678
4505,-0.08638999760150909,0.5389858961105347,0.596342670917511,0.06793336812125107
4510,-0.0391827292740345,0.5132985353469849,0.6263057788213094,0.01886866985121557
4515,-0.010759850218892097,0.5339341878890991,0.5878325243790944,-0.007794759732092438
4520,-0.07790019661188126,0.5348031282424927,0.6105946322282155,0.058951288072735426
4525,-0.08588726967573165,0.5435242891311646,0.6348773399988811,0.06572554225361969
4530,-0.024851700663566588,0.5665861606597901,0.6147052963574727,0.005560793077211637
4535,-0.04486148953437805,0.5264282464981079,0.6011426528294881,0.024784841943810164
4540,-0.08991502821445466,0.5110715746879577,0.6165981650352478,0.07101616225036889
4545,-0.067250956594944,0.5175855994224549,0.6134795725345612,0.04797536886476183
4550,0.07095373719930649,0.590127432346344,0.6587501366933187,-0.09233168422535899
4555,-0.09332460016012192,0.537345039844513,0.6371227343877156,0.0736139979763259
4560,-0.029970350861549377,0.5062415361404419,0.634448093175888,0.010358469372723082
4565,-0.04784327819943428,0.5407506942749023,0.673638782898585,0.026147222083767175
4570,0.04535370245575905,0.542646872997284,0.6293956995010376,-0.06581850092161062
4575,-0.010553794354200364,0.5188254952430725,0.6060154656569163,-0.008234508233017171
4580,-0.0913651630282402,0.5134997129440307,0.6054909149805705,0.07231268839802099
4585,0.12701862454414367,0.5287690758705139,0.6563319762547811,-0.14762656732059856
4590,-0.07977709025144578,0.5330991268157959,0.6511466801166534,0.05885260455807457
4595,-0.04219590201973915,0.5292297959327698,0.634003367026647,0.02255260210944131
4600,0.032314087823033334,0.5504026651382447,0.6521953324476878,-0.053299166821568655
4605,-0.08008877635002136,0.5390410542488098,0.6300005555152893,0.060266399764901106
4610,-0.11686675399541854,0.5386260390281677,0.6318547268708546,0.09747845590387105
4615,-0.028963875398039816,0.5159833669662476,0.6264074365297954,0.009300311661838822
4620,-0.039116614311933515,0.5535323143005371,0.609208595752716,0.02050761074644209
4625,-0.05000644400715828,0.5307690501213074,0.6233278671900432,0.030407719761350354
4630,-0.0888404294848442,0.5516318321228028,0.6234612723191579,0.0694243680104086
4635,-0.038402578234672545,0.5343325138092041,0.6244994799296061,0.01901913146423336
4640,-0.044682735949754714,0.5312785983085633,0.6147497455279033,0.025092331255302133
4645,-0.07023067027330399,0.5136979699134827,0.6327713211377461,0.050567856976515904
4650,-0.05556313768029213,0.5548324823379517,0.6417076965173085,0.0353804107574505
4655,-0.03416295051574707,0.5370994687080384,0.6112605313460032,0.014502609091594454
4660,-0.1284624993801117,0.5359971642494201,0.6229512433211009,0.10890764658394515
4665,-0.07106784284114838,0.5369209766387939,0.6083090523878734,0.05173565796512684
4670,0.01982436403632164,0.5443095088005065,0.6383839766184489,-0.040140735769740185
4675,0.02592763490974903,0.6078873157501221,0.6603755613168081,-0.0469677897533649
4680,-0.15875910818576813,0.5429932355880738,0.5917103727658589,0.1406413074317028
4685,-0.0594881035387516,0.5362897872924804,0.6434438526630402,0.039444047317842824
4690,-0.10821790546178818,0.5086509108543396,0.5990493168433507,0.08946526696088011
4695,-0.0628613993525505,0.5242602229118347,0.6190816422303518,0.04360299706591896
4700,-0.036665895581245424,0.5591665267944336,0.6380536874135335,0.016592790734784504
4705,-0.03435121551156044,0.546951949596405,0.5775866419076919,0.0158203858893176
4710,-0.08099175840616227,0.5323652148246765,0.5924131532510122,0.06228825954648622
4715,-0.06733862906694413,0.5195999026298523,0.601275889078776,0.04781497430889874
4720,-0.023649896681308746,0.5487209558486938,0.6329025844732921,0.004090999304805485
4725,-0.10836001932621002,0.5054220914840698,0.6113267719745636,0.08945591858132713
4730,-0.0603606253862381,0.5181015372276306,0.6275547802448272,0.040905696338866634
4735,0.04494110718369484,0.5372473239898682,0.6362908860047658,-0.06482253727395527
4740,0.014983686059713364,0.5458743691444397,0.6365726828575134,-0.034992466366255866
4745,-0.0003528065804857761,0.5391783833503723,0.611850506067276,-0.020023904845453144
4750,-0.08617817610502243,0.5273108839988708,0.5928619921207428,0.06732341678872224
4755,-0.03027571886777878,0.5158793210983277,0.6150128026803334,0.010633063268324226
4760,-0.052678874135017394,0.5160528421401978,0.5987512588500976,0.03375599623764206
4765,0.09235577434301376,0.5415698170661927,0.6353991011778514,-0.11232500617269948
4770,-0.04231068342924118,0.5220498681068421,0.6180223862330119,0.022279507246163864
4775,0.05039226785302162,0.5422566890716553,0.6014094014962514,-0.06952660246574542
4780,-0.012992194667458535,0.5376763343811035,0.6092143436272939,-0.0063832996622533045
4785,-0.03510648012161255,0.5515945792198181,0.5866850137710571,0.01655442246065824
4790,0.006364244036376476,0.5163674116134643,0.6117348035176595,-0.026455476684257087
4795,-0.03386189192533493,0.535773515701294,0.5978932440280914,0.014871008657904458
4800,-0.06797966957092286,0.5025712728500367,0.5896034479141236,0.04979123907471012
4805,0.013258498907089234,0.5419349670410156,0.5905154347419739,-0.031682497349030316
4810,0.0015310851740650833,0.5385237336158752,0.6133204976717631,-0.02063967396327207
4815,0.005866531003266573,0.5428942203521728,0.6434021989504496,-0.025739921627747554
4820,-0.023334258049726487,0.4983513176441193,0.6005783637364706,0.004700563738061145
4825,-0.05641246289014816,0.5148272037506103,0.6241016368071238,0.037178328147669366
4830,0.1076070562005043,0.5347294926643371,0.6418296297391256,-0.12929233730849377
4835,-0.05268907099962235,0.5310814619064331,0.6193280577659607,0.03361636739811471
4840,-0.05041003525257111,0.5659060478210449,0.6168003916740418,0.030988666275391527
4845,0.03276356421411038,0.521976637840271,0.6213939547538757,-0.05333668949742009
4850,-0.07950168699026108,0.5163958907127381,0.6217451612154643,0.060267367050612336
4855,-0.07351015210151672,0.5263691425323487,0.6285443683465322,0.05384553773890134
4860,-0.06848414838314057,0.5087218165397644,0.622876360019048,0.048382641053332925
4865,0.02935968488454819,0.5633179545402527,0.6419037818908692,-0.050726795140135915
4870,-0.04266470372676849,0.521844208240509,0.6154795547326406,0.022983006624891236
4875,-0.06306174844503402,0.5163975596427918,0.6236880024274191,0.043781551325915775
4880,-0.16928344666957856,0.5064003109931946,0.5956500371297201,0.15093771914080464
4885,0.04575519487261772,0.5673773527145386,0.6394143064816793,-0.06657328538800468
4890,-0.074185611307621,0.5244351983070373,0.6245591322580973,0.054876877680918486
4895,-0.07025009989738465,0.5369141221046447,0.620919273296992,0.05094347086740063
4900,-0.008293568156659603,0.530025064945221,0.6490873475869496,-0.011980649319493707
4905,0.017191046103835105,0.5082009673118592,0.613999875386556,-0.03627413201706632
4910,-0.038650719076395036,0.5140162706375122,0.6076570471127828,0.019335251132831823
4915,0.06895064264535904,0.5792278409004211,0.6083036283651988,-0.08916191436757266
4920,0.04073586091399193,0.567566204071045,0.6030534009138743,-0.060204450387885904
4925,-0.0630944937467575,0.5332547068595886,0.5717595239480336,0.04548470055820615
4930,-0.01682177037000656,0.5149909257888794,0.6023914217948914,-0.0020571911446362165
4935,-0.04108123108744621,0.5497353315353394,0.6168665687243143,0.02196294651404932
4940,-0.10077062547206879,0.5335534691810608,0.6148578306039174,0.08169383389169499
4945,0.014590921252965927,0.5648400187492371,0.5772595743338267,-0.03380504196675702
4950,-0.028347205743193625,0.5086727499961853,0.586792771021525,0.01021467871225081
4955,-0.019091596826910973,0.5564705610275269,0.5861680646737416,0.0008367400214165855
4960,-0.11432739943265915,0.5336951494216919,0.5833168804645539,0.09618630426600598
4965,-0.04279988631606102,0.5103504180908203,0.5881641894578934,0.024299941916906317
4970,-0.035692072659730914,0.5175577402114868,0.6049828390280406,0.01669861998274495
4975,-0.028423868119716644,0.5159488916397095,0.6280936757723491,0.009267089396052256
4980,-0.05591779351234436,0.5353395462036132,0.5831155637900035,0.037703595609298715
4985,0.007242945954203606,0.5647310972213745,0.6232294340928396,-0.026477045141488017
4990,0.019022203981876373,0.5268044710159302,0.6130241682132085,-0.03844495963142007
4995,0.040791241079568864,0.5552573919296264,0.6225270847479503,-0.06104236883459259
5000,-0.06293937861919403,0.5721834540367127,0.6287161966164907,0.042005806031134074
5005,-0.07654386162757873,0.5471532821655274,0.585218870639801,0.05852106481405876
5010,-0.0262512419372797,0.529634428024292,0.6055594841639201,0.00763835069095657
5015,-0.06201974451541901,0.5260972380638123,0.6277713437875112,0.042813349814046366
5020,-0.07718506753444672,0.5135339856147766,0.6199105381965637,0.057922374076060816
5025,-0.015768447518348695,0.548958706855774,0.616061290105184,-0.003782487335245671
5030,-0.017062372341752053,0.5081713199615479,0.6233530461788177,-0.002336687428434241
5035,-0.011382500827312469,0.5097600936889648,0.6215241114298503,-0.008049419598036036
5040,0.005872614867985249,0.5140292406082153,0.609183253844579,-0.025016306711693786
5045,-0.08494196385145188,0.5205595135688782,0.6023673077424367,0.06622044462684477
5050,-0.02881334312260151,0.5348466992378235,0.587746282418569,0.01085304216046239
5055,-0.06483563333749771,0.49848830699920654,0.6037000735600789,0.04629896335235988
5060,-0.028625622391700745,0.5367570042610168,0.6088677088419596,0.009214610277838818
5065,-0.04937206357717514,0.5438649892807007,0.6176434457302094,0.028929704077896728
5070,-0.020177970826625823,0.5428414702415466,0.6182338714599609,0.0003388917540887022
5075,-0.07427628636360169,0.5217365145683288,0.6107838769753774,0.05517701361059294
5080,-0.03479010611772537,0.5048320651054382,0.5989152630170186,0.01597559320107415
5085,0.057765434682369235,0.5873411655426025,0.636577304204305,-0.07798515039891907
5090,-0.10363522320985794,0.512739646434784,0.6045389850934346,0.08451848701258861
5095,-0.04923655316233635,0.5189727067947387,0.6138780931631724,0.029927286350431664
5100,-0.034378068149089815,0.5479591846466064,0.6051093518733979,0.015386823678033573
5105,-0.011690453439950944,0.5075300574302674,0.6140097081661224,-0.007089958376512438
5110,0.01880222335457802,0.49944995641708373,0.6100521326065064,-0.038080167191248696
5115,-0.004204801563173532,0.5489242911338806,0.6204431653022766,-0.015051378251086161
5120,-0.018447765707969667,0.5618165493011474,0.64503772854805,-0.0022132943885964044
5125,0.005526206782087683,0.5530023336410522,0.6321186125278473,-0.025913623911015135
5130,0.05935693830251694,0.5419227004051208,0.6008415838082631,-0.07808280157423877
5135,0.07051414400339126,0.5234901666641235,0.6505758821964264,-0.0914713070916819
5140,0.08813625425100327,0.5441452264785767,0.6058380683263143,-0.1081060260900853
5145,-0.059717419743537906,0.502327835559845,0.6062353670597076,0.040692384982179815
5150,0.018337533250451087,0.5438546538352966,0.6071069578329722,-0.03717995045275043
5155,0.004088307404890657,0.5346631884574891,0.6093000213305155,-0.023346626348846364
5160,-0.04999769106507301,0.5021688938140869,0.6043417751789093,0.031537713051228655
5165,-0.022280088067054747,0.49757011532783507,0.6191886802514394,0.0024654458464575825
5170,0.04839702025055885,0.532037889957428,0.6175177196661631,-0.067847249166621
5175,0.04705095142126083,0.5451595067977906,0.6458767294883728,-0.06802740905846065
5180,-0.037358766049146654,0.5122756004333496,0.6026953021685283,0.01889501443093801
5185,-0.014044937677681446,0.5385293006896973,0.6205132027467092,-0.005740371258902532
5190,0.010134260915219784,0.5304999113082886,0.6179527878761292,-0.030183798516829688
5195,0.04564482867717743,0.5266430377960205,0.5912493129571279,-0.0647690072200067
5200,-0.03394690603017807,0.5273990273475647,0.5840305129686991,0.015958516845038736
5205,0.03356630802154541,0.5349589586257935,0.6303574244181315,-0.0541058109411949
5210,-0.029530173540115355,0.5717627286911011,0.5739873925844828,0.010320651707476106
5215,-0.022646067664027214,0.5121541142463684,0.5921544790267944,0.004453187093131546
5220,0.035090555995702745,0.5300455570220948,0.5696416775385539,-0.052952590325707864
5225,-0.03043951503932476,0.5083866000175477,0.5911494662364324,0.01242576273135406
5230,-0.03866236135363579,0.5487280130386353,0.6073548873265584,0.019277627645862935
5235,-0.009583329595625401,0.5211854338645935,0.5669757962226868,-0.009240743901558298
5240,0.05405654832720756,0.5307665944099427,0.6018890857696533,-0.07286862205778186
5245,0.07104644030332566,0.5260401725769043,0.5988074243068695,-0.09024617488183471
5250,0.11668811440467834,0.5271490454673767,0.5989585270484289,-0.13797745767122901
5255,0.06150092929601669,0.5698993563652038,0.6031681815783183,-0.08112251440377061
5260,-0.022139386832714082,0.5286605358123779,0.5712393432855606,0.0039613946512110755
5265,-0.028546910732984543,0.49861119985580443,0.5781310200691223,0.010001578229693954
5270,-0.05477757975459099,0.48983415961265564,0.5917364796002705,0.03661398991195875
5275,-0.061224622279405595,0.5013220548629761,0.5853391667207082,0.043051857004033356
5280,-0.059839746356010436,0.49734240770339966,0.600788164138794,0.04091202404853375
5285,-0.04106193110346794,0.5024472832679748,0.5846531411012014,0.023057834974898463
5290,-0.02171300761401653,0.5267944216728211,0.5982488771279653,0.0032246801962591406
5295,-0.11256470680236816,0.5048104047775268,0.5710063139597575,0.09470117199514634
5300,0.002647028921637684,0.5147957444190979,0.6072668641805649,-0.022615692566749748
5305,-0.035650712251663205,0.5398863315582275,0.6120441854000092,0.016023008998497564
5310,-0.06435231119394302,0.5101669073104859,0.5930172900358835,0.0454534033674297
5315,-0.02624417655169964,0.5248419165611267,0.5878785371780395,0.0076186842411194835
5320,-0.032575664669275285,0.5246104955673218,0.6133401334285736,0.013661441871853917
5325,-0.03007119745016098,0.5144688129425049,0.5890672415494919,0.01157479909307167
5330,-0.061547540873289106,0.5009067416191101,0.596442754069964,0.0431263871533903
5335,-0.03079140968620777,0.5432582974433899,0.5906249046325683,0.012495761343838558
5340,-0.07826931178569793,0.526464295387268,0.5953514794508616,0.06002139317427022
5345,-0.04119759351015091,0.5190451145172119,0.5945782860120138,0.022558307125309995
5350,-0.061236582696437836,0.5204154014587402,0.5992244452238082,0.042712091251373444
5355,-0.02204120010137558,0.5200625896453858,0.5969196955362955,0.003598656493817182
5360,-0.06833979338407517,0.5180844783782959,0.6306910455226898,0.04836169030239514
5365,-0.06289922744035721,0.5643377661705017,0.6006152768929799,0.043590371581605815
5370,0.0652074545621872,0.524219524860382,0.59732133547465,-0.08378069606004708
5375,0.04056830108165741,0.5397969126701355,0.5870718002319336,-0.0593768738306516
5380,-0.10236915349960327,0.5151416540145874,0.5994226078192393,0.08392204652768617
5385,-0.08590382635593415,0.4922738254070282,0.5891676227251689,0.06774369889433382
5390,-0.02623216509819031,0.5233322739601135,0.5770111838976543,0.007955803132390384
5395,-0.022053919732570648,0.49452216029167173,0.5811304191748301,0.0037067907775521387
5400,-0.03746549412608147,0.5018138647079468,0.5927147547403971,0.018618928620899297
5405,-0.006516011152416468,0.49112462997436523,0.5768054902553559,-0.011443535255350856
5410,-0.031671023741364476,0.5048660278320313,0.5909829417864482,0.012752255145531381
5415,-0.06470940709114074,0.5054667472839356,0.5716383298238118,0.047070695973230915
5420,-0.04969836100935936,0.5023668885231019,0.596507062514623,0.03126424671449017
5425,-0.042130383849143985,0.5123642444610595,0.5704344888528188,0.023774883385168376
5430,-0.07380868196487426,0.5097711205482482,0.5688482364018758,0.0561545069454095
5435,0.0327383391559124,0.5240207552909851,0.5593394954999288,-0.050786754708172566
5440,-0.09466600865125656,0.5040797710418701,0.5945358057816823,0.07591846652655997
5445,-0.1299322098493576,0.5012222051620483,0.5757920573155085,0.11219991606124913
5450,-0.058841285109519956,0.5657015442848206,0.6017940461635589,0.039802737114513126
5455,-0.14666288197040558,0.5072431206703186,0.5797276814778646,0.12862123681509055
5460,-0.07317302376031876,0.555636215209961,0.571079957485199,0.054440545764061134
5465,-0.05526290461421013,0.49248470067977906,0.59603853225708,0.035891839217932334
5470,-0.04334200620651245,0.5249254703521729,0.5923562089602152,0.024254379926763155
5475,-0.0031416401034221053,0.5268555283546448,0.5893145779768626,-0.015851464145088135
5480,-0.00982782319188118,0.5042225599288941,0.5860646883646647,-0.0087786902781327
5485,-0.061784332245588304,0.5049035310745239,0.5743674516677857,0.04371502680090128
5490,-0.05650298520922661,0.5424674034118653,0.5581172704696655,0.03929411241058834
5495,-0.07101668268442154,0.489310622215271,0.5672539651393891,0.05357031748232743
5500,-0.055121397227048875,0.5056098461151123,0.5850761820872624,0.03683028584984959
5505,0.06146802604198456,0.5942509055137635,0.5850136866172154,-0.08256621761467571
5510,-0.10127889066934585,0.5118500590324402,0.5807856440544128,0.082817594300011
5515,-0.10586935728788376,0.4599046051502228,0.5543344716231028,0.08805732474484512
5520,0.0020740675972774625,0.5361266613006592,0.5835577646891276,-0.02025541011017738
5525,-0.03155386820435524,0.540570080280304,0.6062823275725047,0.012006434284020265
5530,-0.026035210490226744,0.5214034795761109,0.5507481545209885,0.007207562263212296
5535,-0.07427266091108323,0.5286457061767578,0.5672328402598699,0.05629483082464258
5540,-0.025727906823158266,0.5361581206321716,0.564915947119395,0.006634402551855447
5545,-0.098694708943367,0.5058220744132995,0.5800483653942744,0.08071893404555568
5550,0.029296254739165306,0.5393051505088806,0.5587223589420318,-0.04755514845198502
5555,-0.11200248748064041,0.4934458792209625,0.5655057390530904,0.0943202634650857
5560,-0.0770598143339157,0.5209554433822632,0.5543235719203949,0.05969148952387809
5565,-0.09710699319839478,0.4745173990726471,0.5646774291992187,0.07942136373337531
5570,0.040243512392044066,0.54024738073349,0.6106700261433919,-0.060104783060024404
5575,0.08267819434404373,0.5185203433036805,0.5506006757418315,-0.1003522618976933
5580,-0.06698261052370072,0.4993534326553345,0.5809074819087983,0.04892200442977074
5585,-0.03536138236522675,0.5331932544708252,0.5832155227661133,0.01674306192998406
5590,0.06877037584781646,0.5644052147865295,0.6073191165924072,-0.0883591636048489
5595,-0.044973766803741454,0.49769304394721986,0.5810910652081172,0.027085312809268597
5600,-0.023896681517362593,0.4927684128284454,0.5494265178839366,0.0055350846790791185
5605,-0.026570186391472815,0.5203200101852417,0.5670458118120829,0.008714518162478023
5610,0.038429819792509076,0.5606932401657104,0.5614425877730052,-0.0564652911829256
5615,0.0369318999350071,0.5278344631195069,0.5855091730753581,-0.05661072123236885
5620,-0.10219433456659317,0.4820469796657562,0.562747726837794,0.08470090315380113
5625,-0.05255432203412056,0.5023889899253845,0.5489014198382696,0.0351911551626101
5630,-0.07630964368581772,0.4929678440093994,0.5518131961425146,0.05869829726249211
5635,-0.07280467450618744,0.5135336875915527,0.5276586592197419,0.05539734484073646
5640,-0.06173303201794624,0.5149955987930298,0.533485526839892,0.04517945496475528
5645,-0.05563283860683441,0.5034221887588501,0.5598000009854635,0.03827389011968102
5650,0.016999932751059533,0.5201346039772033,0.5612053126096725,-0.03471850047676398
5655,-0.014370006509125233,0.5237679839134216,0.538229305545489,-0.004324135168495788
5660,-0.03430591076612473,0.5130103468894959,0.5110405375560124,0.018276247638839317
5665,-0.0033651900477707384,0.5156673789024353,0.5401885986328125,-0.014406107678727168
5670,-0.058809802681207654,0.5026726126670837,0.5288604080677033,0.04219391945005298
5675,0.08424634039402008,0.5126480460166931,0.5276882320642471,-0.10145320554373391
5680,-0.032911055535078046,0.4949748158454895,0.5255637894074122,0.01649041942649144
5685,-0.03330499976873398,0.5075406074523926,0.5218139797449112,0.017322617355137317
5690,0.015703923627734186,0.5275877952575684,0.5351607461770376,-0.03236531211447308
5695,-0.07552988678216935,0.5239676833152771,0.520437745253245,0.059299539691985786
5700,-0.06007303074002266,0.5271275162696838,0.49736034373442334,0.04423193393298731
5705,-0.09070992618799209,0.5057793617248535,0.5176208704710007,0.07411718070470474
5710,-0.055136625468730924,0.48596041202545165,0.5461864491303762,0.0377392089839706
5715,-0.04022521674633026,0.48688405752182007,0.5380417615175247,0.023566702164304915
5720,-0.009484443441033363,0.4906409800052643,0.5446779370307923,-0.007428278342872874
5725,-0.07997600436210632,0.4791878998279572,0.5459925870100657,0.06258204635499837
5730,0.0162014689296484,0.5202603936195374,0.5572359810272852,-0.03449935972206402
5735,0.02955819442868233,0.4885053277015686,0.5471701761086781,-0.046838100228629304
5740,-0.005149384029209614,0.5447313189506531,0.5736140529314677,-0.012809367874903558
5745,0.010352614521980285,0.5197584748268127,0.5694764902194341,-0.028245174642268008
5750,-0.13578233122825623,0.5176655650138855,0.541928302248319,0.11912432396265393
5755,0.007865513488650323,0.5227151870727539,0.5528854389985403,-0.02519409719305681
5760,-0.13362669050693513,0.4765661060810089,0.5454478730758031,0.11667578687954351
5765,0.013770546950399875,0.5035318851470947,0.5758312086264292,-0.032061477592399495
5770,-0.11819000542163849,0.4931436538696289,0.5471500376860301,0.1013288184534276
5775,-0.10595054924488068,0.485893702507019,0.565942237774531,0.08828559210401485
5780,-0.05879638493061066,0.5097050309181214,0.5523349165916442,0.041699799031852385
5785,-0.02459077425301075,0.5064291954040527,0.5347966690858205,0.006797845436523602
5790,0.05349032357335091,0.5276988506317138,0.5598916073640188,-0.07079894175639903
5795,-0.010161822475492955,0.5015886068344116,0.5570237477620442,-0.007721366895501311
5800,-0.062476896494626996,0.4981069445610046,0.5422005395094553,0.04571906363967581
5805,-0.052291746437549594,0.5319016337394714,0.5392915268739065,0.03561639937580465
5810,-0.05710942149162292,0.4637853026390076,0.5332782089710235,0.04055669531043133
5815,0.01914636492729187,0.4780409574508667,0.5635368883609772,-0.0367919809850322
5820,-0.03978704139590263,0.48275601863861084,0.5474670231342316,0.022249157610200337
5825,0.01848524622619152,0.5211969137191772,0.5772208770116171,-0.036800269813220314
5830,-0.05428828299045563,0.49238710999488833,0.5702783306439717,0.03659281839897441
5835,-0.03625088632106781,0.5096627950668335,0.5622107307116191,0.018686475594859815
5840,-0.07720737755298615,0.5039827108383179,0.5612719575564067,0.058826423233193495
5845,-0.03602100685238838,0.5326459884643555,0.5751528263092041,0.017920258381336138
5850,-0.013545304536819458,0.5150159955024719,0.5789305736621221,-0.0045138199784671654
5855,-0.12191684246063232,0.48957203030586244,0.5454206893841426,0.10492629048578803
5860,-0.0235986839979887,0.529600989818573,0.5527291625738144,0.0062103239203463575
5865,-0.0027101048035547137,0.5159925818443298,0.5563381185134252,-0.01567975160600557
5870,-0.11799784153699874,0.5185191035270691,0.5470142563184103,0.10093403822605983
5875,-0.127352175116539,0.4851144015789032,0.5370690663655598,0.11028869860555161
5880,-0.15803240835666657,0.48243685960769656,0.5471367021401723,0.14089872454731134
5885,-0.1666150212287903,0.45856186747550964,0.5349690347909928,0.15006529641420638
5890,-0.11300859898328781,0.4952979624271393,0.5419972846905391,0.09626596674767977
5895,-0.15212734937667846,0.47995488047599794,0.5387305021286011,0.13532686929064117
5900,-0.06183670684695244,0.48084295988082887,0.5254451821247736,0.04557053740372289
5905,-0.13507245779037474,0.49019124507904055,0.539962907632192,0.11823775500337838
5910,-0.039548671990633014,0.5231306791305542,0.5740627537171046,0.02112297356764055
5915,-0.05759354382753372,0.4754472017288208,0.5373599996169408,0.04077570979512624
5920,-0.0855498731136322,0.47088619470596316,0.5384468754132589,0.06770942708770541
5925,0.024858131632208826,0.49718942046165465,0.5380428691705068,-0.04222182686509903
5930,0.008716303389519453,0.5230316281318664,0.5002489109834035,-0.024490738243795468
5935,-0.08045609146356583,0.4755615949630737,0.5271043568849564,0.06330224937347834
5940,-0.09345308542251587,0.4694178879261017,0.537735648949941,0.07648973959087794
5945,-0.013073894195258617,0.5144191741943359,0.5280721465746562,-0.0033771541767982204
5950,-0.04394864365458488,0.4954082429409027,0.5222329666217168,0.027366672688543685
5955,-0.06399777382612229,0.5068975925445557,0.5165712753931682,0.04719682153879227
5960,-0.030245957896113396,0.4765469193458557,0.5146409710248311,0.014212465079942355
5965,-0.04616121128201485,0.49120076894760134,0.5373765697081884,0.02927791959824332
5970,0.03546960353851318,0.5035283684730529,0.5424260963996251,-0.052779097543994374
5975,-0.03620479479432106,0.5127511501312256,0.5304792324701945,0.019626605563575997
5980,-0.054078095406293866,0.5220531582832336,0.5257698794205984,0.03764122704439882
5985,-0.03744783103466034,0.47493246793746946,0.5318315923213959,0.021148665750074166
5990,0.06680219471454621,0.5137375831604004,0.5582643280426661,-0.08460676420785201
5995,-0.1005878672003746,0.4830297648906708,0.5217322409152985,0.08394342238449232
6000,0.007417057361453772,0.47040244936943054,0.5390474607547124,-0.0246839594898031
6005,-0.08778306394815445,0.4950727343559265,0.5294621666272481,0.0715651923212028
6010,0.06538491398096084,0.5336587190628052,0.5173544724782307,-0.08176077007873578
6015,-0.0358042024075985,0.4879804790019989,0.5331767042477925,0.019284577020276576
6020,0.02859033867716789,0.4925329744815826,0.5089095592498779,-0.044713548024615093
6025,0.049196739494800565,0.47338340282440183,0.5231690675020217,-0.0659388700865988
6030,0.012625085003674031,0.5024165272712707,0.5390115410089493,-0.029340430499901565
6035,0.0009972356736398069,0.49313337802886964,0.5485765705506007,-0.018509540746253057
6040,-0.07347218245267868,0.462246036529541,0.5239728430906931,0.0569020663249359
6045,-0.009882612153887749,0.483298134803772,0.5277024974425634,-0.006495209811167507
6050,0.04150573462247849,0.4935756862163544,0.5267429093519846,-0.05824574022399079
6055,-0.07728367447853088,0.4708164393901825,0.5322526345650355,0.060503285092061064
6060,0.01003499198704958,0.47213815450668334,0.5458043058713277,-0.026723510706586334
6065,0.008933984860777854,0.4954853534698486,0.5394873936971029,-0.02560961522638354
6070,-0.045076729357242586,0.4922837674617767,0.5411147067944209,0.028386428353427834
6075,-0.027208366245031358,0.48083622455596925,0.5282123098770778,0.010465458181397604
6080,-0.020429696515202524,0.5177169442176819,0.5414714445670445,0.003258027939594312
6085,-0.029505233839154245,0.5045448064804077,0.5223687489827474,0.013066196647473823
6090,0.02265392541885376,0.4641351580619812,0.5217135399580002,-0.038967828731025916
6095,-0.010888427682220935,0.4790609061717987,0.5276033043861389,-0.005462045814175027
6100,0.037527579069137576,0.5022432446479798,0.5260111490885416,-0.054456310343583426
6105,0.00016405501519329847,0.5234131932258606,0.5244811872641245,-0.016762270824115647
6110,0.050637243688106535,0.5122789025306702,0.5237465431292851,-0.06716788219299862
6115,0.07316569089889527,0.5130221724510193,0.5398264676332474,-0.0901174293051084
6120,-0.02856108620762825,0.5415164351463317,0.5587490012248357,0.009954893651045392
6125,-0.033099303394556044,0.4728262424468994,0.5272594501574834,0.016683253112770885
6130,-0.03899426832795143,0.47583789825439454,0.5163745025793711,0.022242576012559127
6135,0.030357645824551582,0.48697469830513,0.5239881912867228,-0.04671306061676984
6140,-0.04740956500172615,0.4616780817508698,0.5085121482610703,0.031725279828700714
6145,0.028241902217268945,0.4838436722755432,0.5130720555782318,-0.04422943729220527
6150,0.07999583780765533,0.4891222894191742,0.5208612481753031,-0.09704198078627244
6155,-0.01737067885696888,0.5078840255737305,0.5192164053519567,0.0008088156568796652
6160,0.017436211183667182,0.4729616343975067,0.5241366644700368,-0.03348362710188258
6165,0.008436472620815039,0.5045394420623779,0.4997675746679306,-0.024304417952636465
6170,0.004731714073568582,0.510027289390564,0.5273375958204269,-0.0210020047774811
6175,-0.05101734399795532,0.5036738514900208,0.5093850324551265,0.03485556890961462
6180,-0.012979686819016933,0.5067649960517884,0.5113256474335989,-0.002793717329969216
6185,0.023704703897237778,0.47370904088020327,0.5195702950159709,-0.03995472797221479
6190,0.09815020263195037,0.4946528136730194,0.5305402000745137,-0.11464442303852175
6195,-0.008532813936471938,0.5090728878974915,0.528113916516304,-0.007866705790460988
6200,-0.054341308772563934,0.4807018518447876,0.5253487755854924,0.03825502083091914
6205,-0.014839954487979413,0.49485763907432556,0.5086107889811198,-0.0016430649300819388
6210,-0.07333423644304275,0.4869031608104706,0.500206341346105,0.05755502079894675
6215,-0.11221309900283813,0.46449955701828005,0.5042126268148422,0.09689376500548538
6220,-0.09631530791521073,0.48754093050956726,0.5070846726497015,0.0803161124936704
6225,-0.07585725784301758,0.5033153772354126,0.5007980287075042,0.060434014467387845
6230,-0.11468560248613358,0.4995714664459229,0.514694157242775,0.09885161064518513
6235,-0.05280344039201736,0.468533056974411,0.5095392107963562,0.03722341980524095
6240,-0.07529654204845429,0.47671148777008054,0.5186961442232132,0.0591269089416797
6245,-0.015080218389630317,0.47025957703590393,0.5093183358510335,-0.0014110295726354027
6250,-0.05264564454555511,0.4696211934089661,0.5134091585874557,0.03663415448627731
6255,0.009128592628985643,0.47741568088531494,0.49809278547763824,-0.025195125019159246
6260,-0.04056031927466393,0.48193479180335996,0.504437330365181,0.02475627073021719
6265,-0.03592080846428871,0.4650822043418884,0.5216693858305613,0.019625866068069396
6270,-0.038372790813446044,0.46950294971466067,0.5263719230890274,0.022102585017384973
6275,-0.09954810440540314,0.4524197936058044,0.5102457086245219,0.08321858101056563
6280,-0.07877102643251419,0.461294549703598,0.5169996450344722,0.06252752528814158
6285,-0.009526891075074673,0.46652957797050476,0.5316561311483383,-0.00692292623374003
6290,-0.035423526912927626,0.501227080821991,0.5134936988353729,0.019416535948260916
6295,-0.04228735417127609,0.4849766731262207,0.5312308351198832,0.025535969768318657
6300,0.05775195136666298,0.4876022696495056,0.5356966714064281,-0.0750305054991986
6305,-0.06386692672967911,0.5053143382072449,0.49953131278355917,0.047059975925406984
6310,-0.007926007546484471,0.48927943110466005,0.532070146004359,-0.008730551892608542
6315,-0.0791944608092308,0.4690585732460022,0.5165053635835648,0.06311564696303365
6320,0.024836979061365127,0.47226918339729307,0.5413254638512929,-0.0425353320668107
6325,-0.04802700057625771,0.4966388165950775,0.5184023420015971,0.03214329225414465
6330,-0.03799847960472107,0.4839071035385132,0.5124962002038955,0.022009364439801452
6335,-0.08081596195697785,0.46475988030433657,0.5324698607126872,0.0642643257589759
6340,0.007076027244329453,0.4954836845397949,0.5220090448856354,-0.024254763682972552
6345,-0.059864538908004764,0.4882347583770752,0.5381619373957316,0.04287311888575225
6350,-0.061021065711975096,0.4617834806442261,0.5168238590161006,0.04479850061745565
6355,0.040520624816417695,0.48490739464759824,0.5334015717109044,-0.057055791379803884
6360,0.017333191633224488,0.5108401298522949,0.5213691771030426,-0.033945644755393085
6365,-0.019053979590535165,0.4809612035751343,0.5212308953205744,0.002114935946173754
6370,-0.007769913133233786,0.4824186861515045,0.49193425873915353,-0.007407436420344614
6375,0.010492333956062794,0.4696206092834473,0.5226138959328334,-0.026494143830716133
6380,0.029194573312997817,0.49099521040916444,0.5199649423360825,-0.04543324406516486
6385,0.01034174058586359,0.4540775418281555,0.5491913656393687,-0.027091491707359604
6390,0.01303054504096508,0.48409419059753417,0.5291155685981115,-0.029683865007209348
6395,-0.10819565951824188,0.4795255184173584,0.5181167056163152,0.09240862725448869
6400,-0.038449812680482864,0.46808367371559145,0.5360961149136225,0.02168563858624168
6405,0.011445834301412106,0.48136035799980165,0.5296508649984996,-0.027550610391606008
6410,-0.046553397178649904,0.47164438366889955,0.5191097011168798,0.029668204556770352
6415,0.03184084668755531,0.5019432067871094,0.5213690876960755,-0.047828431741548064
6420,0.0022064508404582737,0.4752345085144043,0.5029968251784642,-0.01774605866388392
6425,-0.06750748455524444,0.4968385398387909,0.5044829487800598,0.05186971688798274
6430,0.07842047810554505,0.5029874444007874,0.5362697571516037,-0.09539631813419425
6435,-0.07655688226222992,0.4631427228450775,0.5098339557647705,0.060909222752799565
6440,-0.09470509290695191,0.459098744392395,0.5210510422786077,0.0783546849436022
6445,-0.08824129700660706,0.49347937703132627,0.4987980326016744,0.07246994323909879
6450,-0.11126209050416946,0.4918906092643738,0.5113069832324981,0.09513452575875125
6455,-0.03484257534146309,0.48446970582008364,0.5408709049224854,0.01776324396785247
6460,0.026813532784581186,0.4771113574504852,0.5398870338996251,-0.043599593559742376
6465,0.04668327122926712,0.4916286528110504,0.5090664873520533,-0.06291943391783532
6470,-0.015786627307534218,0.4645209014415741,0.5380408684412639,-0.0013759821124303263
6475,-0.09604538232088089,0.4800367295742035,0.535720694065094,0.079139722620536
6480,-0.02017611265182495,0.48923537135124207,0.5725744664669037,0.0019008765330910237
6485,-0.05736383646726608,0.45591236352920533,0.523566331466039,0.041293583946578734
6490,-0.023822451755404473,0.4920378148555756,0.5503063470125198,0.005903847620098511
6495,-0.040780889242887496,0.43746506571769717,0.5295491625865301,0.024326689372474536
6500,-0.014763938263058662,0.4804177820682526,0.5628961225350698,-0.002750307550709016
6505,-0.05975111350417137,0.47111610174179075,0.5308292627334594,0.04292852305841313
6510,-0.0038773307576775553,0.4718513011932373,0.5474210311969121,-0.01333596383912959
6515,-0.028007805719971655,0.4970940172672272,0.5398116807142893,0.010380041396310827
6520,-0.010742131434381009,0.501130211353302,0.5388452142477036,-0.006041162967366689
6525,-0.10902932733297348,0.48681808114051817,0.5430457512537639,0.09220031752363178
6530,-0.04805334284901619,0.49090431332588197,0.5488054643074671,0.03095455902496884
6535,-0.0354179710149765,0.4983597218990326,0.5218352317810059,0.019350798577901843
6540,0.0372046135365963,0.5199492573738098,0.5469035377105077,-0.05460739311783792
6545,-0.05352762416005134,0.4893245339393616,0.5359923799832662,0.035181181756721316
6550,-0.04379613995552063,0.5234980702400207,0.549812114238739,0.025805240241399675
6555,0.03508244156837463,0.499162095785141,0.5305625667174657,-0.052118882786380945
6560,-0.0414498969912529,0.4571169137954712,0.5386138498783112,0.024622609529969544
6565,-0.03397977501153946,0.4798623859882355,0.562797944744428,0.016505090122959958
6570,-0.1108019158244133,0.470193088054657,0.5466842581828435,0.09400669997124099
6575,-0.0948088899254799,0.47276232242584226,0.5526656856139501,0.07749324331945194
6580,-0.08697589486837387,0.4633531391620636,0.550914180278778,0.06996784771534535
6585,-0.030054890364408494,0.5063729405403137,0.5334949145714442,0.01351223989030785
6590,0.06371833309531212,0.5308574438095093,0.5795690576235454,-0.08247467103370634
6595,-0.04125394001603126,0.5258468151092529,0.5428508599599202,0.023648735920278323
6600,0.03584273681044579,0.4637947499752045,0.5486501236756642,-0.053464089184435494
6605,-0.07180202007293701,0.46819754838943484,0.5582648207743962,0.05480480713061486
6610,-0.14110408425331117,0.4649712860584259,0.536066014568011,0.12446038527775934
6615,-0.06528002321720124,0.47676036357879636,0.5405252913633982,0.04849779033144447
6620,0.009056797437369823,0.46089515686035154,0.5270499239365259,-0.02542948619267777
6625,-0.07988467961549758,0.5060826659202575,0.5394709229469299,0.06334381256780629
6630,-0.10131513774394989,0.46979970932006837,0.5170072903235753,0.08484641407124734
6635,-0.072357277572155,0.47952844500541686,0.5444596260786057,0.0554217637055116
6640,-0.02304859906435013,0.48234330415725707,0.5405466636021932,0.0052522477356487084
6645,-0.13704955875873565,0.47810285687446596,0.5096254626909892,0.12143094563050355
6650,-0.11545982360839843,0.4942685067653656,0.5261555105447769,0.0992495670342876
6655,-0.10783638805150986,0.4755154848098755,0.5382978032032649,0.0915319189450896
6660,-0.10610051453113556,0.4579461753368378,0.54828582406044,0.08928037995274452
6665,-0.0412375807762146,0.4919585406780243,0.5733853081862131,0.02361613521155059
6670,-0.11767979264259339,0.45538750290870667,0.5422278851270675,0.1010817567998549
6675,-0.055906571447849274,0.4913851976394653,0.5506973852713902,0.038705901491048064
6680,-0.1090646281838417,0.4878284752368927,0.5601360927025477,0.0917829163775231
6685,-0.08988635689020157,0.47082758545875547,0.5669418156147004,0.07236000413646765
6690,-0.13893820941448212,0.5130837440490723,0.551238069931666,0.12203432497323687
6695,-0.19649146795272826,0.47585558891296387,0.5351654509703319,0.17992327525619592
6700,-0.07449109703302384,0.48637024164199827,0.5361032704512279,0.05775281396380006
6705,-0.17489447295665742,0.4867656648159027,0.5467853118975957,0.15798991627445047
6710,0.04727661833167076,0.4878901720046997,0.5817625343799591,-0.06635323813579061
6715,-0.18297521471977235,0.4802985072135925,0.5389198333024978,0.1662990859571962
6720,-0.08173822313547134,0.48907830119132994,0.5625491638978323,0.06454686893960404
6725,-0.1378361016511917,0.44787963628768923,0.5454898178577423,0.12088817624691782
6730,-0.04575967118144035,0.5126659870147705,0.5709455400705338,0.027294963114832864
6735,-0.10155792832374573,0.46526227593421937,0.5432360659042994,0.08480614275795674
6740,-0.053830542415380475,0.48501707911491393,0.5728077520926793,0.03565490785161055
6745,-0.12840229272842407,0.47721855640411376,0.5655899246533712,0.11057369257833985
6750,-0.016084741801023483,0.5318320989608765,0.5540932456652323,-0.0014540742684865102
6755,-0.02050079368054867,0.5082330584526062,0.5633422603209813,0.002231776591330577
6760,-0.058746518939733504,0.50987468957901,0.5536867618560791,0.04116130555243512
6765,-0.1301485002040863,0.4627169668674469,0.5457170595725377,0.11336396658816292
6770,-0.15834349989891053,0.5137004256248474,0.5537430922190348,0.140247850691374
6775,-0.1345937192440033,0.4465816497802734,0.5540010134379069,0.11734612691710447
6780,-0.07901542484760285,0.4597446024417877,0.5482503434022268,0.06213453108655838
6785,-0.07015357613563537,0.47322816848754884,0.5589905818303426,0.052744801274280106
6790,-0.01048246156424284,0.47634854912757874,0.531471977631251,-0.00660225511060395
6795,-0.09024619162082673,0.4739589512348175,0.5417893181244532,0.07318070289882433
6800,-0.1518850713968277,0.47190016508102417,0.5389891366163889,0.13503014693061022
6805,-0.05450067594647408,0.4741777956485748,0.5722853620847066,0.036584486410163916
6810,-0.08626998513936997,0.45930384993553164,0.5701147198677063,0.0680531530451486
6815,-0.06379663199186325,0.46198933720588686,0.5566856702168782,0.046826275500582326
6820,0.032383023947477343,0.48354282379150393,0.5646318922440211,-0.04970762199559782
6825,0.008028796687722207,0.483587783575058,0.5808220942815144,-0.026829775899984
6830,-0.051745405048131944,0.4521016478538513,0.5758030931154887,0.03406345565555967
6835,-0.02468583919107914,0.5052353024482727,0.613015482823054,0.005271274459278887
6840,-0.03199019767343998,0.4962328732013702,0.5691965401172638,0.01382933486195439
6845,-0.060959475487470625,0.4559860646724701,0.5402646283308665,0.0435435661502739
6850,-0.1520860970020294,0.49214227199554444,0.535818463563919,0.13416169322759453
6855,-0.054122671484947205,0.43616944551467896,0.5398118197917938,0.03743129416487229
6860,-0.06954373568296432,0.4431239902973175,0.5520965496699015,0.05276319950142567
6865,-0.11600077003240586,0.5092147350311279,0.5742559293905894,0.09820329953295746
6870,-0.05023427903652191,0.46214550733566284,0.5594923943281174,0.03312006826454275
6875,0.013942639343440533,0.5013554573059082,0.566843452056249,-0.031676672890354265
6880,-0.05987626612186432,0.45413020849227903,0.5389221251010895,0.04310509999714163
6885,-0.03444730490446091,0.4569487750530243,0.5665628810723623,0.016973574112471787
6890,0.020699864253401756,0.5039474606513977,0.5697724342346191,-0.03865133712739723
6895,0.004260146478191018,0.5082260251045227,0.5366378823916117,-0.021260091550926223
6900,-0.026625605300068855,0.45017760396003725,0.5535650591055552,0.009088654045254033
6905,0.014646318182349205,0.47209957242012024,0.5505381186803182,-0.031570894944292494
6910,-0.012225653789937497,0.4683878481388092,0.5358661780754725,-0.004162146340444893
6915,0.012760962545871734,0.4660709142684937,0.5501916726430257,-0.02984131258794174
6920,0.035355770587921144,0.4929744601249695,0.5766900936762492,-0.053483993281495584
6925,-0.10393702238798141,0.46794106960296633,0.540423259139061,0.086481339146201
6930,0.005640503950417042,0.5257489442825317,0.55285458167394,-0.023200586369254164
6935,-0.021927061676979064,0.4860026121139526,0.5572220146656036,0.0029469945439192058
6940,-0.05033641755580902,0.4651955008506775,0.5479642689228058,0.03322903038257785
6945,-0.02656843364238739,0.48361411690711975,0.560571692387263,0.008498719484310208
6950,-0.05443495437502861,0.4580191016197205,0.5771186908086141,0.03661638051680054
6955,-0.050385691970586774,0.47765194773674013,0.5203090528647105,0.033523325195093975
6960,-0.05768585577607155,0.444876492023468,0.5596169392267863,0.03985833320800518
6965,-0.02910568118095398,0.4745100200176239,0.549509021639824,0.011776178284034959
6970,0.0127534544095397,0.45552282929420473,0.5691775759061177,-0.030739041134415106
6975,0.00913571398705244,0.4779070556163788,0.5498424937327703,-0.026997554522504266
6980,-0.13049256205558776,0.4537705183029175,0.5520842800537745,0.11324210067945961
6985,-0.041518451273441316,0.460592919588089,0.5550745248794555,0.02424903764661122
6990,-0.11349453628063202,0.47220978140830994,0.5349169065554936,0.09648595546449615
6995,-0.03770711794495583,0.46091254353523253,0.5406841029723485,0.020970777938095646
7000,-0.04434417560696602,0.46889362335205076,0.5412896623214086,0.027541265272197954
7005,-0.031983289122581485,0.5045438528060913,0.5512926270564397,0.015086321585023321
7010,-0.17068291008472442,0.4480335831642151,0.5431512971719106,0.15372398522046576
7015,-0.14024804532527924,0.4699492394924164,0.5625816772381464,0.1228700470238699
7020,-0.12309623956680298,0.4549542129039764,0.5541371424992879,0.10559600991781032
7025,-0.07312442362308502,0.4715287685394287,0.5619618674119313,0.05592569489244445
7030,-0.10656839460134507,0.4674043536186218,0.560123297572136,0.08947461904913047
7035,-0.12804133892059327,0.44731358885765077,0.542007573445638,0.11142491804143356
7040,-0.021672433242201805,0.4538594961166382,0.5427862773338954,0.004318535808085871
7045,-0.15660937130451202,0.4454055607318878,0.5464724828799565,0.13975942995287358
7050,-0.04813931211829185,0.4583238363265991,0.5408863931894302,0.03136266578148842
7055,-0.12752746939659118,0.43619714975357055,0.5310421665509542,0.1112357197955866
7060,-0.1280156582593918,0.49753612875938413,0.5450618733962377,0.11119949146376432
7065,-0.0026660944567993283,0.49753355979919434,0.5763815681139628,-0.01563490149662444
7070,-0.0884729266166687,0.4660444140434265,0.5377360075712204,0.07195961741636707
7075,-0.005543882772326469,0.46795610189437864,0.5456835170586903,-0.012065827231599295
7080,0.008104325085878373,0.46158250570297243,0.5361602971951167,-0.02464442621063631
7085,0.061785146594047546,0.47257405519485474,0.5364261587460836,-0.07938960283973527
7090,-0.062346835434436795,0.46889726519584657,0.5204157302776973,0.04655433375588969
