episode,actor_loss,critic_loss,entropy,advantage
5,-0.8308093547821045,0.7452548742294312,3.4429529587427776,0.7260740174587706
10,-0.8640527248382568,0.7926760196685791,3.46134938398997,0.7584490637789697
15,-0.7068526864051818,0.8073039174079895,3.4309295892715452,0.6015404180045564
20,-0.4899946987628937,0.7605355024337769,3.4094556331634522,0.3860932210401923
25,-0.4769999384880066,0.702875292301178,3.4288575251897178,0.3727346604990841
30,-0.5818118691444397,0.7018491387367248,3.405196181933085,0.4781137986211949
35,-0.36792041063308717,0.69186350107193,3.3988425493240357,0.26474783081505066
40,-0.41688483357429507,0.7373977303504944,3.3687634229660035,0.3143239208950353
45,-0.29556246399879454,0.6991067171096802,3.442812426884969,0.19153563746959543
50,-0.23773033022880555,0.7789148807525634,3.387280996640523,0.13527859360185768
55,-0.14408446550369264,0.6920894145965576,3.457939306894938,0.039127069322482985
60,-0.22067611515522004,0.7073617100715637,3.4066102504730225,0.1180557900110345
65,-0.03141544573009014,0.6548748254776001,3.3933407227198282,-0.07147057949062806
70,-0.2108076721429825,0.6433431267738342,3.393959633509318,0.10798188726113753
75,-0.16811519861221313,0.6507919907569886,3.3954015811284384,0.06522184826609251
80,-0.07876845896244049,0.5949589848518372,3.3745461622873942,-0.023393548709555956
85,-0.10663947612047195,0.6066059827804565,3.3926425774892173,0.004173236096893063
90,-0.12546721547842027,0.6342716813087463,3.380076702435811,0.023311215959668997
95,-0.21831037402153014,0.596860694885254,3.37920503616333,0.1163780744077802
100,-0.009387983568012714,0.6209249019622802,3.385109798113505,-0.09287499752568874
105,0.08237892389297485,0.6063375473022461,3.3787134408950807,-0.18486534721473816
110,0.01746883988380432,0.6174041867256165,3.3541354179382323,-0.1190402417842909
115,0.09415142238140106,0.6237918376922608,3.3698617935180666,-0.1968175846087864
120,-0.05055317059159279,0.6561360716819763,3.4184048175811768,-0.05307169009950514
125,-0.07278528362512589,0.6245395421981812,3.3290115118026735,-0.02877393785999288
130,-0.07105341255664825,0.6163424849510193,3.2966277758280436,-0.028952218063699922
135,-0.0693693533539772,0.6045721769332886,3.365630626678467,-0.03323153806583804
140,0.013467229716479779,0.6195176005363464,3.3456834316253663,-0.11549131059851805
145,0.12781531512737274,0.5806749701499939,3.3528602202733357,-0.22919975562051637
150,-0.056059439480304715,0.6413813352584838,3.3804909070332845,-0.04614965701996499
155,0.004603836638852954,0.617444920539856,3.333594870567322,-0.1061054189435887
160,0.053766796737909316,0.6630041003227234,3.355572732289632,-0.15578435485877634
165,0.056356745213270186,0.6300999879837036,3.326243782043457,-0.15689942286422512
170,-0.02752535343170166,0.6566612720489502,3.3279367446899415,-0.0740847139014364
175,-0.12451785057783127,0.6657231330871582,3.3417968273162844,0.023322362560891867
180,-0.039402023702859876,0.6099501371383667,3.2911297559738157,-0.060950068386874716
185,-0.03148408122360706,0.6053090929985047,3.30862029393514,-0.06916675843636041
190,0.001643517625052482,0.6398335576057435,3.307374199231466,-0.10237261569097511
195,-0.018559732288122178,0.6494422554969788,3.3323192675908406,-0.0825538191745993
200,-0.03844137489795685,0.6412223696708679,3.3081969817479453,-0.06279441851063869
205,0.012487068772315979,0.5693072319030762,3.3305819431940713,-0.11467115527803659
210,-0.07870856672525406,0.6366694211959839,3.3160998980204264,-0.021816021681100493
215,-0.13241190910339357,0.6005184888839722,3.3173041502634684,0.032116756222102145
220,-0.063974529504776,0.6450493574142456,3.298316152890523,-0.03593335772964754
225,-0.0931518867611885,0.6722830057144165,3.274826176961263,-0.005712537470947122
230,0.0690558284521103,0.6260523915290832,3.3346495389938355,-0.1702828241257122
235,-0.018007880449295043,0.6427691817283631,3.327585244178772,-0.08247183638527537
240,0.017782438918948172,0.6642112970352173,3.2615420897801717,-0.11662744217139823
245,-0.14775119721889496,0.6637351393699646,3.300919270515442,0.047117576956469426
250,0.01976664215326309,0.6040800929069519,3.2730944315592447,-0.11935062944613932
255,-0.018062584474682807,0.6393898129463196,3.281454022725423,-0.08137837600684063
260,0.05558227747678757,0.7126390695571899,3.266020186742147,-0.15462512606084966
265,-0.05065444856882095,0.5900094509124756,3.2697671969731648,-0.04907342204027133
270,0.0009639219031669199,0.6620105862617492,3.260079193115234,-0.10003588104959386
275,-0.05616708397865296,0.6132752060890198,3.2717394749323527,-0.043628968941384426
280,-0.07849499732255935,0.6231436371803284,3.2798960129419963,-0.02106569452619504
285,-0.05387744382023811,0.6092207312583924,3.2686630487442017,-0.045216318855567296
290,0.03150248937308788,0.6264439940452575,3.2397527853647867,-0.12992702951122678
295,-0.10532340854406357,0.6190681338310242,3.245271913210551,0.006796513011653077
300,-0.09314185976982117,0.6392267942428589,3.2652029275894163,-0.006295582759250467
305,-0.09871821105480194,0.6337595582008362,3.1970540126164755,0.0014718603526086885
310,0.0884957805275917,0.5787484049797058,3.2261518955230715,-0.1862356387495105
315,-0.07533481419086456,0.6645974397659302,3.2113813559214273,-0.021981749831021087
320,-0.140834978222847,0.601171326637268,3.1999804655710857,0.043543966108759324
325,0.09132150560617447,0.6311363697052002,3.2170485655466714,-0.1888921558905941
330,0.07438724040985108,0.64913010597229,3.1825515190760294,-0.1712901729411974
335,-0.07959569841623307,0.6032846212387085,3.222806437810262,-0.018339108783169272
340,0.03661516010761261,0.5975563883781433,3.2092225631078084,-0.13407605046757373
345,0.07521650046110154,0.6093488693237304,3.1829423030217487,-0.171611539878724
350,-0.07111708521842956,0.5882974863052368,3.1920321782430015,-0.027209653389800994
355,-0.16949980854988098,0.6499712824821472,3.1736692746480304,0.07200712214296802
360,-0.15754649341106414,0.5861580491065979,3.1307246685028076,0.06146187082867871
365,-0.16983591616153718,0.5926448941230774,3.1657164812088014,0.07314792916937644
370,-0.14936252534389496,0.5897706985473633,3.1165502230326334,0.05429553849232244
375,0.09311433732509614,0.6073244333267211,3.143826659520467,-0.19013268202531108
380,-0.08019431680440903,0.6258687019348145,3.117263436317444,-0.016515495868307913
385,-0.027793437615036963,0.5934139132499695,3.079321297009786,-0.06536817354347668
390,-0.005865522846579552,0.5925175070762634,3.050205357869466,-0.08712663978929983
395,0.11210922002792359,0.6569913029670715,3.0279900948206584,-0.20425922827944873
400,-0.1209062784910202,0.6152608513832092,3.042199945449829,0.027964338687842323
405,-0.13592850863933564,0.5959192872047424,2.990841825803121,0.044393948064441045
410,-0.17828209996223449,0.6174252390861511,3.003713115056356,0.08679474350035613
415,-0.15067531168460846,0.6570002198219299,3.0449097553888955,0.05661525707184107
420,0.027706409245729445,0.6398023128509521,2.9600114663441977,-0.11817557565559442
425,-0.011934998445212841,0.5892477035522461,2.935852273305257,-0.07781639409583836
430,-0.000242479816370178,0.5843685030937195,2.918646740913391,-0.08942134683202652
435,-0.05738797858357429,0.6238049387931823,2.9066914478937784,-0.03253432704200002
440,-0.09370509088039398,0.6622861862182617,2.8483380873998008,0.006167126643884783
445,-0.22637008130550385,0.5767930030822754,2.814132229487101,0.14003195994645615
450,-0.11817719340324402,0.6288241028785706,2.7941780646642047,0.03281557974491399
455,-0.17913271486759186,0.5799374461174012,2.7879989703496295,0.09396025600809088
460,0.04248257875442505,0.6645810723304748,2.7393187999725344,-0.12621267592848856
465,-0.08904382884502411,0.5555124640464782,2.776793432235718,0.003507253359453119
470,-0.0033824305748566983,0.6427537798881531,2.7200968901316327,-0.08079746985011232
475,-0.01024873647838831,0.5903865933418274,2.6291969696680706,-0.07030492424177205
480,-0.10880782306194306,0.5822964191436768,2.6527130524317424,0.026952454872405534
485,-0.21874479651451112,0.6034700989723205,2.66540949344635,0.13742788190963295
490,-0.062214989215135574,0.6010862946510315,2.6437300125757854,-0.018788074878571547
495,-0.06567761898040772,0.5902092337608338,2.687462242444356,-0.01711823541974288
500,-0.08287665992975235,0.621005380153656,2.724632819493612,-5.624701478757434e-05
505,-0.18722904622554778,0.5817172646522522,2.6263537963231403,0.10689541379480683
510,-0.05909393280744553,0.569078779220581,2.6391214688618976,-0.021132599455370816
515,0.06142472550272941,0.6068885922431946,2.6311771233876544,-0.14124710912097874
520,0.031356948614120486,0.5726917028427124,2.6187424659729004,-0.11051651384350182
525,-0.10075704902410507,0.5885419726371766,2.6285186290740965,0.02102264910108784
530,0.04608690515160561,0.6132861971855164,2.656661860148112,-0.12687797060452535
535,-0.050020699948072435,0.5422701001167297,2.6195996205012,-0.029961389039047836
540,-0.007435201480984688,0.5671665072441101,2.6748957792917887,-0.0750804520141326
545,0.007325482927262783,0.6104078888893127,2.6691763242085775,-0.0888651590747174
550,-0.1313639372587204,0.5835641622543335,2.679819186528524,0.04992182805077009
555,-0.054765642434358594,0.5865902781486512,2.5876786073048907,-0.02458508287949325
560,-0.12607264369726182,0.5790448784828186,2.627284622192383,0.04516452406436288
565,-0.05081352144479752,0.5867827534675598,2.5664454539616903,-0.027711107046766624
570,-0.20261712670326232,0.5335173845291138,2.5681291421254477,0.12437754229073177
575,-0.0405655637383461,0.5909575343132019,2.566549054781596,-0.03744995617104355
580,-0.21218332946300505,0.574019730091095,2.601443719863892,0.13259536933363267
585,-0.18778163194656372,0.5890303969383239,2.5675753593444823,0.10925070057304989
590,-0.10341247022151948,0.5889177799224854,2.608976380030314,0.023603316903986805
595,-0.04884166866540909,0.5508861899375915,2.6004134098688763,-0.03063214924596132
600,0.016122137755155565,0.5591291308403015,2.571845801671346,-0.09495750711136483
605,-0.13782657086849212,0.6067980647087097,2.504449558258057,0.06148372824718582
610,-0.10875666588544845,0.5720148921012879,2.545972951253255,0.031228610159137117
615,-0.13906700015068055,0.5749399423599243,2.558897868792216,0.06049628891183594
620,-0.017522552609443666,0.5970554828643799,2.558994507789612,-0.06007267352021654
625,0.024263982102274893,0.5870202660560608,2.523494585355123,-0.10181182266072081
630,-0.046749301999807355,0.5434087753295899,2.6206905682881674,-0.033222449032263644
635,-0.06090699210762977,0.5840759992599487,2.6106507062911986,-0.018349916100476933
640,-0.0808310091495514,0.5787172436714172,2.562578288714091,0.0013461894615328645
645,-0.17365500032901765,0.5780392169952393,2.5505196253458657,0.09489166783083564
650,-0.12377860695123673,0.5453465580940247,2.530741016070048,0.045046240074406135
655,0.013230160810053349,0.552455484867096,2.600634487469991,-0.09218653055787783
660,-0.09494284987449646,0.5825500845909118,2.58974404335022,0.015482270771113795
665,0.10746130794286728,0.5950308203697204,2.596687157948812,-0.18663274899078192
670,-0.11015089005231857,0.5833238959312439,2.6460068861643475,0.029293521948951864
675,-0.2885092496871948,0.6008475661277771,2.594372208913167,0.20941050545019624
680,-0.07867415547370911,0.5988519072532654,2.5455790917078653,0.0011208663876406005
685,-0.04622647389769554,0.5899032592773438,2.5322497844696046,-0.032405386799439204
690,-0.13920795023441315,0.5702927112579346,2.4815965334574384,0.06261512446755957
695,0.07184948176145553,0.5973238706588745,2.5374796390533447,-0.14923742543091156
700,0.0436555802822113,0.602549958229065,2.531020514170329,-0.12051713730612465
705,-0.03772085458040238,0.5685119509696961,2.5009945472081503,-0.03840675098386024
710,0.029572800546884537,0.5683387398719788,2.478188467025757,-0.10530358383654212
715,-0.1358450770378113,0.533466124534607,2.531695540746053,0.05839573423994712
720,-0.08351846486330032,0.5685395002365112,2.489879290262858,0.006744126790310672
725,-0.10769053995609283,0.5798407554626465,2.572696089744568,0.029341820124776076
730,0.049519342929124834,0.5704867720603943,2.4979018370310464,-0.12654399648824566
735,-0.04790108650922775,0.611411702632904,2.4463011503219603,-0.027900410047127535
740,-0.0951990082859993,0.5704757571220398,2.4775044282277423,0.01832099164642245
745,-0.13333091139793396,0.552660322189331,2.4450661341349282,0.058843271092068314
750,-0.011769214645028114,0.5678289413452149,2.462388054529826,-0.06310547274386864
755,0.020600790902972222,0.5177470684051514,2.41612065633138,-0.09508168367211775
760,-0.17099775671958922,0.5369091153144836,2.53939802646637,0.09252486050630727
765,-0.12242432683706284,0.5151546478271485,2.4078631162643434,0.04941880609551752
770,-0.0890286386013031,0.5889933347702027,2.5036565621693927,0.012455255307596407
775,-0.0715751200914383,0.6103751540184021,2.497711443901062,-0.004786140148298052
780,0.07580572217702866,0.5768569707870483,2.486988910039266,-0.1526097787157397
785,0.047651595622301104,0.5407998561859131,2.417435566584269,-0.12179356832420453
790,-0.03457440063357353,0.5525938391685485,2.4946245590845746,-0.041559269510506376
795,-0.08126540333032609,0.5549091577529908,2.442685015996297,0.006634504018044132
800,-0.12554799318313598,0.5444034695625305,2.3671569267908734,0.05349423424809087
805,-0.10523327738046646,0.5703103542327881,2.4848900000254313,0.029435384642861103
810,-0.0030945891980081798,0.5821594953536987,2.4524739027023315,-0.07188810819055964
815,-0.08705383986234665,0.5704613566398621,2.4700380007425946,0.010830866131249903
820,0.012957415357232095,0.5057373523712159,2.4112475951512655,-0.08722702170571169
825,-0.07644224911928177,0.5964956164360047,2.4106573979059855,0.002829054354913623
830,-0.07367765605449676,0.5569752216339111,2.480417275428772,-0.003053120150737158
835,-0.07603060156106949,0.5652818441390991,2.3417680184046428,0.004549034524876532
840,-0.047761022299528125,0.5718293190002441,2.400631244977315,-0.026185995409225296
845,-0.23325459957122802,0.4959580361843109,2.3538280010223387,0.16068812426498696
850,-0.08161536306142807,0.5248801469802856,2.3108081340789797,0.011445058915624388
855,-0.08194791078567505,0.5284348249435424,2.359595696131388,0.010035831874172653
860,0.046017734706401824,0.5862642049789428,2.3950793981552123,-0.11908443529996447
865,-0.05788111910223961,0.5464000344276428,2.374431506792704,-0.015144573360165788
870,-0.0954424113035202,0.4811048686504364,2.289620772997538,0.024734309236083517
875,-0.04496512934565544,0.5393028497695923,2.289426803588867,-0.02542089580881262
880,-0.055965373665094374,0.5491328358650207,2.357412314414978,-0.015581676693175612
885,-0.20629572868347168,0.5561189174652099,2.315477188428243,0.135673714910557
890,0.06900741308927535,0.5370798707008362,2.294402313232422,-0.1394113504073775
895,-0.05989663675427437,0.5370802283287048,2.2448564132054645,-0.008952884267876354
900,-0.08193509131669999,0.5329845786094666,2.1967791954676312,0.014859421631782888
905,0.03477619513869286,0.515782630443573,2.181885862350464,-0.10130849269207737
910,0.05011204332113266,0.548024594783783,2.2461084604263304,-0.11912857160903402
915,0.0685101494193077,0.5164112448692322,2.2165995756785075,-0.13579576659238893
920,-0.037761140614748,0.5249926567077636,2.165912882486979,-0.027886671654623427
925,-0.13656663298606872,0.5069033145904541,2.1747764507929483,0.07083613261877583
930,-0.0337364099919796,0.5026907563209534,2.1406478961308797,-0.03129313046941577
935,-0.024252325668931006,0.4952664077281952,2.153789432843526,-0.04124604050435915
940,0.011389005556702613,0.5873785018920898,2.2020283699035645,-0.077914719667754
945,-0.05050237700343132,0.5484211444854736,2.2521605332692465,-0.018572077199466405
950,0.016229058057069777,0.5125882267951966,2.2437997500101727,-0.08526167861411768
955,-0.06471316814422608,0.5155996322631836,2.2426900068918862,-0.003522795261422943
960,-0.04846461191773414,0.5742931604385376,2.2506469011306764,-0.020854451189145567
965,-0.08122378438711167,0.5456538319587707,2.182556708653768,0.014755985712183893
970,-0.06668017357587815,0.4887626051902771,2.1921597878138224,-0.000143876222126407
975,-0.06569779366254806,0.497157621383667,2.28304238319397,-0.004165213240581955
980,-0.03240566775202751,0.5098481416702271,2.2596106052398683,-0.036335238593382224
985,-0.04213621690869331,0.5689909219741821,2.229086422920227,-0.026214520107344378
990,-0.02084958739578724,0.48799874186515807,2.2279564221700032,-0.047038523286250626
995,-0.09799346923828126,0.5110066533088684,2.130699857076009,0.033164430229232766
1000,-0.06029052436351776,0.49266262650489806,2.2157015879948934,-0.0071395703249160225
1005,0.008081091288477182,0.5438854336738587,2.0914932250976563,-0.07205666541019087
1010,-0.07276678681373597,0.5023926854133606,2.1879534006118773,0.00554808976806474
1015,-0.009790532104671002,0.515589690208435,2.110050431887309,-0.05427535765980355
1020,-0.061144336313009265,0.5314695835113525,2.210704000790914,-0.005958405234440709
1025,0.1541251003742218,0.4926145911216736,2.106380653381348,-0.21850630238399482
1030,0.0011808285489678383,0.5346366167068481,2.1755631446838377,-0.06730174267974796
1035,-0.0626739390194416,0.5127351999282836,2.1059603452682496,-0.0012310762179740928
1040,-0.09113917350769044,0.546177613735199,2.126885191599528,0.026095638370755875
1045,-0.03302619531750679,0.5316126704216003,2.1538472016652426,-0.03243367425758031
1050,0.016721849143505097,0.5138737559318542,2.099895453453064,-0.08038640907997946
1055,-0.09118747413158416,0.49116102457046507,2.1698796351750693,0.025313428378462625
1060,0.009941353835165501,0.5225591659545898,2.138641897837321,-0.07571708037027593
1065,-0.05053360164165497,0.4892523229122162,2.102658232053121,-0.01349166835233131
1070,-0.024091217666864395,0.5131659626960754,2.104521624247233,-0.040076523873588815
1075,-0.08517100065946578,0.5310623526573182,2.1015761852264405,0.020958226717386823
1080,-0.06615991443395615,0.47190372347831727,2.1198508024215696,0.0014865935113973735
1085,-0.08109390139579772,0.4943112552165985,2.1053265651067097,0.016564711902187244
1090,-0.02247539199888706,0.5145147681236267,2.0630820989608765,-0.040721719189123054
1095,0.006340244226157666,0.4919559359550476,2.1421602090199787,-0.0715957249182931
1100,-0.1486639440059662,0.5055807828903198,2.0699105660120645,0.08538518385502601
1105,-0.030682216584682464,0.5039879560470581,2.124767859776815,-0.03350309667932577
1110,0.06395685225725174,0.556889021396637,1.9983797311782836,-0.12522709802269832
1115,-0.022956359758973123,0.5236939311027526,2.1044900178909303,-0.04161507099026543
1120,-0.06114988252520561,0.4874638557434082,2.021321964263916,-0.0009042596127173501
1125,-0.02266491837799549,0.5120842695236206,2.043976004918416,-0.04061089089450555
1130,-0.15901313126087188,0.511434006690979,2.11126442750295,0.09460727860998024
1135,-0.05765717104077339,0.49457640051841734,2.026099411646525,-0.005296375654882207
1140,-0.08566516488790513,0.5358672618865967,2.0889336109161376,0.02138502342108168
1145,-0.0791528880596161,0.47056273818016053,2.184394955635071,0.012338275426828955
1150,0.06181114912033081,0.5286412239074707,2.090178044637044,-0.12546845362055478
1155,-0.08612065017223358,0.5094139575958252,2.080216320355733,0.022285149074511783
1160,-0.07232306152582169,0.48539313673973083,1.956094710032145,0.012971804342205358
1165,-0.011424493044614792,0.45913553833961485,1.941879185040792,-0.04774951677019031
1170,-0.08613267987966537,0.5056487560272217,2.0103367726008097,0.024447362129394874
1175,-0.1855349749326706,0.45633662343025205,2.0392025152842206,0.12332422788871118
1180,-0.09124125242233276,0.4782004177570343,1.9970073223114013,0.03032630346539246
1185,-0.17717588245868682,0.48594812750816346,2.0251117587089538,0.11524847895781665
1190,-0.05706761330366135,0.4898540198802948,1.9905633449554443,-0.004020033748818981
1195,-0.03129062578082085,0.5271293759346009,2.00889310836792,-0.03073555624107382
1200,-0.2172113299369812,0.47078689336776736,2.0137253681818645,0.15538145530914999
1205,-0.009334409609436989,0.47409618496894834,1.9307740449905395,-0.04972073890454289
1210,-0.043400520086288454,0.4903500616550446,1.9229223171869914,-0.01529914655425679
1215,2.2550155699718742e-05,0.4773412704467773,2.051483980814616,-0.06251414178838785
1220,0.03615865111351013,0.49792819619178774,1.9739601214726765,-0.096628922043298
1225,-0.02061476968228817,0.45676376223564147,1.941497802734375,-0.03861720868058741
1230,-0.053651146590709686,0.4734321653842926,1.964952532450358,-0.006358737853612847
1235,0.02268177792429924,0.5152225255966186,2.017167830467224,-0.08422293543889628
1240,-0.1320876657962799,0.4721727192401886,1.9633293231328328,0.07238752206699878
1245,-0.059668618440628055,0.49441218972206114,1.9233031113942465,0.001100296558947927
1250,-0.1301330655813217,0.4885572373867035,2.0207096497217814,0.06801070541760436
1255,-0.06870415657758713,0.4638963580131531,1.9842509905497232,0.008042645442923626
1260,-0.18454414904117583,0.5019345879554749,1.9908846139907836,0.12383730754519412
1265,0.08881495893001556,0.4880957782268524,1.929723079999288,-0.14890254091490798
1270,-0.12093461453914642,0.4357053339481354,1.9201641162236531,0.06294248593699511
1275,0.06710081100463867,0.5081618666648865,1.9046526114145914,-0.12481846776720823
1280,-0.09719413220882415,0.47003938555717467,1.942817219098409,0.03780686956980615
1285,-0.10006689429283142,0.4386878192424774,1.8758696834246318,0.042486330986496644
1290,-0.04391177520155907,0.47355740070343016,1.972962737083435,-0.016005590312999397
1295,0.0767451748251915,0.49916810393333433,1.908561889330546,-0.13503792093929687
1300,-0.16873745024204254,0.4251520574092865,1.9398065010706584,0.10949554875428466
1305,-0.06731709837913513,0.4569471538066864,1.9730402866999308,0.007518205043549758
1310,-0.04416411966085434,0.4621965527534485,1.9056257247924804,-0.013956478623452341
1315,-0.05532137006521225,0.461567097902298,1.9386287887891134,-0.003427076780236272
1320,-0.021414787322282792,0.45671826004981997,1.8689144372940063,-0.03561358330060013
1325,-0.04495761916041374,0.443382066488266,1.89701806306839,-0.01277396541487947
1330,0.04464215710759163,0.538165271282196,1.9077982505162556,-0.103228077271383
1335,-0.17762362360954284,0.43819157481193544,1.9487049579620361,0.11834123988727625
1340,-0.0038384877145290373,0.4921063780784607,1.8953821182250976,-0.05429639659157489
1345,-0.20257488787174224,0.4519642233848572,1.9130663871765137,0.14413277775187125
1350,0.03375749662518501,0.4616378843784332,1.9052104234695435,-0.09167240588786882
1355,-0.12729703187942504,0.4729395925998688,1.8677587906519573,0.07033898302914551
1360,0.029271158576011657,0.4798125684261322,1.8494653145472209,-0.08586181401574018
1365,-0.06932230442762374,0.4453688681125641,1.8613381743431092,0.013120569867540843
1370,-0.1430373638868332,0.4670888900756836,1.9177651524543762,0.08416569254573805
1375,0.031777790188789366,0.4825673162937164,1.8541216611862184,-0.08862181793432294
1380,-0.07927050739526749,0.4586731195449829,1.9193472027778626,0.02111482534704142
1385,0.06101711839437485,0.44176470041275023,1.9226528803507488,-0.11980090864733504
1390,-0.005954399053007364,0.4567138433456421,1.816317081451416,-0.04904806099568874
1395,-0.04391973689198494,0.4331435561180115,1.8561317563056945,-0.01236927651818058
1400,0.07379584461450577,0.4685337066650391,1.8274959484736124,-0.12934408166939737
1405,-0.06085210144519806,0.4667337656021118,1.8805294752120971,0.003363370136491988
1410,-0.0520785890519619,0.4289599180221558,1.8689225991566976,-0.004828019190204922
1415,-0.3827638208866119,0.5812381982803345,1.8013028065363565,0.3253835691597756
1420,-0.31625295281410215,0.6090041160583496,1.821078860759735,0.2593829832144769
1425,-0.2893273174762726,0.5542118430137635,1.912697394688924,0.2295658784498609
1430,-0.35957000851631166,0.6191534519195556,1.7883095661799113,0.30424338982270843
1435,-0.25138148069381716,0.651832115650177,1.8752368807792663,0.1940046444197129
1440,-0.17266653776168822,0.7172208905220032,1.8073041200637818,0.11674251736376846
1445,-0.26372427940368653,0.6274900913238526,1.7957736690839132,0.20862472023057105
1450,-0.16380154490470886,0.7084251880645752,1.8315850456555685,0.10781638168882111
1455,-0.2057534247636795,0.6785221457481384,1.8525161902109781,0.14921587802018707
1460,-0.013358227536082267,0.6916439294815063,1.8509082357088724,-0.04332292193635895
1465,-0.03793521225452423,0.6744404315948487,1.831632641951243,-0.01773225636046898
1470,-0.0655901312828064,0.5983716487884522,1.8189419746398925,0.009961840477051115
1475,-0.015475834533572198,0.6592690110206604,1.8286506017049153,-0.04093076288128749
1480,0.002403412328567356,0.6785078525543213,1.8449157079060872,-0.059620809295751635
1485,-0.05291799083352089,0.6848451018333435,1.7727019230524699,-0.0011390554547634924
1490,-0.09730201363563537,0.6424660325050354,1.7987458825111389,0.04175952316416856
1495,-0.14857920110225678,0.6423807978630066,1.8460792819658915,0.09175589373517867
1500,-0.02970697395503521,0.6836115717887878,1.865596055984497,-0.027203657184559516
1505,-0.0639764904975891,0.5913805723190307,1.6860675493876138,0.01287988895858674
1510,-0.06832383722066879,0.6900829434394836,1.8358453313509624,0.012336923097671629
1515,-0.012202990241348743,0.6523450255393982,1.7928699731826783,-0.04253980085711044
1520,0.06318772956728935,0.6310217142105102,1.7518292307853698,-0.11671979412960912
1525,-0.08999346047639847,0.6647204995155335,1.723693589369456,0.03753010300833726
1530,0.0582729697227478,0.7128918528556824,1.806035856405894,-0.11443759491212814
1535,-0.22075304985046387,0.605828607082367,1.8400183280309041,0.16286516554723668
1540,-0.011631317064166069,0.6802239775657654,1.7997758905092875,-0.04434791729463716
1545,-0.09654290229082108,0.6647034168243409,1.7810999313990274,0.0418606685914935
1550,-0.05965960770845413,0.6716806054115295,1.802004075050354,0.004017303633655387
1555,0.04563036412000656,0.6930273771286011,1.7317716956138611,-0.09957772221732203
1560,-0.089739890396595,0.6890589833259583,1.7444061756134033,0.036875633431005424
1565,0.01728805769234896,0.7174211025238038,1.7699384967486063,-0.07168115190588877
1570,-0.035071120411157605,0.7186004638671875,1.789918633302053,-0.01940071024721626
1575,0.0763643816113472,0.6548996210098267,1.7464369098345438,-0.12985904369967702
1580,-0.06931650787591934,0.6486671209335327,1.8400177915891012,0.01316158631648133
1585,-0.1394755482673645,0.6331962823867798,1.7798874775568645,0.08498469781089049
1590,-0.19673684239387512,0.626054322719574,1.7881637454032897,0.14227405322557282
1595,-0.19981486797332765,0.6173368930816651,1.7673842628796896,0.14593040121831344
1600,-0.0018992040632383577,0.5744443535804749,1.7195066571235658,-0.05174160438880128
1605,-0.22507899701595308,0.5934978604316712,1.8211214264233908,0.1682841964815142
1610,-0.12205743789672852,0.6250051259994507,1.720910628636678,0.06959957478268704
1615,0.01106225661933422,0.7309691429138183,1.7853381037712097,-0.06722955470190467
1620,-0.10255970507860183,0.6739439725875854,1.776944140593211,0.04860407860894281
1625,-0.23148488402366638,0.605947744846344,1.7435038487116497,0.17841982135527854
1630,0.028617517650127412,0.6294954657554627,1.7368034640947978,-0.08293991409999098
1635,-0.002295813011005521,0.7147017478942871,1.785152272383372,-0.052570375297210065
1640,0.01909455396234989,0.6587481141090393,1.719850202401479,-0.072061628144784
1645,-0.017269571870565416,0.6260234475135803,1.6940058787663779,-0.035093699028602245
1650,-0.18110958039760588,0.7700128436088562,1.7870652437210084,0.12539527717944504
1655,-0.0034758930327370764,0.628603994846344,1.6722467541694641,-0.04836255211357274
1660,-0.17938605546951295,0.5894542455673217,1.6594033638636272,0.1277218726506732
1665,-0.0886596605181694,0.5837124586105347,1.6211700638135274,0.038612657708894944
1670,-0.13565472066402434,0.6121302366256713,1.6467039148012796,0.08549349216597249
1675,0.12876921594142915,0.6451670408248902,1.6139240304629008,-0.17795263729098676
1680,-0.03575646430253983,0.6739689111709595,1.6600945274035135,-0.01563018458890958
1685,-0.14959585070610046,0.5775614738464355,1.6259206612904866,0.10013306574264938
1690,-0.13822043538093567,0.5918532967567444,1.5847970962524414,0.08992810816182589
1695,-0.25584048628807066,0.6029760956764221,1.544566571712494,0.20846136603116477
1700,0.08488355278968811,0.5775447010993957,1.578372832139333,-0.13306369412337588
1705,-0.006691798567771912,0.6329661011695862,1.5864155213038127,-0.04225567726023705
1710,0.020952819660305978,0.6068879842758179,1.6795965592066446,-0.07274293082452873
1715,-0.14045021831989288,0.6503637909889222,1.6373036781946817,0.09007476634839795
1720,-0.007073789555579424,0.6710797667503356,1.5899543722470602,-0.04189237642106338
1725,-0.15777432322502136,0.599654757976532,1.7113811294237773,0.10561836815665103
1730,-0.03422787114977836,0.6532731771469116,1.6780481576919555,-0.017353872990171288
1735,0.05132455229759216,0.6951743364334106,1.6517953594525656,-0.10232865070483593
1740,-0.14789404571056367,0.6071084260940551,1.6695518215497336,0.09633138878177191
1745,0.015416757948696614,0.566804826259613,1.598521848519643,-0.06434149068172833
1750,-0.11208571642637252,0.6994351506233215,1.660819160938263,0.06120411543668078
1755,-0.08648725152015686,0.5821680903434754,1.566548192501068,0.038848701280976186
1760,0.0737670436501503,0.6231334805488586,1.610111943880717,-0.122967738765849
1765,0.004772041318938136,0.6252961397171021,1.6774349292119344,-0.05649914579138441
1770,-0.05864543616771698,0.6738339424133301,1.6594897150993346,0.007700400258605543
1775,-0.08154956996440887,0.5893754601478577,1.6250109791755676,0.03113432767927443
1780,0.04952498525381088,0.6515025854110718,1.643427805105845,-0.10006356884514998
1785,0.006972548644989729,0.6306196331977845,1.598465053240458,-0.0559823639852614
1790,-0.08165509402751922,0.6105875849723816,1.6038899858792623,0.032883806762768024
1795,0.0070165863260626795,0.6059319019317627,1.6140523314476014,-0.05710485742470808
1800,-0.2955198109149933,0.5915142893791199,1.6909246762593588,0.24344803544671959
1805,0.006327437050640583,0.6370330214500427,1.629487136999766,-0.05618829028578066
1810,-0.218567156791687,0.6342244744300842,1.7285949428876242,0.16545578241749215
1815,0.043500186502933504,0.6287456393241883,1.6331896901130676,-0.09404886992566532
1820,0.1655054897069931,0.675858986377716,1.6513613939285279,-0.21646155428467242
1825,-0.16518085598945617,0.6029099464416504,1.6786627888679504,0.11303901414092753
1830,-0.08905340880155563,0.6144851803779602,1.6469891905784606,0.03860960950127562
1835,-0.13868032097816468,0.6256813764572143,1.6757056713104248,0.08791865327686217
1840,-0.056070826202631,0.6606249928474426,1.6214021841684978,0.006091073904845722
1845,0.02979699708521366,0.6078874468803406,1.6096678137779237,-0.07920207704815155
1850,0.007800654042512178,0.5914573311805725,1.618292764822642,-0.05780074347210931
1855,-0.20411837697029114,0.5787898421287536,1.6538716157277424,0.15385746640391945
1860,0.03192088343203068,0.5885903000831604,1.5793500502904256,-0.0806518463507145
1865,-0.02543642669916153,0.5790066361427307,1.6361955841382345,-0.024630052390323242
1870,0.010918197222054005,0.6329537868499756,1.7335865497589111,-0.06397932776011142
1875,-0.03416121900081635,0.6309893965721131,1.6830645044644674,-0.017289970889418048
1880,0.027324995771050454,0.6065610408782959,1.6568221608797709,-0.078231812220539
1885,-0.07098345160484314,0.5775054693222046,1.743778125445048,0.01769609211749955
1890,-0.10913938730955124,0.6320738792419434,1.6969395955403646,0.057553838027063334
1895,-0.051868782937526704,0.5944288611412049,1.6708763241767883,0.0006094413233014858
1900,0.024361338838934897,0.6005042791366577,1.684657331307729,-0.07623238460191366
1905,0.09505674839019776,0.5857577919960022,1.6436294833819072,-0.14507017067781836
1910,-0.046845657378435136,0.6434996843338012,1.7492914080619812,-0.006492716073898693
1915,-0.07832171320915222,0.5655680418014526,1.7116101781527202,0.02562881970004175
1920,-0.13355448544025422,0.47670995593070986,1.6104056676228842,0.0840924130338809
1925,-0.014758441969752312,0.6396331429481507,1.6945857365926107,-0.037946135306595
1930,-0.07175530791282654,0.6420074105262756,1.6520038763682048,0.02068870803489514
1935,-0.1457686096429825,0.6531245946884155,1.7422746658325194,0.09201982474172318
1940,-0.1791839838027954,0.6234398484230042,1.618593486150106,0.1298222976186272
1945,-0.04909567311406136,0.645750629901886,1.695977469285329,-0.0028907073479123484
1950,-0.07277118414640427,0.6045310139656067,1.6751746535301208,0.021443222160489224
1955,0.17810849845409393,0.6170214653015137,1.7257977565129599,-0.2313549065998643
1960,-0.04051318317651749,0.6535701394081116,1.6995302200317384,-0.01165414308671326
1965,0.01612447649240494,0.648966646194458,1.7198204239209494,-0.06889230591944706
1970,-0.06660389453172684,0.5449273705482482,1.6658835013707478,0.015711699414786756
1975,0.07657224237918854,0.626664137840271,1.6757456382115683,-0.12973202815783716
1980,-0.0047006294131278995,0.5964914321899414,1.6043473998705546,-0.044148286101376784
1985,-0.12924084663391114,0.6534281134605407,1.6190677920977274,0.07918077389573408
1990,-0.004005714505910874,0.6273802638053894,1.6509243806203207,-0.04674521042180117
1995,-0.08242121785879135,0.5701393604278564,1.6963941693305968,0.03024991016891184
2000,0.01634351536631584,0.61543048620224,1.663409157594045,-0.06774489173254399
2005,0.0971837118268013,0.5773749947547913,1.5767421483993531,-0.14520923839074112
2010,-0.07172903418540955,0.5771867513656617,1.5779314080874125,0.02314660932504333
2015,-0.016818340867757797,0.6635221242904663,1.591866381963094,-0.03183353298653281
2020,-0.08182452768087387,0.5816335439682007,1.666776434580485,0.03020557196296744
2025,0.045303846895694735,0.5582385540008545,1.6315863331158955,-0.0949884387628437
2030,-0.008777252119034528,0.5882667422294616,1.6039881110191345,-0.04053433611748799
2035,-0.10922015160322189,0.5706568002700806,1.5887453476587932,0.05979053310271168
2040,-0.22518325448036194,0.595471453666687,1.634464152654012,0.17518109310448873
2045,-0.1274742752313614,0.6210039854049683,1.6207953532536825,0.07821112596761742
2050,-0.021822802349925043,0.6039080381393432,1.6324870467185975,-0.027793937844195846
2055,-0.09796967208385468,0.6282339453697204,1.5994852304458618,0.04875325692305487
2060,-0.03135035149753094,0.5965972900390625,1.623930033047994,-0.018398526309047755
2065,-0.09629189670085907,0.6026907563209534,1.6127694447835286,0.04656112717569082
2070,0.041409534960985185,0.6588924527168274,1.686808168888092,-0.09366881941809206
2075,0.006730820517987013,0.5968802690505981,1.6060160279273987,-0.055989518277318504
2080,0.09668460786342621,0.5721974492073059,1.670867415269216,-0.1481889450634897
2085,-0.20646000504493714,0.5886557579040528,1.653928772608439,0.15603871321256838
2090,-0.13799290955066681,0.588133704662323,1.7057716727256775,0.08589246957269672
2095,-0.10210375487804413,0.5329490423202514,1.6300183137257893,0.0520593103061191
2100,0.017661017179489136,0.6163475275039673,1.7125822146733602,-0.07030922498778765
2105,0.005135528882965446,0.5665173411369324,1.6536359945933023,-0.055963033709831266
2110,-0.1681584596633911,0.5715882420539856,1.6415086269378663,0.11824672258925535
2115,-0.04237595200538635,0.56385817527771,1.6668196280797323,-0.00861356725191093
2120,0.02745142802596092,0.5781036496162415,1.6304947813351949,-0.07709631464606345
2125,0.0017269217903958633,0.6257739782333374,1.6424869418144226,-0.05249737795499243
2130,-0.04073164463043213,0.5912933111190796,1.6616781949996948,-0.009984432937432806
2135,-0.18183113634586334,0.6150692105293274,1.6484346389770508,0.13160598806741286
2140,-0.01125537846237421,0.5916239500045777,1.663507866859436,-0.039952139818001005
2145,0.06763126105070114,0.6476769089698792,1.6470822095870972,-0.1180121970869367
2150,-0.22854069769382476,0.5856110692024231,1.6226917545000712,0.17861056113789192
2155,-0.18948911428451537,0.612246835231781,1.6719033678372701,0.1385032391580323
2160,-0.2284642219543457,0.6654848456382751,1.7465486168861388,0.17529724290752377
2165,0.046717698127031325,0.6159402251243591,1.6674489339192708,-0.09878424066123562
2170,-0.10768929421901703,0.5695398807525635,1.6295969208081564,0.05799605630239213
2175,-0.14537140130996704,0.6792672276496887,1.7306127587954203,0.09234640710313274
2180,-0.1575734555721283,0.5979073762893676,1.6425432324409486,0.10746542399040165
2185,0.01893365979194641,0.6688246011734009,1.662633470694224,-0.06983804182226579
2190,-0.05346198678016663,0.5726940035820007,1.681489630540212,0.001504966688186706
2195,-0.1422473520040512,0.5725274682044983,1.6653411626815795,0.09077320696514794
2200,-0.1817515105009079,0.5773781776428223,1.6082546710968018,0.1320947057689937
2205,-0.0822728767991066,0.5384322047233582,1.5726019859313964,0.03459529617904051
2210,0.0694171890616417,0.6730802774429321,1.6779736916224162,-0.12095627449423758
2215,0.12746140360832214,0.5998198390007019,1.5993188579877218,-0.17679512266956476
2220,-0.12368328869342804,0.7147267699241638,1.6627986391385396,0.07291182875434421
2225,-0.15430329144001007,0.5189345598220825,1.5851731340090434,0.1055906801281501
2230,-0.1108528345823288,0.629307997226715,1.6605473597844442,0.059937972757250275
2235,-0.08402054607868195,0.623887813091278,1.6222330292065938,0.033961827514325714
2240,-0.01912407986819744,0.6300392031669617,1.66109854777654,-0.031986481071939424
2245,-0.036279144883155826,0.5621746420860291,1.5439968585968018,-0.010883811052484805
2250,0.008522499352693558,0.5624012589454651,1.583460259437561,-0.05666813757379803
2255,-0.02461030036211014,0.5838627457618714,1.608642073472341,-0.024882770045211666
2260,0.07320499420166016,0.563944399356842,1.6236757318178812,-0.12291464351132653
2265,0.024653927236795426,0.5995603322982788,1.5324530124664306,-0.0715324580116512
2270,0.05204293131828308,0.5843600273132324,1.6038223187128702,-0.10158605084040245
2275,-0.20317493081092836,0.5994239211082458,1.6105465531349181,0.15321310790560494
2280,0.07112831920385361,0.6249323487281799,1.5571451226870219,-0.11884081012536038
2285,-0.12283989042043686,0.5715220451354981,1.6042272051175435,0.07346387142384611
2290,0.0007471771867130883,0.5535428166389466,1.602182936668396,-0.04936532715989867
2295,-0.007868725247681141,0.5768473029136658,1.5817689220110576,-0.04113872693041202
2300,0.05604574978351593,0.64887375831604,1.6974941968917847,-0.10872349407044775
2305,-0.10447711646556854,0.5473105311393738,1.5893306255340576,0.05618710635885628
2310,0.049211585521698,0.645539116859436,1.6511784712473552,-0.09994211637664757
2315,0.03686763197183609,0.5828894257545472,1.6289462089538573,-0.08620935271957363
2320,0.08067712634801864,0.5557445406913757,1.5245204170544941,-0.12712158060471201
2325,-0.0324014388024807,0.5985062837600708,1.6139465729395548,-0.017114095161175163
2330,-0.08925661146640777,0.5548797011375427,1.5542309165000916,0.041301569847968136
2335,-0.13496674299240113,0.613797664642334,1.6072110931078594,0.0860638095601346
2340,-0.021108040958642958,0.6443689942359925,1.6273385127385458,-0.029132102352894887
2345,-0.13554240763187408,0.580604350566864,1.676124087969462,0.08447223236899194
2350,-0.06814429014921189,0.5446348071098328,1.6291597565015157,0.01867155770329766
2355,-0.14517222940921784,0.6385314464569092,1.701269845167796,0.09302019869329783
2360,-0.12258645594120025,0.54669668674469,1.5802112460136413,0.07441133950531678
2365,-0.2037996768951416,0.5459896802902222,1.6484142700831095,0.15337188729487256
2370,-0.16744037270545958,0.5662481546401977,1.7500922640164693,0.11377709838332302
2375,-0.1296826869249344,0.5921204209327697,1.6887560486793518,0.07705190684481066
2380,-0.0981866866350174,0.6322273254394531,1.6614648381868997,0.04731216058651914
2385,-0.08558736741542816,0.6256088614463806,1.5827145099639892,0.03719790294867574
2390,0.06120899319648743,0.5607605576515198,1.572979215780894,-0.11026127790730897
2395,-0.20114282071590422,0.6155483841896057,1.7094015638033548,0.14822665465706764
2400,-0.2727496922016144,0.6648772120475769,1.6624995708465575,0.2219215167175292
2405,-0.08182456344366074,0.6197768688201905,1.6591151833534241,0.031054130515666387
2410,-0.11071959882974625,0.6130087018013001,1.6714320381482441,0.05919656639683696
2415,-0.13248569369316102,0.5532317638397217,1.6466373165448507,0.08167211093686022
2420,0.016722236201167105,0.5292961478233338,1.6026287158330281,-0.06630295482791553
2425,0.03237463943660259,0.6492160320281982,1.6692675193150839,-0.0846857349628938
2430,-0.09028574973344802,0.5600851655006409,1.5716927448908489,0.04116470530425746
2435,0.03042820133268833,0.6096123337745667,1.5709405740102131,-0.0798740799708893
2440,-0.006513173133134842,0.6127033114433289,1.5413628776868185,-0.04056451382798316
2445,0.06548163145780564,0.5766785025596619,1.5617685516675313,-0.11406171434346576
2450,-0.17059526443481446,0.5611260175704956,1.5408218145370483,0.12292731826832325
2455,-0.12027515023946762,0.5375247001647949,1.4922627091407776,0.07440394490093803
2460,0.12268649488687515,0.6188983201980591,1.5379406412442524,-0.17011391320863595
2465,0.074328975379467,0.5968848943710328,1.4898314197858176,-0.12003644531923834
2470,0.035458709299564364,0.6008588552474976,1.5808061281840007,-0.08394920799313445
2475,0.0007474141253624112,0.5543307065963745,1.5548250118891398,-0.04939165392225295
2480,-0.2246042847633362,0.606085205078125,1.597406760851542,0.17625294423780347
2485,-0.13389039039611816,0.5525317072868348,1.4844420433044434,0.08791673874484139
2490,-0.0905653715133667,0.5726058721542359,1.4346384843190512,0.04622953863884769
2495,-0.018694840744137763,0.5606191039085389,1.4470835208892823,-0.02598374531541623
2500,-0.09548371881246567,0.5528044700622559,1.4493531425793966,0.0507209897058539
2505,-0.012082350626587867,0.546034061908722,1.4352902889251709,-0.03215732537564204
2510,-0.10293866693973541,0.5494298696517944,1.4382261276245116,0.05904347657686195
2515,-0.03959029987454414,0.6439243674278259,1.536534810066223,-0.007829960403769633
2520,-0.10529764145612716,0.5394692420959473,1.4207226554552714,0.06155021873303116
2525,-0.22271900475025178,0.5340273141860962,1.4601892749468486,0.17821431523299874
2530,-0.1224490001797676,0.49587562680244446,1.4271063327789306,0.07870481606403719
2535,-0.07048908621072769,0.5573273062705993,1.4474732915560404,0.026281005124339656
2540,-0.0020163991721346974,0.6194363951683044,1.441644835472107,-0.041657651414129
2545,0.11710601598024369,0.5788274765014648,1.4344991445541382,-0.16171656436269788
2550,0.012855132296681403,0.5505776405334473,1.4512563387552897,-0.057648070311567184
2555,-0.07849477082490922,0.6638044834136962,1.4818148612976074,0.03267973409130225
2560,-0.2992658317089081,0.5364393830299378,1.415966018040975,0.2559445478968855
2565,-0.010111048631370068,0.5505525946617127,1.4308423717816672,-0.034191557736030526
2570,-0.05810727924108505,0.5540981888771057,1.4210559368133544,0.014521501710414757
2575,0.08701929450035095,0.5421356439590455,1.403659705320994,-0.13052225892649055
2580,-0.07846281081438064,0.6034452199935914,1.4053174217542013,0.03553326548353545
2585,-0.030609407648444175,0.5531605243682861,1.3915343483289082,-0.012092785001078864
2590,0.026433105766773223,0.6474372744560242,1.4244341890017191,-0.06999315103365718
2595,0.029119320586323737,0.5572670936584473,1.4288182377815246,-0.07285341708101563
2600,-0.0602245606482029,0.5455534100532532,1.4098087072372436,0.01680642674687772
2605,0.010020404867827893,0.596879506111145,1.3839866876602174,-0.0522360877353054
2610,-0.005672933347523212,0.5622084975242615,1.3739486336708069,-0.03643057759109732
2615,0.07151110470294952,0.5624723315238953,1.4516374349594117,-0.11697016186303945
2620,-0.0620533786714077,0.4859746336936951,1.367401921749115,0.020514030646787224
2625,-0.11354386657476426,0.5768663763999939,1.3570105195045472,0.07223269558772809
2630,0.09181468337774276,0.5801549553871155,1.3837065776189168,-0.13469592690557208
2635,-0.0630498357117176,0.5449179530143737,1.356628413995107,0.021598934788388164
2640,-0.0820169135928154,0.6384506464004517,1.3546460747718811,0.04023630316566467
2645,-0.052856214344501495,0.5126705288887023,1.3297274549802145,0.01179381336638024
2650,-0.012223816476762295,0.506577730178833,1.322913126150767,-0.02805670982085857
2655,-0.02745085209608078,0.5456449031829834,1.321195912361145,-0.01350430198195696
2660,-0.08856236189603806,0.6079837918281555,1.3660258730252584,0.046360387246373175
2665,-0.03679933175444603,0.5080853819847106,1.2942769209543863,-0.002780934573927344
2670,-0.22764080464839936,0.4839001178741455,1.3724952896436056,0.18533081827058107
2675,0.028001072257757186,0.590754771232605,1.3002919753392537,-0.06874716278096916
2680,-0.04512474313378334,0.5650668740272522,1.3049943049748738,0.005141732150745303
2685,-0.076665860414505,0.5497600913047791,1.2850143432617187,0.037113977257772456
2690,-0.05014151558279991,0.533857786655426,1.332777206103007,0.00872284900135669
2695,-0.10655175894498825,0.5233134388923645,1.3174383322397867,0.06541454511037613
2700,-0.17428463101387023,0.5107903718948364,1.3225406606992085,0.13397279705634008
2705,-0.05914194360375404,0.6149025678634643,1.2759902834892274,0.020244742323427004
2710,-0.10841159522533417,0.5259466409683228,1.2622468709945678,0.06983236918016437
2715,-0.012235897593200207,0.5959689617156982,1.3580954273541768,-0.029812087559029986
2720,-0.0849553644657135,0.5514529705047607,1.3244881788889566,0.04383905846260142
2725,-0.01505737267434597,0.5257210016250611,1.291947841644287,-0.02455859328511916
2730,0.0015422142576426267,0.5102592945098877,1.294268504778544,-0.0409269544585898
2735,0.15928998291492463,0.5938590288162231,1.3140029827753703,-0.19972139080985757
2740,-0.025626900419592858,0.5942046999931335,1.3262284636497497,-0.015972750840871283
2745,0.1103965625166893,0.6093470096588135,1.3066297014554342,-0.15092928383758014
2750,-0.025917597115039825,0.592014491558075,1.342575438817342,-0.015312477717886637
2755,-0.035602417588233945,0.5484231591224671,1.289054000377655,-0.0036574343763287813
2760,0.0819538339972496,0.5162155389785766,1.2964576443036397,-0.12211270473538538
2765,-0.010448574088513851,0.5663238406181336,1.3141699155171713,-0.02963015724601358
2770,-0.2198013573884964,0.49424328207969664,1.2746596852938334,0.18115100075248353
2775,-0.04384716600179672,0.5327000260353089,1.2728358070055643,0.00492736756947393
2780,-0.11485422849655151,0.63072429895401,1.2758238593737283,0.07586900351383943
2785,0.04450453519821167,0.5395052194595337,1.2477742711702982,-0.08257107176702329
2790,0.01222698949277401,0.5211242318153382,1.2560868859291077,-0.05060281225991671
2795,-0.047781462967395785,0.505710506439209,1.2970710555712381,0.008294967516866491
2800,-0.2063635379076004,0.570312762260437,1.3058626532554627,0.1662837568046257
2805,-0.07998077124357224,0.5641090035438537,1.2500862956047059,0.041818351298881395
2810,0.11562003791332245,0.5805800914764404,1.2670691728591919,-0.15550976631476837
2815,-0.0028742462629452346,0.49941059947013855,1.1968603332837422,-0.03441838293735474
2820,-0.05924652069807053,0.5675675511360169,1.2514219999313354,0.021176468641891568
2825,-0.021586038917303086,0.5727098464965821,1.218683091799418,-0.01578837101209797
2830,0.04730125516653061,0.5867104530334473,1.1980169296264649,-0.08409073130006935
2835,-0.12120874375104904,0.5622872471809387,1.2372202396392822,0.08298308720331989
2840,-0.04898686408996582,0.5509214758872986,1.228841245174408,0.011032295390100035
2845,0.023983411118388177,0.6381020069122314,1.242307690779368,-0.062256721127587844
2850,-0.21467101871967315,0.51522878408432,1.1557623028755188,0.17926004463720693
2855,-0.07553248554468155,0.5146430611610413,1.2215322573979697,0.03860148640986492
2860,0.021952179074287415,0.5376815676689148,1.1811562538146974,-0.057965248491120495
2865,-0.06280088722705841,0.5784461855888366,1.2467397133509317,0.024782481312353645
2870,0.028765788674354552,0.5744346261024476,1.2070643822352092,-0.06556687686065937
2875,-0.10798204690217972,0.5643447518348694,1.2432770133018494,0.0702251881127905
2880,0.006747503485530615,0.49501516819000246,1.2071003238360087,-0.04338165051587838
2885,-0.010301771573722363,0.5832856178283692,1.2237510879834492,-0.02710454191655359
2890,-0.05695514902472496,0.5366628646850586,1.2356708804766336,0.01957951349249616
2895,-0.06498242169618607,0.5510073900222778,1.209956955909729,0.028430103934912604
2900,0.10153651088476182,0.5891741156578064,1.2549175381660462,-0.14028745011806354
2905,-0.06513646394014358,0.5441777467727661,1.2751843810081482,0.024756848585962388
2910,-0.14368376433849334,0.5252225995063782,1.2104509949684144,0.10609899877511672
2915,-0.053585896641016005,0.5370140552520752,1.261676021416982,0.014865309783069543
2920,-0.17118330001831056,0.6032920718193054,1.277186131477356,0.13238132050920784
2925,0.06649951338768005,0.5056766390800476,1.2364450216293335,-0.10403129171474908
2930,0.004312667855992913,0.5348264932632446,1.2939993222554524,-0.0439193218472437
2935,0.009998161345720291,0.5362007856369019,1.2324525356292724,-0.04798127374403447
2940,-0.10009526461362839,0.5460519313812255,1.2818801840146383,0.06022058504203838
2945,-0.16447777450084686,0.5302113056182861,1.268698267141978,0.12549663152468352
2950,-0.22829535901546477,0.5278363823890686,1.2476883808771768,0.19021814754861882
2955,0.019158894941210747,0.5548049330711364,1.2574806729952495,-0.05829242282140781
2960,0.047546207904815674,0.6775659918785095,1.2834422707557678,-0.08727094956054056
2965,-0.005222639394924044,0.5349083781242371,1.2304519891738892,-0.03326480143765877
2970,0.09227895736694336,0.542121148109436,1.2072290221850077,-0.12925128004362768
2975,-0.06044135540723801,0.4904460310935974,1.2124215205510458,0.023445647360896927
2980,-0.12117141485214233,0.5349110841751099,1.2314205567042034,0.0836547232935475
2985,-0.03389248102903366,0.6261392712593079,1.1879247426986694,-0.0022637840399182593
2990,0.04764093160629272,0.5903793811798096,1.2449397246042888,-0.08583612516306856
2995,0.033000755682587625,0.6546269536018372,1.2497677008310955,-0.0724952245375697
3000,-0.11570406407117843,0.568510901927948,1.1830962260564168,0.07923298243647646
3005,-0.10170696526765824,0.5129385590553284,1.1651955366134643,0.06521374192535315
3010,-0.08709747195243836,0.6069408059120178,1.2076841115951538,0.04984897789485779
3015,-0.1281181424856186,0.5051886677742005,1.144477128982544,0.09266744045022418
3020,-0.06966187506914139,0.5537596106529236,1.156732984383901,0.03440757342588774
3025,-0.1282631367444992,0.5107889175415039,1.2111918489138285,0.0911750460965181
3030,-0.058975256979465485,0.5262430310249329,1.1567408998807271,0.02373737109549129
3035,-0.12670474648475646,0.5566622614860535,1.2169907768567403,0.08953014496826421
3040,-0.05119927003979683,0.6087268948554992,1.1809163014094035,0.01488886401639056
3045,-0.07744615226984024,0.5665104746818542,1.1839654445648193,0.04121579469530575
3050,-0.07224931716918945,0.5246739268302918,1.1463433464368185,0.03696703315250319
3055,-0.03580683842301369,0.6238864779472351,1.19483425617218,-0.0011411938886001654
3060,-0.016375513374805452,0.5367635130882263,1.0909304857254027,-0.016749081435560337
3065,-0.05139187648892403,0.4906772792339325,1.1127665678660075,0.017389955996420143
3070,-0.0710993081331253,0.5182137846946716,1.1148162007331848,0.03714479700789372
3075,0.061651521176099774,0.5446042537689209,1.1530658841133117,-0.09783398814582699
3080,0.10776861160993575,0.5851149797439575,1.1492716073989868,-0.14280140477200723
3085,-0.15997303724288942,0.5290846109390259,1.1748087803522747,0.12425767271958647
3090,-0.14126084744930267,0.4885246753692627,1.1600497921307882,0.10597984662748905
3095,-0.06136486381292343,0.5596975564956665,1.1295260945955912,0.026225535628943628
3100,-0.10781933516263961,0.47237755060195924,1.13558539946874,0.07297500916441428
3105,-0.10685941576957703,0.4809268057346344,1.1584651986757915,0.07135064608708379
3110,-0.011636667512357235,0.53373281955719,1.1355990529060365,-0.02326704300275435
3115,-0.027517192438244818,0.5283514618873596,1.0870240569114684,-0.006055207100756916
3120,-0.1252766117453575,0.5307473778724671,1.0874336640040079,0.0922978161988371
3125,-0.13796959221363067,0.606258749961853,1.1578782757123312,0.10258105866202706
3130,-0.15263609886169432,0.5338968753814697,1.1262451807657878,0.11790915223341111
3135,0.029572365432977678,0.5144199728965759,1.0702983021736145,-0.062369764194364734
3140,-0.04602806568145752,0.5154920816421509,1.0763016621271768,0.013127731186669359
3145,-0.03956635445356369,0.5703603029251099,1.1589051405588786,0.003945118460788738
3150,0.11637058556079864,0.5570168852806091,1.1382874369621276,-0.15205229238428444
3155,0.0221237376332283,0.5575285673141479,1.1531062046686809,-0.05731779582472267
3160,0.09337359815835952,0.5826518058776855,1.1614195505777996,-0.13004711868112576
3165,-0.05048203617334366,0.472077465057373,1.072982943058014,0.017414265494787744
3170,-0.0397911511361599,0.5795451521873474,1.1428289930025737,0.004402562578299401
3175,-0.076417276263237,0.5385619521141052,1.0740272482236226,0.043773288554605175
3180,0.0443269245326519,0.5672567248344421,1.131827429930369,-0.07936758497075541
3185,-0.08807029277086258,0.5501325488090515,1.0868013381958008,0.05414878280640447
3190,-0.0053251410834491255,0.5205618500709533,1.1301109393437703,-0.029295003256981793
3195,-0.20175410509109498,0.4812586784362793,1.100302278995514,0.16805754881791826
3200,-0.04775365516543388,0.5651277542114258,1.136907664934794,0.012459837608500751
3205,-0.12097350358963013,0.5386278867721558,1.113437863190969,0.08690917450531464
3210,-0.2075142741203308,0.5162343144416809,1.1084234913190205,0.17363586978353207
3215,-0.07396043986082076,0.48507876992225646,1.0533779978752136,0.04172359161729599
3220,-0.20262224674224855,0.47953822612762453,1.068816395600637,0.16964079842171237
3225,0.030439696833491327,0.5393349170684815,1.0831379771232605,-0.06371042193196136
3230,-0.089385387301445,0.563702404499054,1.129604411125183,0.05512761352783542
3235,-0.09020977318286896,0.5476784825325012,1.1289537787437438,0.05516683082187384
3240,-0.07250542640686035,0.5155134916305542,1.1758513967196147,0.03654722162715097
3245,-0.16534915268421174,0.5098109483718872,1.1229912837346394,0.13115237876276856
3250,0.011621235311031342,0.58520028591156,1.07308109998703,-0.04439588456325039
3255,0.06952838748693466,0.5458883881568909,1.1289363423983256,-0.10404820614369552
3260,-0.06509560793638229,0.49273439645767214,1.0847415407498677,0.031989809219559955
3265,-0.146470108628273,0.4931225538253784,1.1177608648935953,0.11251581541962904
3270,-0.03268659338355064,0.5317623972892761,1.1270081718762717,-0.0015327409015543612
3275,0.04771305769681931,0.589636480808258,1.1470273335774739,-0.08352217738348722
3280,0.08372882306575775,0.5548986554145813,1.1125128547350565,-0.11786662551712762
3285,-0.08063332289457321,0.5633676528930665,1.1291658242543539,0.045347518797198644
3290,0.07200678288936616,0.5018522381782532,1.191165300210317,-0.1091149559313576
3295,-0.019336847960948943,0.6195498585700989,1.114936319986979,-0.014971788427960056
3300,-0.1593136578798294,0.5089237928390503,1.104077982902527,0.12563095800161464
3305,-0.09744137972593307,0.4876381278038025,1.077245263258616,0.06467510588269859
3310,-0.09280776977539062,0.5760317802429199,1.0865803956985474,0.05948236996527356
3315,0.05839167609810829,0.531422245502472,1.1131993015607198,-0.09278257849041795
3320,0.017995943501591682,0.5439854025840759,1.0851566433906554,-0.05125352487297406
3325,-0.07204346656799317,0.529814624786377,1.1025513807932537,0.037858188182426346
3330,-0.010377656668424606,0.5520923018455506,1.0669399738311767,-0.02294795902864659
3335,-0.05593466833233833,0.5509087443351746,1.0804998993873596,0.022783020638929844
3340,-0.019267087802290916,0.5271642923355102,1.120109748840332,-0.015041401955954662
3345,0.0023954321630299093,0.5169535994529724,1.114658284187317,-0.0363464868435178
3350,-0.07533546686172485,0.5540624976158142,1.093498949209849,0.04157533961556522
3355,0.015647136233747007,0.539670717716217,1.1198785821596782,-0.04988960650493784
3360,-0.15749425888061525,0.6078472375869751,1.1205395221710206,0.12341391197181939
3365,-0.09996937215328217,0.5076791644096375,1.1117990970611573,0.06626405616743229
3370,-0.15557008385658264,0.5824689030647278,1.1189471284548442,0.121083609273992
3375,-0.0176999531686306,0.5602573752403259,1.084367537498474,-0.015496027998719542
3380,-0.034040141850709915,0.5361276030540466,1.0861183047294616,0.0009238713966189103
3385,-0.04114873334765434,0.5259326696395874,1.097143006324768,0.007730416349005667
3390,-0.025640764087438584,0.5884894609451294,1.124041748046875,-0.008974092519257256
3395,-0.09831777662038803,0.49988901019096377,1.0838635166486104,0.06520021030336796
3400,-0.07869539856910705,0.5204086899757385,1.1138824621836345,0.04444164275702578
3405,0.11610409170389176,0.6071507334709167,1.1191184997558594,-0.15135368045428912
3410,-0.04476028606295586,0.5250994682312011,1.0751165707906087,0.011564176845213875
3415,-0.06556628197431565,0.5519919633865357,1.112417455514272,0.03121611386355929
3420,-0.15943130552768708,0.544917356967926,1.0741414666175841,0.12625520940701973
3425,-0.15539168417453766,0.5260195016860962,1.096033763885498,0.12121659865758508
3430,-0.12656658589839936,0.5208671808242797,1.0593001087506613,0.09352398123260788
3435,-0.13517126441001892,0.4739918112754822,1.0128658771514893,0.10367974626119732
3440,-0.12659992575645446,0.49055527448654174,1.0806562582651773,0.09287620226121751
3445,-0.12030013352632522,0.49163833260536194,1.077479084332784,0.08746058308398912
3450,-0.08552360385656357,0.5426261305809021,1.0602917353312173,0.05348755404162275
3455,-0.0007980968861375004,0.5444658875465394,1.0829861601193747,-0.0321123734556215
3460,-0.14201463162899017,0.5084073305130005,1.0543606877326965,0.10998602625504857
3465,0.0573114238679409,0.5751157760620117,1.0781262238820395,-0.09123968910733166
3470,0.01850176230072975,0.5546356558799743,1.0354617238044739,-0.049799023271351966
3475,0.08518388271331787,0.5598198771476746,1.0764618078867594,-0.11797834215786462
3480,0.03145304508507252,0.5513217091560364,1.0958919525146484,-0.06525790838118593
3485,0.1365162640810013,0.5623604536056519,1.0608511845270792,-0.17069447259746828
3490,-0.19359956681728363,0.5011522531509399,1.0956884980201722,0.16043420002241673
3495,-0.0386508010327816,0.525484275817871,1.0685252785682677,0.005473275704376246
3500,0.00036234738190614734,0.508667266368866,1.0558521548906963,-0.032540119124328616
3505,0.038261068612337114,0.5088147401809693,1.0905513485272726,-0.07191071402673027
3510,-0.03331700041890144,0.5638616204261779,1.0817976355552674,0.0005807652205491538
3515,0.11261348128318786,0.5285967469215394,1.0726775368054708,-0.14593415975601548
3520,-0.062086623162031174,0.4963001191616058,1.065674082438151,0.02954844115366657
3525,-0.11612674593925476,0.4955459892749786,1.0613957126935323,0.08369256536699837
3530,-0.09160774946212769,0.5671356081962585,1.118581195672353,0.05688751279524365
3535,-0.06186299696564675,0.5251393556594849,1.114000145594279,0.027778878318071958
3540,-0.01280780415982008,0.506457531452179,1.072637132803599,-0.020034222262119518
3545,-0.13301658928394317,0.5678255200386048,1.0645137389500936,0.10037816415977652
3550,-0.10211749374866486,0.5305997371673584,1.0817179759343465,0.06904186069002505
3555,0.028009116649627686,0.49686349034309385,1.077341357866923,-0.06103626863987792
3560,-0.03303414136171341,0.5163690567016601,1.0873575488726297,-0.0002365192588102613
3565,-0.017243142798542978,0.5221072793006897,1.10205792983373,-0.016495857278129415
3570,-0.07978005409240722,0.48979212045669557,1.099935523668925,0.04580192719872333
3575,-0.10374564230442047,0.5309619903564453,1.1104543526967368,0.06988950893024795
3580,-0.12500110417604446,0.5507437944412231,1.0578448911507925,0.09191183641535
3585,-0.07105318158864975,0.6114927649497985,1.1326866626739502,0.036333220129508494
3590,0.012880207784473897,0.543465769290924,1.0689223329226176,-0.04625704580846833
3595,-0.06877017617225648,0.5498158454895019,1.1022481282552083,0.03485968495756299
3600,0.011282045766711235,0.49334250688552855,1.0767689983050028,-0.044045577690659914
3605,-0.03184228166937828,0.5132808566093445,1.119908062616984,-0.0023190725480544843
3610,-0.03173912987112999,0.4896419107913971,1.1114056984583536,-0.002218065072927097
3615,-0.07125032544136048,0.5338362455368042,1.0505231499671936,0.03913039331269827
3620,-0.023858945444226266,0.5247474789619446,1.0682369589805603,-0.008715125440491934
3625,-0.07538668513298034,0.6260059595108032,1.1351479490598042,0.040859498713394296
3630,0.041272806376218794,0.5393201589584351,1.0804136792818706,-0.07483160008795268
3635,-0.08760987967252731,0.5181709051132202,1.1316381414731345,0.052993993599377835
3640,-0.0712493196129799,0.5532952904701233,1.101143765449524,0.0375172378219003
3645,0.012218063697218895,0.5516514778137207,1.1198957006136576,-0.04753370622258914
3650,-0.042800634354352954,0.5424373984336853,1.1260239005088806,0.008345523301810842
3655,-0.05264717862010002,0.5026779651641846,1.141399323940277,0.01699571077746803
3660,-0.015101484768092633,0.5577251315116882,1.1407447497049967,-0.020038924186649782
3665,-0.09161981344223022,0.5001405835151672,1.1215543230374654,0.05723775329433692
3670,-0.09011611938476563,0.5159989476203919,1.1339086254437765,0.05568955000539384
3675,-0.024101268127560617,0.511416208744049,1.1129817644755045,-0.01006241869519585
3680,-0.04049867987632751,0.5872044682502746,1.1891304055849712,0.004028378127261148
3685,-0.11581468731164932,0.4968880534172058,1.1212323983510335,0.0810026897103737
3690,0.06894763857126236,0.5194969296455383,1.1564015944798787,-0.10498832570278428
3695,-0.11664797961711884,0.5569861769676209,1.1836231549580891,0.08019413979779795
3700,-0.058856341242790225,0.5643620133399964,1.150539497534434,0.023556330061131184
3705,0.06093193888664246,0.5055582165718079,1.110419714450836,-0.09501643878371313
3710,-0.03219504132866859,0.5154906868934631,1.1403758525848389,-0.0022335915891599453
3715,-0.052116011083126065,0.5431811094284058,1.1511756698290507,0.016554450048417112
3720,-0.08978712558746338,0.5489621043205262,1.175040646394094,0.0539330541410645
3725,0.04126976132392883,0.5527722001075744,1.118895431359609,-0.07545184770117391
3730,0.052944034337997437,0.543382978439331,1.2023584842681885,-0.08976190166816368
3735,-0.0031576309353113174,0.5644044518470764,1.1178123156229656,-0.03162833825509592
3740,-0.17925600111484527,0.49827994108200074,1.1513085643450418,0.1439616797364481
3745,0.018874591588973998,0.5577392935752868,1.1717788736025492,-0.05499871775211763
3750,0.0672984316945076,0.5192863941192627,1.1422344128290811,-0.10269243646122812
3755,-0.07341178953647613,0.5165614485740662,1.1552329262097676,0.03770563571184135
3760,-0.1699548542499542,0.4917981266975403,1.1537423809369405,0.1342691748841727
3765,-0.17491163313388824,0.531024944782257,1.1361622929573059,0.13997216445305308
3770,-0.05675101354718208,0.5448303818702698,1.1884180307388306,0.020329892127828514
3775,0.026870178058743477,0.5371711134910584,1.1605814079443613,-0.062432769159406876
3780,-0.061877498775720595,0.5612889289855957,1.1559796373049418,0.026309098924362492
3785,0.06091750338673592,0.562877607345581,1.1104630510012308,-0.09502412999266205
3790,-0.08650696128606797,0.49211097359657285,1.0864602903525034,0.05345022567437489
3795,0.03703177273273468,0.5133909583091736,1.1112775444984435,-0.07081702836316198
3800,-0.10517506003379821,0.5655757188796997,1.155689032872518,0.06956417444994098
3805,-0.12072130590677262,0.6299196481704712,1.1507469415664673,0.08558731991262529
3810,-0.0007843245257390663,0.45838290452957153,1.1261658072471619,-0.03370377127082578
3815,0.0689532220363617,0.49596990942955016,1.1384686470031737,-0.10434179333292799
3820,-0.1198012351989746,0.5820942401885987,1.1156463940938315,0.0855653365100846
3825,-0.16000436544418334,0.5405767917633056,1.1142872015635172,0.12579284033159077
3830,-0.014377336017787457,0.5125718832015991,1.0975571076075237,-0.019500161753280405
3835,-0.1521712511777878,0.5599323630332946,1.1702049295107524,0.11633783725555931
3840,-0.03437081351876259,0.5645866870880127,1.0951305270195006,0.0012065777068169961
3845,0.018884302303195,0.5220438003540039,1.1472077329953512,-0.05433564124017728
3850,-0.055907662212848666,0.492469048500061,1.122062130769094,0.02150015057903136
3855,0.12211128622293473,0.5175820231437683,1.1282358090082805,-0.15758691409609438
3860,0.02321963422000408,0.5014970421791076,1.0896485090255736,-0.05734081860583701
3865,-0.020728234201669693,0.5531397581100463,1.1368406931559245,-0.01460702228816382
3870,0.026263596117496492,0.629196298122406,1.154560395081838,-0.06166946000516905
3875,0.013894770108163357,0.5272757649421692,1.098833401997884,-0.04724456639984283
3880,-0.07639240026473999,0.5775222420692444,1.1281661629676818,0.041904083703654255
3885,-0.03686503916978836,0.5054007768630981,1.1035502274831137,0.002574660286975313
3890,-0.06305562034249305,0.5478511333465577,1.1210844238599142,0.028514610043542294
3895,0.01007107961922884,0.5645509362220764,1.0903586228688558,-0.043294869770465864
3900,0.027215047180652617,0.5777522683143616,1.1435036460558574,-0.06279297067090958
3905,-0.13968952596187592,0.5225886225700378,1.1191452662150065,0.10545070384312999
3910,-0.025215451046824454,0.4945595145225525,1.0850089152654012,-0.008010768616586561
3915,-0.05050712451338768,0.5636920690536499,1.124909190336863,0.01595942705821238
3920,-0.04467835500836372,0.5567524194717407,1.0974084575970968,0.010817481172320549
3925,0.02672698423266411,0.5581941604614258,1.155316464106242,-0.06259854938214779
3930,-0.02288544550538063,0.5229243397712707,1.0806039571762085,-0.010691242992506152
3935,-0.15824299454689025,0.5369062781333923,1.0448977986971537,0.12629741195430855
3940,-0.030754498019814492,0.5135769963264465,1.0639766613642374,-0.0020698394958023215
3945,-0.11660005450248719,0.5050826787948608,1.028214023510615,0.08499854139035888
3950,-0.14947098195552827,0.4712770402431488,1.0444974581400552,0.11770045518318625
3955,0.04667708203196526,0.49029362201690674,1.0340213855107625,-0.07845770297564438
3960,-0.01263650543987751,0.48875117897987364,0.9963816285133362,-0.018206071534641974
3965,0.01632554717361927,0.4722979426383972,0.9979722082614899,-0.046708641518981533
3970,-0.0573425255715847,0.5245394110679626,1.0405928015708923,0.025498488604440508
3975,-0.008093794248998165,0.5751279592514038,1.034019903341929,-0.0234530355565954
3980,-0.13404071927070618,0.5141997337341309,1.0070935269196828,0.10316897610874583
3985,-0.05194369181990623,0.5222163081169129,1.052413465579351,0.019477729724003575
3990,0.0489705353975296,0.4909561574459076,1.0521382411321005,-0.08139395321551579
3995,-0.10876952111721039,0.4719215989112854,0.9957046349843343,0.07847085706606997
4000,0.058706118166446684,0.5697836756706238,1.019336813688278,-0.09056108068293883
4005,-0.11393111497163773,0.4621889412403107,0.9632364372412364,0.08426870657292101
4010,0.003005426190793514,0.49349002838134765,0.991474986076355,-0.033145538058167126
4015,-0.008663063682615758,0.518611478805542,1.0248014807701111,-0.02268099033195784
4020,-0.025914555042982103,0.532811164855957,1.0357515136400859,-0.006326843396119842
4025,-0.0043973442632704975,0.541690731048584,1.0284730354944864,-0.02729240197577863
4030,-0.09036239236593246,0.5029959201812744,0.969561888774236,0.06087474061397688
4035,-0.007941800728440284,0.5622075200080872,1.0454180479049682,-0.02456976492577053
4040,-0.03320352137088776,0.5336514592170716,0.9990531126658122,0.0025492779453000786
4045,-0.015566070564091206,0.5177971363067627,1.0891145825386048,-0.01829007827251115
4050,0.05722431614995003,0.5280554294586182,1.0383512298266093,-0.08958991873861127
4055,-0.04057300239801407,0.5163758754730224,0.9769827683766683,0.01067778998935221
4060,0.07621925473213195,0.5256435155868531,1.008169162273407,-0.10746918486718487
4065,-0.0036079918965697287,0.5265348434448243,1.00387757619222,-0.02704025592579782
4070,0.10464449375867843,0.5594262957572937,1.0022770484288535,-0.13590769740638825
4075,-0.17200271785259247,0.49993581175804136,0.9970055301984151,0.14149271803580796
4080,-0.020584194362163542,0.5254106521606445,0.9732655107975006,-0.009525556955674416
4085,-0.07825025171041489,0.5422588348388672,0.9774630745251973,0.0484029933168158
4090,0.03871418908238411,0.5283679127693176,0.9917778035004934,-0.06902039181670806
4095,-0.075800059735775,0.5067271232604981,0.9537720481554667,0.04690515353187837
4100,-0.06472382247447968,0.5085949897766113,1.0133597612380982,0.03406746911881986
4105,0.033200645446777345,0.5062788128852844,0.9951535781224569,-0.06375402675279702
4110,0.041879553347826004,0.5552806615829468,1.0312745889027914,-0.0737813395188377
4115,-0.06762385964393616,0.48408124446868894,0.9496414661407471,0.038937454958001924
4120,-0.08330608308315277,0.5280693769454956,0.987758751710256,0.05297947958546324
4125,-0.034953806549310684,0.4977083206176758,1.0088384966055552,0.004037657961107171
4130,-0.13384775817394257,0.49453964829444885,0.9945601264635722,0.10341423985048392
4135,-0.0881471499800682,0.5425615668296814,0.9626316606998444,0.058827011056821824
4140,0.012267923168838023,0.5893211960792542,0.990796693166097,-0.042911546297162186
4145,-0.04906652495265007,0.4854856371879578,0.9662871440251668,0.01959200887514702
4150,0.10206356495618821,0.5272219061851502,1.0115127742290497,-0.13304111641063873
4155,0.01791452020406723,0.4972088038921356,0.9727076709270477,-0.04822109746942864
4160,-0.1267169386148453,0.49540461897850036,0.9849651912848155,0.09682317048710136
4165,-0.06255014464259148,0.5293090105056762,0.9983944416046142,0.03140492901869578
4170,-0.03131560832262039,0.5544678568840027,1.010581111907959,0.0006306230372531358
4175,0.026857616752386092,0.539751935005188,1.0057871321837106,-0.058104125170063546
4180,-0.10246318876743317,0.5282864809036255,1.0073536237080891,0.07128947261671195
4185,-0.029966531693935393,0.49770363569259646,0.9752797802289327,-0.0007536119932237999
4190,-0.09129530489444733,0.5134336829185486,0.9535938600699106,0.062390465176722004
4195,0.1256571188569069,0.5220809578895569,0.9583721280097961,-0.15527104000728242
4200,0.029961402341723443,0.504429018497467,0.937336927652359,-0.05850478866163729
4205,-0.012776166386902332,0.5679335355758667,0.94925550421079,-0.016449601127947747
4210,0.058973664045333864,0.537008547782898,0.9657602409521738,-0.08849268334187138
4215,-0.10915715992450714,0.5035480856895447,0.9524842441082001,0.07969711264787745
4220,-0.06972000598907471,0.48998975157737734,0.9478801826635996,0.04103021056584263
4225,0.0037037251982837915,0.5005232453346252,0.9800557474295298,-0.03369354278447226
4230,-0.007513842824846506,0.4926287531852722,0.9533537069956461,-0.021286323613810082
4235,-0.0056112976744771,0.5433019995689392,0.9932627439498901,-0.02487853130373527
4240,0.15025939047336578,0.5401397824287415,1.0172829667727152,-0.18204584412076116
4245,0.0013003490050323308,0.5292224764823914,0.9852853099505107,-0.031396042322460724
4250,-0.04978414997458458,0.4939433217048645,0.9384597440560659,0.020551436698017383
4255,-0.10996495634317398,0.45422921776771547,0.9777279794216156,0.08017876907414564
4260,0.008154932130128145,0.4786578774452209,0.95894722143809,-0.037818345207754005
4265,-0.055585387349128726,0.47068837881088255,0.9245621502399445,0.027079107829633058
4270,0.004978502076119185,0.5286511301994323,1.0300184567769368,-0.03677054357823677
4275,0.03261720724403858,0.5051286220550537,0.9307333489259084,-0.06199234808802673
4280,-0.14310903251171112,0.46976461410522463,0.9261569400628408,0.11457537855343064
4285,-0.07976577132940292,0.5114325523376465,0.9144357939561208,0.051963602021576696
4290,-0.040273646265268324,0.5218826532363892,0.9648487389087677,0.01079787870379765
4295,-0.04752975851297379,0.5054445266723633,0.9693235993385315,0.017480987916276548
4300,-0.020861397683620452,0.5316397070884704,0.9656233191490173,-0.008828970465860224
4305,-0.029460730403661727,0.5269879698753357,0.9610741198062897,-0.00033102668892501615
4310,-0.013470506481826305,0.5466167688369751,0.972245454788208,-0.016091779289785998
4315,0.003941120393574238,0.5110163807868957,0.963489309946696,-0.033244844220705914
4320,-0.08544371724128723,0.45756358504295347,0.9587541480859121,0.05596945975618791
4325,0.039166884124279024,0.5467080354690552,0.9938918213049571,-0.06989531763998545
4330,0.022082708775997162,0.4858037531375885,0.9375397801399231,-0.050933747410668834
4335,-0.0022092870203778148,0.4818610489368439,0.9580272813638051,-0.02732736340201167
4340,-0.17719582915306092,0.5229355454444885,0.974110221862793,0.14689075664470597
4345,-0.026426336914300918,0.5163721919059754,0.9411592721939087,-0.002395621641780089
4350,-0.058468683063983916,0.5315603256225586,0.9289857129255931,0.030086250076269624
4355,0.06431733965873718,0.5768796086311341,0.9624708751837413,-0.09419486638632402
4360,-0.10623760223388672,0.49669686555862425,0.9330603082974752,0.07766777496976521
4365,-0.1105617567896843,0.48819284439086913,0.9414506157239279,0.08194779490969815
4370,-0.066067872941494,0.5203115105628967,0.9603491822878519,0.036717224133954944
4375,-0.10099202543497085,0.4966314256191254,0.9153131047884623,0.0729055113396772
4380,-0.04941163286566734,0.476183819770813,0.9518592735131581,0.02019014099658621
4385,-0.08037543892860413,0.5257611155509949,0.9404090205828349,0.051761651675953285
4390,-0.058424580842256546,0.467061185836792,0.916953730583191,0.030611977499280057
4395,0.07115313112735748,0.5577421545982361,0.9544810990492503,-0.10112618755201666
4400,-0.06420263200998307,0.48934287428855894,0.9308782756328583,0.03575374234153548
4405,-0.07697160989046097,0.4803400218486786,0.9203711251417795,0.04819235526724378
4410,-0.02154226079583168,0.4975534498691559,0.9093003829320272,-0.0066235552435788304
4415,-0.0036341245751827954,0.5051087737083435,0.9063892145951589,-0.024227772934410634
4420,-0.022668617963790893,0.5112878680229187,0.9469069600105285,-0.006115542610643886
4425,-0.14263737797737122,0.4586463212966919,0.9261808653672536,0.11401989690861593
4430,-0.02673717699944973,0.5054385662078857,0.963771520058314,-0.002874950598871553
4435,-0.013300572708249091,0.5167200565338135,0.9603387196858724,-0.01629164114624267
4440,0.1671099990606308,0.5276620030403137,0.9907938480377197,-0.19787386758769593
4445,-0.0027770916931331158,0.4917875468730927,0.9049310823281606,-0.02604752875340442
4450,-0.03856720477342605,0.5221030235290527,0.9572403371334076,0.0086319945103922
4455,-0.02526492774486542,0.5810300350189209,0.9677473247051239,-0.004280525035151015
4460,0.04175499081611633,0.5167826771736145,0.9298283755779266,-0.07029489937673265
4465,-0.013456428050994873,0.5276324510574341,0.9206583956877391,-0.01485275953166285
4470,0.01777982972562313,0.5216467618942261,0.9180605828762054,-0.04584601418389926
4475,-0.05735314413905144,0.5912529587745666,0.9375894228617351,0.028379395937987613
4480,-0.0520362339913845,0.4971823275089264,0.9320469558238983,0.023583444186623413
4485,-0.05063983723521233,0.5147304773330689,0.8928131997585297,0.02316516783703717
4490,-0.21545068621635438,0.49681333303451536,0.9209247390429179,0.18721857527205774
4495,-0.045130277425050734,0.5058178782463074,0.9173393646876017,0.017207579887962877
4500,0.02212292067706585,0.5567020177841187,0.971407949924469,-0.05193817118205286
4505,-0.027544861659407616,0.49304174184799193,0.926106435060501,-0.000778139894666105
4510,-0.137753364443779,0.51736398935318,0.9217938741048177,0.10954592486063185
4515,-0.06432421505451202,0.5244927406311035,0.9140692591667176,0.03646970403494489
4520,0.020477377623319627,0.5763657927513123,0.9530894041061402,-0.049891966995597316
4525,0.01404527872800827,0.5289246320724488,0.9638459801673889,-0.044087422055092494
4530,-0.08697566241025925,0.5099517464637756,0.9151640415191651,0.05877411142907749
4535,-0.0026373843662440776,0.5262062907218933,0.9090740819772084,-0.025498885148928563
4540,0.028578656539320946,0.5265104651451111,0.923516595363617,-0.056858094568556075
4545,-0.03439084365963936,0.4995903313159943,0.9122844497362773,0.006551652345752319
4550,-0.032410146296024324,0.4977963924407959,0.8957270423571269,0.004727066957389604
4555,-0.09308093786239624,0.47770644426345826,0.9295646548271179,0.06477522753368536
4560,-0.0018394710728898644,0.5529965043067933,0.9118303179740905,-0.02627177930134114
4565,-0.013006780669093132,0.5234781503677368,0.9132635653018951,-0.015383293369576174
4570,-0.1018702119588852,0.5277033448219299,0.884109212954839,0.07446283155896921
4575,-0.05740269497036934,0.4626272737979889,0.8778717756271363,0.030445831140656
4580,-0.15625520646572114,0.47993728518486023,0.9030490358670552,0.12887025053363185
4585,-0.1500462234020233,0.4763616740703583,0.858458411693573,0.1239268762053662
4590,0.0819244846701622,0.5172524809837341,0.8895877341429392,-0.10951360014793417
4595,-0.03960889354348183,0.485942941904068,0.8358482758204142,0.014260652929769458
4600,-0.05475120097398758,0.5614030599594116,0.8989028255144755,0.027205126961875332
4605,-0.06313409805297851,0.5555599808692933,0.875893896818161,0.036036548555356165
4610,-0.03590441793203354,0.5933987379074097,0.9187180459499359,0.006776426942918804
4615,-0.02563191093504429,0.4958569407463074,0.8407958924770356,-7.532853916666307e-05
4620,-0.07768173515796661,0.5046874165534974,0.85246701836586,0.05137097811115512
4625,-0.1003903865814209,0.4707935094833374,0.8428452789783478,0.07438828743027975
4630,0.00866731721907854,0.49535360336303713,0.8535034477710723,-0.03493304562552198
4635,-0.07951839715242386,0.5101627469062805,0.8274359444777171,0.05416370101084908
4640,-0.07000441551208496,0.5202407956123352,0.8378068069616954,0.0446350191828398
4645,0.036744002252817154,0.5192594766616822,0.8718372662862142,-0.06414851893276007
4650,0.04490185603499412,0.5345408320426941,0.8510557174682617,-0.07161579444648747
4655,-0.12074732482433319,0.4870002567768097,0.835288260380427,0.09467403666332731
4660,-0.06232568398118019,0.5072585821151734,0.825070305665334,0.037197741867423854
4665,0.0041740755550563335,0.5515708684921264,0.8508894860744476,-0.03010807612628997
4670,0.02714702971279621,0.47856606245040895,0.8062537213166555,-0.05185366649134718
4675,-0.028851880133152007,0.5254951238632202,0.8376685420672099,0.003241178003386291
4680,-0.09500213861465454,0.42743324041366576,0.790231301387151,0.07087563070597028
4685,-0.006036367081105709,0.5076313376426697,0.7996867060661316,-0.01842730967247259
4690,-0.035079269856214526,0.5389294862747193,0.8251577516396841,0.009842781135062059
4695,-0.1546205312013626,0.4831379890441895,0.8226708988348643,0.12976594260275998
4700,0.05955439582467079,0.5839182138442993,0.8438404440879822,-0.08535365105529139
4705,-0.06193981170654297,0.49487030506134033,0.8186372697353363,0.036890257843228934
4710,-0.0906410813331604,0.47240558862686155,0.8354111750920613,0.06532812266143195
4715,-0.023909665271639825,0.4923456907272339,0.8496039032936096,-0.0023828593726158676
4720,0.03189113959670067,0.5232859373092651,0.8176059106985728,-0.05674269152828323
4725,-0.05127048939466476,0.5016406416893006,0.7963358124097188,0.02694225072609699
4730,-0.008689730986952781,0.4808844983577728,0.7964184681574503,-0.015334736843034814
4735,-0.02228595018386841,0.5050028562545776,0.8562230745951335,-0.003907283113950047
4740,-0.06954646408557892,0.5307536721229553,0.8447157859802246,0.04378788409751589
4745,0.039671114087104796,0.5163790702819824,0.8838633875052134,-0.06717687205900855
4750,-0.06254413872957229,0.4934750318527222,0.8255337913831075,0.03749779017157667
4755,-0.10404042005538941,0.4797367036342621,0.817048293352127,0.07882920914111041
4760,-0.04586486965417862,0.48008447885513306,0.8114043732484182,0.021135179241353306
4765,-0.09874394983053207,0.46847919225692747,0.8585668305555979,0.07272987238471595
4770,0.003834670316427946,0.48275266289711,0.8423648297786712,-0.029569742764555398
4775,-0.010867774114012718,0.48937657475471497,0.8857808947563172,-0.016055814312951076
4780,-0.01717374473810196,0.46446928977966306,0.8229881644248962,-0.008110890888104506
4785,-0.03481167033314705,0.49558772444725036,0.8391210496425628,0.009129294587403637
4790,0.014551671966910363,0.48588389754295347,0.8608809570471446,-0.040781960378716876
4795,-0.1686975836753845,0.5103017568588257,0.8363190988699595,0.14294393199405578
4800,-0.08996220231056214,0.48366875052452085,0.8437170584996542,0.06400275411394524
4805,-0.13203797042369841,0.4644893169403076,0.8787932137648264,0.10476992996690138
4810,-0.07768178433179855,0.48819772601127626,0.829515278339386,0.05215956195563694
4815,-0.05296552926301956,0.4680486679077148,0.8160764575004578,0.028047646970016344
4820,-0.03678916692733765,0.4631408751010895,0.801951124270757,0.012385146237956694
4825,-0.04708031713962555,0.5114413619041442,0.8282905677954356,0.019861768614520218
4830,-0.00400474201887846,0.4759671986103058,0.8617942452430725,-0.02267283834541122
4835,-0.043119674921035765,0.4483624458312988,0.7944206178188324,0.018943689977971273
4840,0.015840589255094528,0.5131802558898926,0.8250799278418223,-0.04144590918304973
4845,0.02563871070742607,0.48975327610969543,0.8568370044231415,-0.05178514333221344
4850,-0.06392834633588791,0.461369252204895,0.8199229220549266,0.038914892896021375
4855,-0.100582654774189,0.5073671102523803,0.8382970770200093,0.0749154334454072
4860,-0.07687672078609467,0.47895174026489257,0.8723501960436503,0.050258460354180926
4865,0.03603449314832687,0.5271920800209046,0.8985709488391876,-0.06350889598777193
4870,-0.07175897508859634,0.4778012573719025,0.8270187437534332,0.04635355244822499
4875,0.0633112445473671,0.5497128129005432,0.903651354710261,-0.09104728256035882
4880,-0.0374125137925148,0.5477039575576782,0.8472345074017843,0.011652635048516699
4885,0.03808851316571236,0.4938934326171875,0.8321023444334666,-0.06363395113626506
4890,-0.015740049071609974,0.5063281178474426,0.8407438079516093,-0.009692177585844858
4895,-0.06145133972167969,0.5457962274551391,0.8374012231826782,0.03601437064730354
4900,0.02801484242081642,0.5187825560569763,0.8503019352753957,-0.0539192442706372
4905,-0.029535138234496116,0.5286568880081177,0.8495876431465149,0.003474985663705222
4910,-0.006426000036299229,0.48453143835067747,0.8237389167149861,-0.0185568073485579
4915,-0.03908244445919991,0.5334931492805481,0.8693283339341481,0.012476275271178257
4920,-0.15789667665958404,0.45452529191970825,0.8008070568243663,0.13358958799437992
4925,-0.0422393761575222,0.46347239017486574,0.8290680130322774,0.015820432032533034
4930,0.014872652478516102,0.5235236763954163,0.8303567151228587,-0.040402895792909635
4935,0.02172653451561928,0.47401919960975647,0.7957928816477458,-0.046771587515050554
4940,-0.04670788869261742,0.5501693725585938,0.8238035460313161,0.02127946121883364
4945,0.006570442765951157,0.5104416728019714,0.8303905387719472,-0.03189349497840635
4950,-0.1760360300540924,0.47101030945777894,0.7917106767495473,0.15206769997353559
4955,0.007092453446239233,0.49224589467048646,0.7974488576253255,-0.032755529383755144
4960,-0.023555203527212142,0.49055551290512084,0.7821678062280019,-0.00021371004533101055
4965,-0.015103218704462051,0.4736864984035492,0.794063796599706,-0.009171209556478606
4970,-0.03931701704859734,0.47555875182151797,0.8019659578800201,0.01409517515955881
4975,0.009043767116963863,0.4612307012081146,0.7700832982858022,-0.033165504519585394
4980,0.0053461166098713875,0.5129148602485657,0.7941495935122173,-0.029855593301827837
4985,-0.061027444899082184,0.4926658868789673,0.8077303210894267,0.0362908859607051
4990,-0.06605815440416336,0.4523967087268829,0.7733443220456441,0.04277538417869569
4995,-0.0536456510424614,0.45787301659584045,0.782479997475942,0.02988941035800003
5000,-0.08266812413930893,0.48599215149879454,0.7943626364072164,0.05858942692089784
5005,0.003784741833806038,0.4981942713260651,0.8112445056438446,-0.02854471271050766
5010,0.020585211738944054,0.5168061852455139,0.799595731496811,-0.04481270735959864
5015,0.033133826404809955,0.5625807285308838,0.8128685931364695,-0.05808571886948111
5020,-0.052198944985866545,0.47028913497924807,0.7420602162679036,0.02935056271661271
5025,-0.0674444243311882,0.4514166474342346,0.7858028411865234,0.04355689677787747
5030,0.028501412272453307,0.5080035328865051,0.80300679008166,-0.05359582147836918
5035,-0.1347415804862976,0.457776141166687,0.7524667620658875,0.11171839888761541
5040,0.05210570171475411,0.5339442014694213,0.7893239637215932,-0.07617328426831473
5045,-0.05753980204463005,0.47415691018104555,0.81381174325943,0.03265867154074131
5050,-0.02225392423570156,0.4726146399974823,0.7561205466588338,-0.0006522357246196191
5055,-0.1294914722442627,0.5038881897926331,0.7538930435975393,0.10664500731741944
5060,-0.07732681632041931,0.47421725988388064,0.747227676709493,0.05458185006176286
5065,-0.0025299789384007456,0.5426364421844483,0.8129113614559174,-0.02227609836922269
5070,0.003469810402020812,0.5243866324424744,0.7725167552630107,-0.027002191377479102
5075,0.04267009124159813,0.4990795314311981,0.7894153873125712,-0.06705439550353372
5080,-0.04576636999845505,0.48575326800346375,0.8040123542149862,0.021081573588842904
5085,-0.025994982570409775,0.574106764793396,0.806142791112264,0.0008683868084139052
5090,-0.07744362950325012,0.4849192202091217,0.7651091158390045,0.05427507706832517
5095,-0.11769806146621704,0.4703266441822052,0.7925561110178629,0.09335023948591112
5100,-0.015338939614593983,0.5044365763664246,0.7717870354652405,-0.008231029519534422
5105,-0.13514631986618042,0.46341493129730227,0.7410939653714498,0.11255298510312214
5110,-0.22453460693359376,0.4260418891906738,0.7809352914492289,0.200692309906813
5115,-0.07505358010530472,0.5227261781692505,0.7834356049696605,0.05101238414867368
5120,-0.00947713889181614,0.48183576464653016,0.762887301047643,-0.013824693797563565
5125,-0.029042575508356094,0.4749115526676178,0.8014974753061931,0.0036967801317316774
5130,-0.15102778673171996,0.4657407522201538,0.7529744029045105,0.1281540453680977
5135,-0.021760912984609602,0.4720920979976654,0.8024865746498108,-0.002959098356958536
5140,-0.11098404377698898,0.5028533935546875,0.7927144785722097,0.08640932353254058
5145,-0.07068202942609787,0.4908133327960968,0.7668966253598531,0.04721880188360124
5150,-0.19125153720378876,0.4586178958415985,0.7321900765101115,0.16850575439405546
5155,-0.035270101577043536,0.4480040669441223,0.7642938296000162,0.011683380653991923
5160,-0.06014713868498802,0.5045086741447449,0.7992189009984334,0.035672775148260075
5165,-0.0151135616004467,0.5112442135810852,0.7444392065207164,-0.007684214561789451
5170,-0.025461938977241517,0.5025728344917297,0.7625729997952779,0.0020958455355844117
5175,-0.028113222867250442,0.4569244205951691,0.7339771052201589,0.00588854423607319
5180,-0.04840076491236687,0.47073447704315186,0.7414738217989604,0.02584001334358202
5185,0.01358134914189577,0.5309985280036926,0.7718738516171774,-0.037844228120776674
5190,0.015934613160789014,0.5010165333747864,0.782892765601476,-0.039849564532062016
5195,0.05055104717612267,0.5264272212982177,0.7618715306123097,-0.07377401502877914
5200,-0.029293747246265413,0.4868588149547577,0.7634284615516662,0.004943546505524401
5205,-0.14850383400917053,0.46134196519851683,0.7417034685611725,0.12587052722620207
5210,0.03673277422785759,0.4435668647289276,0.7037855466206868,-0.05826195122898012
5215,-0.04198368117213249,0.5086303114891052,0.7687896172205607,0.018380929190948834
5220,0.01717860884964466,0.4921389102935791,0.7493596871693929,-0.04021397021771143
5225,-0.010469245538115502,0.48477299213409425,0.7486156165599823,-0.012277790428502671
5230,-0.021292220056056976,0.4983639657497406,0.7964501857757569,-0.0030197841413231066
5235,0.058230295032262805,0.473002564907074,0.7804458280404408,-0.08199605667931509
5240,-0.09472449272871017,0.49877363443374634,0.7587758978207906,0.07151464752963178
5245,0.05579779595136643,0.5015507221221924,0.7672978281974793,-0.07968977800003947
5250,-0.04416380822658539,0.46088566184043883,0.7250202516714732,0.021971282617686248
5255,-0.10777593702077866,0.451302295923233,0.7285317619641621,0.08541387204712335
5260,-0.057778943330049515,0.4712777554988861,0.7394264419873555,0.034911594172980225
5265,-0.09652982205152512,0.448198139667511,0.7394512871901194,0.07418560621110037
5270,-0.004158438835293055,0.5206475377082824,0.7583946704864502,-0.01887690398663625
5275,0.01138094812631607,0.4811065912246704,0.7502653777599335,-0.03429088662119131
5280,-0.08026825785636901,0.5073818564414978,0.7621266762415568,0.056934752226854644
5285,-0.00041329906234750525,0.47676188349723814,0.7442567527294159,-0.02237817582826801
5290,0.015003055334091187,0.49849699139595033,0.777189149459203,-0.038521166436836514
5295,-0.049384649842977524,0.45284512639045715,0.6981759528319041,0.028317133552351673
5300,-0.0476318895816803,0.5390596151351928,0.7590035438537598,0.024128901706771937
5305,-0.0351695217192173,0.5285845279693604,0.7455702145894368,0.012053256257403394
5310,-0.10695230662822723,0.4425439894199371,0.7118136465549469,0.08531443435218113
5315,-0.08873801380395889,0.5050915002822876,0.7669481376806895,0.06471535516696286
5320,0.01896054297685623,0.5127716183662414,0.7397117555141449,-0.04182153787747152
5325,-0.08193673491477967,0.436537903547287,0.7493713756402334,0.05932316011472902
5330,-0.00929050799459219,0.4831737160682678,0.7392624199390412,-0.013650856556543278
5335,-0.08220082372426987,0.46742231249809263,0.7272873520851135,0.060160101797647504
5340,-0.037758981436491014,0.48802974820137024,0.7502585053443909,0.014716606837770969
5345,0.022581131011247636,0.5174823045730591,0.7536636392275492,-0.0456136871049124
5350,-0.10254315584897995,0.4255173861980438,0.7418527364730835,0.0802283123701493
5355,-0.04045908972620964,0.4896718502044678,0.7813093880812327,0.016293654247308602
5360,-0.11789719313383103,0.47690981030464175,0.7825241605440776,0.09372892969882309
5365,0.034374745935201644,0.4607406437397003,0.7554756780465444,-0.05793446391721315
5370,-0.08017283827066421,0.4435102045536041,0.7489488343397777,0.057518113472208504
5375,0.046695569157600404,0.5101429224014282,0.8044426838556925,-0.07179727377716573
5380,-0.12244996279478074,0.47358705997467043,0.7505086620648702,0.09977259290721782
5385,-0.022390617802739144,0.4755257129669189,0.7733110129833222,-0.0014214656315393404
5390,-0.12163015753030777,0.5177639365196228,0.7493733584880828,0.09857845547386959
5395,-0.04078161641955376,0.5424712538719177,0.8084549009799957,0.016010707417097893
5400,-0.04712762460112572,0.4469351351261139,0.7435512324174245,0.024593948396785865
5405,-0.05935729369521141,0.5222179293632507,0.7600061734517415,0.03635324272052612
5410,-0.04495434686541557,0.5044539213180542,0.7525881787141164,0.021863443036844264
5415,-0.10120482891798019,0.4757785975933075,0.7466885725657145,0.07859249247439122
5420,0.0013906615276937373,0.534726345539093,0.7867978096008301,-0.026039921592448712
5425,0.011935007944703101,0.4628550887107849,0.7504816790421803,-0.036019915533128215
5430,0.054766268283128736,0.5134712815284729,0.7874723732471466,-0.07909670984766173
5435,0.003950710827484727,0.516673231124878,0.7681640247503917,-0.027263814336084144
5440,-0.08941572010517121,0.44840688705444337,0.7397399326165517,0.06686092058106802
5445,-0.16177263855934143,0.48007612228393554,0.7686543822288513,0.1378346522070952
5450,-0.15731548964977266,0.4391729235649109,0.7264007647832235,0.13511261680721098
5455,0.022813742980360985,0.489799702167511,0.7521840333938599,-0.04617263370157325
5460,-0.13694602251052856,0.4415262579917908,0.7498607099056244,0.11422446618843084
5465,0.01013471707701683,0.48220940828323366,0.7523574709892273,-0.03291982897773881
5470,-0.05564018189907074,0.485411673784256,0.7932266374429067,0.0313918378029215
5475,0.029706117883324622,0.4745816051959991,0.7588261445363362,-0.05278743058562156
5480,-0.04384590163826942,0.4873834729194641,0.7478584051132202,0.021194068124060394
5485,-0.016017836332321168,0.48817012310028074,0.7342757225036621,-0.006105780568503151
5490,-0.07999495565891265,0.4626980125904083,0.7129136383533478,0.05840595684699485
5495,-0.037618891894817354,0.46636120080947874,0.7439972917238872,0.014377793220091934
5500,-0.07519969940185547,0.4605101466178894,0.7367437283198038,0.052685202241287844
5505,-0.058906318992376326,0.44213061332702636,0.7271245956420899,0.03679876371683122
5510,-0.04195361882448197,0.5167214870452881,0.7818517247835796,0.017750228715524757
5515,-0.08360098153352738,0.43999687433242796,0.7364501873652141,0.06134890009067991
5520,-0.03813682124018669,0.46158369183540343,0.7251763224601746,0.01608163422691737
5525,0.07221288681030273,0.5140232682228089,0.7308880190054575,-0.09452020178508463
5530,0.006698635965585708,0.47018054127693176,0.7535226543744405,-0.029529781838082976
5535,-0.011277355067431927,0.5049702763557434,0.7344016134738922,-0.011112865255118334
5540,0.037486548721790316,0.4744240641593933,0.7629558523495992,-0.06085578793905698
5545,0.0174740731716156,0.5290646314620971,0.7624770283699036,-0.04054060666838833
5550,0.004947639349848032,0.4968904793262482,0.715490319331487,-0.026784454322315934
5555,-0.045144207775592804,0.5329434990882873,0.7197912653287252,0.023163481519319146
5560,0.006524893920868635,0.4739446699619293,0.7317577044169108,-0.028863767760601372
5565,-0.03093498423695564,0.454370790719986,0.7058383762836457,0.009063306780326593
5570,-0.06957311481237412,0.4850973129272461,0.7392102380593618,0.04712271671465733
5575,-0.04946134760975838,0.4932572066783905,0.77223419547081,0.025965327150162767
5580,-0.03341939970850945,0.4732745110988617,0.7140717526276906,0.011447107991458
5585,-0.1535421669483185,0.4861037850379944,0.722347754240036,0.13138532357655017
5590,-0.04868805631995201,0.45499356389045714,0.6952740867932637,0.0275667114554676
5595,-0.10899569392204285,0.4738438606262207,0.6946599165598552,0.08793208341092519
5600,0.016619525104761123,0.48609102368354795,0.7378411312898,-0.039091847067327046
5605,-0.07600549906492234,0.47808859348297117,0.7315549969673156,0.053448288847131195
5610,-0.0016253713751211763,0.4905997157096863,0.712967437505722,-0.01980396198323566
5615,0.005417807865887881,0.5394241452217102,0.725297345717748,-0.027589931402839517
5620,0.05530424788594246,0.4798969864845276,0.7563518325487772,-0.07853566719125961
5625,0.0006483835784820257,0.5289760708808899,0.7471827705701192,-0.023510054246098172
5630,-0.013572576455771923,0.46428328156471255,0.6905593991279602,-0.007782308175659143
5635,0.019275502860546113,0.4953745722770691,0.7323828995227813,-0.04160008245224634
5640,-0.03556500822305679,0.4790316164493561,0.7145822723706563,0.013524444983233122
5645,-0.04587228372693062,0.4484261929988861,0.7350513100624084,0.023544416181280343
5650,0.052986080199480055,0.5008524417877197,0.7130912085374196,-0.07468922432031755
5655,0.029974310472607613,0.5126472353935242,0.7419693211714427,-0.052544925014250045
5660,-0.03834687322378159,0.4536008954048157,0.7334325253963471,0.01578117215367453
5665,0.030260035768151283,0.50380539894104,0.7176989495754242,-0.05219958952910981
5670,0.01574559137225151,0.493807452917099,0.7075513382752736,-0.03717678142997704
5675,0.06217369362711907,0.5347861766815185,0.7735401451587677,-0.08624712887679378
5680,0.03495306596159935,0.4779845952987671,0.7436712523301442,-0.057839226599482346
5685,0.004317353386431933,0.5268412351608276,0.7218706707159678,-0.02672632597584548
5690,-0.024189593270421028,0.5303346633911132,0.7246654411156972,0.0021827990289432753
5695,-0.04432494565844536,0.5447617769241333,0.7301648080348968,0.021784407101282266
5700,0.06321111842989921,0.5037511587142944,0.7132807771364847,-0.08551188957311295
5705,-0.04563475772738457,0.464118230342865,0.7659789363543192,0.021154310789414724
5710,-0.03532482087612152,0.532060194015503,0.7222520927588145,0.012874028542435578
5715,-0.03354944139719009,0.5154096245765686,0.6902175108591716,0.012514381159138712
5720,-0.0016333549050614239,0.4978320121765137,0.6810760060946147,-0.019174817808611563
5725,-0.10821385830640792,0.46403802633285524,0.7091706832249959,0.08647565264878425
5730,-0.03704818934202194,0.5117317199707031,0.728128586212794,0.014645655623595264
5735,-0.0047984964214265345,0.5358161211013794,0.7130312085151672,-0.01688722429870357
5740,-0.046650449931621554,0.53346107006073,0.7189379334449768,0.02460853025355067
5745,-0.10601989924907684,0.47076560854911803,0.6754772047201792,0.08561830956857426
5750,-0.10835584104061127,0.42657784223556516,0.7274526079495748,0.0862393640974962
5755,-0.09418701976537705,0.5104923486709595,0.7343861718972524,0.0716845205568827
5760,-0.04616236761212349,0.4748901009559631,0.6785690466562907,0.025667234650956567
5765,-0.0005663089628797025,0.4657162070274353,0.7225985089937846,-0.021339313377851436
5770,-0.0012812584755010903,0.48577645421028137,0.6987414300441742,-0.019987355654346305
5775,-0.05172143504023552,0.5343882322311402,0.7149913469950359,0.029776869090341957
5780,-0.0747847706079483,0.4858634889125824,0.7401187717914581,0.05184631068006765
5785,0.031452495604753494,0.47564929723739624,0.7271449387073516,-0.0537061950542215
5790,-0.015308189392089843,0.4863004207611084,0.7011661390463512,-0.005994306335978829
5795,-0.04479546844959259,0.45389038920402525,0.7085009932518005,0.023381091862147214
5800,-0.004937808867543936,0.46643330454826354,0.6775257011254628,-0.015856363016112845
5805,-0.10660111606121063,0.48361116647720337,0.7027613977591197,0.0852219978448006
5810,-0.09135624766349792,0.4939586579799652,0.7156873345375061,0.06949027658882898
5815,-0.09887557327747346,0.48620150685310365,0.7284462491671244,0.07645715184222568
5820,-0.06328148245811463,0.48746182918548586,0.7516645610332489,0.04055293646118892
5825,-0.02824331298470497,0.4840462267398834,0.7372067133585612,0.005106282029668865
5830,0.026792365312576293,0.5037629842758179,0.7369051853815715,-0.04927698416089325
5835,-0.0995782494544983,0.4614799737930298,0.731532339255015,0.07737297237157037
5840,-0.05167005136609078,0.5402442932128906,0.7446077863375345,0.028995676584078187
5845,-0.04484516456723213,0.49241472482681276,0.6999214450518291,0.023390583215748006
5850,0.08647526353597641,0.5048329830169678,0.7057452499866486,-0.1081410117184377
5855,-0.042446238547563554,0.4603168904781342,0.7095083773136139,0.02075365322072013
5860,-0.028852328658103943,0.5292353749275207,0.7089420517285665,0.007400636027699312
5865,-0.04546230658888817,0.4408130943775177,0.6997260669867198,0.024237282534023418
5870,-0.014029773138463496,0.49483298063278197,0.6832042733828226,-0.006669065474797644
5875,-0.0928500086069107,0.4269421935081482,0.6957002182801565,0.07170572051928957
5880,-0.009829165413975716,0.49273827075958254,0.6873701810836792,-0.011234944930264038
5885,0.032434505969285966,0.5107965111732483,0.7088666915893554,-0.054197156969529064
5890,-0.009812695346772671,0.4697574555873871,0.7281120677789052,-0.012742460252423985
5895,-0.004924211651086807,0.5083754658699036,0.6970502336819967,-0.016449158613038157
5900,-0.034252412617206573,0.48514702916145325,0.7281997223695119,0.012092926843376494
5905,-0.03177883625030518,0.4526842534542084,0.689860059817632,0.010856097849282199
5910,0.04943535402417183,0.498251336812973,0.6915856897830963,-0.07070523095705103
5915,-0.06312943249940872,0.4566636741161346,0.6998777409394582,0.04191151439248983
5920,-0.02773388922214508,0.48897126913070676,0.6990612188975016,0.006512607530896456
5925,-0.013886450231075287,0.46177989840507505,0.6892016073067982,-0.007225842627556438
5930,-0.02477576807141304,0.46649034023284913,0.7095438818136851,0.003287484472957324
5935,-0.07428258806467056,0.47399542331695554,0.6992185990015666,0.05300676368361533
5940,-0.0466488890349865,0.5123533010482788,0.729152778784434,0.02353458294459908
5945,-0.09025338292121887,0.4300694167613983,0.6996777911980947,0.06903829734260822
5950,-0.07110031694173813,0.5329014420509338,0.6991271853446961,0.0497538858324468
5955,0.050435569137334824,0.4874444901943207,0.6745448052883148,-0.07138542636212754
5960,-0.015194268710911275,0.48110334277153016,0.7352121194203695,-0.007786652791818111
5965,-0.08740188032388688,0.5021028161048889,0.7490757226943969,0.06463056394107648
5970,0.001098672318039462,0.5082886576652527,0.7345775683720907,-0.023894199051549186
5975,-0.15089698731899262,0.47087180614471436,0.6772498071193696,0.13011535699458582
5980,-0.09829509556293488,0.45260098576545715,0.6836051245530447,0.07750231614053504
5985,-0.07723584920167922,0.5153764009475708,0.7182295660177866,0.05534929541272167
5990,0.021240292116999626,0.4564270913600922,0.6624641040960948,-0.04194902478560008
5995,-0.03776227012276649,0.4950978457927704,0.7080227494239807,0.015287698881261247
6000,-0.09030466377735138,0.4573651850223541,0.6833233793576559,0.06944102301006387
6005,-0.02055964507162571,0.4645965933799744,0.6851751267910003,-0.00028004825675699536
6010,-0.03674380928277969,0.48387802839279176,0.6685790777206421,0.01633461562834295
6015,-0.039983433485031125,0.4873963713645935,0.6342528462409973,0.020823483579960327
6020,-0.06580936014652253,0.4757846236228943,0.7048074205716451,0.04410194683091378
6025,-0.08361718654632569,0.44087305665016174,0.6495734095573426,0.0639948599083606
6030,0.01861528605222702,0.5519472002983093,0.7250123580296834,-0.04125950314727591
6035,-0.0830243706703186,0.5131709814071655,0.7335200250148773,0.0605176473789248
6040,0.01203574873507023,0.4593241631984711,0.6902906954288482,-0.03313144624435498
6045,-0.06440783441066741,0.45530949234962464,0.6838727076848348,0.04370787670093267
6050,-0.044131913036108014,0.47740092873573303,0.6980938255786896,0.023052414002655737
6055,-0.05935386344790459,0.5164169669151306,0.7071754515171051,0.03768330747117199
6060,-0.014568422548472881,0.4806106448173523,0.7160119950771332,-0.007285300169104955
6065,-0.014530245773494243,0.4753512620925903,0.6692837218443553,-0.006112401504782835
6070,-0.08701532781124115,0.47157612442970276,0.7179301420847575,0.06533627736055407
6075,-0.022332970425486563,0.4448098182678223,0.6519796431064606,0.0025393091693198225
6080,0.004143606079742313,0.5335237383842468,0.686671515305837,-0.025291817361920762
6085,-0.1957215666770935,0.4808131217956543,0.6733498116334279,0.17503385938424806
6090,-0.05824054256081581,0.4687725901603699,0.6874297340710958,0.03718796393273472
6095,0.004058634443208575,0.48301475048065184,0.6699864069620768,-0.02456561180652169
6100,-0.07692965418100357,0.47298917174339294,0.6544577538967132,0.05691181241836465
6105,-0.01524135060608387,0.4365307927131653,0.6506335894266765,-0.004631613145249718
6110,-0.10002541095018387,0.468499493598938,0.6900990625222524,0.07869131217635082
6115,-0.08648682087659836,0.5001896321773529,0.6585191190242767,0.06632121822952303
6120,-0.04626351892948151,0.48769766092300415,0.6872466047604878,0.024881240522750613
6125,-0.026957209035754204,0.5032143354415893,0.6668876528739929,0.006753074219597837
6130,-0.0695399671792984,0.473217248916626,0.6917576551437378,0.048192227970634174
6135,-0.060572254657745364,0.45645204186439514,0.6627696295579274,0.04061824829279397
6140,0.0027683036867529156,0.44828068017959594,0.6987793266773223,-0.024018637760195596
6145,-0.06369702070951462,0.45750035643577575,0.6904744346936543,0.04281776267298773
6150,0.04046216532588005,0.4880618751049042,0.6899336715539296,-0.06163477242446992
6155,-0.04758726954460144,0.4699450671672821,0.6574448724587758,0.02723515651613643
6160,0.08177183270454406,0.4641037881374359,0.705263594786326,-0.10334924218523138
6165,-0.009832200221717357,0.5239848375320435,0.6872681518395741,-0.01122546036843644
6170,0.028780342638492586,0.5357806205749511,0.6933185815811157,-0.050063609109227816
6175,0.019122082740068436,0.46309137940406797,0.6867812275886536,-0.03998253905040066
6180,-0.05099336877465248,0.435945588350296,0.6589169681072236,0.031058016149048226
6185,-0.09785855263471603,0.4733860373497009,0.661202605565389,0.07788991511570424
6190,-0.05852848961949349,0.47755581736564634,0.681201308965683,0.03754043432982456
6195,-0.0126989109441638,0.4733484148979187,0.6615020871162415,-0.0072462226175404616
6200,0.016674881801009178,0.5368927359580994,0.6999919056892395,-0.03797531155783569
6205,-0.07421245276927949,0.4403522968292236,0.6645686944325765,0.05416943546495707
6210,-0.021321624889969824,0.4593565583229065,0.6993107080459595,0.00024587854994733614
6215,-0.051724041998386386,0.471065479516983,0.7034388601779937,0.030007121059188985
6220,-0.021876585856080055,0.48461098670959474,0.6784161726633707,0.0012853023141757482
6225,0.0360448956489563,0.4773402035236359,0.7109296838442485,-0.057800695267367405
6230,-0.09827245324850083,0.464173424243927,0.7201509912808736,0.07624557929109273
6235,-0.08471584171056748,0.4604058861732483,0.7190510014692942,0.06259354832985478
6240,-0.08758156895637512,0.48802844285964964,0.6916627744833629,0.06644632725233954
6245,-0.09081461131572724,0.5177894711494446,0.6729888538519542,0.07030565996508038
6250,-0.10881281197071076,0.44883527159690856,0.6836972177028656,0.08803503910977524
6255,-0.0524478517472744,0.4677726149559021,0.6928305904070536,0.03124617434542886
6260,-0.01184710655361414,0.4536002278327942,0.6731667180856069,-0.00862658240917547
6265,-0.08777314871549606,0.4458926260471344,0.6726329902807872,0.06748680912688569
6270,-0.09278607070446014,0.4861939370632172,0.6875589052836101,0.07198421372050685
6275,0.060793420672416686,0.478129243850708,0.6790257136027018,-0.08164931265351888
6280,-0.07138633579015732,0.4990609347820282,0.6569354991118114,0.05143550867615552
6285,-0.009984340518712997,0.47342190742492674,0.6664871553579966,-0.01034856158912384
6290,-0.052951176464557645,0.5003862857818604,0.6708472907543183,0.03249003658208766
6295,-0.04800533801317215,0.47711060047149656,0.7266662200291951,0.025788138745367076
6300,-0.038112131506204606,0.542032778263092,0.7163187861442566,0.016207105813777656
6305,0.026604091003537177,0.5057895541191101,0.6907049338022868,-0.04751219791217048
6310,-0.0006696664990158751,0.4846008360385895,0.6711414595444997,-0.01992608903183618
6315,-0.06617334634065627,0.536671233177185,0.6830546100934346,0.045045878307593
6320,-0.028887712210416795,0.47443789839744566,0.6738196591536204,0.008286190321495461
6325,-0.10606404691934586,0.460456645488739,0.6492481350898742,0.08646153226675685
6330,-0.06187695115804672,0.48410567045211794,0.6825980842113495,0.04101168454855918
6335,0.023128118738532065,0.4887731194496155,0.7107448399066925,-0.044738454636238364
6340,-0.02830415330827236,0.4393913447856903,0.6206746975580851,0.009372906621660793
6345,-0.08028659224510193,0.5097026824951172,0.6770242949326833,0.05964174722549654
6350,-0.012953581660985947,0.45266714692115784,0.690796043475469,-0.007914823775773613
6355,-0.03193947300314903,0.4660261392593384,0.6441358645757039,0.012053768381777855
6360,0.03180642724037171,0.45664690136909486,0.6418114364147186,-0.051387287282800405
6365,0.023370027914643286,0.4806228578090668,0.6462756574153901,-0.04305571251792369
6370,-0.05630515366792679,0.444199001789093,0.6569360236326853,0.036246515395241374
6375,-0.01614495664834976,0.4744768857955933,0.6661784549554189,-0.004133706135810108
6380,-0.06510797291994094,0.44655240178108213,0.6518782456715901,0.04525473505370806
6385,-0.016208762675523757,0.46756264567375183,0.6663269639015198,-0.0040578151459411
6390,-0.03048240765929222,0.4784438133239746,0.6705834249655406,0.010104607496470628
6395,-0.0705349788069725,0.48955270648002625,0.7158039212226868,0.04890076764379673
6400,-0.016989904269576073,0.498950332403183,0.7347996215025584,-0.0053349403824199055
6405,-0.010683992318809033,0.4497207999229431,0.7067683279514313,-0.011164666127426864
6410,0.06744057536125184,0.46595646142959596,0.6763478954633076,-0.08837543972056983
6415,-0.09101144820451737,0.5033300280570984,0.6776849051316579,0.07004806474998064
6420,0.01881146468222141,0.46092899441719054,0.6556566039721171,-0.039048114073967764
6425,0.013180820643901825,0.4780968248844147,0.6707498093446096,-0.03382298113604049
6430,-0.10274824649095535,0.5048372626304627,0.735707292954127,0.08014575793479624
6435,0.004329535085707903,0.4852288246154785,0.6835563818613688,-0.025082467191234945
6440,0.05378320142626762,0.4843480587005615,0.6723196129004161,-0.07428336805256837
6445,0.002156642754562199,0.47285679578781126,0.7067095915476481,-0.023596216325332355
6450,0.0382587656378746,0.5640394210815429,0.6913349290688833,-0.05942421112504307
6455,-0.009693743288516998,0.48788262605667115,0.6799130161603292,-0.011170807790717384
6460,-0.013388912566006184,0.46519010066986083,0.6957523465156555,-0.008020336578275146
6465,0.007964913360774517,0.4785916984081268,0.6910183906555176,-0.02920272626591692
6470,0.059695164859294894,0.5148755669593811,0.7025246640046438,-0.08238771650414163
6475,-0.06354654431343079,0.5355827927589416,0.6711046020189921,0.043204904596658884
6480,-0.032527918368577956,0.5104311466217041,0.663255262374878,0.012310425239086934
6485,-0.049318069219589235,0.4792553186416626,0.6305729687213898,0.03029744947213799
6490,-0.031055008247494697,0.46701756715774534,0.6825754960378011,0.010412314548809946
6495,-0.04404267892241478,0.5343665480613708,0.67770081559817,0.023459268047654323
6500,-0.019429587945342063,0.4939109146595001,0.6416654348373413,-0.00030382938052509395
6505,-0.05326492637395859,0.45544312596321107,0.6648696502049763,0.033087491412776414
6510,-0.05090005248785019,0.4836856722831726,0.6523258884747823,0.031098267754918956
6515,-0.04692959934473038,0.46389585733413696,0.6673538565635682,0.026710391607336365
6520,-0.08597844988107681,0.4499050617218018,0.6702673514684041,0.06551185309882569
6525,-0.048324987292289734,0.429213285446167,0.6588029523690542,0.02826739406397291
6530,-0.052434253692626956,0.4891334891319275,0.7163909753163655,0.030440116633654347
6535,-0.05009482726454735,0.4565663397312164,0.675622022151947,0.029627115762132443
6540,-0.028769363090395926,0.4450904905796051,0.6568412582079569,0.0089026213996637
6545,-0.04243196174502373,0.4374433696269989,0.65803262591362,0.0223465625640132
6550,-0.005171888042241335,0.5279498219490051,0.6799485882123312,-0.016036949730082548
6555,-0.039938836544752124,0.45372618436813356,0.6289375285307567,0.020949944363187038
6560,-0.032481642067432405,0.49267935156822207,0.6585537632306416,0.012225778637610644
6565,0.013864799588918685,0.5161965489387512,0.6478074193000793,-0.03384778611244185
6570,-0.05071590319275856,0.47761387228965757,0.6902220865090688,0.0297119888695553
6575,0.033458531647920606,0.4883181691169739,0.670161513487498,-0.05431456214576617
6580,-0.07407250553369522,0.4367917597293854,0.6478695631027221,0.054576587794094626
6585,-0.0017754525877535343,0.5309871196746826,0.6849599361419678,-0.019459311841356977
6590,-0.07599872201681138,0.47207294702529906,0.6556773066520691,0.056026642154064346
6595,-0.032988204061985014,0.4361862242221832,0.6651756445566813,0.012860424161132136
6600,-0.053852785378694534,0.46665337681770325,0.6431534985701243,0.03432762886336467
6605,0.00387686500325799,0.5141009092330933,0.6893002251784007,-0.02517971666256351
6610,-0.057289527356624605,0.46953805088996886,0.608846918741862,0.03893633645035289
6615,0.02444477044045925,0.4572261214256287,0.6359692672888438,-0.043780525696263166
6620,-0.07844643592834473,0.4626759886741638,0.6450962007045746,0.05865504265066586
6625,-0.03008367009460926,0.4884340167045593,0.6479233066240947,0.010379680897591571
6630,-0.00019252743586548605,0.4802428126335144,0.6572093923886617,-0.01988687622873222
6635,0.024062401428818703,0.5015482783317566,0.6303575217723847,-0.04349641681733925
6640,-0.0724608451128006,0.46465165019035337,0.6211362640062968,0.05355885945686257
6645,0.029774612560868264,0.46588553190231324,0.6468978802363078,-0.04964947271909504
6650,0.022897279635071755,0.47329811453819276,0.6836533566315969,-0.04421614175272676
6655,-0.046718936413526535,0.460501492023468,0.6930639684200287,0.025761816307483393
6660,0.026569588854908944,0.49520676136016845,0.6270815114180247,-0.04570474852883591
6665,-0.06544476002454758,0.4717974841594696,0.6196657915910085,0.04669415150613164
6670,-0.044567590951919554,0.43370368480682375,0.6548906524976095,0.024758356338380128
6675,-0.045777077227830885,0.4996928334236145,0.6878600319226583,0.024678895590433677
6680,-0.029357434064149857,0.46271049976348877,0.6346619149049123,0.010239940980065728
6685,-0.02135429494082928,0.4756551325321198,0.6318039337793986,0.002057377856845719
6690,-0.04400327056646347,0.4423693954944611,0.6210098505020142,0.025258716323508332
6695,-0.04417751207947731,0.466292005777359,0.6330609480539958,0.02496301762343881
6700,-0.0010188316809944808,0.5288857221603394,0.6850922644138336,-0.019693647349755365
6705,-0.03489115759730339,0.4779454231262207,0.6401265799999237,0.015350619666653976
6710,-0.10505675673484802,0.47998387217521665,0.6138094802697499,0.08657125846510297
6715,-0.03764754012227058,0.47301976680755614,0.6773106376330058,0.016696334647266407
6720,-0.016929003223776818,0.5380291223526001,0.6210526625315348,-0.002664561810697601
6725,-0.08776387572288513,0.4503888785839081,0.6197133203347523,0.06891551470922284
6730,-0.04642686322331428,0.42955970764160156,0.6294486423333486,0.027463728698834365
6735,-0.024247867986559868,0.4758881151676178,0.6370347996552785,0.004931988703542342
6740,0.1557886928319931,0.4655733942985535,0.6875787198543548,-0.17707589375709498
6745,-0.0035238257143646477,0.5410190105438233,0.6636180639266968,-0.017084392670150994
6750,-0.04629100486636162,0.4614801049232483,0.6203862408796946,0.027541684863625748
6755,0.06118721216917038,0.5179507017135621,0.6778936247030894,-0.0821909382510571
6760,-0.023800886794924737,0.4698511064052582,0.6541581014792125,0.003756669070871292
6765,-0.0727209284901619,0.4481934607028961,0.6325510084629059,0.0535066982364389
6770,-0.0426928736269474,0.4677766144275665,0.6377172569433848,0.023241631039745813
6775,-0.07531624585390091,0.4528333365917206,0.6369446555773417,0.05555010618061744
6780,-0.050273717194795606,0.46692135334014895,0.6665966888268788,0.02903700347982743
6785,-0.09944072365760803,0.5125383853912353,0.6399302442868551,0.08000958211922217
6790,-0.0660285234451294,0.44614699482917786,0.625405345360438,0.047107922547797505
6795,-0.011303921602666378,0.4410724759101868,0.6317551513512929,-0.007939493760856947
6800,0.024531742557883263,0.4750012934207916,0.6458989202976226,-0.044373623265190405
6805,-0.05211070477962494,0.4713171303272247,0.6976803342501322,0.031063476712487728
6810,-0.08812580853700638,0.5183282852172851,0.6419155716896057,0.06867139257543324
6815,0.010778198391199112,0.49051527976989745,0.6545161227385203,-0.030707465151118846
6820,0.01868342123925686,0.4650620579719543,0.667003705104192,-0.039070718632263086
6825,-0.09373879283666611,0.4688896477222443,0.6511314551035563,0.07396527299381687
6830,-0.03353045955300331,0.4573686122894287,0.6212302366892497,0.014788347039143406
6835,-0.04494473561644554,0.45091780424118044,0.6534398039182027,0.024965850612465285
6840,-0.04403436258435249,0.5207535624504089,0.6896546185016632,0.022871933093321698
6845,0.011483254656195641,0.4605621337890625,0.6444784541924794,-0.030928173963597302
6850,0.05256462767720223,0.4803525388240814,0.6366869529088338,-0.0721721886645604
6855,0.1202893540263176,0.47765313386917113,0.6884289741516113,-0.14166851669090053
6860,-0.09515058845281602,0.4785658478736877,0.6577936410903931,0.07519943519940582
6865,-0.19771543145179749,0.5126046776771546,0.6677541633447012,0.1773014656051164
6870,-0.10806496441364288,0.45143975019454957,0.6466383357842763,0.08822899859795091
6875,-0.07637491971254348,0.44587361216545107,0.6388711154460907,0.05671799966459623
6880,-0.06871627569198609,0.4497988760471344,0.6398400465647379,0.049363781345728684
6885,-0.055598190426826476,0.4966438949108124,0.6744365235169728,0.03523138117041973
6890,-0.15910229682922364,0.4704476952552795,0.6589613695939381,0.13907077737862744
6895,0.08001224398612976,0.48701009154319763,0.6418515145778656,-0.0995916628990046
6900,-0.024925590306520463,0.49383820295333863,0.6735907395680746,0.004337851297995909
6905,-0.008977681584656238,0.49987900257110596,0.6720572908719381,-0.011356402580828082
6910,0.05636589825153351,0.5197254300117493,0.6501509010791778,-0.07671055145612243
6915,-0.00415452029556036,0.527788496017456,0.663450692097346,-0.015960325694982572
6920,-0.06435370594263076,0.4768082916736603,0.60567507147789,0.04583354471221197
6925,-0.07302680462598801,0.4877142131328583,0.6249323904514312,0.05418371558383094
6930,-0.03859405219554901,0.45625985860824586,0.615672254562378,0.020064314961320915
6935,0.029103147238492964,0.49511066675186155,0.6613606254259745,-0.049451120757828766
6940,-0.04893218949437141,0.4819044888019562,0.6520624061425527,0.029122063320752088
6945,-0.06850394755601882,0.47484559416770933,0.6233150581518809,0.04948953473919234
6950,-0.06745479851961136,0.4332900822162628,0.6210369070370992,0.04870419046691418
6955,0.030508023872971534,0.49423791766166686,0.6748144964377085,-0.05131323266833125
6960,-0.06678774207830429,0.45286678075790404,0.647902621825536,0.047127651634108834
6965,-0.009069116786122322,0.516963529586792,0.6296635190645854,-0.0102944660840288
6970,-0.08326543569564819,0.45279131531715394,0.6240055680274963,0.06443776999073748
6975,-0.028931816667318346,0.48316824436187744,0.6173652827739715,0.010169399079501875
6980,-0.17262857854366304,0.48916091322898864,0.6940471986929576,0.1515071768828368
6985,-0.10576153993606567,0.4560710370540619,0.6477910717328389,0.08619723169017257
6990,0.001470845565199852,0.4597156524658203,0.6258218050003052,-0.020489756702478382
6995,-0.016861138865351677,0.47435073256492616,0.6504249274730682,-0.0028193195997381322
7000,-0.03644536659121513,0.46747190356254575,0.6301457107067108,0.01740540746384917
7005,0.011233304254710674,0.4927068710327148,0.6818023999532064,-0.03206818799302824
7010,-0.05461204499006271,0.4689135432243347,0.6692499001820882,0.03424319783460156
7015,-0.004554872121661902,0.4871896326541901,0.6303025027116139,-0.014486253828795377
7020,-0.08763146549463272,0.4971486389636993,0.6683607796827952,0.06736162643877297
7025,-0.10261263549327851,0.42585291862487795,0.6229048470656077,0.08374880419244447
7030,0.010797834210097789,0.4324420094490051,0.6324483970801036,-0.02989793839841251
7035,0.030325400829315185,0.49138585329055784,0.6481839140256246,-0.05007389214392804
7040,-0.07335292398929597,0.4901966691017151,0.6368488649527232,0.05416878891234888
7045,-0.1105011373758316,0.4499101161956787,0.6377265493075053,0.0912908302773108
7050,-0.017825331166386606,0.44989972114562987,0.6206689159075419,-0.0008843535055961249
7055,-0.04660917818546295,0.4945413827896118,0.6498609066009522,0.02697908511718564
