episode,actor_loss,critic_loss,entropy,advantage
5,-1.0494326829910279,0.766728937625885,3.3746625264485677,0.8764798730953687
10,-0.7059391856193542,0.7138942003250122,3.3815896987915037,0.5806413605916716
15,-0.8228088259696961,0.6326228260993958,3.288112775484721,0.6465142949938577
20,-0.8865169882774353,0.5709260463714599,3.0922500610351564,0.7235002547108961
25,-0.7749510169029236,0.5627263069152832,2.925647830963135,0.6274957779936499
30,-0.8849226832389832,0.4839210629463196,2.71530339717865,0.740513298405735
35,-0.8945674657821655,0.4450471758842468,2.425581971804301,0.7634424128761708
40,-0.6976948976516724,0.4850306332111359,2.267125900586446,0.5986869853009613
45,-0.7321347594261169,0.43619162440299986,1.934668521086375,0.6401388072756344
50,-0.8469197034835816,0.39398940801620486,1.5086181084314982,0.7677194835397189
55,-0.750545859336853,0.3555805802345276,1.2129666765530904,0.6935902229264198
60,-0.6335789680480957,0.3422184884548187,1.0458717008431753,0.5845076712656001
65,-0.6576371908187866,0.3440414905548096,0.835675319035848,0.6173291133879083
70,-0.588437557220459,0.34099684953689574,0.7354835430781047,0.5515797994206316
75,-0.41427576541900635,0.35734620690345764,0.6879391809304555,0.3753264897746511
80,-0.4654949128627777,0.31814160346984866,0.6141711274782816,0.438048828567558
85,-0.5485506892204285,0.2898751080036163,0.5183103660742442,0.5292321223808558
90,-0.467336905002594,0.3072986304759979,0.5099854310353596,0.44784150637756487
95,-0.450673496723175,0.30020554065704347,0.48674126267433165,0.4318541645391843
100,-0.351635217666626,0.28648765087127687,0.3913726588090261,0.3351012843674453
105,-0.32432469725608826,0.28670751452445986,0.35614999433358513,0.3102694722859853
110,-0.30272438526153567,0.28913058042526246,0.4129905551671982,0.28831071765354255
115,-0.28640440106391907,0.2663936257362366,0.43844606876373293,0.27185029864408855
120,-0.1048840492963791,0.3181683003902435,0.49124895930290224,0.08211568546237888
125,-0.22614692151546478,0.30372102856636046,0.4840619146823883,0.2078506301798328
130,-0.08990551978349685,0.3335247218608856,0.5592605501413346,0.05795615907650395
135,-0.10076226145029069,0.29284613728523257,0.5428055663903554,0.08004652316588193
140,-0.182946315407753,0.3203407347202301,0.5529367585976919,0.15705277717518415
145,-0.13436079025268555,0.3052566945552826,0.5625165303548177,0.10715257038365242
150,-0.11359005868434906,0.3254731833934784,0.6741479535897573,0.08460815357438503
155,-0.10004399716854095,0.2970854341983795,0.8205224553743998,0.06350119225764952
160,-0.17579259276390075,0.3265431344509125,1.0133422553539275,0.14166405077695995
165,-0.09230030328035355,0.3367308974266052,1.0398513495922088,0.04808086371875406
170,0.08375484496355057,0.34746893048286437,1.0424203813076018,-0.1296212296250506
175,-0.1577590674161911,0.2902311205863953,0.9773610234260559,0.11974567106171631
180,-0.08082291334867478,0.31971982717514036,1.0493640065193177,0.04383947647312464
185,-0.051434111595153806,0.36543896794319153,1.262104292710622,0.005362159191739593
190,0.02637291457504034,0.37584459185600283,1.571721649169922,-0.09422331326922169
195,0.31709330081939696,0.4488069534301758,1.664016564687093,-0.39145229162043627
200,0.1987644165754318,0.414898669719696,1.8891952236493428,-0.2804037305627321
205,0.42856319546699523,0.5268796801567077,1.9218690554300943,-0.5234293162964936
210,0.1085366114974022,0.39824848175048827,1.8362427552541096,-0.18838882810239038
215,0.11941793113946915,0.4286737382411957,1.7766220927238465,-0.198646429118268
220,0.030767142400145532,0.4077347993850708,1.5576289733250936,-0.09213188832635541
225,-0.05279252529144287,0.3810610890388489,1.4777316093444823,-0.0052927727292692486
230,-0.04956749081611633,0.36756219863891604,1.2366561532020568,-0.009160555254875724
235,-0.2560722082853317,0.3268753707408905,1.2155211687088012,0.20120737929001878
240,-0.14282044470310212,0.3293250918388367,1.023981914917628,0.1049426280765088
245,-0.17472630143165588,0.3470643699169159,0.9759856045246125,0.13116919164049703
250,-0.26310580372810366,0.3259922742843628,0.8593485573927562,0.22794271707731023
255,-0.22721148729324342,0.31488006711006167,0.7763123194376628,0.1998258991346658
260,-0.12526750564575195,0.3295987367630005,0.7202304661273956,0.09778852193167054
265,-0.10750369727611542,0.32560138702392577,0.6382565279801686,0.07665655534565258
270,-0.16347694993019105,0.33631064295768737,0.5708734591801962,0.14085564591266062
275,-0.2198804199695587,0.3200954496860504,0.6028616309165955,0.19454842919061785
280,-0.27787159085273744,0.34297849535942077,0.6210496564706166,0.25392275716992785
285,-0.26868233680725095,0.2914895057678223,0.5219748795032502,0.25008934161608615
290,-0.17738924026489258,0.29679166078567504,0.5350108792384466,0.15932339683909374
295,-0.2166219025850296,0.29888532161712644,0.47460091511408486,0.1960320641942616
300,-0.15532395243644714,0.2868757426738739,0.5266706417004268,0.13698566682200006
305,-0.11807541400194169,0.2747197687625885,0.7091822544733684,0.09131722369623918
310,0.07836297750473023,0.3258029282093048,1.0114442984263101,-0.11836877929168263
315,0.01573708076030016,0.3498873770236969,1.1514875173568726,-0.06428009556153796
320,0.025802988186478616,0.34861921072006224,1.2093560298283894,-0.07406562312823317
325,-0.04983912967145443,0.33826632499694825,1.315535875161489,-0.009139032917451186
330,-0.19847516119480133,0.31645798683166504,1.110993754863739,0.14775938799016136
335,-0.21138433516025543,0.33321868181228637,0.978136803706487,0.1640583367951241
340,-0.24368134438991546,0.300603586435318,0.9346697747707366,0.20099273473035298
345,-0.4417221963405609,0.25009836852550504,0.7180145879586538,0.40176781389994976
350,-0.24865882694721222,0.2761389374732971,0.6439366062482198,0.22263276206774105
355,-0.2884548306465149,0.2673394739627838,0.6709308505058289,0.26138000002447354
360,-0.3529598116874695,0.23265083134174347,0.6425762017567952,0.33067171909395615
365,-0.1939164251089096,0.2754526257514954,0.6304585039615631,0.16465273400812236
370,-0.14324936866760254,0.2585629284381866,0.7394852618376414,0.11292026858625359
375,-0.09108569324016572,0.28468894958496094,0.9183148960272471,0.0558144987165467
380,-0.16460260450839997,0.2904220879077911,1.0245843370755514,0.12042493816470931
385,-0.07063862308859825,0.32586079835891724,1.1290406187375386,0.008768131869049225
390,-0.11223953068256379,0.3114467203617096,1.1924434582392374,0.06387006932970143
395,-0.0031802264973521234,0.3399603605270386,1.2895509322484335,-0.05552071160893841
400,0.017582914028753293,0.3399601936340332,1.2043062448501587,-0.07951761850127008
405,-0.1537113904953003,0.2966568052768707,1.1429004192352294,0.10683600829151288
410,-0.29406760931015014,0.26440280079841616,1.1402047435442606,0.24135525962197402
415,-0.1307743787765503,0.2924381196498871,1.1138792157173156,0.08510190486669131
420,-0.04058024846017361,0.3089793026447296,1.273523739973704,-0.012491994385437478
425,-0.1835175037384033,0.3356110453605652,1.176171604792277,0.12901664297038412
430,-0.33293594121932985,0.3199743092060089,1.0312993327776592,0.28240802954529826
435,-0.38852559924125674,0.33048574924468993,0.8772796213626861,0.35306126168763413
440,-0.26927005052566527,0.2895561635494232,0.7747893591721853,0.23463524922870926
445,-0.246063494682312,0.3016791522502899,0.7963941911856334,0.21575461970499815
450,-0.36931452751159666,0.2532652020454407,0.7298514902591705,0.3378591751662361
455,-0.25056963264942167,0.2546986281871796,0.6470819731553396,0.22147649099189265
460,-0.01196787296794355,0.2984791398048401,0.7851608296235403,-0.02234648857947315
465,0.07457876950502396,0.2745676815509796,1.0336188077926636,-0.11729004718521711
470,-0.04984669201076031,0.28958880305290224,1.2338797648747761,-0.0034563987434820123
475,0.2842114090919495,0.33265256881713867,1.4073258280754088,-0.3613805441064128
480,0.2667407900094986,0.4048693299293518,1.5673779924710591,-0.3544039227416643
485,0.42749966979026793,0.466935920715332,1.7974751035372416,-0.5226777943151663
490,0.22513260543346406,0.3993066966533661,1.9396143992741903,-0.3119886820626303
495,0.13052754998207092,0.4148262500762939,2.0256378650665283,-0.21703480661800095
500,0.2808605253696442,0.4960665762424469,1.9246416807174682,-0.37638967246377975
505,-0.017914208117872477,0.419886976480484,1.7798351287841796,-0.06847237176118759
510,-0.22079968750476836,0.41971330642700194,1.487769349416097,0.15203605327580327
515,0.028931903094053267,0.36522622108459474,1.3512947956720989,-0.08874534817972356
520,-0.297154027223587,0.33402844071388244,1.254957381884257,0.2429793118504537
525,-0.21301357448101044,0.33353397250175476,1.1792322397232056,0.15223048493176666
530,-0.27537350058555604,0.31501120924949644,0.9906669974327087,0.21954129457697036
535,-0.2539001852273941,0.2716318488121033,0.7973633408546448,0.21428162740260104
540,-0.02399327587336302,0.2909139275550842,0.6927796284357707,-0.004969252523404927
545,-0.02348998486995697,0.2729053497314453,0.7441718180974325,-0.015570679186445521
550,-0.10471062809228897,0.2704169750213623,0.8632631957530975,0.06867916164188528
555,-0.052316083945333956,0.30150052309036257,0.9292140305042267,-0.005648621784707463
560,-0.052451712638139726,0.2936067163944244,0.9147307376066843,0.004272716161749723
565,-0.08744226545095443,0.27357895374298097,0.778716770807902,0.053323856418370626
570,-0.03715375550091267,0.2971545696258545,0.9481424073378245,0.0014171350814084856
575,-0.10666312426328659,0.27571248412132265,0.9901397267977396,0.06061039314419582
580,-0.1660393327474594,0.28254833817481995,0.9130570471286774,0.13226626663103497
585,-0.04911586791276932,0.28846734166145327,0.9801722447077433,0.008510803900688237
590,0.09137142300605774,0.28393110632896423,1.2600098729133606,-0.14844280129797705
595,-0.15852792263031007,0.30263862013816833,1.4167417804400126,0.10082635570852526
600,-0.13982386738061905,0.3322690546512604,1.4840386986732483,0.0784996822009479
605,-0.13764421343803407,0.32465230822563174,1.2291329344113668,0.08116009780636509
610,-0.07108653113245963,0.3016269624233246,1.2703343351682028,0.022748231377928488
615,-0.0896113321185112,0.30801417827606203,1.3551305373509726,0.03658442428371969
620,0.05822172537446022,0.36381277441978455,1.3260990341504415,-0.11911986786411212
625,-0.1201730877161026,0.32492462992668153,1.1895464340845743,0.06821925677834907
630,0.0036118712276220323,0.30750523805618285,1.1263850410779317,-0.052668123060700185
635,0.04731432795524597,0.31349038481712344,1.296618433793386,-0.10172289030428551
640,0.010150168975815176,0.3231100559234619,1.3686002214749655,-0.0656680317123154
645,0.11536920964717864,0.30798344016075135,1.5317001899083456,-0.18195093897495557
650,0.10612197667360306,0.368810772895813,1.5619834860165913,-0.17612720035201992
655,0.05440748184919357,0.2986823976039886,1.4444790959358216,-0.12166648961578132
660,-0.006672815955244005,0.33718966841697695,1.619346010684967,-0.0614163346405483
665,-0.13175756782293319,0.3041945338249207,1.5808444460233053,0.06764332809367447
670,0.05392041951417923,0.4082669258117676,1.6479772329330444,-0.13338995578462018
675,-0.014114363910630345,0.326771491765976,1.395685652891795,-0.04494173032408614
680,0.007821611390681937,0.34436083436012266,1.368672291437785,-0.06264187841348139
685,0.05598520785570145,0.30232819318771365,1.3069657603899638,-0.12072782767663294
690,0.15085623562335967,0.3116773545742035,1.1968897342681886,-0.20804601481170673
695,0.35302767157554626,0.3007051408290863,1.235046911239624,-0.42320490715267106
700,0.3553904354572296,0.32789361476898193,1.8600235422452291,-0.4520534453861896
705,0.5515558362007141,0.44999374747276305,2.3103028615315755,-0.6634327882822396
710,0.7747058033943176,0.5103023529052735,2.4686335802078245,-0.9029631389623759
715,0.4565365672111511,0.42614187598228453,2.4351848204930624,-0.5795253341492796
720,0.053796399012207986,0.3628037214279175,2.143525409698486,-0.15691441988898522
725,0.13196752667427064,0.4022249817848206,2.13458411693573,-0.2340365761109261
730,-0.023154600942507386,0.3434593141078949,1.7401595950126647,-0.051040433445581165
735,0.04577603042125702,0.3537700355052948,1.7608026266098022,-0.12052211312083726
740,-0.12651414424180984,0.33816192150115965,1.5950694958368936,0.04603696212782403
745,-0.12067245692014694,0.2919208645820618,1.3107454180717468,0.06351105561641068
750,-0.10718837529420852,0.31982540488243105,1.1825092951456706,0.06000244251143925
755,-0.2994625508785248,0.3015315592288971,1.262981859842936,0.24667672822196512
760,-0.12679171711206436,0.3103970229625702,1.2098030964533488,0.07139977497804666
765,-0.24911924302577973,0.29219016432762146,0.9209876755873362,0.20358181005981799
770,-0.2696132600307465,0.2593708634376526,0.6703342775503794,0.2446913480801866
775,-0.3030765116214752,0.2807241201400757,0.651008665561676,0.2738742011625916
780,-0.1612260490655899,0.2573512554168701,0.7549265007177989,0.1278542303859691
785,-0.07279924228787422,0.2600306570529938,0.8102825323740641,0.03004290205258992
790,-0.11301139444112777,0.3124841034412384,0.8783845583597819,0.06873421687866675
795,0.0556668296456337,0.2824280858039856,0.9696839114030202,-0.09913425700414298
800,0.03535902835428715,0.30043073296546935,1.0496233503023784,-0.09037589166160376
805,0.03789485804736614,0.31085861325263975,1.0105623185634613,-0.08202036903437321
810,-0.10320358425378799,0.25547791719436647,0.9509311695893605,0.06422301295761836
815,-0.022953668422997,0.284232497215271,1.0434402028719585,-0.019095574175201253
820,0.1286129280924797,0.2582673728466034,1.0970862587292989,-0.17490966312041642
825,0.029182473197579384,0.27238776087760924,1.038233796755473,-0.07906087005400562
830,-0.04544572457671166,0.261891707777977,1.0198573191960654,0.009287817028869681
835,-0.12837604731321334,0.3444569051265717,1.2669137001037598,0.06835563937388435
840,-0.22874983549118041,0.3189474523067474,1.018094692627589,0.18272395644945336
845,-0.18286403715610505,0.277129065990448,0.8629759470621745,0.14404044328075097
850,-0.13522427678108215,0.2451385110616684,0.7478370010852814,0.10574996038149448
855,-0.10276880711317063,0.24074535965919494,0.7445248146851857,0.07329192281771685
860,-0.14975200295448304,0.2788778066635132,0.8886837303638458,0.11418158014354232
865,-0.07807494848966598,0.2825622856616974,0.973569679260254,0.04319033598262211
870,-0.08795219808816909,0.2509222000837326,1.0125336329142252,0.05003830854895641
875,0.05746714770793915,0.25834457874298095,1.0811464150746664,-0.10208885365820346
880,0.04425377286970615,0.2879675567150116,1.3110561450322469,-0.10256914257272778
885,-0.06827725544571876,0.31873846650123594,1.2305109937985739,0.007325876717195187
890,-0.05762104019522667,0.3285902559757233,1.1421483397483825,0.010115715550276422
895,-0.04551424384117127,0.32637094855308535,1.0054450611273447,0.0014439809160685713
900,-0.1301456496119499,0.26080289483070374,0.8989045361677805,0.09411906890584452
905,-0.13654220700263978,0.27447190284729006,0.7432438512643178,0.10628647052722814
910,-0.020910179801285268,0.23753883838653564,1.0006879349549611,-0.014143709185218753
915,-0.0943696916103363,0.2776196300983429,1.2284167726834616,0.03483167690028363
920,-0.10588091015815734,0.31862390637397764,1.1380485773086548,0.05235596933354142
925,0.013142628222703933,0.26617723107337954,1.1823051532109579,-0.058963346001797534
930,0.025531247910112142,0.2630369544029236,1.3993613203366597,-0.08640584188880822
935,0.07382438480854034,0.32872104048728945,1.4559923966725667,-0.1488485449380323
940,-0.17536277174949647,0.33456733226776125,1.386741284529368,0.11708820245218597
945,-0.15630860924720763,0.32084742188453674,1.2111873070398966,0.10833208643520591
950,-0.21869734823703765,0.35762463212013246,0.878463613986969,0.17011695297836343
955,-0.30507597923278806,0.30573238134384156,0.7467926720778147,0.27165090472828923
960,-0.24600180685520173,0.2726736307144165,0.6091189702351888,0.22145268210259797
965,-0.2775484561920166,0.2318323016166687,0.46823764542738594,0.2604893183282544
970,-0.1886756718158722,0.22830584347248079,0.40166135827700294,0.1740814808032544
975,-0.18996875882148742,0.23760794401168822,0.43794268469015757,0.17421559670588777
980,-0.13703926801681518,0.27660382390022276,0.5739776571591695,0.11605397371063386
985,-0.12568021714687347,0.23718853294849396,0.5246590703725815,0.10706339513732996
990,-0.20988517701625825,0.23498358130455016,0.5817303458849589,0.18865280072645843
995,-0.2941783547401428,0.2528109192848206,0.570732656121254,0.2679029532698935
1000,-0.10896191745996475,0.263436621427536,0.47794049779574077,0.09026197714529868
1005,-0.08595733791589737,0.21939152479171753,0.4960314472516378,0.06914110145701481
1010,-0.06350216045975685,0.24838136434555053,0.5935009102026622,0.040564145279887824
1015,-0.02567569985985756,0.25908637046813965,0.7896174848079681,-0.004037544883422138
1020,-0.07123119980096818,0.25085917115211487,0.8965709249178568,0.036704535851307826
1025,0.09450676143169404,0.2506674349308014,0.9990409990151723,-0.13930176098326988
1030,-0.04392727203667164,0.3066507697105408,1.3279044866561889,-0.010752094939827156
1035,0.02417179886251688,0.334898042678833,1.470869541168213,-0.08487677218645676
1040,0.22885884940624238,0.37003123164176943,1.618846873442332,-0.3032860913476959
1045,-0.05663860440254211,0.3517595171928406,1.609355616569519,-0.01333377769170395
1050,0.023319808300584555,0.33314308524131775,1.5787682294845582,-0.08776810305859593
1055,-0.006392193771898746,0.4056076526641846,1.5795403202374776,-0.07177696841906055
1060,-0.031004460676922464,0.4236533284187317,1.6900985678037008,-0.05131244850845842
1065,0.20841706395149232,0.3808025479316711,1.516767187913259,-0.276275540948673
1070,0.1354772701859474,0.3554072558879852,1.609352958202362,-0.21004582419653545
1075,-0.007797893392853439,0.37970582246780393,1.7340801159540813,-0.07419423956998579
1080,-0.02939555961638689,0.355179762840271,1.664854880174001,-0.04109516931185517
1085,-0.12322814017534256,0.32869723439216614,1.5350125551223754,0.049454262702386904
1090,-0.18829528093338013,0.30090014934539794,1.2786550442377727,0.12821631549969692
1095,-0.14810474812984467,0.2666022479534149,1.1523115356763205,0.10475788744373792
1100,-0.19407186508178711,0.264678555727005,1.198581874370575,0.1437233537458093
1105,-0.16925189197063445,0.2618768632411957,1.0715363303820291,0.126537609341108
1110,-0.08451750725507737,0.26921778321266177,1.0630815347035727,0.03708162753513796
1115,-0.056771012395620345,0.2709228336811066,1.2520154198010762,0.0009500656314756534
1120,0.10361593812704087,0.34412139654159546,1.4923911054929098,-0.1721247824477752
1125,0.19426417350769043,0.30188987255096433,1.5287087162335713,-0.2700930789307125
1130,0.18658800721168517,0.4201962947845459,1.672807522614797,-0.27337913997491586
1135,-0.09585448056459427,0.34814804792404175,1.7647247354189555,0.003081406178452058
1140,-0.08482440412044526,0.30701940059661864,1.5494864384333293,0.014803819149961123
1145,-0.03810106618329882,0.3517536103725433,1.735187009970347,-0.043376923737430864
1150,0.04098069928586483,0.3108018457889557,1.4705294569333394,-0.11707989185042242
1155,-0.0436061717569828,0.3183449625968933,1.4072956879933676,-0.015335728420024407
1160,-0.00827243085950613,0.31622675657272337,1.3560710787773131,-0.05052900006173195
1165,0.014066113717854023,0.31805756092071535,1.1887123425801596,-0.07433692434816337
1170,-0.024220746569335462,0.30428574681282045,1.3238142530123393,-0.033084398502523454
1175,0.0024136782623827456,0.2599013864994049,1.2385275761286418,-0.05174196071089601
1180,0.08223401308059693,0.29287098050117494,1.6003528753916423,-0.14656280173093866
1185,0.1420385241508484,0.39241341352462766,1.7755247632662454,-0.21570883495735535
1190,0.12947895377874374,0.3183544516563416,1.8170923829078673,-0.20742503573222235
1195,0.07399009615182876,0.35790905356407166,2.1279052019119264,-0.17588570121483252
1200,0.11247879713773727,0.35491464138031004,1.892784833908081,-0.20096343845349515
1205,-0.005125834094360471,0.3917327642440796,1.7918086806933085,-0.07929031712789952
1210,-0.010300870053470135,0.3265920400619507,1.5830079078674317,-0.0546783175853003
1215,-0.12122309356927871,0.34146000146865846,1.6146225571632384,0.050267879230023654
1220,-0.009039892023429275,0.2823812663555145,1.40312602519989,-0.046423069503108164
1225,-0.14526183903217316,0.33854236006736754,1.634426267941793,0.08165106848357129
1230,-0.16117866337299347,0.32930411100387574,1.4514330188433329,0.09883566708865683
1235,-0.022823146637529136,0.3355679392814636,1.3813344637552898,-0.0374784195250511
1240,0.04179099388420582,0.3274442195892334,1.334329934914907,-0.1049935224379004
1245,-0.10166667699813843,0.2807565569877625,1.279983886082967,0.048625010435926506
1250,-0.17207169830799102,0.2804155170917511,1.21046937306722,0.12560631384084117
1255,-0.015060403349343688,0.3068578362464905,1.2125441749890646,-0.03874145987524121
1260,-0.050648871809244156,0.34829973578453066,1.241683562596639,-0.0026849733480890084
1265,-0.05405101925134659,0.2625895082950592,1.349873713652293,4.8559142903233145e-05
1270,0.044049399346113204,0.2932564616203308,1.4520339131355287,-0.1069819690052365
1275,-0.017334377206861974,0.3800509572029114,1.5614357948303224,-0.06946706157436101
1280,-0.15430815219879152,0.2869606614112854,1.3811044176419576,0.10076960909509655
1285,0.0591744177043438,0.3028373301029205,1.501270322004954,-0.1240975187342892
1290,0.14729916900396348,0.4504297137260437,1.9325251579284668,-0.23625700971209132
1295,0.07110819742083549,0.4216721534729004,1.9096123059590657,-0.15980276146303704
1300,0.12719443440437317,0.38667759895324705,1.711290967464447,-0.21581602635088523
1305,-0.09793772399425507,0.3782554566860199,1.4368146816889444,0.026985717505673135
1310,0.2417130649089813,0.42503861784935,1.6945184588432312,-0.33266052790439427
1315,-0.09654921889305115,0.26810858249664304,1.2802241722742715,0.039518429729556354
1320,-0.02100722063332796,0.3282171666622162,1.494197916984558,-0.04753388076108018
1325,0.10315309315919877,0.3351730823516846,1.6170429150263468,-0.17687076124601708
1330,0.12311435490846634,0.3549095928668976,1.5910711447397867,-0.1957602577877419
1335,0.08803083300590515,0.307386988401413,1.4655597805976868,-0.1554204641696014
1340,0.139441379904747,0.30243736505508423,1.5177341938018798,-0.2139913280092506
1345,0.23728064596652984,0.3371130466461182,1.5857736984888713,-0.32068226199893335
1350,0.24669688045978547,0.31458922624588015,1.6527455925941468,-0.3364899194421177
1355,0.23342613577842714,0.34259200692176817,1.7402659773826599,-0.3169679046713112
1360,0.0513537622988224,0.31522299647331237,1.6402187426884969,-0.11739240810305021
1365,-0.04333075769245624,0.3283767580986023,1.6236331343650818,-0.03315618014172587
1370,0.0025155258539598436,0.3277674674987793,1.7195623596509297,-0.07481385070113938
1375,0.0771566979587078,0.3519548237323761,1.5523129145304362,-0.150515605307702
1380,0.018218740075826644,0.31506068110466,1.4666294813156129,-0.07904082804261577
1385,-0.0398139476776123,0.28494377732276915,1.474178922176361,-0.02301661657751854
1390,-0.018462108296807854,0.3145532488822937,1.4702609062194825,-0.04332671364811284
1395,-0.20683585703372956,0.31148967146873474,1.284525461991628,0.13912953706764578
1400,-0.023786185681819914,0.28948878645896914,1.197395928700765,-0.025071265858921846
1405,-0.01088540181517601,0.2787014365196228,1.3191522677739462,-0.04394299019188584
1410,-0.11702972203493119,0.3111650824546814,1.2403759558995564,0.06551520998343006
1415,-0.08113929703831672,0.28718695044517517,1.3099701126416525,0.021953790393778854
1420,-0.28473409414291384,0.30005974173545835,1.1006618420282999,0.22871351518438274
1425,-0.007763802818953991,0.2550925314426422,1.008939023812612,-0.03613151482940938
1430,-0.04170851074159145,0.2696136891841888,1.164087986946106,-0.0063320578821800914
1435,0.17448486089706422,0.3019335865974426,1.2490957140922547,-0.23575617941417307
1440,0.029350142925977707,0.26726226806640624,1.094659392038981,-0.07474710129148353
1445,0.041890840604901315,0.28974915146827696,1.3312617142995198,-0.09899765816877172
1450,0.07597728073596954,0.327587628364563,1.4247775276501973,-0.14451608808209496
1455,-0.05627007931470871,0.29830423593521116,1.2358625650405883,-0.00037348538582659675
1460,0.04690141305327415,0.2781615495681763,1.2743929306666055,-0.09991338920227384
1465,0.07709685191512108,0.2814541578292847,1.435938803354899,-0.13338798899555582
1470,0.2815057933330536,0.3661105275154114,1.6352031668027243,-0.35911058725650036
1475,0.05275440998375416,0.35485410690307617,1.863104248046875,-0.13976231583211196
1480,-0.2069547414779663,0.41401866674423216,1.6947802225748698,0.12283567234454672
1485,-0.18544187843799592,0.3029410243034363,1.4308810393015543,0.11647385589322813
1490,-0.2878657341003418,0.2702055275440216,0.973385997613271,0.24081989853820474
1495,-0.2059807986021042,0.27547478675842285,0.9645041763782501,0.16404068137350925
1500,-0.31766523122787477,0.2427060514688492,0.8122949481010437,0.28547766631862376
1505,-0.22296543419361115,0.2577078938484192,0.841688479979833,0.18932366103095705
1510,-0.11806880980730057,0.2555163145065308,0.8273749192555745,0.08159335330519772
1515,-0.10403156280517578,0.25467788577079775,0.9288315733273824,0.0674399294219038
1520,-0.06451043412089348,0.25069983303546906,0.963591053088506,0.026671292963095367
1525,-0.10658475607633591,0.2535364359617233,1.0815778175989788,0.05634321542956222
1530,0.006651467102346942,0.26930742263793944,1.1403821229934692,-0.05214598267411247
1535,0.11580051481723785,0.2701757729053497,1.413135540485382,-0.17673920398534784
1540,0.406870973110199,0.29203251004219055,1.6993649800618489,-0.4843388857036617
1545,0.3497063875198364,0.3199227213859558,1.8389492472012838,-0.4463141187178837
1550,0.29086031913757326,0.39472516179084777,2.031807804107666,-0.389686373685228
1555,0.19456299543380737,0.37684295773506166,2.0638725996017455,-0.2969015851590842
1560,0.43881874084472655,0.431091183423996,2.258122436205546,-0.5594520333950368
1565,0.09841088354587554,0.3953463971614838,2.1133506615956623,-0.19949797819910098
1570,0.4168044447898865,0.4160758495330811,1.9422598759333292,-0.5218931793149169
1575,-0.03587112247478217,0.377691513299942,1.994702196121216,-0.0674810439568696
1580,-0.013746555941179395,0.2961913824081421,1.7462873617808023,-0.05756392425711461
1585,0.05881587415933609,0.34908204078674315,1.643573268254598,-0.1433302689950008
1590,0.018671551998704673,0.2981118977069855,1.6226873477300008,-0.0920732593364277
1595,0.1368450865149498,0.36083379983901975,1.4553346792856852,-0.21553311508695613
1600,-0.16748685240745545,0.3353316426277161,1.4363521973292033,0.0946003994601723
1605,-0.15433846712112426,0.2683608889579773,1.1350179076194764,0.1079824306729777
1610,-0.16625911891460418,0.24322002232074738,1.12462717294693,0.12022043759419422
1615,-0.16698693335056305,0.24506036639213563,1.0149926006793977,0.12627437641046127
1620,-0.1324883684515953,0.2529181629419327,1.113425358136495,0.08411634958812214
1625,0.0721317008137703,0.2773541212081909,1.0270013689994812,-0.12168742464120175
1630,0.09341906309127808,0.24352198243141174,1.2098792433738708,-0.15880226187727206
1635,0.12035270780324936,0.28604490756988527,1.474601674079895,-0.19487593063780786
1640,0.11432896703481674,0.3116128444671631,1.4662835478782654,-0.19492448066747656
1645,0.12130321115255356,0.38177759051322935,1.5168179273605347,-0.20804243941246878
1650,-0.04184320196509361,0.30196072459220885,1.3194276571273804,-0.027630974782790252
1655,-0.09986005872488021,0.3194377064704895,1.2294294675191244,0.034264661459387766
1660,-0.26402556002140043,0.26459491848945615,0.99733265042305,0.2102073378661611
1665,-0.4008278429508209,0.24346283972263336,0.7672261933485667,0.3626372316412273
1670,-0.2297755390405655,0.26570444703102114,0.8949183225631714,0.19242582863644392
1675,-0.39055081605911257,0.23705093264579774,0.9603506187597911,0.35418538140537903
1680,-0.44344857335090637,0.2268602132797241,0.8373431046803792,0.4066899630394846
1685,-0.24877736568450928,0.24813487529754638,0.7570874412854512,0.21126216854964386
1690,-0.2990369081497192,0.21846832633018493,0.623479962348938,0.2730304603133775
1695,-0.25051366090774535,0.22960792779922484,0.5594160785277684,0.22867963925120294
1700,-0.3015268385410309,0.21192899644374846,0.5118383179108302,0.28262367401243466
1705,-0.3418392241001129,0.20560707449913024,0.48661954402923585,0.32195647328972066
1710,-0.20759272575378418,0.20661819577217103,0.489091028769811,0.19085772700951753
1715,-0.22412946820259094,0.21106197237968444,0.5453187932570775,0.20570686244586928
1720,-0.25376329123973845,0.20783818364143372,0.5564510424931844,0.23284293730058098
1725,-0.18435268402099608,0.18357152938842775,0.532360644141833,0.16333121944365192
1730,-0.1970047563314438,0.21396548449993133,0.4988183488448461,0.17720699182177294
1735,-0.29308599829673765,0.19075946807861327,0.4702536791563034,0.27635231961379025
1740,-0.27311462759971616,0.21133159697055817,0.45005037188529967,0.25579352337490285
1745,-0.2415315806865692,0.21145350039005278,0.44114004969596865,0.2249406934346781
1750,-0.1519160211086273,0.2133428931236267,0.49696874221165976,0.13313480451171528
1755,-0.09812374114990234,0.19526519477367402,0.6065146704514821,0.07681149825361357
1760,-0.061701859533786776,0.22218457162380217,0.611916700998942,0.03644732953449469
1765,-0.060360401123762134,0.2077030509710312,0.6674766500790914,0.03369668301276743
1770,-0.038220887631177904,0.19890310764312744,0.7871619204680125,0.007738656334613125
1775,-0.045998021960258484,0.213533216714859,0.9361130257447561,0.006137559120636805
1780,0.04837462827563286,0.21560294330120086,1.0574897587299348,-0.09300234215788708
1785,0.08713783472776412,0.23865150213241576,1.4156233231226603,-0.15327534914953955
1790,0.2556884855031967,0.3384722054004669,1.7860235214233398,-0.3487095048666432
1795,0.3132560908794403,0.4101387321949005,1.8997302055358887,-0.41840224082681365
1800,0.1762700140476227,0.3748453617095947,1.8839431842168173,-0.27844791591323004
1805,0.0771769940853119,0.3781787931919098,2.007463558514913,-0.18722740975417135
1810,0.12368754744529724,0.3450444519519806,1.6467232624689738,-0.211039158450897
1815,-0.11722901612520217,0.3408517301082611,1.5858780940373738,0.03135370637731128
1820,-0.046689768135547635,0.2808603584766388,1.2881957252820333,-0.017065104942534937
1825,-0.04529286324977875,0.2806975543498993,1.0763450741767884,-0.005014652510377969
1830,-0.1406457632780075,0.29458054304122927,0.8978016992410024,0.0934928828474648
1835,-0.19934628307819366,0.23174036741256715,0.8962530314922332,0.16107915527749084
1840,-0.23321476578712463,0.2229827016592026,0.7934495309988657,0.19903065252164234
1845,-0.20387935936450957,0.22305320501327514,0.8239254415035248,0.1728734793198393
1850,-0.11333989650011063,0.22845471501350403,0.8386938750743866,0.07019476916267835
1855,-0.052381106466054914,0.22093610167503358,0.735729330778122,0.01717016745291065
1860,-0.13339004665613174,0.21661449372768402,0.734445861975352,0.09996565696614881
1865,-0.17342522144317626,0.22692573368549346,0.7766235709190369,0.14290888102734717
1870,-0.1642217755317688,0.24919819235801696,0.7618693073590597,0.1285329275325233
1875,-0.2830879032611847,0.22436063289642333,0.6731293598810831,0.2558723848182535
1880,-0.26447696089744566,0.22561169266700745,0.6692119101683299,0.23341227201736695
1885,-0.29829351902008056,0.21554653644561766,0.6158433675765991,0.27461088931187666
1890,-0.34161476492881776,0.19152585566043853,0.5594502727190653,0.3207709180759926
1895,-0.21122633516788483,0.19434064924716948,0.6017702341079711,0.18718194187304316
1900,-0.03178884983062744,0.23274198174476624,0.5822173843781153,-0.00017811018156672453
1905,-0.11316256523132324,0.23854566514492034,0.6289943595727284,0.0816225764831747
1910,-0.009297721460461617,0.24350257515907286,0.7565616488456726,-0.024394621273538798
1915,0.0759773701429367,0.24009318351745607,0.994233238697052,-0.12022435403745775
1920,0.2561847060918808,0.29480999112129214,1.253595197200775,-0.32299101766119204
1925,0.1921265572309494,0.33802943825721743,1.4890898625055948,-0.2811380121726962
1930,-0.0784117728471756,0.2356454998254776,1.2542996366818746,0.023206987148446673
1935,-0.04379634633660316,0.3199372351169586,1.3542103131612142,-0.02234887469508911
1940,0.06278558671474457,0.3161159157752991,1.432098344961802,-0.144188151926474
1945,0.07338491231203079,0.38310081958770753,1.4988034168879192,-0.1554766390358557
1950,-0.10562694370746613,0.2539733976125717,1.3675437887509665,0.04620893756628595
1955,-0.03574289306998253,0.2630192458629608,1.4141207615534463,-0.03449254144219067
1960,0.05694114938378334,0.3167613446712494,1.1331159075101216,-0.13084085424610795
1965,-0.08750068545341491,0.24048309326171874,1.144851847489675,0.04004896081480192
1970,-0.0994704693555832,0.32754340171813967,1.2798845092455546,0.03537118367114233
1975,-0.08127237111330032,0.2655990481376648,1.2567803184191386,0.02558154004788948
1980,-0.19991932809352875,0.2740113973617554,1.1109157125155131,0.14683466595506328
1985,-0.29439622163772583,0.2160355567932129,0.8044111510117848,0.26164657618169823
1990,-0.21732022166252135,0.2611972808837891,0.8865335543950399,0.1785266343884866
1995,-0.18710497319698333,0.2545098394155502,0.8612030665079753,0.15187389235407286
2000,-0.0684041678905487,0.20681144297122955,0.6950660546620687,0.03598294608002647
2005,-0.0740517370402813,0.20338524281978607,0.784431646267573,0.041784184530099404
2010,-0.08873157501220703,0.23747191429138184,0.9247689664363861,0.05060068422858852
2015,-0.033497687242925164,0.2415575861930847,0.9895853141943614,-0.014492019860101369
2020,-0.15814139246940612,0.2043960601091385,0.8949617147445679,0.1262206096640129
2025,-0.12379460930824279,0.22441560328006743,1.0502275705337525,0.0803013439565724
2030,-0.15535398125648497,0.2889078915119171,1.194140613079071,0.1003693437015094
2035,-0.21287526786327363,0.2179209589958191,0.8944124042987823,0.17609755062154925
2040,-0.18503266274929048,0.21361611485481263,0.9948632121086121,0.14615356621455794
2045,-0.14225263893604279,0.24770863354206085,1.1020563880602519,0.09744334242819526
2050,-0.03128961697220802,0.27577575445175173,1.1574705044428508,-0.03023998215147377
2055,-0.17832720577716826,0.2512887239456177,1.1604677398999532,0.12064466067915358
2060,-0.1957136869430542,0.2932227194309235,1.0371380726496378,0.1382898684456352
2065,-0.07880989611148834,0.27725920677185056,0.8762722710768381,0.041219408953888724
2070,-0.09404080510139465,0.2880366086959839,0.9933527529239654,0.04815135813696848
2075,0.046400362998247145,0.2890899360179901,1.0710687398910523,-0.09341488303888677
2080,0.21507038474082946,0.2968285620212555,1.1333960851033529,-0.2768449406190841
2085,0.18032248616218566,0.2938597023487091,1.2608830809593201,-0.24688688299884665
2090,0.2072182208299637,0.35641770362854003,1.4947161277135212,-0.28592372276318667
2095,0.3618674874305725,0.33878538608551023,1.4499765594800313,-0.45584780342375647
2100,0.01085338587872684,0.41139078736305235,1.6050037463506064,-0.10151168306439155
2105,0.09624088555574417,0.33823385238647463,1.5603683670361836,-0.17528117332334472
2110,0.24170632660388947,0.3978392660617828,1.5967205127080282,-0.3319775180853318
2115,0.05555436462163925,0.29902864098548887,1.350960659980774,-0.12209004115714087
2120,0.09579812437295913,0.38536888360977173,1.537390665213267,-0.17380926528232057
2125,-0.1448813796043396,0.30660560131073,1.3278379082679748,0.08430454583538066
2130,0.1609479606151581,0.389955735206604,1.4104209105173746,-0.23284889877559975
2135,0.05504360496997833,0.4077044904232025,1.4482972542444865,-0.13704245693919168
2140,0.018260174617171287,0.3039051115512848,1.3221421718597413,-0.08120123033808743
2145,-0.22047069072723388,0.22862328588962555,1.0945965011914571,0.1741883700560494
2150,-0.1853858381509781,0.2589175760746002,1.0412776172161102,0.14204217328181057
2155,-0.3381111681461334,0.274682080745697,1.0013611217339833,0.29433915132960864
2160,-0.44981712102890015,0.2532240867614746,0.8845979154109955,0.4043920923657549
2165,-0.47077870965003965,0.21244913041591645,0.6664959887663523,0.44046426466529004
2170,-0.4016139328479767,0.19020031988620759,0.5730622510115305,0.37978502097887623
2175,-0.32827873826026915,0.21265811026096343,0.5514519969622295,0.3050798627280212
2180,-0.2753242015838623,0.19552972614765168,0.5416332185268402,0.2561213595172798
2185,-0.29717025756835935,0.1931178092956543,0.49193423291047417,0.2800061310359158
2190,-0.20659438967704774,0.19447601437568665,0.4883865902821223,0.18573634383878485
2195,-0.11788547635078431,0.19811893701553346,0.5140658676624298,0.09967305449604666
2200,-0.17270294427871705,0.20167383849620818,0.5747802803913752,0.1491257525886149
2205,-0.14606913030147553,0.22882101833820342,0.6479937434196472,0.11529191107881359
2210,-0.1569844216108322,0.2035427689552307,0.5558973749478658,0.133175088047846
2215,-0.0494256317615509,0.20197249948978424,0.6360982338587443,0.020261261243073352
2220,-0.07255005463957787,0.2311328023672104,0.7554925898710887,0.038961416290184826
2225,-0.11381121277809143,0.2253970831632614,0.8081610401471456,0.08175545773409132
2230,0.12469414919614792,0.21300665736198426,0.9150837659835815,-0.16395894099697786
2235,0.09858921468257904,0.2098250538110733,1.0795059005419414,-0.14339683619288157
2240,0.17391586005687715,0.2960868954658508,1.408994694550832,-0.24685122578158977
2245,0.024091431684792042,0.25523276031017306,1.3528907537460326,-0.09072879320787844
2250,-0.047092365100979805,0.25601963996887206,1.3784379402796427,-0.01617043555375985
2255,-0.10286195576190948,0.3044139206409454,1.234814949830373,0.03882931937560874
2260,-0.04182843901216984,0.25175570249557494,1.2366498072942098,-0.012582226435137844
2265,-0.06912307366728783,0.26296266913414,1.3215028405189515,0.009539121271926703
2270,-0.07780996784567833,0.38274085521698,1.3501246293385825,-0.010027863636663031
2275,0.0411928428336978,0.3427585482597351,1.2452077905337016,-0.10923596567635081
2280,-0.07007957547903061,0.3029816746711731,1.2038681785265604,0.008990603588505938
2285,0.10009442269802094,0.36967464089393615,1.2320647637049358,-0.1653692272174286
2290,-0.07459905669093132,0.32893426418304444,1.2859673579533895,0.015053886088246904
2295,-0.2265852451324463,0.32180002331733704,1.1339666604995728,0.17527700041797767
2300,-0.16497691571712494,0.3472431838512421,1.1805363297462463,0.10075470943658106
2305,-0.07422491684556007,0.32806252837181094,1.285409359137217,0.005911730370816685
2310,-0.18213140070438386,0.27816001176834104,1.0642032424608867,0.12928593272955516
2315,-0.12525470703840255,0.2731413125991821,0.9963289380073548,0.07467690431586967
2320,-0.2575477659702301,0.3140429139137268,0.9704721748828888,0.21096136246474628
2325,-0.08095033392310143,0.293484628200531,0.9387394964694977,0.03388589614260386
2330,-0.1147022932767868,0.23966482281684875,0.9647071878115336,0.07521633612083581
2335,-0.03986919187009334,0.2457004278898239,1.0474536955356597,-0.006931358207332079
2340,-0.01381084118038416,0.23902614116668702,1.191505455970764,-0.035706704849513236
2345,0.13975056558847426,0.35651667714118956,1.5099286794662476,-0.21441033355470354
2350,0.24616039991378785,0.3858313739299774,1.6949227412541708,-0.337518639283269
2355,0.1793062150478363,0.3712078511714935,1.6559619784355164,-0.2680945896385784
2360,0.03178868591785431,0.32813515067100524,1.4720896005630493,-0.10518202263150106
2365,0.07453559339046478,0.4410556435585022,1.7928685983022055,-0.17543306481238047
2370,0.20701874196529388,0.3503933310508728,1.4425658543904623,-0.2793082661189642
2375,0.035641276836395265,0.37425618171691893,1.4159210483233133,-0.10881477495328726
2380,-0.15249502956867217,0.3739226222038269,1.2974749247233073,0.09153522942431142
2385,-0.04251982308924198,0.3639839828014374,1.1351906816164652,-0.023386110577789346
2390,-0.0825596272945404,0.2847427487373352,1.1926639715830485,0.028986386174071985
2395,-0.12011960744857789,0.24346756637096406,1.1211468815803527,0.07129468614738856
2400,-0.10486371517181396,0.2905451595783234,1.1791606982549032,0.049096447217828715
2405,-0.15871261656284333,0.2695300877094269,1.1057823657989503,0.11064019006776593
2410,-0.21279925405979155,0.2698631167411804,1.1106489777565003,0.16061658768134202
2415,-0.2598349034786224,0.24309941232204438,1.030673372745514,0.21264484592460128
2420,-0.30741158723831175,0.2722925662994385,0.9311303496360779,0.2593427149303995
2425,-0.28860538005828856,0.20173850953578948,0.6663188954194387,0.26010733013058174
2430,-0.0827953115105629,0.27306547164916994,0.8161653240521749,0.0414879051859032
2435,-0.39885573983192446,0.19869129061698915,0.6603741029898326,0.3679032034961133
2440,-0.48613038659095764,0.1703650802373886,0.5854528973499934,0.46102633544771715
2445,-0.3061073422431946,0.17545465230941773,0.610087271531423,0.2822023752781392
2450,-0.36854652762413026,0.15807558596134186,0.519385909040769,0.3492485398032159
2455,-0.31229363679885863,0.18961146771907805,0.47932147880395254,0.29444624786805024
2460,-0.32171120047569274,0.19087769985198974,0.6010984400908153,0.2992313162450956
2465,-0.4366379678249359,0.17263379395008088,0.5732165882984798,0.41246379754667173
2470,-0.38283435106277464,0.16008806824684144,0.4823232014973958,0.3647913124391965
2475,-0.18991730511188507,0.1914367824792862,0.548378512263298,0.16479061693873098
2480,-0.19623970091342927,0.15039747655391694,0.5864436328411102,0.17421814696112903
2485,-0.15140520632267,0.1857668101787567,0.6038068910439809,0.12680557427251507
2490,-0.09611500352621079,0.2003628581762314,0.611765185991923,0.06900058180631904
2495,-0.219926717877388,0.16560584902763367,0.7173262516657511,0.19255793789754447
2500,-0.18229496479034424,0.14824272096157073,0.6054627686738968,0.1602182378501165
2505,-0.12529341280460357,0.17188602685928345,0.631849949558576,0.0984953331868861
2510,-0.11151280254125595,0.17131966054439546,0.629561698436737,0.08654577297481464
2515,-0.16189817786216737,0.1773003190755844,0.5351944506168366,0.1395589408830738
2520,-0.027002297341823578,0.1711212009191513,0.5875905146201451,0.0025890603996865207
2525,-0.10526716709136963,0.21332325637340546,0.7596927086512247,0.06976049222313738
2530,-0.2914222180843353,0.20124447643756865,0.6391537457704544,0.2611873203441549
2535,-0.25131199359893797,0.1609707534313202,0.6488911946614583,0.22295849899179662
2540,-0.3072609484195709,0.15313116312026978,0.5119861592849095,0.28602798886797526
2545,-0.4026729941368103,0.1670425832271576,0.4491195281346639,0.386200481539348
2550,-0.25445338487625124,0.2148641437292099,0.471896888812383,0.23362221266463515
2555,-0.48693419694900514,0.23650529682636262,0.4173096160093943,0.4639842034656987
2560,-0.3950214385986328,0.15377084016799927,0.39793914059797925,0.3786263201202965
2565,-0.3089633584022522,0.15008289813995362,0.3466611112157504,0.2963249253416949
2570,-0.24354079961776734,0.18347045481204988,0.5177221089601517,0.22038502765380677
2575,-0.320956414937973,0.15823882222175598,0.4829271862904231,0.3016283913763471
2580,-0.2803709149360657,0.14487920105457305,0.48769606252511344,0.262132441178141
2585,-0.23626363575458526,0.14510224461555482,0.4980814069509506,0.21767081318108533
2590,-0.17056858241558076,0.19542095959186553,0.48359618882338207,0.15028776959089252
2595,-0.1948293387889862,0.2008226692676544,0.5533617595831554,0.169256459788577
2600,-0.4562360942363739,0.14981694221496583,0.45065949857234955,0.43523200883308444
2605,-0.36444499492645266,0.14792756736278534,0.3201694428920746,0.3524404932659857
2610,-0.4000035226345062,0.1451590210199356,0.31725326577822366,0.3877384298545616
2615,-0.35630024671554567,0.14199792146682738,0.3097649107376734,0.34571777245264235
2620,-0.3767213523387909,0.17570064961910248,0.35276402334372203,0.3642373700472429
2625,-0.20369431376457214,0.15085327625274658,0.4059718986352285,0.186715782551093
2630,-0.28737353086471557,0.16040123701095582,0.4953364312648773,0.2683649450793951
2635,-0.15680344700813292,0.14055887758731841,0.5585823446512223,0.1351370820810226
2640,-0.16066511273384093,0.15436133742332458,0.6293812086184819,0.137548779544959
2645,-0.09651096314191818,0.17066242098808287,0.5700857758522033,0.07254034342560106
2650,-0.009142608963884413,0.14953059554100037,0.6929202457269033,-0.020468475107447242
2655,-0.05296091809868812,0.21593935191631317,0.7407728572686513,0.020616771893426634
2660,-0.027383190765976905,0.2330465704202652,0.8139694631099701,-0.013332314735352468
2665,-0.04451228827238083,0.25915004014968873,1.2460418105125428,-0.003243251476503928
2670,0.23235342502593995,0.32410847544670107,1.2709976077079772,-0.29289169558740047
2675,0.0454676803201437,0.2628569364547729,1.2235039750734964,-0.1042315565808094
2680,0.07462959960103036,0.27978651523590087,1.2335384130477904,-0.13555102837971117
2685,-0.06547101512551308,0.437022066116333,1.3158588051795959,-0.00904108944959035
2690,-0.19589633345603943,0.23342925906181336,0.9217470427354176,0.15016409761156346
2695,-0.19206972420215607,0.22365813255310057,0.9300003945827484,0.14708275235673363
2700,-0.17940165102481842,0.24048536121845246,0.9703214963277181,0.13080732880825774
2705,-0.1495853155851364,0.2595730543136597,0.8348042011260987,0.10888817775022533
2710,-0.17257883548736572,0.22340700030326843,0.9008527596791586,0.13251331637564265
2715,-0.135020712018013,0.23435207903385163,0.9623284796873729,0.09248377840638494
2720,-0.1275243267416954,0.2314625769853592,0.7973307450612386,0.09104126601254303
2725,-0.14223807156085969,0.20273529589176179,0.8045964340368906,0.11103572149433184
2730,-0.28254860639572144,0.18915128111839294,0.7816658099492391,0.25065722376173427
2735,0.007538703270256519,0.2586680978536606,0.9184088091055552,-0.06565225925621876
2740,-0.2169823944568634,0.18428347110748292,0.759880006313324,0.1879705097850699
2745,-0.08341117948293686,0.2425200343132019,0.9888980070749919,0.03907165323926001
2750,-0.05692991465330124,0.21730290055274964,1.0787572582562766,0.005417027768009582
2755,-0.049235932528972626,0.19721128046512604,1.083922803401947,0.004127616415504876
2760,-0.011165720503777265,0.20176397562026976,1.2973895072937012,-0.04337658988272247
2765,0.01851778766140342,0.29215165972709656,1.4517616073290507,-0.09074498234421596
2770,0.04838183075189591,0.3263750493526459,1.4636495550473532,-0.11850224340522451
2775,0.03908612001687288,0.27542114853858946,1.3560271898905436,-0.11309945367272424
2780,-0.13569913506507875,0.3174895942211151,1.2735703587532043,0.06175698939792106
2785,-0.22051689624786378,0.3250620663166046,1.054260830084483,0.1607606364749375
2790,-0.14946241080760955,0.27532714009284975,0.9265398820241292,0.10287160899352858
2795,-0.10877331495285034,0.32292433381080626,0.875205667813619,0.06294958590306868
2800,-0.09688835442066193,0.2516644328832626,0.8303180615107218,0.05715592044279793
2805,-0.09077315181493759,0.2427307188510895,0.9097731590270997,0.04646006986796233
2810,-0.07957032769918441,0.30230134129524233,1.1284681638081868,0.03135466358526987
2815,-0.13306193500757219,0.21905866861343384,1.0490468978881835,0.08989997798301962
2820,-0.07262336686253548,0.2375458687543869,1.1151025851567586,0.022080657159260383
2825,-0.1810785561800003,0.22509920299053193,1.0309552192687987,0.13910679633184736
2830,-0.09280257821083068,0.248064848780632,1.071127184232076,0.04570222450416265
2835,-0.0522170752286911,0.23258588016033171,1.204278818766276,0.0026940673676839532
2840,0.1688428997993469,0.24293045997619628,1.4247164249420166,-0.24073327940313288
2845,0.1237810030579567,0.2666818737983704,1.556344735622406,-0.20039266952995188
2850,0.10233812928199768,0.28413371443748475,1.6481840491294861,-0.18578268266257977
2855,0.10947447568178177,0.26738880276679994,1.5726750135421752,-0.1860167079950329
2860,0.18568301796913148,0.26748570799827576,1.665334983666738,-0.26549551777552
2865,-0.019983695726841687,0.31967503428459165,1.6820417563120524,-0.06183852166711691
2870,-0.14243595153093339,0.35552709698677065,1.4807465632756551,0.06679775675843
2875,0.013152046408504248,0.3292474806308746,1.6050495107968648,-0.08458285814280131
2880,-0.22771185040473937,0.27345656156539916,1.4406034350395203,0.15185434635227854
2885,-0.3271718919277191,0.2878908455371857,1.2034830808639527,0.2642331100805347
2890,-0.17382858991622924,0.2699268519878387,0.9660241981347402,0.12181314506138953
2895,-0.14731831848621368,0.24961909353733064,0.8730537255605062,0.10634633718257762
2900,-0.10079551339149476,0.25981752276420594,0.9631805757681529,0.05474338361433679
2905,-0.07230877876281738,0.2930801331996918,1.077177878220876,0.022380786812393118
2910,-0.009497863426804542,0.19071069061756135,1.0109285712242126,-0.03399034488577872
2915,0.0706071637570858,0.24981551766395568,1.2641899983088176,-0.13287529170900994
2920,0.05189879983663559,0.23003469705581664,1.3446090777715047,-0.11281364701175192
2925,0.048388081789016726,0.31060701608657837,1.2857351064682008,-0.11156781089560372
2930,-0.1846875876188278,0.23544607758522035,1.1405802488327026,0.12964150495042975
2935,-0.11011541336774826,0.26149030327796935,1.0243553698062897,0.05597142567477946
2940,-0.3597379982471466,0.20305028557777405,0.8278962214787801,0.32699343983128265
2945,-0.20813420414924622,0.23251535892486572,0.9671246151129405,0.15974867925016029
2950,-0.25719418227672575,0.22655673325061798,0.8783498227596283,0.22047335925581293
2955,-0.22001312375068666,0.26368764638900755,0.8833993593851726,0.17230120612938432
2960,-0.26688894629478455,0.20201322436332703,0.8273993134498596,0.23467700218717552
2965,-0.19843002259731293,0.20721524357795715,0.8234910627206167,0.1575675971561149
2970,-0.263806676864624,0.1877511441707611,0.6958811183770498,0.23669935529339456
2975,-0.31662561893463137,0.17310105860233307,0.6784104605515798,0.28886195043926494
2980,-0.230053049325943,0.15958526730537415,0.7170623044172922,0.20042456696170527
2985,-0.27707054615020754,0.16071649491786957,0.7055561125278473,0.24851517144485671
2990,-0.259769207239151,0.17757939994335176,0.7275719265143077,0.22871334154384484
2995,-0.1367461323738098,0.1890788644552231,0.7171545286973318,0.10721963434888868
3000,-0.07051097303628921,0.15682426393032073,0.6979421198368072,0.0405876465226394
3005,-0.004987485706806183,0.18987148702144624,0.8054365913073221,-0.031795100663292324
3010,-0.02828356921672821,0.18238596618175507,0.8592185656229655,-0.008720264260544192
3015,0.08267441242933274,0.19635818898677826,0.8669215718905131,-0.12698894642102435
3020,0.07567498162388801,0.24986177384853364,1.0836811582247416,-0.12617783084879514
3025,-0.018319991900352762,0.2205321103334427,1.0854520400365193,-0.030918216060818144
3030,-0.0185125264339149,0.18102878630161284,1.1079739431540172,-0.02940451795802809
3035,-0.09287088513374328,0.227467942237854,1.022949723402659,0.04187102811932456
3040,-0.20929663479328156,0.17020827233791352,0.9476349890232086,0.17269952147682732
3045,-0.17618762850761413,0.20461003184318544,0.9514088948567708,0.13751563240335474
3050,-0.10348979383707047,0.1900617003440857,0.9547224541505178,0.06301822451370061
3055,-0.02785109430551529,0.1861765742301941,1.0046129008134206,-0.012892025143356581
3060,-0.07442053705453873,0.17089404165744781,1.1254300951957703,0.028847763634980633
3065,-0.020163993211463095,0.23541698455810547,1.2402092536290488,-0.04126731492901393
3070,-0.07475636452436447,0.24910968244075776,1.290692106882731,0.011921073551257533
3075,-0.1827242463827133,0.2833604395389557,1.1078076243400574,0.13323851825729047
3080,-0.2402924358844757,0.19965139627456666,0.858892007668813,0.1998360279792103
3085,-0.18673141896724701,0.20265499055385588,0.8330905238787333,0.14277935575888998
3090,-0.20112429857254027,0.1888401299715042,0.7583477516969045,0.17208857238229588
3095,-0.0802111953496933,0.2169301152229309,0.7998167455196381,0.0414536093409139
3100,-0.044576629996299744,0.20311581790447236,0.8622753520806631,0.005820312791079096
3105,-0.07514620125293732,0.20130856037139894,0.8197721640268961,0.03912990953731202
3110,-0.10116326510906219,0.19439479410648347,1.0351634720961254,0.05746729619594434
3115,0.024822226725518703,0.19579068720340728,1.0743617097536722,-0.07664441838551665
3120,0.04988117888569832,0.27365251779556277,1.2191738565762837,-0.1082432070728029
3125,-0.1693556308746338,0.17914990484714508,1.1239627877871194,0.12070620343928382
3130,-0.03162789810448885,0.2692940831184387,1.2047987659772237,-0.02639772117951584
3135,-0.23333313167095185,0.21959304213523864,1.135084044933319,0.18833261298462134
3140,-0.3842433154582977,0.18699614703655243,0.9485717395941416,0.3378669058537842
3145,-0.15970195829868317,0.18674316108226777,0.8377092440923055,0.12264642902033895
3150,-0.1387778028845787,0.22552621960639954,0.851897672812144,0.09967984034072935
3155,-0.2058708369731903,0.17298607230186464,0.8132698992888133,0.17150716589995335
3160,-0.14588550627231597,0.15753671526908875,0.8480215688546499,0.11310215128802564
3165,-0.09259974360466003,0.16654705703258516,0.9247312009334564,0.051009990414785225
3170,-0.15399545431137085,0.1693781703710556,0.84840154449145,0.12123859416441148
3175,0.03454993702471256,0.190990549325943,0.9083040495713551,-0.08560672873330856
3180,-0.18097686469554902,0.20276293456554412,0.8774373511473338,0.14422315123211077
3185,-0.00423911246471107,0.22354452908039094,1.0569409946600596,-0.04972410825563227
3190,-0.0671522207558155,0.2691577136516571,1.0053412675857545,0.018285177131591203
3195,-0.09834032356739045,0.21107083261013032,1.0350372870763143,0.05312033650032843
3200,-0.08430177122354507,0.20595176815986632,1.1028133233388264,0.034641057499819196
3205,-0.11626824885606765,0.2218918114900589,1.1091415882110596,0.06906937769607116
3210,-0.12850097417831421,0.28045080304145814,1.159220071633657,0.07442874803629117
3215,-0.20401630103588103,0.28701306581497193,1.1451397160689036,0.14291738353846312
3220,-0.1482083261013031,0.229422864317894,1.03944882551829,0.09526891693603497
3225,-0.20141551792621612,0.19407167434692382,0.9718108435471853,0.1596059536481811
3230,-0.15760067999362945,0.21327953934669494,0.8510414063930511,0.11803443017747932
3235,-0.2159600704908371,0.21857024729251862,0.9106577734152476,0.17110825448016656
3240,-0.12186289727687835,0.1924603044986725,0.8823048750559489,0.08138740239201034
3245,-0.08821327984333038,0.17618358731269837,1.0089459061622619,0.046939977921535946
3250,0.03581129871308804,0.21300387382507324,1.1576913277308145,-0.09198415943381502
3255,0.10409107059240341,0.20917122364044188,1.3092211524645487,-0.16411824376573314
3260,-0.05879295840859413,0.2649318754673004,1.2774365425109864,-0.0010720809635315566
3265,-0.2657936066389084,0.2275290310382843,1.1787516673405964,0.2109204327226933
3270,-0.07174321934580803,0.21810536384582518,1.1889560302098592,0.01750847662511389
3275,-0.0799131527543068,0.1978958785533905,1.1710161248842874,0.02920925737538186
3280,-0.08771396577358245,0.20546527802944184,1.1485294103622437,0.03555634513634823
3285,-0.025803558994084597,0.270797124505043,1.231220257282257,-0.03144001971863954
3290,-0.16079970002174376,0.24539420008659363,1.207390296459198,0.10160455902981523
3295,-0.256773042678833,0.2794861614704132,1.0601079662640889,0.20282653476743212
3300,-0.3960288166999817,0.15988219082355498,0.8608744402726491,0.35963331019499983
3305,-0.09539438039064407,0.36572996973991395,1.0083134512106577,0.0380750581487948
3310,-0.15530990064144135,0.22631129920482634,0.8608483652273814,0.11559299840935533
3315,-0.2071307808160782,0.24073963165283202,0.9026543100674947,0.16083087380251782
3320,-0.13499076366424562,0.19649647772312165,0.9274266004562378,0.08981136336021983
3325,-0.10196353495121002,0.20958865582942962,0.9446038365364074,0.04874383048195234
3330,-0.17246740758419038,0.17430927455425263,0.8837648431460062,0.13567147389465117
3335,-0.16555443406105042,0.2163284182548523,0.915169378121694,0.12453712841958785
3340,-0.02008869908750057,0.25950452089309695,1.0158541401227315,-0.02470454681144869
3345,-0.03832152895629406,0.2124144673347473,1.0014833867549897,-0.005526757964914972
3350,-0.08256185501813888,0.18785009980201722,1.018371287981669,0.038424678582071
3355,-0.0736053690314293,0.1836227595806122,0.9487753351529439,0.032216985472950724
3360,-0.030483840405941008,0.18914570808410644,0.9189453125,-0.010132864596049493
3365,-0.05809793695807457,0.17860727310180663,0.9711372375488281,0.01958007793291
3370,-0.10247802138328552,0.2248753070831299,0.9676319042841593,0.056138132903964626
3375,-0.12465563416481018,0.16780966520309448,0.9648148934046428,0.08706483885208754
3380,-0.15937666594982147,0.1662815123796463,0.9065658032894135,0.11987185531394715
3385,-0.08117192685604095,0.19910427927970886,0.8975956877072652,0.042086097313315654
3390,-0.1477225363254547,0.15149788558483124,0.9318814237912496,0.1137896043249542
3395,-0.06951127722859382,0.15791780948638917,0.9632830003897349,0.030624500633012235
3400,-0.0037436782207805664,0.21687983870506286,1.1527674913406372,-0.05282820732046731
3405,-0.04260085970163345,0.1741950422525406,1.1287229279677073,-0.0015633982974659082
3410,-0.007495904038660228,0.23041755557060242,1.2188348531723023,-0.046605346078661736
3415,-0.10872967094182968,0.20741989016532897,1.240651301542918,0.053357859639726314
3420,-0.22964206337928772,0.28561401963233946,1.1978691418965657,0.1742158080436954
3425,-0.00603143316693604,0.39088439345359804,1.1649903059005737,-0.05566116782035026
3430,-0.027336034970358015,0.24546402990818023,1.2556769172350566,-0.034729658662290594
3435,-0.05112931057810784,0.24432055950164794,1.2965163628260294,-0.009785380766177002
3440,0.23813863098621368,0.30457900166511537,1.3352235476175944,-0.3135433659732679
3445,0.13771138042211534,0.30164042115211487,1.4789783358573914,-0.2132496870757343
3450,0.08368652462959289,0.2234419047832489,1.4153704245885212,-0.1534472706996389
3455,-0.19753088057041168,0.3022166728973389,1.3618900537490846,0.12347640126803461
3460,-0.10304387956857682,0.3205178201198578,1.332406763235728,0.030955902494512907
3465,-0.29445651173591614,0.22048640251159668,0.9392752091089884,0.25368449076827304
3470,-0.18917014598846435,0.2396751493215561,1.0249068021774292,0.13792397237006007
3475,-0.261668199300766,0.24020688831806183,0.9926494280497233,0.21732712006391688
3480,-0.3858464419841766,0.2059342622756958,0.7668532729148865,0.34982784902246866
3485,-0.20956627726554872,0.18139901459217073,0.7700932244459788,0.17808443241671004
3490,-0.14149428009986878,0.16876994371414183,0.7023616035779318,0.11056892476558107
3495,-0.07804527431726456,0.1768171399831772,0.7206481317679088,0.043166888167848846
3500,-0.07289227619767188,0.1926568329334259,0.8484646876653036,0.032213911304512906
3505,-0.1464445024728775,0.19863045811653138,0.7869978745778402,0.112426392771825
3510,-0.2422352373600006,0.15244782269001006,0.7294119596481323,0.21461147537831082
3515,-0.11031754910945893,0.14732567667961122,0.8336566468079885,0.07472940519623776
3520,-0.12334686070680619,0.2613330721855164,0.9752692143122356,0.08041451069727375
3525,-0.15484971404075623,0.1959485560655594,0.9628693481286367,0.11263658791802349
3530,-0.20586234331130981,0.19774237275123596,0.9407911737759908,0.16774810698747697
3535,-0.3164275884628296,0.27121502161026,0.8715385476748149,0.2688437867113263
3540,-0.3362691402435303,0.1867636650800705,0.7537476142247518,0.3052080587042429
3545,-0.2779090225696564,0.1585400938987732,0.6891333142916362,0.2499134296342662
3550,-0.1861526995897293,0.1847364842891693,0.7654192288716634,0.15282018788938892
3555,-0.18409860134124756,0.1675219476222992,0.78810040752093,0.15446604814499268
3560,-0.17264437377452851,0.18208881914615632,0.8148073673248291,0.14014622764893364
3565,-0.27535548210144045,0.14705368578433992,0.810194981098175,0.24442736285573696
3570,-0.177287757396698,0.1616522639989853,0.7699630618095398,0.14757828225867722
3575,-0.13590869307518005,0.1564955860376358,0.6779240290323894,0.11051385814257482
3580,-0.2233216643333435,0.14623494446277618,0.6469190935293834,0.19883797288520882
3585,-0.03872698023915291,0.2752168238162994,0.9717135926087698,-0.009724864120394807
3590,-0.20578997135162352,0.1511830657720566,0.728989577293396,0.17348773125781308
3595,-0.2571118652820587,0.15226536691188813,0.7058021326859792,0.22941847814468638
3600,-0.19994380474090576,0.15265070497989655,0.7341501136620839,0.16973475068962462
3605,-0.19036949574947357,0.24877660274505614,0.8258577744166057,0.14905506038463234
3610,-0.14798001050949097,0.17418037056922914,0.7841295440991719,0.10901337411246378
3615,-0.2142994523048401,0.18201296627521515,0.8672938684622447,0.17819802638298068
3620,-0.15716118216514588,0.18592719733715057,0.8176105757554372,0.11935869390967058
3625,-0.29711948037147523,0.20348030030727388,0.8288040637969971,0.2616941028004339
3630,-0.09319609999656678,0.1779917687177658,0.856651246547699,0.05459908077973969
3635,-0.26702913641929626,0.14941641986370086,0.8113585591316224,0.232498845468637
3640,-0.2603090763092041,0.15572655200958252,0.6230693221092224,0.23435369491163213
3645,-0.26652950048446655,0.1434713214635849,0.6455404380957286,0.24130036285718734
3650,-0.14008084535598755,0.14005641341209413,0.6022311439116795,0.11642387901652847
3655,-0.16877962350845338,0.15803267657756806,0.6390725433826446,0.1438804040677407
3660,-0.18164950609207153,0.1304379791021347,0.6442212402820587,0.15644217876286504
3665,-0.09666220396757126,0.14433556497097016,0.8484274248282114,0.06301018263508908
3670,-0.07637872993946075,0.1910743534564972,0.8323841035366059,0.038395997992677414
3675,-0.16133758425712585,0.18748360574245454,0.8564634184042613,0.12960875614057096
3680,-0.26508389711380004,0.15276191532611846,0.877272359530131,0.22836535079087877
3685,-0.11238096207380295,0.23029711842536926,0.8014288942019144,0.07898548950656038
3690,-0.2247057944536209,0.1507723867893219,0.6296857972939809,0.2004197872598743
3695,-0.176832976937294,0.17849344313144683,0.6519342343012492,0.15219612848329506
3700,-0.15456272661685944,0.1455836236476898,0.6516467442115148,0.1297663322917584
3705,-0.10205353200435638,0.17157783806324006,0.7140475233395894,0.07095217181595422
3710,0.0017350246373098344,0.17815653681755067,0.8684638659159343,-0.03786588557990016
3715,-0.0043636891059577465,0.2619717538356781,0.9347433189551035,-0.04216216274730141
3720,-0.06745400875806809,0.2709860563278198,1.0121009548505147,0.013672445035219279
3725,-0.09582933634519578,0.21489301025867463,0.8368341445922851,0.058227712931090386
3730,-0.1900027096271515,0.24373466074466704,0.8281164944171906,0.14766359524135744
3735,-0.1568106234073639,0.16872587203979492,0.7579073150952657,0.12686071702845
3740,-0.20643776953220366,0.20611849129199983,0.7764250139395396,0.17423008016729408
3745,-0.2998118460178375,0.21133634746074675,0.7610199352105459,0.2660301100924975
3750,-0.25911993384361265,0.16991403996944426,0.7348522524038951,0.23221285983877318
3755,-0.2113335132598877,0.16737986505031585,0.9767922818660736,0.1707469372484324
3760,-0.13020905256271362,0.1637715607881546,0.8439617216587066,0.09277837943153254
3765,-0.24479801654815675,0.2197372317314148,0.9041817486286163,0.2085810573146248
3770,-0.31119343638420105,0.157094806432724,0.729459669192632,0.280366672568118
3775,-0.24283502697944642,0.16782759726047516,0.8363116959730784,0.2091355757146084
3780,-0.20981353223323823,0.15885851085186004,0.7958617627620697,0.1782145504496761
3785,-0.16672441065311433,0.12792147397994996,0.7488139609495799,0.13772726115700618
3790,-0.08898464143276215,0.13901602625846862,0.786750336488088,0.056537144253487194
3795,-0.00018683401867747307,0.1667376786470413,0.7844388067722321,-0.03553373720245465
3800,0.11200643926858903,0.2339429348707199,1.0767792264620464,-0.1723050266164507
3805,-0.050967094302177426,0.17552440762519836,0.9351733962694804,0.012081579090453643
3810,-0.08101986497640609,0.14117579460144042,0.9875857651233673,0.04441718221447655
3815,-0.12400185763835907,0.1680678904056549,0.9975859522819519,0.08265498108458402
3820,-0.13980260491371155,0.16639609336853028,0.9521798372268677,0.10261536994635032
3825,0.00809726671432145,0.2099120795726776,1.249531094233195,-0.0641498103094318
3830,-0.05407032668590546,0.18032542169094085,1.220473877588908,0.0006983416735817463
3835,-0.09136287569999695,0.21264816522598268,1.2809273521105449,0.03519078966624515
3840,-0.060912974178791046,0.29196364283561704,1.3854541381200154,-0.0024344371939339117
3845,-0.07829009741544724,0.23172917664051057,1.0882545749346415,0.032644263300287996
3850,-0.028254828369244932,0.3135390877723694,1.2552618344624837,-0.03415902478716689
3855,-0.06725524514913558,0.27871999740600584,1.122774887084961,0.006746233177577401
3860,-0.10242054611444473,0.2919819951057434,1.104489541053772,0.0507117014516629
3865,0.024887173622846603,0.24376066029071808,1.141112079222997,-0.08526888433501216
3870,-0.07792949825525283,0.19216329455375672,1.188162132104238,0.02898195151510154
3875,0.061500553786754605,0.20338260531425476,1.2190706332524617,-0.11903114691635809
3880,0.13909147083759307,0.449811714887619,1.6379946986834208,-0.23620073844637915
3885,-0.02014697380363941,0.3259017825126648,1.4331106344858806,-0.05051228079802377
3890,-0.018123674020171166,0.2648466169834137,1.1356454054514566,-0.0404369159338173
3895,-0.1318025678396225,0.28907887935638427,1.1932456851005555,0.07227560087326515
3900,-0.12288763523101806,0.19827080368995667,1.1905901789665223,0.05987716400148035
3905,-0.25303713977336884,0.24330420196056365,1.1323341647783915,0.1955725923273957
3910,-0.2433781772851944,0.22411156594753265,1.1488672256469727,0.192686000432883
3915,-0.1424539253115654,0.22193673849105836,1.1423538724581401,0.08989456358153446
3920,-0.08015993908047676,0.2169879913330078,1.219400437672933,0.02593006165831145
3925,-0.06672336012125016,0.21917259097099304,1.1380629022916158,0.01607931376181003
3930,-0.07019709572196006,0.3274152100086212,1.2218226273854573,0.01100078712900275
3935,-0.029003595933318138,0.23304568231105804,1.1848078886667888,-0.01754981888478381
3940,0.013337539928033947,0.24990342259407045,1.3292638262112935,-0.06583868967711624
3945,-0.012816145364195109,0.22907726764678954,1.3867724816004434,-0.045323748722375386
3950,0.042121408879756926,0.2618804931640625,1.5487268845240274,-0.1151827057907505
3955,0.09536110162734986,0.3033294856548309,1.4490554690361024,-0.16171295096485896
3960,0.217667618393898,0.4673595905303955,1.774992048740387,-0.3228302176438255
3965,0.08965668305754662,0.3896631360054016,1.776458772023519,-0.1858496909311445
3970,-0.1062486931681633,0.25463470816612244,1.451096761226654,0.035524506495121906
3975,-0.029299317207187415,0.3755916476249695,1.496781881650289,-0.056016658590607206
3980,-0.14071554988622664,0.2736344516277313,1.1826274951299032,0.0785823035049564
3985,-0.1910038560628891,0.22845808565616607,1.2129316528638203,0.12978111601995637
3990,-0.10654014945030213,0.3377798795700073,1.3752912680308025,0.025781952970770006
3995,-0.14748680591583252,0.20820570588111878,0.9922047873338063,0.10421748824122465
4000,-0.17348973155021669,0.1982410728931427,0.9360254208246866,0.13167540862625343
4005,-0.07965271919965744,0.18205446004867554,1.0778623382250467,0.036767039228246694
4010,0.038968620076775554,0.17444650828838348,1.0446788271268208,-0.0828291055518555
4015,0.01405412210151553,0.19417288303375244,1.1746471484502157,-0.06508428601637559
4020,0.014217964210547506,0.21413548588752745,1.247192414601644,-0.0697646052502448
4025,0.002483269607182592,0.18695687353610993,1.4188055276870728,-0.06203402081155303
4030,0.09792795777320862,0.26292245984077456,1.3795575022697448,-0.17237139736996646
4035,0.023607186786830426,0.2828396439552307,1.3723824938138327,-0.08987108084641428
4040,0.0990470752120018,0.23769982159137726,1.3330754121144612,-0.16995526087954474
4045,0.03317796550691128,0.29068922996520996,1.494167653719584,-0.10952239815818918
4050,-0.02980280201882124,0.33903393149375916,1.652916920185089,-0.05896396704468762
4055,-0.11186559051275254,0.3699488818645477,1.7008781472841898,0.02929038770897679
4060,-0.2203036904335022,0.32878588438034057,1.6235278050104778,0.1351730428144789
4065,-0.22067159414291382,0.32828369140625,1.3949822545051576,0.15071995327079168
4070,-0.11898723244667053,0.3544768810272217,1.17808784643809,0.06237231689808205
4075,-0.17219301164150239,0.25255663990974425,1.0159870266914368,0.12491673804178706
4080,-0.04212280213832855,0.23850578665733338,1.1103419542312623,-0.009435928704356509
4085,-0.19943237006664277,0.2214905083179474,1.0665027976036072,0.15174327934577858
4090,0.0014123573433607816,0.25939692854881286,1.2354730765024822,-0.07403972017436608
4095,-0.2232310503721237,0.18170481026172638,1.1235222578048707,0.18042254132742636
4100,-0.11304889917373658,0.2144135296344757,1.239260228474935,0.0579533515430995
4105,-0.06063658222556114,0.2144765406847,1.3248752276102702,-0.0013799749932363258
4110,0.12120268791913986,0.27427401542663576,1.3444167375564575,-0.1942896134656734
4115,0.002622523857280612,0.2133403241634369,1.3586529533068339,-0.0719519437897448
4120,-0.03634155131876469,0.2178803414106369,1.3692095756530762,-0.02543569357429679
4125,-0.014866377785801887,0.20033865571022033,1.3408955693244935,-0.04835444540495834
4130,0.03125887438654899,0.2791358053684235,1.3592187801996867,-0.09700269712887052
4135,-0.09967656433582306,0.21324605345726014,1.2216313242912293,0.04756892274870599
4140,-0.2164209306240082,0.22628762423992158,1.1646453658739726,0.16726349258179396
4145,-0.16162784099578859,0.23338851928710938,1.125084920724233,0.10942594857404701
4150,-0.04206131547689438,0.19637354612350463,1.072843422492345,-0.004701517358470205
4155,0.10936182737350464,0.2534818559885025,1.1700940489768983,-0.16949471665931354
4160,-0.09609364569187165,0.22452025413513182,1.303012235959371,0.04355211124370969
4165,0.057685375958681104,0.1716165542602539,1.2115556478500367,-0.10510690543401022
4170,0.08530632257461548,0.2745000123977661,1.4195794145266214,-0.1519657296212868
4175,-0.007340193958953023,0.34412094950675964,1.5227327664693198,-0.06865551831275139
4180,-0.17393771409988404,0.25551049411296844,1.2584235310554504,0.11669566306233495
4185,-0.15620726048946382,0.28731372356414797,1.3081216216087341,0.0872615362693314
4190,-0.0009690208360552787,0.35712465047836306,1.3348758220672607,-0.07003761104583735
4195,-0.11211680024862289,0.29819405674934385,1.3174529274304707,0.04852233875099041
4200,-0.06969789639115334,0.2564757227897644,1.1098857839902243,0.008599108316915715
4205,-0.07227644249796868,0.2145266056060791,1.0055286288261414,0.025760344716929683
4210,-0.18038974404335023,0.19117158949375151,0.9291199227174123,0.13966069365339798
4215,-0.384256911277771,0.2038721412420273,0.9365999758243561,0.34042236607224147
4220,-0.34304547905921934,0.21323885321617125,0.8255266507466634,0.3077285309170723
4225,-0.20985986292362213,0.13364976346492768,0.685544083515803,0.18000446262489142
4230,-0.17867670059204102,0.14221460223197938,0.6222311377525329,0.1530238549383439
4235,-0.1343931719660759,0.18612869679927826,0.8570935567220052,0.0972018146131492
4240,-0.12968135327100755,0.17736713588237762,0.7840944031874338,0.09698991938316721
4245,-0.04469310864806175,0.21594853699207306,0.8329197525978088,0.01012084494525799
4250,-0.020061743352562188,0.25513248443603515,0.9440345386664073,-0.024959699196691318
4255,-0.08409340232610703,0.15722833573818207,0.8966160853703816,0.04783617257422791
4260,-0.13684881329536439,0.16182108521461486,0.8800665577252705,0.10358081175875725
4265,-0.21546594202518463,0.2301139861345291,0.9550558586915334,0.17322054557746894
4270,-0.1746693104505539,0.2338235408067703,0.9593440532684326,0.12897995908143356
4275,-0.3125299274921417,0.18049020171165467,0.9261877596378326,0.27280732310266487
4280,-0.17047826945781708,0.17996283769607543,0.8640291174252828,0.13085813064012716
4285,-0.1905766487121582,0.13873051404953002,0.7825760185718537,0.16096292475650514
4290,-0.21286363303661346,0.18402583599090577,0.8628437598546346,0.17639736966501496
4295,-0.21025452613830567,0.1692445993423462,0.8270636260509491,0.17842356843293744
4300,-0.2380868136882782,0.1989469587802887,0.856263534228007,0.1990943519119512
4305,-0.19037775695323944,0.15321341156959534,0.8389880200227101,0.15733673418968958
4310,-0.08687339276075363,0.15967238545417786,0.8271723806858062,0.05004909095389803
4315,-0.08967041671276092,0.15557045638561248,0.7584536850452424,0.058537617648555064
4320,-0.1304068759083748,0.16398671567440032,0.7668629745642345,0.10013243277949742
4325,-0.14872616827487944,0.15965449213981628,0.8367227574189504,0.1141893084964339
4330,-0.08508924543857574,0.2125291645526886,0.7949388404687245,0.04906700457445708
4335,-0.2629999667406082,0.21483256816864013,0.9372804383436839,0.2190438527313446
4340,-0.1855023831129074,0.1851653814315796,0.8041062752405802,0.1507722009350826
4345,-0.22290487885475158,0.1518269121646881,0.7862651586532593,0.19128436709866095
4350,-0.11873256415128708,0.1466287851333618,0.7326323548952739,0.09138023656191963
4355,-0.013685037475079298,0.1675591677427292,0.8648317575454711,-0.020570949834781867
4360,-0.05036050081253052,0.1921405553817749,0.9608611901601155,0.011835206625736842
4365,-0.009519332833588124,0.18039465546607972,1.0476577957471211,-0.03666012588015476
4370,0.08452539145946503,0.23207263350486756,1.104511833190918,-0.13829605246675813
4375,0.030823248997330667,0.2714443027973175,1.2501950860023499,-0.08999863944056917
4380,0.017918239533901214,0.27119539976119994,1.398784061272939,-0.08371295411384032
4385,0.046425608545541765,0.26661134958267213,1.1760453184445698,-0.10052862261730257
4390,-0.05088654309511185,0.2105290561914444,1.207954188187917,-0.0003479646554184101
4395,-0.1567827880382538,0.2372114270925522,1.2266386151313782,0.09647368278808097
4400,0.0653668113052845,0.20343385338783265,1.2952068328857422,-0.12091484142118639
4405,0.018825441179797054,0.32361164689064026,1.472447443008423,-0.08694772445732055
4410,-0.006527527014259249,0.3005478262901306,1.2843533794085185,-0.06228705244317265
4415,-0.17965705394744874,0.24973587393760682,1.3551867842674254,0.11650640384709303
4420,-0.006296101585030555,0.2354833722114563,1.4649392724037171,-0.060193518354267776
4425,-0.07998169660568237,0.23419371545314788,1.3863971432050068,0.02164318520862127
4430,-0.0633127436041832,0.19056342542171478,1.2652365763982136,0.013828864260072668
4435,0.004111725324764848,0.1848926842212677,1.325234838326772,-0.05864866212344722
4440,-0.023476769775152208,0.24384602308273315,1.470420984427134,-0.037713149096516685
4445,0.044408968091011046,0.315904301404953,1.4876720150311789,-0.13404560837896107
4450,0.1257547616958618,0.4024961948394775,1.6976039369901021,-0.20975824358165684
4455,0.10011830478906632,0.39273659586906434,1.7609587113062541,-0.1963624984305743
4460,0.09491174817085266,0.401341712474823,1.6250414292017619,-0.17707792784520734
4465,-0.01997652053833008,0.2623202383518219,1.5563711921374004,-0.05561591420037092
4470,0.14276501834392546,0.3564105987548828,1.4132474859555562,-0.2180561448814803
4475,-0.12581076025962828,0.2334031343460083,1.2765505154927572,0.07305467856143194
4480,-0.2262980729341507,0.24068365395069122,1.2046309192975362,0.17262125021852287
4485,0.00803617648780346,0.2768645524978638,1.4087940891583761,-0.07906723651877044
4490,-0.0455526415258646,0.24124478101730346,1.340164299805959,-0.013626602949381172
4495,0.06661403328180313,0.27057055234909055,1.3852404197057089,-0.13057444132237467
4500,-0.047127518057823184,0.2504860252141953,1.3035091042518616,-0.01617605466615192
4505,0.04351210668683052,0.32359113693237307,1.293994951248169,-0.11232156802031802
4510,0.0007171729579567909,0.3521255016326904,1.2682115157445273,-0.07062252614241633
4515,-0.1954284906387329,0.28461734056472776,1.332753066221873,0.13079687771054316
4520,-0.14582508504390718,0.3393090724945068,1.1831663250923157,0.08023400138223896
4525,-0.15797013640403748,0.19336992502212524,0.9248035848140717,0.11665592527582234
4530,-0.1161186382174492,0.20051696598529817,1.0490747332572936,0.07405794055811732
4535,-0.11220739930868148,0.23196571171283722,0.933535349369049,0.07234432561096307
4540,-0.029949213936924936,0.3012665808200836,1.204244367281596,-0.030282200072418986
4545,-0.05500245466828346,0.1954496443271637,0.9904873251914978,0.01262487615948353
4550,-0.05428550466895103,0.1974414348602295,1.0150885105133056,0.013947719178181378
4555,0.1396855190396309,0.1977254182100296,1.1788175304730732,-0.18045324865455903
4560,0.0009804765868466347,0.1705777019262314,1.2761749307314554,-0.054316709248465864
4565,0.03364659957587719,0.22449832260608674,1.4148710171381633,-0.09380572664875246
4570,0.033915050141513345,0.31538152098655703,1.5464603900909424,-0.10676274995783848
4575,-0.0847710594534874,0.2862520456314087,1.4396551132202149,0.01774888722049676
4580,-0.06347211897373199,0.34295772314071654,1.4693133115768433,-0.007149819152655161
4585,-0.09947177767753601,0.2784569263458252,1.330473820368449,0.041516962636612406
4590,-0.1632113128900528,0.31292177438735963,1.3870204170544942,0.0876868452767113
4595,-0.0794280745089054,0.27722273468971254,1.2140600442886353,0.015380854886867362
4600,-0.16802465319633483,0.2729250192642212,1.0843117634455364,0.11782861204999161
4605,-0.05165696963667869,0.2205365002155304,1.031298005580902,0.0007564578713281186
4610,-0.06973087638616562,0.24243550300598143,1.0500858068466186,0.02091764140310601
4615,-0.10079629272222519,0.20309147536754607,1.0195529500643412,0.05868947716574216
4620,-0.1825223296880722,0.18119211196899415,0.930910062789917,0.14450942112709986
4625,-0.15078670382499695,0.158768829703331,0.8766516804695129,0.11600443705880926
4630,-0.09829351007938385,0.2530311167240143,1.1082317312558492,0.04979831768222975
4635,-0.17407577633857726,0.1782548189163208,0.9257331232229868,0.13538561292502269
4640,-0.10325628072023392,0.28760325312614443,1.1104949593544007,0.0508805843452655
4645,-0.1669981986284256,0.20007139444351196,1.02790158589681,0.1264417407089291
4650,-0.13731594532728195,0.16874006390571594,1.1562889615694683,0.0914689613018668
4655,-0.1237025573849678,0.19355600774288179,1.1866077144940694,0.07599679784683025
4660,-0.09263630658388138,0.19657574594020844,1.0923345367113748,0.04564939023916411
4665,-0.2139844924211502,0.20066431164741516,1.0928373416264852,0.16351670513576178
4670,-0.06158306449651718,0.14192745983600616,1.100272806485494,0.018226132493214937
4675,0.058355842530727384,0.25580102801322935,1.2901245832443238,-0.12206329731018309
4680,0.028551187366247177,0.17876923680305482,1.2241712967554728,-0.0781144905344189
4685,-0.08565546125173569,0.17625308632850648,1.1509326219558715,0.03745694750957146
4690,-0.014123442396521569,0.18305597007274627,1.2367011388142903,-0.03679224028744924
4695,0.05611853525042534,0.21722109615802765,1.3596741795539855,-0.11758972632733782
4700,-0.03543368391692638,0.2456252694129944,1.2588959813117981,-0.01802639341713684
4705,0.015731201064772903,0.2617074489593506,1.4087618629137675,-0.07915536928806308
4710,0.061591532081365585,0.2596769094467163,1.2602957924207052,-0.12258548846747835
4715,0.010393362492322922,0.3381527841091156,1.441437562306722,-0.08772860567525653
4720,0.05645189583301544,0.29611959457397463,1.441822870572408,-0.1313231256994345
4725,-0.14983822107315065,0.20623457729816436,1.168184745311737,0.10165515199077454
4730,-0.12670556902885438,0.2347756803035736,1.141423225402832,0.07048259297596131
4735,-0.09205316007137299,0.3084013283252716,1.1453030188878377,0.03273773557515736
4740,-0.12096383720636368,0.31211367845535276,1.3655586083730062,0.043034163085197016
4745,-0.20406834483146669,0.230489119887352,1.1746251026789347,0.15404549275929214
4750,0.07849486172199249,0.3189214289188385,1.4341668883959453,-0.14818088910449959
4755,0.04749602116644382,0.3476661443710327,1.4258206566174825,-0.11452216677255857
4760,-0.14579435884952546,0.24721460342407225,1.1975513656934103,0.08942086706286302
4765,-0.26652011275291443,0.22777396440505981,1.0362295031547546,0.21931120783317085
4770,-0.12643219977617265,0.21712616980075836,1.0742291450500487,0.0769899959340055
4775,-0.12844794988632202,0.20113737285137176,0.9123991270860036,0.08500573026552703
4780,-0.18934932649135588,0.16539932787418365,0.8633283793926239,0.15287427743549456
4785,-0.30422926545143125,0.15870923697948455,0.8383045057455699,0.2706306106370665
4790,-0.11748736202716828,0.22446464300155639,0.9547924041748047,0.06876117173016245
4795,-0.1539236783981323,0.21979084610939026,1.0363698959350587,0.10829011541198576
4800,-0.1544646590948105,0.1932297855615616,0.9240422566731771,0.11833480248550748
4805,-0.18091797828674316,0.15102779269218444,0.9782304286956787,0.14341272779720035
4810,-0.15472488701343537,0.21515029668807983,1.120393125216166,0.10635797293176356
4815,-0.10008203983306885,0.20224714577198027,0.9511211176713308,0.060560876558215404
4820,0.04947725385427475,0.2613153100013733,1.0706260800361633,-0.1030312950001084
4825,0.014542309753596782,0.23188217878341674,1.1425644675890605,-0.0633961019339871
4830,0.04077440947294235,0.24169138073921204,1.2142268339792888,-0.10033038578061076
4835,-0.053726190328598024,0.2480368435382843,1.2925694505373637,-0.006065098950549451
4840,-0.17369456887245177,0.19272436797618867,1.0531085729599,0.12239225123004815
4845,-0.19353886246681212,0.18481049835681915,0.9970833460489908,0.15211972977020438
4850,-0.09756824374198914,0.24928812980651854,1.1287039875984193,0.042670313423738726
4855,-0.1504351258277893,0.2615507483482361,1.1951981465021768,0.09038732872968122
4860,-0.3100881457328796,0.2679755508899689,1.0367684344450632,0.2554412919567205
4865,-0.21357604563236238,0.18893150389194488,0.7857526401678722,0.18052479550381995
4870,-0.15232529044151305,0.15790853202342986,0.7656260848045349,0.12333791226263632
4875,0.03955740407109261,0.22006435692310333,0.7904437025388081,-0.08146103033619388
4880,-0.18379270136356354,0.15628741383552552,0.7999239186445872,0.15462991117427136
4885,-0.1638743907213211,0.17529035806655885,0.8515446941057842,0.13144955221005064
4890,-0.1955575793981552,0.16145022213459015,0.8062810401121775,0.16389321729735712
4895,-0.08982049077749252,0.21176173090934752,0.944380666812261,0.04716216560193207
4900,-0.0625623993575573,0.185734823346138,0.8626264750957489,0.02686714601530771
4905,-0.0670748695731163,0.20019912719726562,0.9512525161107381,0.025382668933160834
4910,-0.02122774408198893,0.270143723487854,1.1579131285349529,-0.02931991505940868
4915,0.036792708560824394,0.18744936883449553,1.088266416390737,-0.08727629858969638
4920,0.27037007808685304,0.18637114763259888,1.2791712522506713,-0.3355450607853566
4925,0.17633861005306245,0.18325283229351044,1.6193573474884033,-0.24779980553665718
4930,0.331029599905014,0.3416234076023102,1.7604707638422648,-0.42622619659694155
4935,0.2079821467399597,0.2939061224460602,1.733371114730835,-0.2961892396602241
4940,0.14181172251701354,0.41658873558044435,1.8351346850395203,-0.23407814394103382
4945,0.3032251954078674,0.3044961512088776,1.6417712251345316,-0.39065106958199675
4950,0.3661956489086151,0.34334688186645507,1.9593906958897909,-0.46694301609846706
4955,0.5454555749893188,0.45034709572792053,2.1876388072967528,-0.6761219931948361
4960,0.1405315011739731,0.41138086318969724,1.959445063273112,-0.2508267501293571
4965,0.2936988741159439,0.5363629341125489,1.8905956029891968,-0.4098245471402659
4970,0.3937566876411438,0.44755140542984007,1.8924121578534445,-0.5023331972433527
4975,0.20321728587150573,0.4432837784290314,1.8977700193723044,-0.30190731015216765
4980,0.11825602352619172,0.416394031047821,1.716258184115092,-0.1965508086416466
4985,0.09455974698066712,0.41896610260009765,1.6608855446179709,-0.18692053815668802
4990,-0.0587994858622551,0.2509509861469269,1.2434702515602112,-0.0026615534476129997
4995,-0.05813397839665413,0.28913225531578063,1.4609819332758585,-0.013000037038329491
5000,-0.1280498281121254,0.24460118114948273,1.2242385824521382,0.07745491699127703
5005,-0.2107560247182846,0.2612259924411774,1.2974870244661967,0.15600282535595478
5010,-0.08723601400852203,0.24277205467224122,1.301184884707133,0.030839930566057182
5015,-0.012903363164514303,0.28913594484329225,1.4228704531987508,-0.05612565359985337
5020,0.06004166826605797,0.2856843709945679,1.4032646814982097,-0.12204685099136965
5025,0.005803378485143185,0.32903675436973573,1.4813411235809326,-0.07617551281888757
5030,0.03658415675163269,0.24120341539382933,1.4157726168632507,-0.09368752022128746
5035,-0.015763029345544056,0.2833890736103058,1.363005526860555,-0.04225069164318531
5040,0.12547242045402526,0.2770408630371094,1.4724649786949158,-0.20169279588254674
5045,-0.09524400532245636,0.3420961141586304,1.4630622665087383,0.025442112293031536
5050,-0.13037538677453994,0.29210096001625063,1.4142913500467935,0.06760298026453569
5055,-0.15367555022239685,0.2218293309211731,1.3844180583953858,0.09886888167412629
5060,-0.22776200771331787,0.22575027942657472,1.2155204137166342,0.18067048537019428
5065,-0.16350026726722716,0.213041228055954,1.135645725329717,0.11317457829596066
5070,-0.14629524648189546,0.21758408546447755,1.1100797613461812,0.10267378859561488
5075,-0.2454031527042389,0.17902348935604095,1.0981437027454377,0.20005948466549398
5080,-0.2781211018562317,0.23623422682285308,1.1100278119246165,0.23246864623647373
5085,-0.2321240484714508,0.19316037893295288,1.0217374622821809,0.19030353899814353
5090,-0.12808990031480788,0.2562317728996277,1.082489836215973,0.0744402475505851
5095,-0.1614886075258255,0.24760769307613373,1.1159651279449463,0.1147990104226018
5100,-0.12294264286756515,0.20895402133464813,0.9674984335899353,0.08087783983794691
5105,-0.13336533010005952,0.17199308276176453,0.980457466840744,0.09764859742939784
5110,-0.01401709524798207,0.20561266839504241,1.1753023107846579,-0.031609150685042074
5115,0.040745191648602484,0.2539562463760376,1.2417364438374838,-0.09491020717014645
5120,-0.09253067225217819,0.2304063230752945,1.2440574089686076,0.037976775321709594
5125,-0.15425657331943513,0.3023798048496246,1.4747284293174743,0.08600070524069478
5130,-0.2208786278963089,0.32503928542137145,1.4128037452697755,0.15555995068112788
5135,-0.24729666113853455,0.3276950180530548,1.2588751236597697,0.18674206978199606
5140,-0.16890512108802797,0.25809707641601565,1.1590097983678183,0.11178834451411851
5145,-0.29715449213981626,0.21480485200881957,0.9638502438863118,0.254862961333328
5150,-0.29831695556640625,0.22605400085449218,1.0152850091457366,0.25179684243533346
5155,-0.3886339604854584,0.19069018065929413,0.7282588481903076,0.35709333808322136
5160,-0.3763805031776428,0.17500975131988525,0.6952207108338674,0.350558332508003
5165,-0.3429404735565186,0.160989385843277,0.6746500392754873,0.31907895534550895
5170,-0.19276765882968902,0.20143360197544097,0.7620032449563344,0.15929540499613107
5175,-0.27211037278175354,0.20426974296569825,0.7482434749603272,0.23933845057744432
5180,-0.24341557919979095,0.25468550324440004,0.739526625474294,0.2081211167669047
5185,-0.20024705231189727,0.17312946915626526,0.5919498205184937,0.17775230267563313
5190,-0.15596251785755158,0.1876509577035904,0.5708224793275197,0.130951339240849
5195,-0.1803102523088455,0.16766558289527894,0.6744989573955535,0.153541806113352
5200,-0.16561596393585204,0.18338827788829803,0.6627380430698395,0.13905905327563312
5205,-0.1267717584967613,0.19677746295928955,0.6277745246887207,0.09857926369078186
5210,-0.10536218136548996,0.1547901839017868,0.649115123351415,0.08049458136606855
5215,-0.14797607958316802,0.17543955743312836,0.7223382353782654,0.12014418025042164
5220,-0.18316484689712526,0.16609428226947784,0.7741339604059855,0.15398117214865015
5225,-0.12609027177095414,0.16463730931282045,0.7814684748649597,0.09312669197959025
5230,-0.04629215151071549,0.17835367023944854,0.8803820749123891,0.011172982939800671
5235,-0.059052199870347974,0.18628765940666198,0.9730316221714019,0.01997799495010802
5240,-0.04532485157251358,0.19538420736789702,1.1564221024513244,-0.002566116709311511
5245,-0.05689738318324089,0.19530519247055053,1.1284554123878479,0.004721733995420035
5250,0.01789440172724426,0.24062687158584595,1.207995065053304,-0.07251665309029814
5255,-0.1141168013215065,0.27793495655059813,1.1124187350273131,0.06071796249872877
5260,-0.06382528021931648,0.22102483808994294,1.1307656367619832,0.012092601868932412
5265,-0.17052435874938965,0.27152698636054995,1.0986025710900624,0.11760220914693892
5270,-0.05410866066813469,0.29188722372055054,1.1510995626449585,0.0032407224362628537
5275,-0.1261421799659729,0.24303235113620758,1.004549632469813,0.08093676690031973
5280,-0.12798466086387633,0.20511509776115416,1.0699718236923217,0.0819213964373039
5285,-0.05914142057299614,0.23678207397460938,1.1531837662061055,0.005976768672435937
5290,-0.06573156416416168,0.25175862908363345,1.1280173619588216,0.015425702256980792
5295,-0.14870229065418245,0.24476260542869568,1.0695693572362264,0.09671101216624704
5300,-0.2151017189025879,0.2520719438791275,0.9395724753538768,0.17551516795741065
5305,-0.11788326948881149,0.186908757686615,0.9352996408939361,0.07859832556602678
5310,-0.11458941996097564,0.1724894404411316,0.8872249841690063,0.0764085242284187
5315,-0.10124637335538864,0.18239979445934296,0.9680027445157369,0.062200134692952075
5320,-0.07787047624588013,0.17986516952514647,0.8966116666793823,0.04152631357435857
5325,-0.06625174209475518,0.1673670381307602,0.9457507252693176,0.02882732184700475
5330,-0.027658360078930855,0.18545252680778504,1.0398687144120535,-0.01784768976271766
5335,0.005068818898871541,0.2276199370622635,1.0860275069872538,-0.054137411850287004
5340,-0.07720497995615005,0.18169570863246917,0.9829854389031728,0.033679524197371295
5345,-0.0037492508534342052,0.215920889377594,1.0715754946072897,-0.04529787318690457
5350,-0.021531073655933142,0.1841397166252136,1.0408770561218261,-0.023538867991125763
5355,0.042441346868872645,0.2496008664369583,1.0841947376728058,-0.09358710602568165
5360,-0.03196709342300892,0.196221461892128,1.2103886445363363,-0.017949339864785172
5365,-0.01136451184283942,0.15128076076507568,1.091479496161143,-0.031093756583569578
5370,0.039088206738233565,0.205724036693573,1.3109842896461488,-0.09516093649683176
5375,0.030853329598903655,0.20080816447734834,1.3224356373151143,-0.08584494454597405
5380,-0.04394267350435257,0.25492355823516843,1.5114373882611594,-0.024964487078976316
5385,0.12722674012184143,0.2506421387195587,1.4299641132354737,-0.19707506771902428
5390,-0.11766652017831802,0.1904403418302536,1.318362053235372,0.06461793139488187
5395,0.007220413876348175,0.19069209694862366,1.2832200090090433,-0.062013821094463586
5400,-0.0316858921200037,0.2013608396053314,1.3971018393834431,-0.030794455625923794
5405,-0.02667648857459426,0.22292243540287018,1.292221979300181,-0.03186709690313674
5410,-0.10253534466028214,0.2583166301250458,1.3336358229319254,0.0418719148063829
5415,-0.12958924472332,0.19160701036453248,1.2146543304125468,0.07714983278587176
5420,-0.1990775167942047,0.18842111229896547,0.965722660223643,0.16136787032344124
5425,-0.17205981016159058,0.18907547891139984,1.0007640600204468,0.1288178747509053
5430,-0.10263224393129348,0.18275082111358643,1.0569077690442403,0.059093794344787835
5435,-0.18565510511398314,0.204520383477211,0.9640420496463775,0.14557626481379032
5440,-0.09023894071578979,0.20073866546154023,1.1211398760477702,0.04126159695803917
5445,-0.13697930425405502,0.19238089621067048,1.0868939995765685,0.09327629639609544
5450,0.07018909007310867,0.21438474655151368,1.1341670989990233,-0.1291737123056273
5455,-0.06449078619480134,0.21420834064483643,1.014838554461797,0.022128263979825997
5460,-0.07383501082658768,0.1690358430147171,1.0772770682970683,0.03205847668906359
5465,0.036507300287485125,0.2435268372297287,1.2817420601844787,-0.09628588824622071
5470,0.06967938020825386,0.2592741072177887,1.2757701834042867,-0.1285707067393652
5475,0.019563758838921787,0.2252254843711853,1.2818745652834573,-0.07387597502843699
5480,0.045264782756567,0.18075585067272187,1.4951783100763956,-0.10300744996446684
5485,0.030790650472044944,0.2615131914615631,1.435941755771637,-0.09596921250022611
5490,0.04760071970522404,0.3059776544570923,1.4131761948267618,-0.11739890909382925
5495,0.01805469924584031,0.23883970081806183,1.4701258261998496,-0.08490214279036594
5500,-0.19462427496910095,0.24367813766002655,1.3184081117312114,0.13752860949325166
5505,-0.16903875768184662,0.22067732810974122,1.1383481164773306,0.11640134832904664
5510,-0.2090616762638092,0.243649023771286,1.2316149353981019,0.15538924644270272
5515,-0.20400811731815338,0.17401934564113616,1.045442807674408,0.15967103246910289
5520,-0.06899222433567047,0.20238301157951355,1.0978747129440307,0.017675176617792273
5525,-0.17320579588413237,0.1620568424463272,1.090262528260549,0.13221240454602298
5530,-0.23430657982826233,0.18465057611465455,1.0434967001279196,0.19045170161126512
5535,-0.2215217262506485,0.1610908478498459,0.9413429796695709,0.18705435650786592
5540,-0.10375830680131912,0.17012504935264589,0.9754267851511638,0.06534318480432351
5545,-0.0745795413851738,0.18203113377094268,1.0796320199966432,0.03134931261964514
5550,-0.13580169081687926,0.18329124748706818,0.9900123635927837,0.09673248690398183
5555,-0.040022479742765425,0.1891631841659546,1.1649059891700744,-0.008806614295741885
5560,-0.1875633716583252,0.1534241795539856,1.0159295638402304,0.15065574660985964
5565,-0.1620841920375824,0.19361860752105714,1.023271377881368,0.1212951756801847
5570,-0.16149611175060272,0.1722187101840973,1.0558797558148703,0.1201924177051143
5575,-0.10108588933944702,0.21718558073043823,0.9594356576601665,0.06116956852347874
5580,0.010792949772439896,0.18912945091724395,1.06613094607989,-0.05624442172981964
5585,-0.10184080302715301,0.20146240890026093,0.9985275646050771,0.06232991108064372
5590,0.122037111222744,0.20149687230587005,1.2285130659739176,-0.1792247488288692
5595,0.16893900334835052,0.2155259817838669,1.2683615287144978,-0.22667502445515994
5600,0.0414748590439558,0.21185349225997924,1.3062984943389893,-0.10384857868766434
5605,-0.13277789652347566,0.22212762236595154,1.2848761677742004,0.07901374852682551
5610,-0.23949305415153505,0.19957727193832397,1.1969830393791199,0.190466121432257
5615,-0.17570738196372987,0.20099274516105653,1.0272093216578166,0.13253536915493147
5620,-0.1774602860212326,0.17024747729301454,1.02861883242925,0.13840558561844807
5625,-0.13702770620584487,0.20349764525890351,1.0034077604611715,0.09319549252625181
5630,-0.26103113293647767,0.17394110560417175,0.9169132749239604,0.22590060318851532
5635,-0.20398710668087006,0.17476610243320465,0.7561722278594971,0.17246503120224504
5640,-0.2399665892124176,0.15931220948696137,0.721425461769104,0.2100428745588655
5645,-0.21356050074100494,0.18832753002643585,0.769035812218984,0.18008786186565315
5650,-0.16275831162929535,0.14664166867733003,0.7167036732037863,0.13557208113805422
5655,-0.06641457453370095,0.19263581335544586,0.9267498910427093,0.02378770877595267
5660,-0.12231140732765197,0.1710350841283798,0.8438627660274506,0.08898160343452925
5665,-0.134967440366745,0.17418738305568696,0.9025083382924398,0.09960867703190526
5670,-0.040332556888461116,0.14032120406627654,0.9011887749036153,0.005357951815306957
5675,0.03973376080393791,0.17532492578029632,1.0433666745821635,-0.08252914110331125
5680,0.18663787841796875,0.25398628115653993,1.316366179784139,-0.25496266567388987
5685,0.10216177999973297,0.17897356152534485,1.351280136903127,-0.15658776928091642
5690,0.13194985687732697,0.32846330404281615,1.499299458662669,-0.20925245101556078
5695,0.02727540712803602,0.2548116981983185,1.393798323472341,-0.08986618969672107
5700,-0.027252290956676008,0.20467454195022583,1.3690444628397624,-0.033450305805214436
5705,0.054457122832536696,0.28570101857185365,1.3771705269813537,-0.11728861534922162
5710,-0.03270510658621788,0.2607204854488373,1.2525173385938009,-0.021993639953660247
5715,-0.05444975048303604,0.20676859021186828,1.1915736516316733,0.0018598354034800328
5720,-0.005050421087071299,0.1762739449739456,1.246634010473887,-0.04744820344473567
5725,0.012550742717576214,0.22054133415222169,1.4558281342188517,-0.07886449291422289
5730,-0.006604993937071413,0.21985071003437043,1.4476849635442097,-0.05743583548132261
5735,-0.10843860059976577,0.20746781229972838,1.4677890857060751,0.04430174166618275
5740,-0.03950534015893936,0.24519082009792328,1.3309882601102194,-0.020684379513961584
5745,-0.09984198063611985,0.2055673658847809,1.2780192891756694,0.04215015919829525
5750,-0.057396582514047625,0.2034973084926605,1.2268452525138855,0.005008941253395944
5755,-0.1915431648492813,0.163878932595253,1.2504530628522237,0.14446370090046637
5760,-9.597940370440484e-05,0.1920260578393936,1.1963281273841857,-0.05098168921104141
5765,-0.10836031287908554,0.18694278597831726,1.3127591689427693,0.056211004722471175
5770,-0.1976912647485733,0.26637563705444334,1.24009663661321,0.14041235916963818
5775,-0.09987529814243316,0.18672148883342743,1.1928287267684936,0.04994371351365426
5780,-0.014691686909645795,0.2474414438009262,1.200527052084605,-0.04235506912279526
5785,-0.014538867995725013,0.19472756683826448,1.1148389299710593,-0.03280444138944794
5790,0.010469430862576701,0.21466224491596222,1.1297239263852437,-0.06146141268555478
5795,-0.04925788044929504,0.21744954586029053,1.1503235459327699,-0.0005073380309804583
5800,-0.0127124666236341,0.19713110625743865,1.235968542098999,-0.040811592806480536
5805,-0.035853298380970955,0.15719161927700043,1.2083720763524373,-0.011622774866161782
5810,-0.07323669642210007,0.16247789263725282,1.2979501922925314,0.02611077098570351
5815,0.0465484868735075,0.2179252564907074,1.4090552608172098,-0.10522167902830651
5820,-0.07891408652067185,0.21089278161525726,1.282109010219574,0.026274992862695298
5825,-0.08341071158647537,0.220089852809906,1.392062528928121,0.02617156343745754
5830,-0.15998351573944092,0.16052016913890838,1.2958739201227825,0.10988201130559891
5835,-0.11275743395090103,0.15268008410930634,1.293713398774465,0.06335373915842826
5840,-0.02929930407553911,0.1732942283153534,1.1808266520500184,-0.021395827825505944
5845,0.05044316649436951,0.21226752400398255,1.2914953311284383,-0.10522919024397523
5850,0.013007116243534256,0.21734476387500762,1.4230047027269999,-0.07244525869441752
5855,0.04586971327662468,0.20998637974262238,1.2899197181065878,-0.10156322673797015
5860,0.04773944467306137,0.16893728971481323,1.3901943246523538,-0.10315406340594872
5865,0.07050400897860527,0.2099469095468521,1.4780476729075114,-0.130058118736151
5870,0.10207256376743316,0.2448391556739807,1.4750259200731912,-0.16947031042750815
5875,0.04740464761853218,0.30893887877464293,1.5256590922673543,-0.11692399434929525
5880,0.104221510887146,0.2663887143135071,1.515991497039795,-0.1728448407032955
5885,-0.0871065765619278,0.2862676441669464,1.4997771024703979,0.023448319090465405
5890,0.08236448988318443,0.35289559960365297,1.5193505922953288,-0.158750386425036
5895,0.026569738425314425,0.28952026963233946,1.499252235889435,-0.09600479943069454
5900,-0.07566753327846527,0.24675928056240082,1.367362121740977,0.015592029614113947
5905,-0.151011124253273,0.24565231502056123,1.2999541759490967,0.09263535638889293
5910,-0.13760093748569488,0.2250484436750412,1.2512304306030273,0.08441037135140692
5915,-0.13779830187559128,0.2422564685344696,1.2049131393432617,0.0820458537744611
5920,-0.2617477089166641,0.24619674682617188,1.009112580617269,0.2177491787427789
5925,-0.18304586708545684,0.19341791570186614,0.9641199231147766,0.14536110316242282
5930,-0.10212262868881225,0.2295153558254242,1.1137288014094036,0.054828705884130184
5935,-0.11674477905035019,0.19882040619850158,1.1289243777592977,0.06712692573007664
5940,-0.17966325879096984,0.1732004314661026,0.9792108217875163,0.14262494726407388
5945,-0.15247290432453156,0.18893971741199495,0.9847292562325796,0.11084212035237828
5950,-0.17319972217082977,0.21097606122493745,0.9661904295285543,0.13444414250676112
5955,-0.21335648596286774,0.15540756285190582,0.8228064795335134,0.18169332371895347
5960,-0.061250095069408414,0.18638964295387267,0.9613675991694133,0.024335134652655237
5965,0.05781498774886131,0.23396016657352448,1.0487089216709138,-0.10585587358517479
5970,0.02849126495420933,0.19750125110149383,1.1136990984280903,-0.07472086898935934
5975,0.14124134182929993,0.25269579887390137,1.2722935279210408,-0.20368156670426732
5980,0.007589748420286924,0.18569768965244293,1.1682304978370666,-0.054565996719880515
5985,0.07512839809060097,0.29171334505081176,1.2791296243667603,-0.1399521517337799
5990,-0.039030293375253676,0.2355237662792206,1.3282933433850606,-0.016915738080491596
5995,-0.12603698521852494,0.2412953943014145,1.1859711448351542,0.0717460456535594
6000,-0.18686802685260773,0.16580545604228974,1.1404640952746072,0.1440539450243969
6005,-0.06309040188789368,0.259076851606369,1.1817207972208659,0.009211301266269555
6010,-0.2886976420879364,0.1484323799610138,1.1531733711560568,0.24467943389659902
6015,-0.1559591680765152,0.20302410721778869,1.11954385638237,0.10275843319676595
6020,-0.2711715936660767,0.13810363709926604,0.9492646336555481,0.23661705972249636
6025,-0.2027237445116043,0.16938001215457915,0.9446049749851226,0.16452658450819072
6030,-0.23136877417564392,0.2163721352815628,0.8753224511941274,0.1961326190164966
6035,-0.23915303647518157,0.1678246021270752,0.8440756857395172,0.2076663325856347
6040,-0.04241359643638134,0.2160688728094101,0.9627516825993856,0.001498339082937762
6045,-0.07370935678482056,0.15501262843608857,1.0168876190980276,0.0349537607555577
6050,-0.06329848170280457,0.16178178489208223,1.0336555699507395,0.02391231978884196
6055,-0.034952863678336145,0.1587667942047119,1.1502748608589173,-0.008680302787092411
6060,-0.04289201907813549,0.16570035219192505,1.0723047931989034,-0.0031709204029451666
6065,-0.07696311920881271,0.21330951750278473,1.1580544233322143,0.029084624297066985
6070,-0.13395981192588807,0.182517671585083,1.118521648645401,0.08946246522950448
6075,-0.13262272179126738,0.1713089257478714,1.1946908394495646,0.08582689126180532
6080,-0.05259142145514488,0.23746224045753478,1.0780959010124207,0.00534274885290175
6085,-0.06667132005095482,0.22098371386528015,1.1836311062177023,0.017576390616410136
6090,-0.03749537765979767,0.20807356238365174,1.0382071673870086,-0.00818536253321648
6095,-0.1848141074180603,0.16842317283153535,1.0071385224660239,0.14633305239488886
6100,-0.18972503244876862,0.15695066154003143,1.0927936792373658,0.1481030272975386
6105,-0.12352941930294037,0.19432288110256196,1.0579306264718373,0.07648069547048683
6110,-0.11836933195590973,0.17055042684078217,1.0324924548467,0.07897417279229582
6115,-0.12673458456993103,0.17554939687252044,1.0475583573182423,0.08493189395209164
6120,-0.011287931469269097,0.1852351486682892,1.117135465145111,-0.03347409936749656
6125,-0.023023291118443014,0.1812638074159622,1.2938820322354634,-0.02802928206840609
6130,-0.018583882600069046,0.20042780935764312,1.3171745618184407,-0.03511745504513097
6135,0.06238259300589562,0.2059960812330246,1.5131034175554912,-0.12289383458513073
6140,0.07004097998142242,0.22467274963855743,1.5009752710660298,-0.13128772594692947
6145,0.2206369936466217,0.3231362819671631,1.692889964580536,-0.30423675803452893
6150,-0.030108244344592094,0.2437184274196625,1.3340212424596152,-0.02708821545087644
6155,-0.09689920693635941,0.28439173102378845,1.3420214653015137,0.035935393940270885
6160,0.10746376663446426,0.26826040744781493,1.409838596979777,-0.17905857714366244
6165,-0.11756720691919327,0.292220139503479,1.2562153339385986,0.059899678657767234
6170,0.01258036494255066,0.2349731832742691,1.3584095239639282,-0.07263220393150054
6175,-0.08712454736232758,0.18959536850452424,1.241938575108846,0.03701261684533033
6180,-0.17973053753376006,0.24434342980384827,1.171859121322632,0.13361694711856445
6185,-0.09772224724292755,0.19461506903171538,1.2151691317558289,0.047988611844513446
6190,-0.08293751627206802,0.26412913799285886,1.2593037923177084,0.026611259917746002
6195,-0.16188716292381286,0.2096895694732666,1.159931747118632,0.111980888692472
6200,-0.0742174156010151,0.19603058099746704,1.1165548741817475,0.028111933680560412
6205,0.10541957318782806,0.25744309425354006,1.2673725843429566,-0.16398321019516754
6210,0.08640314489603043,0.2516001433134079,1.3134525219599407,-0.14869505575871245
6215,0.024185883067548274,0.18466798067092896,1.2602536718050639,-0.07778497610848248
6220,-0.0570532277226448,0.2853190183639526,1.4415579716364542,-0.007268206941997153
6225,0.024703445099294185,0.19303933084011077,1.376122272014618,-0.07687090812973253
6230,-0.1176750347018242,0.2163134276866913,1.4861229181289672,0.059261623478063255
6235,-0.10851305425167083,0.2225296527147293,1.4660475929578145,0.047565980268996916
6240,-0.29610568284988403,0.3592730641365051,1.36898269255956,0.23062959980559514
6245,-0.1319998562335968,0.23737808763980867,1.2862006783485413,0.07682943046869173
6250,-0.048923470079898834,0.3109895169734955,1.2889626065889994,-0.009898797135180278
6255,-0.05558895170688629,0.26083662509918215,1.312321925163269,-0.005017496147769142
6260,-0.17440323531627655,0.24515174627304076,1.2150151133537292,0.12177909731201693
6265,-0.011262074485421181,0.1797010064125061,1.2145249525705972,-0.0381822031144295
6270,-0.10823601484298706,0.2319826900959015,1.2169188459714253,0.05769929712738267
6275,-0.06966732814908028,0.24384905099868776,1.3191853483517966,0.006196650608750873
6280,0.015513853542506695,0.2243422359228134,1.265120808283488,-0.07194829924008125
6285,-0.21852821707725525,0.25877668857574465,1.2283745646476745,0.15813147907212668
6290,-0.14167778491973876,0.20402714610099792,1.109832751750946,0.09594563168047046
6295,-0.11195252239704132,0.20667167007923126,1.2069218357404072,0.06422611855600256
6300,-0.07046864554286003,0.21046396791934968,1.2288547774155936,0.018379634120687632
6305,-0.04991988912224769,0.26966230273246766,1.1254247764746348,-0.0009761986960824524
6310,-0.13818854987621307,0.17384816110134124,1.0220274806022644,0.09681240839945107
6315,-0.1180420845746994,0.1983291208744049,1.1217799166838327,0.0741718618132393
6320,-0.12692739367485045,0.2103707015514374,1.0514506161212922,0.0837338085113175
6325,-0.07735060304403304,0.22955600619316102,1.1016592423121134,0.031472570884271876
6330,0.02407334614545107,0.20891420543193817,1.1698482871055602,-0.0739970126921001
6335,-0.10861184149980545,0.21074433326721193,1.045100196202596,0.06516273198422158
6340,-0.1018610030412674,0.2368125945329666,1.0565138280391693,0.05546141509432408
6345,-0.1882909506559372,0.1686657339334488,0.9416810135046642,0.1517543734138266
6350,-0.10779468417167663,0.21066243350505828,1.075425962607066,0.06536013138397541
6355,-0.1955561637878418,0.23616102635860442,1.0666682283083597,0.14477127713380525
6360,-0.10274858325719834,0.1788841187953949,1.0194415012995401,0.06129604062395215
6365,-0.16305821537971496,0.16061881482601165,1.079809812704722,0.1240206746953035
6370,-0.1939851760864258,0.19370973408222197,1.0412901898225149,0.15203759195923794
6375,-0.1626893997192383,0.1638993501663208,0.8457217256228129,0.1300726291087254
6380,-0.13305546045303346,0.1750112533569336,0.8547300239404042,0.09889938420794424
6385,-0.14552385210990906,0.20327169001102446,1.0040758232275644,0.10612983009752741
6390,-0.09852290749549866,0.2422054260969162,1.1118576327959697,0.0488970385353792
6395,-0.046434225887060164,0.17787216305732728,0.9074682275454203,0.008367296660373317
6400,-0.20830921530723573,0.16120034754276275,0.9480938017368317,0.1732852250264013
6405,-0.11762641370296478,0.1586623579263687,0.8720678329467774,0.08479553505362593
6410,-0.1474929243326187,0.15604684948921205,0.9096779485543569,0.11491775313727352
6415,-0.04843273311853409,0.19249807000160218,1.0902569055557252,0.0043559651809048265
6420,-0.14651075303554534,0.17884131669998168,0.9450386325518291,0.1102152637792507
6425,0.034104089438915255,0.15807233154773712,1.1632191777229308,-0.08118400117954762
6430,-0.03905312828719616,0.17667910158634187,1.0486058751742044,-0.003995099098982542
6435,-0.036978496611118315,0.2553272366523743,1.115582807858785,-0.01424405260742391
6440,-0.1558330088853836,0.1625003844499588,0.9740292509396871,0.11748940894631893
6445,-0.08524874597787857,0.2237448960542679,1.0298725406328837,0.03844952695597665
6450,0.007859814073890447,0.20831239521503447,1.0170896569887797,-0.052857086061379094
6455,0.012892981106415392,0.17274661660194396,1.1222386995951334,-0.05729227686199084
6460,0.04421949312090874,0.20087089836597444,1.0967173020044962,-0.08858112462930079
6465,0.027933523803949357,0.21582987010478974,1.2618940075238545,-0.07800449291390466
6470,0.053582356125116345,0.24910161793231964,1.4315240144729615,-0.12313839891607933
6475,0.03249555602669716,0.24270212948322295,1.278024967511495,-0.08840937196937083
6480,0.11067630350589752,0.3214260458946228,1.3393107811609903,-0.17574496682940424
6485,-0.11113557070493699,0.3001717567443848,1.4026453812917075,0.04723304317923851
6490,0.0036044516833499073,0.2973581075668335,1.3440153876940408,-0.06461626172579028
6495,0.11643831431865692,0.3136651635169983,1.3346877892812092,-0.1793982469834447
6500,0.0008510756539180875,0.2802699148654938,1.4375055273373922,-0.06110866280652593
6505,0.10748218148946762,0.27768589854240416,1.4646667917569478,-0.17454735407056157
6510,-0.15184895396232606,0.27826437950134275,1.4064462701479594,0.08699376889008874
6515,-0.03448983710259199,0.26546327471733094,1.2862152139345804,-0.02902036918999095
6520,-0.07947470247745514,0.21813501119613649,1.2990675687789917,0.026236562005575313
6525,0.032323638908565044,0.2828895390033722,1.3960210998853049,-0.09379984823192807
6530,0.05661166235804558,0.2506776064634323,1.3859556635220847,-0.11743384735304366
6535,-0.088034987449646,0.2580870270729065,1.4467990120251975,0.028760955858003593
6540,-0.10902726948261261,0.22834103107452391,1.3206969857215882,0.050824162954617474
6545,0.03969004042446613,0.20273957550525665,1.3884546836217244,-0.09646734599348439
6550,-0.06681905016303062,0.20533364713191987,1.285397748152415,0.010659968488582744
6555,-0.1049470841884613,0.24493156969547272,1.2873258948326112,0.048594443532961974
6560,0.014952515158802271,0.2625468909740448,1.2616098006566365,-0.07229965214428437
6565,-0.03873054049909115,0.23944243788719177,1.2428282976150513,-0.012456130616176668
6570,-0.11927299350500106,0.19663956761360168,1.0886208653450011,0.07547097340908278
6575,-0.05652605816721916,0.27998980283737185,1.4023707588513692,-0.0030320537927456394
6580,-0.027771266549825667,0.1843740910291672,1.1547868927319844,-0.018739851670060783
6585,-0.09820080101490021,0.20184455215930938,1.058042538166046,0.05720079668916754
6590,-0.01666855691000819,0.15299700796604157,1.2824951966603597,-0.030470796856781175
6595,0.0204216199927032,0.24749049544334412,1.3070819934209188,-0.07865907184071398
6600,0.022214742749929427,0.26285807490348817,1.285274964570999,-0.08008656188975574
6605,0.038662273436784744,0.2393100768327713,1.3630878647168478,-0.1026779799582755
6610,0.03108598217368126,0.22157706320285797,1.2092094500859578,-0.07910671598917944
6615,0.003958851145580411,0.2513999044895172,1.2020284493764242,-0.05666186583853748
6620,0.043140267953276634,0.26579679250717164,1.4646539171536763,-0.10686979803096458
6625,-0.14721613824367524,0.24497252106666564,1.1307066877683003,0.10049435994940059
6630,0.0023733853828161954,0.23290281593799592,1.1779796282450359,-0.05711564989219173
6635,-0.09943135231733322,0.2859855115413666,1.1913435935974122,0.048383290062711345
6640,-0.14300639033317566,0.25638747215270996,1.1248946110407512,0.09406608039768805
6645,-0.20949735641479492,0.1875259041786194,1.1244421084721883,0.16549342552622312
6650,-0.1376323699951172,0.1713283032178879,1.1152787725130717,0.09595460009688851
6655,-0.20401550829410553,0.24864202737808228,1.2358379324277242,0.14925575678937442
6660,-0.14161660373210908,0.20171248614788057,1.0405977845191956,0.09968243269779198
6665,-0.05609375834465027,0.2773180305957794,1.2109602053960165,0.0061746427175785575
6670,-0.186798033118248,0.17509052753448487,1.1860318740208944,0.14152472515283007
6675,-0.10212867110967636,0.1476388990879059,1.079819679260254,0.06229325222972672
6680,-0.09479726254940032,0.1958440363407135,1.1876311540603637,0.049502575709745325
6685,0.10023207068443299,0.2177227646112442,1.325600258509318,-0.15442119409826224
6690,0.19552436769008635,0.23918304741382598,1.3957531134287515,-0.2566728322800864
6695,0.18120255470275878,0.20198820829391478,1.2859124223391214,-0.2410257158244947
6700,0.21660282611846923,0.2761095643043518,1.3962527672449747,-0.28026139406305417
6705,0.0531242161989212,0.23205383718013764,1.3992726047833761,-0.11529765271750732
6710,0.0006216465961188077,0.23801631331443787,1.4507535179456075,-0.05745778020389227
6715,-0.05529299303889275,0.2670888423919678,1.3508871436119079,-0.00010161561670827483
6720,-0.05265626311302185,0.2334863781929016,1.3142756859461466,-0.007539934259274185
6725,-0.08237302899360657,0.1895193189382553,1.31662460565567,0.030771369865928794
6730,-0.08117231279611588,0.19948483407497405,1.2826130747795106,0.029845707959324536
6735,-0.06110857203602791,0.2066974014043808,1.2344765782356262,0.008342815719247903
6740,-0.16700777113437654,0.20480656623840332,1.1452796657880147,0.1230564218949383
6745,-0.11936367601156235,0.2229743331670761,1.2891739408175151,0.06288807049896689
6750,0.01771964840590954,0.21982954442501068,1.1705369234085083,-0.06752779360065192
6755,-0.06463924422860146,0.18757782280445098,1.1950596213340758,0.019646809559794795
6760,-0.09137426018714905,0.2550263017416,1.238088810443878,0.03817818804281119
6765,-0.004123265645466745,0.23045802414417266,1.1736154039700826,-0.04533545391622391
6770,0.07184733971953391,0.16142880618572236,1.280414350827535,-0.12474285783123898
6775,0.1686612457036972,0.27133838534355165,1.309947709242503,-0.2257124068691808
6780,0.06452981680631638,0.18384107947349548,1.1192781408627828,-0.11088205671129725
6785,0.10208810716867447,0.1908438593149185,1.1676095763842265,-0.14982942165989235
6790,0.17871152460575104,0.2444872111082077,1.3654815951983135,-0.23686579352672826
6795,0.17533139288425445,0.1549565464258194,1.4083317081133524,-0.23274024164541923
6800,0.4215273082256317,0.4353728175163269,1.7329447189966838,-0.5122349116806119
6805,0.2941005229949951,0.40874013900756834,1.7506752292315164,-0.3779518668197395
6810,0.3126915156841278,0.4191525399684906,1.6983753363291423,-0.40097427205011194
6815,0.19315472841262818,0.38510380387306214,1.6692157546679178,-0.27484356492652406
6820,0.13622929602861406,0.3945043087005615,1.6296913862228393,-0.21714013073821437
6825,-0.0418367575854063,0.25270076394081115,1.4797608256340027,-0.023167130446980263
6830,-0.03217818420380354,0.26395113468170167,1.3621835350990295,-0.03473039635912117
6835,-0.12227138727903367,0.3390014410018921,1.3066689531008402,0.0653774423396441
6840,-0.1736891269683838,0.21926527321338654,1.1277838269869487,0.12692401254405108
6845,-0.08120352327823639,0.22059860825538635,1.1462854007879892,0.03575104150383303
6850,-0.0388140756636858,0.24779833257198333,1.2004221995671591,-0.014418032154131866
6855,0.029852921329438686,0.21570543050765992,1.244568940003713,-0.08192897934581755
6860,0.0736948348581791,0.2200845420360565,1.2472506841023763,-0.12690711244958283
6865,0.06919614970684052,0.22802135348320007,1.3086707830429076,-0.12839340527851595
6870,-0.02884295452386141,0.18559480011463164,1.264079256852468,-0.023157872790041188
6875,0.03804774209856987,0.2086195319890976,1.335960328578949,-0.09456040789577413
6880,-0.07504602968692779,0.27741485834121704,1.4142370780309041,0.014393423516001893
6885,0.001541772353812121,0.2709882199764252,1.3490500569343566,-0.060967984173191506
6890,-0.010812482424080372,0.2135501027107239,1.2453607122103374,-0.0385004630903904
6895,-0.001716980617493391,0.2595613181591034,1.2632296442985536,-0.05186018585022918
6900,0.03262854553759098,0.25565295219421386,1.2679125944773355,-0.0903090523719496
6905,-0.06922405511140824,0.17782624661922455,1.135730157295863,0.02577485357383053
6910,-0.08957163542509079,0.1569375842809677,1.1521837989489236,0.04633595201776627
6915,-0.14179881513118744,0.18941650390625,0.9964058637619019,0.10319260926977464
6920,-0.07316689938306808,0.24877357184886933,1.1614941318829854,0.024044016612467883
6925,-0.11346465796232223,0.27198090553283694,1.2168182094891866,0.059506193548465036
6930,-0.0832330271601677,0.17213113605976105,1.0244568467140198,0.045322519271219455
6935,0.046669626235961915,0.1893301248550415,1.100370673338572,-0.09068746568028878
6940,0.02527744211256504,0.17901289761066436,1.0628052274386088,-0.06710227882316377
6945,-0.02473650723695755,0.22548728287220002,1.1508211414019267,-0.022150055403576608
6950,0.081245256960392,0.18007501363754272,1.0719023823738099,-0.12496078008048411
6955,0.07666530609130859,0.1808829128742218,1.3549573183059693,-0.1342681303276669
6960,0.1097390279173851,0.2249368757009506,1.3497643272082012,-0.16761520106525346
6965,0.09454374313354492,0.19725342094898224,1.2259096503257751,-0.14522990656621204
6970,-0.02466786466538906,0.1612332671880722,1.2022641142209372,-0.0197992430126171
6975,0.1706253170967102,0.31238229274749757,1.2954124371210733,-0.2350621632955471
6980,-0.008426427445374429,0.18041179776191713,1.1875628113746644,-0.03562305870008655
6985,-0.057253587245941165,0.1863142192363739,1.257022253672282,0.005453307314217244
6990,0.06926613077521324,0.264655601978302,1.3177156766255698,-0.13526684812096143
6995,-0.21408061385154725,0.24717209339141846,1.1822318772474925,0.16217283285827996
7000,-0.16709645986557006,0.1937245398759842,1.0157225648562114,0.12724543717656092
7005,-0.16059827506542207,0.18173873722553252,0.976941978931427,0.12351794918844151
7010,-0.13835698664188384,0.1565764516592026,1.0466937045256297,0.09646325696170538
7015,0.01302155046723783,0.20155800879001617,1.0562830984592437,-0.05813396954059794
7020,-0.06891898810863495,0.1599021941423416,1.025196619828542,0.030765926524720055
7025,-0.09585746824741363,0.1947770893573761,1.0519517302513122,0.053003987714372695
7030,-0.09315925687551499,0.20522004663944243,1.0622562229633332,0.0479928729731179
7035,-0.030032115802168847,0.16950176060199737,1.0022946397463481,-0.011499746438595129
7040,0.0032431953819468617,0.1581532835960388,1.06376740137736,-0.044315305356597876
7045,-0.06192217394709587,0.17518092691898346,1.064219582080841,0.024154408009711845
7050,-0.08902203291654587,0.206355082988739,1.0825950582822164,0.0457260641747911
7055,-0.15860886871814728,0.16794090270996093,1.0958852767944336,0.11713138527722142
7060,-0.016995575575856493,0.2001812517642975,1.211526079972585,-0.03775283214769677
7065,0.06304919496178626,0.22531377971172334,1.0813951730728149,-0.10827056859886929
7070,0.003669211651140358,0.18314188122749328,1.1428468942642211,-0.046937471871014
7075,0.08170726597309112,0.23759711384773255,1.1616542994976045,-0.12934500841905125
7080,0.020482821762561797,0.2212524712085724,1.1765046437581381,-0.06628651802790535
7085,-0.0372307937592268,0.24285309314727782,1.08469877243042,-0.007628463868201627
7090,-0.037491143122315405,0.22114280760288238,1.1257761279741922,-0.010980204434326528
7095,-0.007064327085390687,0.2735797047615051,1.210365617275238,-0.04465932600365908
7100,-0.21068691611289977,0.16545342206954955,1.0026773353417715,0.17197769852220343
7105,-0.11042419821023941,0.21430087983608245,1.0221017976601918,0.07133769868342327
7110,-0.13376219272613527,0.1645114839076996,0.9515247027079264,0.09859683051496115
7115,-0.07166034877300262,0.15540323555469512,1.0533834536870321,0.03138945507484038
7120,-0.1488349199295044,0.21948905885219575,1.1249909361203512,0.10267187240117026
7125,-0.19612693786621094,0.14621980786323546,0.9847991824150085,0.15852979565314554
7130,-0.22004797756671907,0.16342181861400604,1.0295352717240651,0.17584668926550612
7135,-0.2166626513004303,0.1465766340494156,0.8779046932856241,0.18416738148677536
7140,-0.22462666034698486,0.126905158162117,0.8579981446266174,0.1926358572028333
7145,-0.16846826374530793,0.13151562511920928,0.8319652418295542,0.13825685822054115
7150,-0.17541494369506835,0.1368000328540802,0.9788941264152526,0.1404572730806469
7155,-0.11751547157764435,0.22861045002937316,1.05884397427241,0.0725637905225831
7160,-0.17598567008972169,0.16275714039802552,0.8028627872467041,0.1454328965719529
7165,-0.12837628424167633,0.14038688838481903,0.9237855593363444,0.0955471739703529
7170,-0.060094054043293,0.1652825266122818,1.0003718654314677,0.021923868018770127
7175,-0.06977221891283988,0.1742226004600525,1.0169129232565561,0.030085466419924302
7180,-0.03338751383125782,0.15122177600860595,1.1013212998708088,-0.00930534675160322
7185,-0.02206244636327028,0.19909588992595673,1.1552758932113647,-0.02460263171140638
7190,-0.02887963056564331,0.1711615264415741,1.2498577952384948,-0.018564306686781953
7195,0.08330732733011245,0.271377170085907,1.1603010574976602,-0.1330727437739262
7200,0.11062176376581193,0.16669897735118866,1.2073745727539062,-0.16346689104376327
7205,0.12589197605848312,0.20836313664913178,1.3566820939381918,-0.18515917236902427
7210,0.026281866244971752,0.2018258273601532,1.303719194730123,-0.07848525936094047
7215,-0.038630762696266176,0.15121293663978577,1.2135751008987428,-0.007891595048414706
7220,-0.005866076494567096,0.1967240571975708,1.241629719734192,-0.045819361353490726
7225,-0.0017894229386001825,0.20488656759262086,1.2800857782363892,-0.05716135325395361
7230,-0.030542978271842002,0.14037251174449922,1.1792261640230814,-0.013222180978809882
7235,0.03149976693093777,0.16770781874656676,1.246420927842458,-0.07960659175826422
7240,0.06493644788861275,0.1894291490316391,1.360245903333028,-0.1191047455500579
7245,0.004110731300897896,0.15680806636810302,1.2713996648788453,-0.05437750595323669
7250,-0.02353109437972307,0.2250817596912384,1.3413654486338298,-0.030473197407285903
7255,0.015748133324086665,0.20015905797481537,1.302805749575297,-0.06885729906326855
7260,0.09913741648197175,0.23694683313369752,1.3704614639282227,-0.15539356955319675
7265,0.1029970183968544,0.23742677867412568,1.4904423236846924,-0.16235188901330286
7270,0.13752481639385222,0.17003288567066194,1.4337125500043233,-0.19350853946046614
7275,0.17646355032920838,0.3063841760158539,1.45323938926061,-0.2451819322044741
7280,0.023012161999940873,0.20471937954425812,1.369178831577301,-0.07696922218122985
7285,-0.05124305561184883,0.17881180047988893,1.4484184702237448,-0.0042583979771840235
7290,-0.01584746679291129,0.20655649602413179,1.350547202428182,-0.03883969038256449
7295,0.08724200576543809,0.2103021502494812,1.3519400755564372,-0.14376071944539912
7300,-0.012238633166998625,0.16235254406929017,1.3688440402348836,-0.039018913805197834
7305,0.08577877432107925,0.1805800288915634,1.259663987159729,-0.13475281257484092
7310,0.065997926145792,0.22772563397884368,1.3314347902933756,-0.11904025040176944
7315,0.10388454347848892,0.2138486385345459,1.4382290164629619,-0.1647783822214009
7320,0.05633914992213249,0.18917101323604585,1.5148759126663207,-0.11389474844717827
7325,0.10186633914709091,0.23781206011772155,1.5744770367940266,-0.17160230138498328
7330,0.20905105471611024,0.31134712100028994,1.6024378856023154,-0.27931497804310995
7335,0.037180397659540176,0.20247541964054108,1.4581961115201314,-0.09963979530436007
7340,0.1871138483285904,0.35828849077224734,1.6301026940345764,-0.2588789172898698
7345,0.05030152499675751,0.20581165850162506,1.4487640738487244,-0.11005987461611297
7350,0.14030157178640365,0.27338131666183474,1.6884272257486979,-0.21473977998223667
7355,0.001778169395402074,0.39185758829116824,1.6696306387583415,-0.0766736306006747
7360,0.12201888859272003,0.2777845740318298,1.509526507059733,-0.1862231340287481
7365,-0.049453090876340866,0.26994278430938723,1.4721873641014098,-0.010281018692707417
7370,0.0769205629825592,0.3026405215263367,1.437451418240865,-0.13778157222935042
7375,0.07301953807473183,0.2563104808330536,1.5914023280143739,-0.1375172997325395
7380,0.023664115555584432,0.21370747089385986,1.5335273345311482,-0.08265369781579411
7385,0.27503107488155365,0.3739998936653137,1.5953010400136312,-0.358546296364516
7390,0.0187145042422344,0.25486979484558103,1.5586386720339458,-0.08621397328629106
7395,-0.11819202452898026,0.2677243769168854,1.5676140030225119,0.0494380394013204
7400,-0.1980193316936493,0.22090834975242615,1.3518628438313802,0.14659237228479088
7405,-0.005909256404265761,0.2559312641620636,1.3030556519826253,-0.05212209801637984
7410,-0.21927984058856964,0.16508893370628358,1.1928371806939444,0.17242689375257997
7415,-0.2621461361646652,0.29958526492118837,1.1579894860585531,0.20926947491310918
7420,-0.23679759800434114,0.15249879658222198,1.0393024245897928,0.19957482148428887
7425,-0.23788406252861022,0.21640003919601442,1.0596625844637553,0.196494265906432
7430,-0.2173161506652832,0.23164862692356109,1.133995242913564,0.1726782509446589
7435,-0.15069785416126252,0.1561584949493408,0.9865580022335052,0.11497894462874914
7440,-0.13766569495201111,0.18554154336452483,0.9663877348105113,0.10077882982769128
7445,-0.07901138961315154,0.22513798475265503,1.0202238361040752,0.03695585776847759
7450,-0.13818881213665007,0.169993594288826,1.051718783378601,0.09923671202028725
7455,-0.07534867227077484,0.14677980840206145,1.0374962786833446,0.03665428205895988
7460,-0.10031146556138992,0.1866764783859253,1.1179197470347086,0.054740197362265576
7465,-0.03123137541115284,0.26154104471206663,1.2419045488039653,-0.02049148664097496
7470,-0.058640468120574954,0.20081865787506104,1.0921503941218058,0.013744456786043902
7475,-0.05029951333999634,0.15787526071071625,1.0347207009792327,0.01191303835891022
7480,-0.14073295295238494,0.19380320608615875,1.070195241769155,0.09992478244637334
7485,-0.051988040655851366,0.19761345088481902,1.0575973649819692,0.010270452253069148
7490,-0.07097279503941537,0.20358825325965882,1.078051002820333,0.02687980780919609
7495,-0.1460508167743683,0.16963972747325898,1.0270250459512076,0.10824900562186035
7500,-0.13635848462581635,0.2236792266368866,1.0016676545143128,0.09829065225442267
7505,0.0034134297631680964,0.16274777352809905,1.1692532380421956,-0.049353721184685215
7510,-0.05090944543480873,0.17730274200439453,1.1279728968938192,0.0057874080601882675
7515,-0.02356170993298292,0.16791236400604248,1.119475144147873,-0.019819570727565898
7520,-0.17104243636131286,0.18231987655162812,1.0175285677115122,0.1333626315419981
7525,-0.13749264776706696,0.16861045062541963,0.9507205863793691,0.10035644624442627
7530,-0.16442524790763854,0.18542333245277404,0.807650911808014,0.13289339064698713
7535,-0.12899988144636154,0.1566317558288574,0.9039746324221293,0.09679799091656695
7540,-0.22172429859638215,0.14940854907035828,0.7597665667533875,0.1945149805689945
7545,-0.18055665791034697,0.1704860061407089,0.8537219007809956,0.14731210158224584
7550,-0.1769239217042923,0.172162327170372,0.8605253418286641,0.14439785975061314
7555,-0.13349717259407043,0.16614911556243897,0.8535308460394542,0.10098527163634254
7560,-0.1928251177072525,0.15924309492111205,0.8645502070585886,0.162029414742066
7565,-0.06476745679974556,0.16594354510307313,0.9780205349127452,0.02882891670087984
7570,-0.10438180863857269,0.14997634291648865,0.9119023243586223,0.07038687771423696
7575,-0.12220559120178223,0.16900478601455687,0.838042821486791,0.0912134496739647
7580,-0.057019452750682834,0.20945620834827422,0.9382646679878235,0.01745283010754535
7585,-0.11294040530920028,0.15954430997371674,0.7916763265927632,0.0842844077037091
7590,-0.04845127165317535,0.17573620676994323,0.8362623413403829,0.015142698761998039
7595,-0.02771320827305317,0.1738871544599533,0.9344106793403626,-0.0123750015043442
7600,-0.016353202611207963,0.14669706523418427,0.9434060792128245,-0.017625964196182915
7605,-0.06147172003984451,0.15136314630508424,0.932464998960495,0.026990551971242154
7610,-0.030809948593378066,0.1787090241909027,1.0300666590531666,-0.014023699001963966
7615,-0.15216875672340394,0.14646048843860626,0.9329368948936463,0.11853245720441938
7620,0.052763523906469344,0.184774911403656,1.0621953507264454,-0.09736798156825106
7625,-0.07296003326773644,0.24542610645294188,1.1502551674842834,0.02503295249148889
7630,-0.029480696469545365,0.2541471838951111,1.1221118887265524,-0.016977457064122018
7635,-0.029436727985739708,0.1509275257587433,1.0395551443099975,-0.01017621998637164
7640,-0.11233785301446915,0.22070905268192292,1.02543332974116,0.0625324244404034
7645,-0.0237575663253665,0.1433549255132675,1.0095475693543752,-0.015896195097678027
7650,-0.07766204625368119,0.1726778507232666,1.007065902153651,0.03996243527974038
7655,-0.10852012634277344,0.14614758193492888,0.9844377160072326,0.07130662252204918
7660,-0.07263094037771226,0.16205355823040007,1.165438218911489,0.026427758897244132
7665,-0.10029819458723069,0.20565171241760255,1.1852113842964171,0.05524154596880595
7670,-0.031562449783086775,0.17068112194538115,1.0667307198047637,-0.008539816979073219
7675,-0.021067781280726193,0.18451204597949983,1.0805699110031128,-0.025014527707612876
7680,-0.0013929979410022496,0.2205266088247299,1.0846448957920074,-0.04493976551897743
7685,-0.11566489338874816,0.15471221506595612,0.958162252108256,0.08001528230572742
7690,-0.25331575870513917,0.24964979588985442,1.0538762927055358,0.20883370055538145
7695,-0.06799360811710357,0.1757972091436386,0.9533481736977895,0.03206460871153603
7700,-0.06127489805221557,0.22185495495796204,0.9608131249745687,0.020289421538440378
7705,-0.1341087833046913,0.19016466438770294,1.0786098917325337,0.09351455361333572
7710,-0.03970973268151283,0.1557096689939499,1.1025422096252442,-0.0011510266517021212
7715,0.0720907635986805,0.18268119990825654,1.1751824339230856,-0.1197530853928257
7720,-0.003452702262438834,0.16805298030376434,1.2368729829788208,-0.04270550696847703
7725,-0.04522990062832832,0.18084317147731782,1.1869127313296,0.0008492944468416297
7730,-0.10809826552867889,0.3097277402877808,1.3269354224205017,0.055918833881594965
7735,0.08661696612834931,0.40638070106506347,1.4297616958618165,-0.15621230973238806
7740,0.016256423387676477,0.15568172335624694,1.1202517648537953,-0.05891188565178411
7745,0.08489148765802383,0.2266329914331436,1.2445768674214681,-0.13618208206868468
7750,0.038081588223576546,0.2796162128448486,1.2661696990331015,-0.09503005765397148
7755,-0.08055892884731293,0.15724304914474488,1.1036558787027995,0.03772942651766636
7760,-0.033484265208244324,0.21124743819236755,1.1757643898328145,-0.015077582255882585
7765,0.05098980888724327,0.20535274147987365,1.1946110725402832,-0.09954770954388108
7770,0.06358583122491837,0.1768161028623581,1.1819212992986043,-0.11079578214704479
7775,0.0602471299469471,0.2274022787809372,1.272196118036906,-0.10902912538897531
7780,-0.0816677063703537,0.2391896814107895,1.218589425086975,0.03220614429899069
7785,0.12858694642782212,0.24985387325286865,1.3458184679349263,-0.1846574132080546
7790,0.14378446638584136,0.19094111025333405,1.2914540330568949,-0.20018882997426612
7795,0.0318579439073801,0.16937279999256133,1.2395778934160868,-0.08050471256585616
7800,-0.16139254570007325,0.24167388677597046,1.2203070561091105,0.10989335729125113
7805,0.005844335851725191,0.20829840004444122,1.2258920590082805,-0.05658398250078809
7810,-0.08444355428218842,0.15981062948703767,1.170429031054179,0.04169536886842768
7815,-0.026550758816301822,0.20346738398075104,1.289234979947408,-0.025923337600164322
7820,0.014333753660321236,0.195673206448555,1.2107783238093057,-0.061725715228656095
7825,0.015776214469224215,0.1982858210802078,1.2313655495643616,-0.06368840910322073
7830,0.11615567207336426,0.2707024157047272,1.3968068798383078,-0.17921204299254168
7835,-0.022434350848197938,0.25891643166542055,1.243134586016337,-0.027484414422454903
7840,-0.1213090881705284,0.2070794552564621,1.2726939479509989,0.07284547594072865
7845,-0.13841529488563536,0.1510088711977005,1.1400617599487304,0.09793891867997745
7850,-0.19632379710674286,0.2611409902572632,1.1458501497904459,0.14870381672011906
7855,-0.09987070560455322,0.2285796284675598,1.1792414387067158,0.05079143171285231
7860,-0.18041703701019288,0.19458902776241302,1.1534773468971253,0.1356412301392522
7865,-0.06523444429039955,0.18111428916454314,1.1719722946484883,0.02115968792691873
7870,-0.07669884562492371,0.17328622341156005,1.0774733563264212,0.03420129178025927
7875,0.09934059083461762,0.1996612638235092,1.0681107918421426,-0.1468367945196796
7880,-0.11490890979766846,0.16152187585830688,1.2228887915611266,0.07137046843078654
7885,0.0007831540890038014,0.18130239248275756,1.1214770436286927,-0.04724918568321776
7890,-0.04932783022522926,0.304123193025589,1.3384864528973897,-0.005939481504888802
7895,-0.004947771760635078,0.2671224117279053,1.2380606055259704,-0.04890099995954557
7900,-0.09314498901367188,0.16636605858802794,1.231769871711731,0.04793044761111472
7905,-0.04440560787916183,0.16200926303863525,1.1730803887049357,0.0004178790018388544
7910,-0.03706007339060306,0.17613308131694794,1.1860376636187235,-0.009705309724056527
7915,-0.12541793882846833,0.21555451452732086,1.0747316539287568,0.08230227153995615
7920,-0.028188178315758705,0.18600209951400756,1.1040482838948569,-0.019527728881893806
7925,-0.13581492602825165,0.17463189661502837,1.063694715499878,0.0970444368272755
7930,-0.16428386867046357,0.16757694482803345,0.9597255965073903,0.13012539205860887
7935,-0.15185113549232482,0.1843261629343033,0.9944795429706573,0.11547889863977412
7940,-0.1806725025177002,0.16136922538280488,0.9445417404174805,0.14745098894670103
7945,-0.06555092483758926,0.23795779645442963,1.037466194232305,0.023314242956729264
7950,-0.1126987725496292,0.2132563203573227,1.1042107780774435,0.06890170001540889
7955,-0.11081794202327729,0.18970880210399627,0.9730341056982676,0.07018431342549895
7960,-0.11806854605674744,0.15983946621418,0.9761895954608917,0.08165529522274083
7965,-0.1055773451924324,0.230817773938179,0.9970052162806193,0.06402315821804197
7970,-0.19977643191814423,0.1633338749408722,0.9497174143791198,0.16614941166361183
7975,-0.22272403836250304,0.1676979660987854,0.9495797336101532,0.19037986728201348
7980,-0.20405823290348052,0.15612342953681946,0.9421639223893483,0.1689606866113865
7985,-0.19799519777297975,0.159377783536911,0.8477004150549571,0.1653712401861005
7990,-0.2183138221502304,0.16366352438926696,0.7918981432914733,0.1884795659491748
7995,-0.13829165399074556,0.15803997814655305,0.8661563158035278,0.10647671650480665
8000,-0.11176302880048752,0.16352089643478393,0.9491710921128591,0.0759460649629335
8005,-0.1368995189666748,0.16374857425689698,1.0151418586572012,0.09944147171951474
8010,-0.1422187864780426,0.1731165051460266,0.9566693007946014,0.10784829190159115
8015,-0.10793912559747695,0.1742547333240509,0.9148793280124664,0.07306448748178802
8020,-0.18960660099983215,0.15989530086517334,0.8521546920140585,0.15775991120178137
8025,-0.20099135041236876,0.17345463037490844,0.9533582925796509,0.1662002235602514
8030,-0.1396886497735977,0.17395715415477753,0.9154462575912475,0.10481668628636556
8035,-0.1166471928358078,0.165479576587677,0.9600630422433217,0.08163840594997938
8040,-0.1772873282432556,0.18463028073310853,0.9313578327496846,0.14235031853567834
8045,-0.12440477013587951,0.17674306333065032,0.9054481208324432,0.09123682116843197
8050,-0.1538705825805664,0.15394105315208434,0.8299404958883921,0.12283395039037763
8055,-0.18397635817527772,0.1804412603378296,0.8845615347226461,0.15193160924553728
8060,-0.04922217652201653,0.14639562070369722,0.8254913806915283,0.017545774771988168
8065,-0.04706040024757385,0.15190414786338807,0.909626676638921,0.012562406409852754
8070,-0.17381066381931304,0.19545866549015045,0.9024427533149719,0.14035221582855412
8075,0.032232585549354556,0.1623313993215561,0.9401740888754527,-0.0698904915002867
8080,0.060203084349632265,0.16045770049095154,1.0312465270360311,-0.09982169926522974
8085,-0.09777535051107407,0.1747680515050888,1.0586281597614289,0.05769474648067384
8090,0.06594448909163475,0.16174004971981049,0.9768045743306478,-0.10670766384774814
8095,0.08491221517324447,0.21027450561523436,0.9647258241971334,-0.1266485742743565
8100,0.07666375041007996,0.2225320130586624,0.9119147419929504,-0.11674708535484404
8105,-0.10312132239341736,0.1645060420036316,0.8261712272961934,0.07308919146735245
8110,-0.11747163832187653,0.15728532075881957,0.8580421805381775,0.08653514385796854
8115,-0.05862421616911888,0.1923880934715271,1.0107939461867015,0.02060077992270692
8120,-0.056967447698116305,0.16756419241428375,0.9901698569456736,0.0211630481849918
8125,-0.020946601778268813,0.17697976231575013,1.062689447402954,-0.021352989391309495
8130,-0.07891819924116135,0.1500760704278946,1.0499984999497731,0.04265180650816354
8135,-0.05700271725654602,0.1553491473197937,0.9433899283409118,0.022294242601103853
8140,-0.11510081887245179,0.19545723497867584,1.007928450902303,0.07397468606501484
8145,0.027360429614782335,0.14057548642158507,0.8833919088045756,-0.06080662307985165
8150,0.008899526705499738,0.17385786771774292,0.9469955643018086,-0.04703114447501725
8155,0.02848641723394394,0.14077729880809783,1.0001378893852233,-0.06475043870567063
8160,-0.07366602420806885,0.174220672249794,0.9349212725957234,0.039202490919429525
8165,0.01703243963420391,0.13962335586547853,0.9731947223345438,-0.052711314006902044
8170,0.09455234259366989,0.19978540539741516,1.0082255760828653,-0.13715381802485407
8175,-0.024239860847592352,0.17023037672042846,1.0601050496101379,-0.014123702083258095
8180,-0.048819593340158465,0.17406270802021026,1.0186141888300577,0.011284799900124539
8185,-0.025473078712821007,0.15988503098487855,0.9780953188737234,-0.01231347795660592
8190,-0.04595979824662209,0.153768453001976,0.871038003762563,0.013431193496893904
8195,-0.04108055680990219,0.16222287118434905,0.9209868590037028,0.00646532795413921
8200,-0.06894107162952423,0.1850119948387146,1.0224778135617574,0.02751068061277747
8205,0.007065261935349554,0.21123761534690857,1.0101107935110727,-0.05165775017556894
8210,-0.02611817717552185,0.19403656721115112,1.0213834842046101,-0.014073518707622931
8215,0.032552079483866694,0.19633521139621735,1.0397193988164266,-0.0761248461532785
8220,-0.050146563351154326,0.16779384016990662,0.8921964486440023,0.015365272623173248
8225,-0.15028861463069915,0.14847221076488495,0.926308258374532,0.11825026743154436
8230,-0.11774212718009949,0.16432720720767974,1.0028777440388998,0.0810533876334992
8235,-0.052770215272903445,0.16246665716171266,0.9927654127279918,0.017255764957962983
8240,-0.025752028822898863,0.170885306596756,1.0036207854747772,-0.012446177722684202
8245,-0.12016507387161254,0.15422685146331788,1.0232647677262625,0.08162972452768891
8250,0.022507094964385032,0.2029449462890625,1.0632831792036692,-0.06286875575412823
8255,0.03242845870554447,0.156669220328331,0.9261031885941823,-0.06769216875177386
8260,-0.06072862520813942,0.16635243594646454,0.9975014646848043,0.023795200383461
8265,-0.07332597225904465,0.17667292654514313,1.0312398513158163,0.03450536157149856
8270,-0.0289121612906456,0.14295789003372192,1.0516824801762898,-0.008354957875807615
8275,-0.05971819907426834,0.144942107796669,1.127113449573517,0.017919078737680335
8280,-0.017961863800883292,0.19258825480937958,1.168838628133138,-0.025010974190953553
8285,-0.0007064142264425755,0.13204118311405183,1.1661891102790833,-0.04055770609132888
8290,-0.07795860916376114,0.14728055894374847,1.1489144881566367,0.036994759460531185
8295,-0.003718656790442765,0.14220814406871796,1.0616804321606954,-0.03466047849399179
8300,-0.002621154545340687,0.14387879073619841,1.0730696638425192,-0.03515653157657307
8305,0.00560759607469663,0.13790537118911744,1.1640575687090555,-0.0458828096562181
8310,0.09360747635364533,0.20319731831550597,1.2406214316685995,-0.14329044772231578
8315,0.09267092049121857,0.18954457938671113,1.2263545592625935,-0.1406997428376751
8320,-0.11205646842718124,0.20239902138710023,1.13082488377889,0.07083693319681116
8325,-0.02933714836835861,0.21716172099113465,1.2757720748583476,-0.019999565044420783
8330,-0.041895969212055205,0.16142544150352478,1.1255667487780252,0.002322239570769136
8335,0.08092838078737259,0.18095909357070922,1.118005927403768,-0.12516811416660628
8340,-0.03887734040617943,0.18765498101711273,1.1570170680681864,-0.002527633084566602
8345,0.0042334763507824395,0.16132082641124726,1.2148102680842081,-0.04786382964239815
8350,-0.06025649309158325,0.2332073450088501,1.379617154598236,0.008297318522608267
8355,-0.03480003997683525,0.1436235398054123,1.2502852916717528,-0.008443734595446383
8360,-0.03666687570512295,0.21689751744270325,1.3162780006726582,-0.013875949757020544
8365,0.024213086813688278,0.16968728303909303,1.2396510124206543,-0.0696826669027458
8370,0.016123035084456207,0.2008766770362854,1.229188601175944,-0.06403525775638307
8375,-0.06968569234013558,0.16468444764614104,1.3338368813196817,0.02105523539473954
8380,-0.10289188325405121,0.19924193024635314,1.1435350159804025,0.060525077306311854
8385,-0.04750210270285606,0.15761128067970276,1.0993355830510458,0.0064082219027171055
8390,-0.069056785851717,0.1835637629032135,1.1558393041292827,0.02634956160598327
8395,-0.14620575904846192,0.16864752769470215,1.1994263728459675,0.1029700360558992
8400,-0.07390951514244079,0.15760459005832672,1.112213877836863,0.036349204982807616
8405,-0.021443866565823554,0.18269155025482178,1.1541310906410218,-0.020072314197959525
8410,-0.023123855516314507,0.22382448017597198,1.1318498492240905,-0.02044994904816167
8415,0.006359743000939488,0.2115727663040161,1.2777887026468913,-0.058972185846056714
8420,-0.03716905005276203,0.2452131539583206,1.309380257129669,-0.01293981607648586
8425,-0.06420154720544816,0.15569382905960083,1.191687806447347,0.023165409344743558
8430,-0.11762768924236297,0.14678492546081542,1.160010317961375,0.07718783466119973
8435,-0.10427467077970505,0.1976784348487854,1.1804469247659048,0.058839376271249494
8440,-0.15866462886333466,0.169895675778389,1.121929895877838,0.11805884163735922
8445,-0.10190072357654571,0.19543918669223787,1.0985082427660624,0.06170744639140203
8450,-0.08115938454866409,0.16773748993873597,1.1357146898905437,0.04215913176839958
8455,-0.09507307112216949,0.1690618097782135,1.0473721385002137,0.05795613636594042
8460,-0.07890064418315887,0.18786283433437348,1.1433995842933655,0.035712021040215695
8465,-0.11784753799438477,0.20335682332515717,1.1489127079645793,0.07674202498843659
8470,-0.10959380269050598,0.18566788733005524,1.1014775772889456,0.06917970387217307
8475,-0.08989909142255784,0.16272730231285096,1.07834495306015,0.05044158228796634
8480,-0.18087330162525178,0.1971530318260193,1.0954203267892202,0.14139562137373035
8485,-0.11360988169908523,0.15005705058574675,1.0215383807818095,0.07847605238829213
8490,-0.1453898310661316,0.15439714193344117,1.068641056617101,0.10958909911449367
8495,-0.12784114331007004,0.16195859014987946,1.0529503921667736,0.09031072090648497
8500,-0.06430379301309586,0.17583870887756348,1.1605350097020468,0.02312291421126821
8505,0.009432410821318626,0.18448033034801484,1.2208472688992817,-0.055001748947610236
8510,-0.009702429873868823,0.24697498679161073,1.2966112772623697,-0.043756561764454666
8515,-0.05410882756114006,0.1719503551721573,1.1821871519088745,0.012329191675326442
8520,0.043005131930112836,0.18821555376052856,1.099657920996348,-0.08608927290643777
8525,-0.09146916419267655,0.14188799858093262,1.1229002972443898,0.05345836138556568
8530,-0.057436595857143405,0.17066665589809418,1.1019075413544972,0.01739205941010062
8535,-0.03621259517967701,0.16134064197540282,1.058865741888682,-0.002821751375881047
8540,-0.009965915326029062,0.133832585811615,1.1058404664198558,-0.028016752684846713
8545,-0.07403799891471863,0.1490536391735077,1.118957515557607,0.03637443013242908
8550,-0.04792182669043541,0.20081087052822114,1.1907024304072062,0.002834598806130168
8555,-0.06355711072683334,0.22136735320091247,1.216314935684204,0.015200882983360243
8560,-0.006440796493552625,0.18885819613933563,1.1127468963464102,-0.035380301138781343
8565,-0.07649529427289962,0.19345961213111879,1.0703018486499787,0.03714712819524242
8570,-0.010985360993072391,0.17344600558280945,1.1385505557060243,-0.031365121443201145
8575,-0.03265629410743713,0.13577440679073333,1.0718603074550628,-0.003537776838728323
8580,0.021928482875227927,0.20610944628715516,1.0866122762362163,-0.06352848983860557
8585,-0.030677120387554168,0.15012491643428802,1.0483267803986867,-0.006820079835034716
8590,0.09480207562446594,0.18992681801319122,1.1037404457728068,-0.13559995742120148
8595,-0.033443846926093104,0.19313339591026307,1.1352221012115478,-0.010196233307994473
8600,0.008553973818197846,0.1793622523546219,1.0581703106562297,-0.04808502429030063
8605,-0.057492078840732576,0.1739129900932312,1.0460399270057679,0.01804251242157866
8610,-0.001305218180641532,0.19719583094120025,1.1473924120267232,-0.040235447139126974
8615,-0.008670051372610033,0.1602682501077652,1.0119518478711447,-0.028355766132939886
8620,-0.01582613177597523,0.1299830287694931,1.104051915804545,-0.021570988339942133
8625,-0.12031768709421158,0.17878105044364928,1.1459811925888062,0.08096963513554384
8630,-0.02990790084004402,0.14538882672786713,1.1488910476366678,-0.01054573833708731
8635,-0.06077635809779167,0.13669878244400024,1.164925261338552,0.018298030750761352
