id,x,y
1,-37.81517,144.97476
2,-37.809081,144.96893
3,-37.815975,144.955905
4,-37.812084,144.967997
5,-37.817384,144.959217
6,-37.811978,144.962388
7,-37.812899,144.959886
8,-37.815196,144.96297
9,-37.815777,144.970508
10,-37.817779,144.955969
11,-37.814765,144.969286
12,-37.812653,144.956622
13,-37.815387,144.968815
14,-37.812934,144.952075
15,-37.815891,144.958861
16,-37.816209,144.961635
17,-37.810911,144.96269
18,-37.815992,144.961028
19,-37.819101,144.954229
20,-37.813175,144.952919
