episode,q_loss
1,0.0
2,235.96446010044642
3,835.8932582310268
4,836.7706473214286
5,821.905647277832
6,977.0356794084821
7,849.2434430803571
8,862.6653791155134
9,876.9841570172991
10,851.0285034179688
11,892.4558977399554
12,881.9471173967634
13,921.2303205217634
14,937.1700875418527
15,946.7350082397461
16,997.3078874860491
17,1092.389927455357
18,1114.374258858817
19,1083.9373081752233
20,1130.8975448608398
21,1371.637416294643
22,1360.0115530831474
23,1238.5658307756696
24,1248.03413609096
25,1213.6751708984375
26,1112.271981375558
27,1046.602294921875
28,968.5036010742188
29,1101.0519845145088
30,1270.2657012939453
31,1210.51904296875
32,1311.7644914899554
33,1369.5601893833705
34,1330.5814906529017
35,1343.2913360595703
36,1448.3398263113838
37,1401.5855538504463
38,1475.3841552734375
39,1627.7244175502233
40,1523.8798828125
41,1448.9279261997767
42,1591.801060267857
43,1652.2128208705358
44,1350.080322265625
45,1302.1178817749023
46,1157.241245814732
47,1130.0693184988838
48,1095.9700666155134
49,1324.8481619698662
50,1306.8649139404297
51,1292.0207781110491
52,1367.6999337332588
53,1296.0425066266741
54,1122.4815499441963
55,1303.3046569824219
56,1329.2906319754463
57,1422.7911551339287
58,1362.0244838169642
59,1469.4680001395088
60,1429.3075103759766
61,1640.5938720703125
62,1458.6379568917412
63,1600.5659005301338
64,1520.8228585379463
65,1618.942138671875
66,1564.0558035714287
67,1479.4076625279017
68,1357.59765625
69,1317.873046875
70,1328.9242858886719
71,1318.4892054966517
72,1495.4707554408483
73,1321.8463832310267
74,1355.6481061662946
75,1348.987319946289
76,1365.051304408482
77,1348.8710763113838
78,1491.1482631138392
79,1381.170863560268
80,1481.7263641357422
81,1684.8136683872767
82,1579.28759765625
83,1951.2517961774554
84,1874.2561732700892
85,1819.2581481933594
86,1745.2426060267858
87,1636.7416120256696
88,1282.7317940848213
89,1584.5688302176338
90,1503.4572143554688
91,1370.081752232143
92,1611.4401157924108
93,1565.3127615792412
94,1439.8281947544642
95,1489.9022674560547
96,1658.885777064732
97,1585.7068743024554
98,1550.7615443638392
99,1467.5659005301338
100,1417.4384765625
101,1546.2374790736608
102,1786.578159877232
103,2000.7450125558037
104,2032.2383684430804
105,1882.0583038330078
106,1833.9586181640625
107,1478.4719761439733
108,1962.1355154854912
109,1711.1323067801338
110,1779.9119110107422
111,1694.9234619140625
112,1869.997593470982
113,1556.105433872768
114,1576.9572579520088
115,1823.0340881347656
116,2196.073503766741
117,1905.60205078125
118,2025.7623116629463
119,1990.406529017857
120,1949.7467956542969
121,1752.1275285993304
122,1817.7172328404017
123,2060.0942731584823
124,1494.3584681919642
125,1475.1566772460938
126,1986.0635463169642
127,2266.9896937779017
128,2491.796648297991
129,2835.486990792411
130,3148.1649475097656
131,2318.6304059709823
132,2096.546125139509
133,2342.6195242745534
134,1763.6865408761162
135,1710.9820098876953
136,1708.072544642857
137,1920.18359375
138,1969.8239571707588
139,1974.3122384207588
140,1745.0581512451172
141,1575.7586495535713
142,1711.086948939732
143,1784.987060546875
144,1969.8517543247767
145,1979.9608612060547
146,1842.7064557756696
147,2006.5347900390625
148,1830.8864571707588
149,1659.8951067243304
150,1556.2472686767578
151,1735.4805733816963
152,1712.1852329799108
153,1801.4861711774554
154,2078.0450613839284
155,2049.8493041992188
156,2086.04483468192
157,2524.454171316964
158,2521.7046247209823
159,2192.4034249441966
160,2144.839630126953
161,1730.4020821707588
162,1824.5322091238838
163,2017.5951625279017
164,1939.0162179129463
165,1965.1690826416016
166,1735.0321393694196
167,1638.6542445591517
168,1797.349330357143
169,1819.0878034319196
170,1763.060043334961
171,1769.766392299107
172,1789.6005859375
173,2022.190952845982
174,2105.046700613839
175,2515.0816192626953
176,2186.163835797991
177,1981.627406529018
178,1932.690220424107
179,2060.177908761161
180,2035.1346282958984
181,2038.1319056919642
182,2016.236118861607
183,2303.5066964285716
184,2018.3971470424108
185,1955.144287109375
186,2112.9518694196427
187,2209.380057198661
188,1908.2274693080358
189,2494.146257672991
190,2707.7893829345703
191,2399.8056989397323
192,3109.755388532366
193,2527.5084054129466
194,1654.706019810268
195,1616.145263671875
196,1606.296840122768
197,2040.1652134486608
198,1856.3390590122767
199,1865.9742780412946
200,2011.213882446289
201,2028.7407924107142
202,2041.8890032087054
203,1959.2036655970983
204,2067.169451032366
205,2019.6005554199219
206,2141.154558454241
207,2176.4001988002233
208,2074.3893519810267
209,1786.6141183035713
210,2103.1971130371094
211,2234.4673897879466
212,1857.463902064732
213,1659.9829275948662
214,1706.843715122768
215,1581.6635131835938
216,1525.3050885881696
217,1501.7196044921875
218,1615.3328508649554
219,1714.670863560268
220,1917.2612762451172
221,1932.912109375
222,1998.2494245256696
223,1863.6948067801338
224,1938.764613560268
225,1721.1451873779297
226,1719.9266880580358
227,1714.5862513950892
228,1632.8394601004463
229,1741.6894356863838
230,1942.699951171875
231,2314.356201171875
232,2139.7559640066966
233,1972.6803327287946
234,2015.6701485770088
235,2366.1324615478516
236,1868.3013567243304
237,1922.7346888950892
238,1824.8389718191963
239,1789.1418980189733
240,1789.6061553955078
241,1867.8777727399554
242,2216.422380719866
243,2070.2662527901784
244,2334.0298374720983
245,2267.1358184814453
246,2373.7280622209823
247,2404.8367745535716
248,2278.384992327009
249,2238.029227120536
250,2411.228729248047
251,2138.2608642578125
252,2093.343087332589
253,2019.3986642020088
254,1876.0488804408483
255,1826.7846374511719
256,2017.9273507254463
257,1873.3156040736608
258,1814.7623988560267
259,2055.009207589286
260,1844.711196899414
261,1702.9503173828125
262,1411.6297607421875
263,1589.009765625
264,1450.936732700893
265,1636.0811614990234
266,1466.5753696986608
267,1624.8345598493304
268,1610.1114676339287
269,1895.0003836495537
270,2030.5677795410156
271,2668.24609375
272,2586.901436941964
273,2652.6146065848216
274,3114.2135184151784
275,2242.2462463378906
276,2134.488298688616
277,2389.5852573939733
278,2913.8421456473216
279,3328.048514229911
280,3475.8641052246094
281,3797.7160295758927
282,3316.7799769810267
283,2285.9818987165177
284,2519.2082170758927
285,2824.2320556640625
286,2262.8088030133927
287,2759.9169573102677
288,1820.246547154018
289,1769.669677734375
290,1701.2911224365234
291,1574.3932582310267
292,1647.2000383649554
293,1985.1653529575892
294,2215.2974155970983
295,2332.4759216308594
296,2281.409842354911
297,2628.023943219866
298,2607.1327776227677
299,2475.4429234095983
300,2409.990005493164
301,2640.361310686384
302,2655.690185546875
303,2426.216552734375
304,2568.54288155692
305,2180.1618041992188
306,1937.5673653738838
307,1807.0684988839287
308,2062.1304059709823
309,2163.6027483258927
310,2228.7869262695312
311,2100.6585867745534
312,3261.9052734375
313,2798.020333426339
314,2754.03604561942
315,2016.1950988769531
316,1888.1213553292412
317,1793.2432512555804
318,1715.6459089006696
319,1869.3801792689733
320,1776.5853881835938
321,2050.1752580915177
322,2024.0294363839287
323,1964.8958042689733
324,2141.1636788504466
325,2151.4566192626953
326,1983.1596854073662
327,2211.1737060546875
328,1938.8164585658483
329,2185.960431780134
330,1894.2551574707031
331,2024.5082310267858
332,1812.4255545479912
333,2212.682303292411
334,2184.4940883091517
335,2291.3755798339844
336,1948.3288051060267
337,2208.1282261439733
338,1711.744838169643
339,1509.3351876395088
340,1724.068344116211
341,1738.63134765625
342,1560.7933000837054
343,1771.63623046875
344,1685.7924630301338
345,1904.7921752929688
346,2197.61532156808
347,2248.8826206752233
348,2316.8876953125
349,2317.6409040178573
350,2196.369384765625
351,2212.093819754464
352,2252.768973214286
353,2800.652901785714
354,2601.355294363839
355,2811.2620239257812
356,2490.08447265625
357,2471.3121337890625
358,2530.756766183036
359,2351.2349155970983
360,2569.521209716797
361,2376.9116734095983
362,2356.2021484375
363,2202.321463448661
364,1857.9632219587054
365,1913.700927734375
366,2114.44580078125
367,2253.728829520089
368,3286.4057268415177
369,3167.259102957589
370,4061.4354248046875
371,2860.3863699776784
372,2048.7423967633927
373,1824.1085553850446
374,1657.192626953125
375,2036.5170288085938
376,2011.007847377232
377,1956.8453892299108
378,1903.439453125
379,2210.8895263671875
380,1836.8865356445312
381,1813.4894321986608
382,1882.709751674107
383,2048.728533063616
384,1912.9776088169642
385,2063.5016021728516
386,2327.2352120535716
387,2480.577479771205
388,1977.355747767857
389,2013.7815813337054
390,1625.6958312988281
391,1653.8445870535713
392,1719.4369855608259
393,1915.941162109375
394,2352.018729073661
395,2034.1712799072266
396,2636.6733049665177
397,2058.215070452009
398,2075.012137276786
399,2148.919172014509
400,2375.387405395508
401,2296.640625
402,2561.3848005022323
403,2568.513514927455
404,3219.6664690290177
405,3300.858428955078
406,2921.020577566964
407,2354.8976702008927
408,2381.9477887834823
409,1873.39111328125
410,1637.0252838134766
411,1823.1358816964287
412,2056.7083740234375
413,1863.0811593191963
414,3144.0263671875
415,2868.9098510742188
416,2681.0858154296875
417,3050.9592633928573
418,2729.4810791015625
419,1875.9068254743304
420,2075.2684936523438
421,1728.257533482143
422,1941.0098179408483
423,2035.6026262555804
424,2076.223789760045
425,2057.355499267578
426,2032.8622872488838
427,2154.837245396205
428,2413.903791155134
429,2011.0538853236608
430,1935.5891418457031
431,3097.398611886161
432,2388.689610072545
433,2761.4352678571427
434,2087.1923479352677
435,2314.314178466797
436,1939.5787876674108
437,1844.6061314174108
438,1729.4353550502233
439,1759.3016183035713
440,1703.5374603271484
441,1835.9281529017858
442,2264.292811802455
443,2211.9003557477677
444,2193.7096644810267
445,2028.6208038330078
446,2253.0884312220983
447,1990.1597202845983
448,1934.5648890904017
449,1708.3213936941963
450,1803.1761932373047
451,1769.7117919921875
452,1849.167445591518
453,1706.9119349888392
454,1773.2477155412946
455,2345.294387817383
456,2192.2762625558034
457,2844.4908621651784
458,2702.736502511161
459,2592.789324079241
460,2555.928253173828
461,1945.1934640066963
462,2201.4521833147323
463,1966.6065673828125
464,2054.7540457589284
465,2331.4130249023438
466,2230.7973284040177
467,1799.2314278738838
468,1914.2535051618304
469,1888.3894914899554
470,1896.4986114501953
471,1534.5971854073662
472,1991.5306047712054
473,2052.8150809151784
474,2195.68758719308
475,2475.472702026367
476,2623.200666155134
477,3053.6103515625
478,2809.576485770089
479,2600.1461181640625
480,2209.339874267578
481,2050.3460867745534
482,2047.6039341517858
483,2049.21688406808
484,2038.611363002232
485,2301.9277954101562
486,2284.14053780692
487,3489.0854143415177
488,2998.236171177455
489,4666.845458984375
490,3374.188018798828
491,4168.636509486607
492,3838.688546316964
493,3729.225272042411
494,2838.137852260045
495,3641.5675659179688
496,3527.992117745536
497,2706.425031389509
498,2725.9374651227677
499,2759.8806501116073
500,2468.6922607421875
501,2794.3212541852677
502,2704.2628348214284
503,2900.71923828125
504,2500.3570556640625
505,2077.2943267822266
506,1963.183558872768
507,1925.9253801618304
508,2040.5362723214287
509,1857.5279715401787
510,1926.647689819336
511,1940.2835693359375
512,2086.4262172154017
513,2095.700613839286
514,2509.228690011161
515,2829.4708251953125
516,3052.3382742745534
517,2899.949462890625
518,2969.6724679129466
519,2082.044991629464
520,1980.5704956054688
521,1686.096644810268
522,1650.5399693080358
523,1678.5069754464287
524,1592.9290248325892
525,1692.3565979003906
526,1607.6925223214287
527,1685.1295514787946
528,1751.7453090122767
529,1834.9725864955358
530,1581.5611419677734
531,1456.0095040457588
532,1528.00341796875
533,1495.4566650390625
534,1468.5034702845983
535,1861.0975646972656
536,2254.453770228795
537,2465.3528355189733
538,2420.5487234933034
539,2764.4799455915177
540,2448.7203826904297
541,2484.6986781529017
542,2353.4906703404017
543,2601.587576729911
544,2335.8959437779017
545,2391.3834533691406
546,1905.7060023716517
547,1710.5573556082588
548,1775.7939278738838
549,1822.1919991629463
550,1779.6842193603516
551,1801.668003627232
552,1854.774379185268
553,1666.0579833984375
554,1713.66845703125
555,1874.2357177734375
556,1738.6223318917412
557,1990.2831508091517
558,2077.9266183035716
559,2031.601771763393
560,2464.3036193847656
561,2256.398908342634
562,2418.0489676339284
563,1954.9389474051338
564,2414.985124860491
565,1950.495376586914
566,1840.563267299107
567,1979.1281040736608
568,1520.322474888393
569,1582.583775111607
570,1573.7796630859375
571,1791.537841796875
572,1657.4895717075892
573,1690.8344203404017
574,1649.544224330357
575,1937.0683288574219
576,2013.8294154575892
577,1728.7959681919642
578,2300.649169921875
579,2817.3961007254466
580,2689.52197265625
581,2270.656511579241
582,2433.993007114955
583,2758.1441824776784
584,2461.4227120535716
585,2376.897918701172
586,1960.793247767857
587,1958.99755859375
588,2160.0684988839284
589,1983.0314767020088
590,1911.2672576904297
591,1970.8119245256696
592,2043.4036167689733
593,1964.002406529018
594,1721.3316476004463
595,1786.9688720703125
596,1620.6526750837054
597,1828.2559988839287
598,1915.1871337890625
599,1794.6184779575892
600,1945.091567993164
601,1710.330287388393
602,1812.4889090401787
603,1671.8575788225446
604,1693.9178815569196
605,1719.6981964111328
606,1819.112513950893
607,1829.3816789899554
608,1926.6955043247767
609,1910.5171072823662
610,1766.6336212158203
611,1783.656005859375
612,1976.451939174107
613,2024.9578334263392
614,1959.9054129464287
615,1601.807861328125
616,1802.622314453125
617,1696.6272147042412
618,1754.0882917131696
619,1841.7596086774554
620,1852.5242156982422
621,1849.083984375
622,1839.5491768973213
623,1760.353306361607
624,1684.6123221261162
625,1736.4488983154297
626,1799.5095389229912
627,1891.2077811104912
628,2004.0694928850446
629,1674.2814767020088
630,1726.1230926513672
631,1644.4150565011162
632,1715.868617466518
633,1632.8933977399554
634,1732.4709995814733
635,1652.725357055664
636,1666.138916015625
637,1694.134730747768
638,1700.1492222377233
639,1894.2754429408483
640,1780.3320617675781
641,2057.1629638671875
642,1960.509521484375
643,2047.0381905691963
644,1863.7000906808037
645,2139.815155029297
646,1836.412841796875
647,1983.3695068359375
648,2262.462716238839
649,1696.4823521205358
650,1583.419174194336
651,1760.5882742745537
652,1647.4040004185267
653,1748.339146205357
654,1646.993373325893
655,1967.3206787109375
656,1786.9895542689733
657,1837.7539585658483
658,1797.3665597098213
659,1983.3465401785713
660,1914.2197875976562
661,1825.8187953404017
662,1856.216761997768
663,2124.7354561941966
664,2174.7181222098216
665,1970.6251068115234
666,2183.911359514509
667,1794.663120814732
668,1693.3724888392858
669,1916.3102852957588
670,1866.2513275146484
671,1681.4225376674108
672,1746.5284946986608
673,1633.4076974051338
674,1741.0621337890625
675,1683.4327697753906
676,1732.1346784319196
677,1761.724086216518
678,1436.2672119140625
679,1549.153285435268
680,1575.4266967773438
681,1413.246547154018
682,1789.2593645368304
683,1772.3420235770088
684,1771.2586146763392
685,2169.4400329589844
686,1816.7095424107142
687,1746.4597865513392
688,1708.9826834542412
689,1678.9036342075892
690,1838.605728149414
691,1761.9227992466517
692,1825.701206752232
693,1688.953125
694,1791.1843087332588
695,1614.6232452392578
696,1620.1751011439733
697,1634.8210972377233
698,1729.3018973214287
699,1756.5057547433037
700,1794.6091613769531
701,1943.0367431640625
702,2025.4532121930804
703,1922.492466517857
704,1863.093505859375
705,1914.7717590332031
706,1937.537318638393
707,1938.7774832589287
708,1748.0565185546875
709,1924.4803815569196
710,1850.9748992919922
711,1943.5661446707588
712,1889.772739955357
713,1897.5049002511162
714,1820.9676862444196
715,1812.8278350830078
716,1767.70068359375
717,1807.260219029018
718,1788.0572684151787
719,1851.444301060268
720,1597.3998718261719
721,1776.8679896763392
722,1783.8637869698662
723,1841.173828125
724,1735.333042689732
725,1613.1886901855469
726,1873.4693777901787
727,1989.1132986886162
728,2007.3967459542412
729,1686.0516706194196
730,1816.3504180908203
731,1761.7662353515625
732,1687.8828996930804
733,1656.8614153180804
734,1612.823521205357
735,1789.7918090820312
736,1951.3419189453125
737,2027.3287876674108
738,2224.23104422433
739,2462.4459054129466
740,2111.8270721435547
741,1981.707484654018
742,1786.7888357979912
743,2125.9888916015625
744,2057.1169782366073
745,1904.6795043945312
746,1718.0989815848213
747,1823.9619663783483
748,1431.538051060268
749,1569.119594029018
750,1436.0653991699219
751,1589.58837890625
752,1663.9476143973213
753,1497.473423549107
754,1662.861083984375
755,1698.4151763916016
756,1609.9921351841517
757,1594.556431361607
758,1696.10693359375
759,1791.4336809430804
760,1681.8481750488281
761,1561.5359584263392
762,1719.127197265625
763,1834.2762102399554
764,1763.2725481305804
765,1594.091079711914
766,1653.3815046037946
767,1556.027553013393
768,1555.4934779575892
769,1647.5972377232142
770,1475.8633422851562
771,1637.3868233816963
772,1533.4459751674108
773,1549.8119070870537
774,1489.6198207310267
775,1372.6318969726562
776,1333.151402064732
777,1460.1842389787946
778,1473.073521205357
779,1461.0731201171875
780,1510.9284210205078
781,1578.6638009207588
782,1496.3084891183037
783,1608.6246512276787
784,1798.2572021484375
785,1391.4823913574219
786,1417.5388881138392
787,1479.1424909319196
788,1504.62841796875
789,1585.3682861328125
790,1443.082015991211
791,1632.3641357421875
792,1395.9349539620537
793,1730.6688232421875
794,1597.9644775390625
795,1641.8192443847656
796,1490.9058837890625
797,1413.231654575893
798,1552.4859967912946
799,1460.967006138393
800,1510.111099243164
801,1478.1275111607142
802,1539.952915736607
803,1553.101109095982
804,1512.5780726841517
805,1523.0020751953125
806,1625.6057652064733
807,1489.1781529017858
808,1568.2692347935267
809,1367.2471400669642
810,1642.948486328125
811,1625.769984654018
812,1308.4893798828125
813,1332.9706159319196
814,1473.7845807756696
815,1305.262580871582
816,1603.6238490513392
817,1620.4830845424108
818,1761.3090122767858
819,1477.7643171037946
820,1476.038833618164
821,1547.611293247768
822,1569.2581612723213
823,1634.5668247767858
824,1442.3011997767858
825,1479.9297180175781
826,1487.482421875
827,1516.0678187779017
828,1460.7479596819196
829,1543.0333775111608
830,1700.1040344238281
831,1588.5338483537946
832,1455.239048549107
833,1752.9806954520088
834,1622.5089111328125
835,1382.1376647949219
836,1408.6337716238838
837,1463.2811802455358
838,1439.377894810268
839,1632.632533482143
840,1465.3764190673828
841,1437.4284493582588
842,1437.4313441685267
843,1198.6609584263392
844,1393.8857596261162
845,1585.087387084961
846,1340.593540736607
847,1524.1036028180804
848,1379.9298618861608
849,1432.983154296875
850,1268.022476196289
851,1362.5592564174108
852,1323.6268136160713
853,1288.3077566964287
854,1559.4881243024554
855,1397.3361053466797
856,1359.1754324776787
857,1421.8856898716517
858,1342.5000697544642
859,1295.3826468331474
860,1485.2290115356445
861,1374.8837367466517
862,1573.18359375
863,1291.3782784598213
864,1676.6951904296875
865,1483.615379333496
866,1492.8774588448662
867,1315.7232666015625
868,1378.8375767299108
869,1391.9141845703125
870,1381.917091369629
871,1284.5651332310267
872,1815.6345912388392
873,1606.7173549107142
874,1633.5549142020088
875,1533.1715393066406
876,1572.067626953125
877,1481.3187255859375
878,1500.1906563895088
879,1466.9555489676338
880,1489.9745178222656
881,1334.208984375
882,1356.590611049107
883,1500.8175223214287
884,1470.4403076171875
885,1385.946548461914
886,1386.4708077566963
887,1311.9816632952009
888,1265.3217599051338
889,1391.575474330357
890,1481.5335693359375
891,1555.0396292550224
892,1467.1506522042412
893,1543.5750558035713
894,1597.0172642299108
895,1465.794937133789
896,1536.4095982142858
897,1360.9500383649554
898,1216.3097882952009
899,1064.2289515904017
900,1130.2502822875977
901,998.3181413922991
902,1172.9980730329241
903,1163.7930559430804
904,1290.4841134207588
905,1582.8053436279297
906,1847.7843540736608
907,2438.041242327009
908,2290.338065011161
909,3189.880109514509
910,2322.672622680664
911,2184.733328683036
912,2582.584298270089
913,2509.1580636160716
914,2142.531232561384
915,1779.1539306640625
916,1842.4915248325892
917,1924.7403215680804
918,2014.4614432198662
919,1692.1936907087054
920,1727.9745025634766
921,1231.40629359654
922,1715.0646100725446
923,1665.0577043805804
924,1536.96533203125
925,1593.536376953125
926,1596.57421875
927,1540.7580740792412
928,1548.9320417131696
929,1697.1947719029017
930,1642.7985229492188
931,1575.6990443638392
932,2070.6084333147323
1,0.0
2,236.06239536830358
3,833.5723876953125
4,832.2722865513393
5,818.7280502319336
6,973.7516130719866
7,843.1758684430804
8,858.6123570033482
9,874.0315900530134
10,841.9085693359375
11,857.9911673409598
12,871.9654279436384
13,877.2437744140625
14,896.3110961914062
15,910.3650894165039
16,975.3614676339286
17,1065.0707310267858
18,1093.860142299107
19,1075.2676304408483
20,1137.9250030517578
21,1401.8743896484375
22,1408.814662388393
23,1262.385707310268
24,1250.2689906529017
25,1217.8537673950195
26,1133.144321986607
27,1070.53466796875
28,1033.2096383231026
29,1124.3657400948662
30,1309.4784851074219
31,1240.4702845982142
32,1343.5141427176338
33,1359.223432268415
34,1349.3393031529017
35,1336.585807800293
36,1408.6372767857142
37,1350.4683489118304
38,1420.8485630580358
39,1559.7328229631696
40,1442.9944458007812
41,1446.2886962890625
42,1491.36478969029
43,1581.7451695033483
44,1237.635951450893
45,1272.534294128418
46,1130.5257045200892
47,1196.7758963448662
48,1198.0817609514509
49,1528.5185023716517
50,1390.7265625
51,1362.2928989955358
52,1409.743408203125
53,1327.8951241629463
54,1127.596958705357
55,1342.2289123535156
56,1338.5638776506696
57,1453.8011823381696
58,1401.9517299107142
59,1473.7387520926338
60,1413.9884719848633
61,1591.8975306919642
62,1403.779575892857
63,1533.7330496651787
64,1457.2296491350446
65,1530.6519165039062
66,1541.9828055245537
67,1546.7801688058037
68,1450.3673095703125
69,1400.5975777762276
70,1482.0015106201172
71,1447.216587611607
72,1556.382603236607
73,1376.0672258649554
74,1415.048618861607
75,1310.7843017578125
76,1386.5801478794642
77,1390.7110944475446
78,1506.7137799944196
79,1403.9102434430804
80,1570.2430572509766
81,1669.6923653738838
82,1545.2198835100446
83,1908.7473842075892
84,1771.1175711495537
85,1515.921646118164
86,1339.741734095982
87,1341.769740513393
88,1346.8307582310267
89,1352.079302106585
90,1587.0579986572266
91,1446.0328543526787
92,1606.7557547433037
93,1500.5736607142858
94,1379.5549490792412
95,1420.1021118164062
96,1653.5925467354912
97,1454.698521205357
98,1531.063232421875
99,1423.8676583426338
100,1385.6593017578125
101,1494.52685546875
102,1753.8934849330358
103,1995.3078438895088
104,2015.3116629464287
105,1896.2046661376953
106,1884.0878034319196
107,1505.2710658482142
108,1870.6910051618304
109,1672.0994873046875
110,1587.771469116211
111,1576.4981515066963
112,1739.1104561941963
113,1441.322719029018
114,1525.3973911830358
115,1572.4567260742188
116,1865.6131243024554
117,1578.0118582589287
118,1741.021693638393
119,1625.31982421875
120,1634.1051025390625
121,1529.1174839564733
122,1621.6202218191963
123,1801.8966413225446
124,1507.6413748604912
125,1527.1658325195312
126,1608.9205671037946
127,1621.8177839006696
128,1702.5110386439733
129,2219.80712890625
130,2314.4246978759766
131,2061.799874441964
132,2150.3623395647323
133,2192.9653669084823
134,1745.1922433035713
135,1693.268783569336
136,1678.906773158482
137,1887.0075509207588
138,1844.8605085100446
139,1885.394775390625
140,1684.0289611816406
141,1486.6756940569196
142,1509.3692626953125
143,1637.1761474609375
144,1844.979771205357
145,1800.5356750488281
146,1722.302490234375
147,1854.3855503627233
148,1799.6260811941963
149,1868.3585902622767
150,1994.1225280761719
151,2364.465977260045
152,2337.4567522321427
153,2308.70458984375
154,2207.1674455915177
155,2015.7163848876953
156,1986.7113560267858
157,2079.330409458705
158,2363.360124860491
159,2386.76806640625
160,2038.4369354248047
161,1885.8338099888392
162,2144.25537109375
163,2763.2182094029017
164,2564.792323521205
165,2480.249755859375
166,2207.3830915178573
167,2186.834490094866
168,2492.127685546875
169,2266.3876604352677
170,2195.5911560058594
171,2204.972499302455
172,2151.859375
173,2381.9713309151784
174,2115.0552280970983
175,2510.4287719726562
176,2089.6226981026784
177,1861.8558872767858
178,1946.5215541294642
179,2100.446446010045
180,2188.6707611083984
181,2304.447283063616
182,1784.604213169643
183,1909.1543666294642
184,1675.9585832868304
185,1759.5214233398438
186,2007.1160539899554
187,2349.551286969866
188,2072.74747140067
189,2442.86026436942
190,2553.172866821289
191,2272.448503766741
192,2766.794451032366
193,2858.975760323661
194,2515.184814453125
195,2201.263168334961
196,2260.631504603795
197,2458.162440708705
198,2073.6191929408483
199,2069.2056012834823
200,1944.165298461914
201,1716.899867466518
202,1774.2262486049108
203,1798.9216482979912
204,2319.4552176339284
205,2221.620849609375
206,2330.038643973214
207,2273.493425641741
208,2334.2119140625
209,1841.104282924107
210,2403.7754974365234
211,2748.046875
212,2002.6872384207588
213,1961.0984933035713
214,1931.7114083426338
215,2064.4695434570312
216,2298.0008370535716
217,2390.9391741071427
218,2517.54452078683
219,2460.109636579241
220,2459.1498260498047
221,1869.96142578125
222,1917.19189453125
223,1714.5205252511162
224,1817.8450927734375
225,1629.4402465820312
226,1696.4740164620537
227,1753.2004568917412
228,1713.9774518694196
229,1893.5581577845983
230,2009.4181060791016
231,2322.8490862165177
232,2060.0043422154017
233,2102.1736886160716
234,2239.0804268973216
235,2245.8045654296875
236,2027.9669189453125
237,2150.4570661272323
238,2277.1681780133927
239,2131.599452427455
240,1860.5140228271484
241,2238.213797433036
242,2381.0416085379466
243,2175.979073660714
244,2494.0453752790177
245,2299.956008911133
246,2567.4752197265625
247,2339.1351318359375
248,2337.9809221540177
249,2323.5155726841517
250,2480.6932983398438
251,2317.714529854911
252,2285.79452078683
253,1921.2220284598213
254,1943.3448835100446
255,1816.0948181152344
256,2050.6579066685267
257,1848.4126848493304
258,1938.6256103515625
259,2097.2655029296875
260,1881.0303802490234
261,1674.4061628069196
262,1480.9659772600446
263,2372.905831473214
264,2080.2335902622767
265,3151.987823486328
266,2031.5095389229912
267,2722.3209402901784
268,2550.8900320870534
269,2646.073259626116
270,2583.6235961914062
271,2874.063546316964
272,2639.9833984375
273,2507.5665283203125
274,2177.137137276786
275,1716.7511138916016
276,1502.9609200613838
277,1589.9923793247767
278,1740.8055768694196
279,2123.113263811384
280,2244.580108642578
281,1901.6973528180804
282,1840.775913783482
283,1959.4840785435267
284,2546.3489292689733
285,3740.142791748047
286,2639.5377894810267
287,3613.676688058036
288,2105.586007254464
289,2017.433837890625
290,1802.648941040039
291,1759.5226353236608
292,1688.9778006417412
293,1738.8165806361608
294,2089.863263811384
295,1780.8161163330078
296,1783.341517857143
297,2132.911202566964
298,2242.9041922433034
299,1898.499790736607
300,1882.8808135986328
301,2317.6328125
302,2202.443097795759
303,2548.3175920758927
304,2911.7296316964284
305,2940.9938049316406
306,2220.723894391741
307,2096.3144182477677
308,1943.3835274832588
309,1976.4744873046875
310,2398.983612060547
311,2015.6743687220983
312,2616.9559500558034
313,2226.078194754464
314,2228.77099609375
315,1746.293701171875
316,1895.582972935268
317,2025.9195731026787
318,1862.5884835379463
319,1952.1449497767858
320,1923.8612518310547
321,1901.3321881975446
322,1873.6299700055804
323,1860.7935442243304
324,2356.033865792411
325,2430.8646240234375
326,2268.3850446428573
327,2432.064871651786
328,2322.550048828125
329,2283.354422433036
330,1920.0773468017578
331,2192.201346261161
332,2218.1212158203125
333,3136.9293387276784
334,3150.5012555803573
335,4171.468185424805
336,3561.0558035714284
337,4193.886648995535
338,2678.3347691127233
339,2134.123378208705
340,2165.9102172851562
341,1809.7531912667412
342,1704.643519810268
343,1818.9978550502233
344,1807.1531459263392
345,1857.857650756836
346,2003.3528529575892
347,2203.5098005022323
348,2618.227364676339
349,2905.7913992745534
350,2530.2342071533203
351,2198.3523472377233
352,2167.6847621372767
353,2067.729317801339
354,2106.4619663783483
355,2255.7362060546875
356,2178.284022739955
357,2454.126133510045
358,2519.5151715959823
359,2888.062343052455
360,2924.3440856933594
361,3083.5306570870534
362,2919.9372209821427
363,2742.2337820870534
364,1989.171840122768
365,1798.021469116211
366,1417.6732177734375
367,1774.4701974051338
368,1808.2695138113838
369,2277.110996791295
370,3090.580352783203
371,3086.0328194754466
372,2891.1529715401784
373,2867.502615792411
374,2432.3979840959823
375,2518.903839111328
376,2296.629865373884
377,2429.1140659877233
378,2314.811453683036
379,2781.267403738839
380,2411.7203063964844
381,2277.256905691964
382,2091.628976004464
383,1979.318603515625
384,2183.774257114955
385,2259.282730102539
386,2420.2228655133927
387,2938.5133231026784
388,2264.23055594308
389,2530.6264299665177
390,2346.077102661133
391,2206.0638427734375
392,1800.5902622767858
393,1718.8149937220983
394,1894.7712576729912
395,1868.6458740234375
396,2055.843331473214
397,2061.2809535435267
398,2001.8753138950892
399,2198.098161969866
400,2540.2843017578125
401,2287.27401297433
402,2780.30916922433
403,2668.140066964286
404,3491.732979910714
405,3430.8966674804688
406,3636.855887276786
407,2828.4172014508927
408,2909.657052176339
409,2553.7118094308034
410,2214.542190551758
411,2365.8796037946427
412,2442.89599609375
413,2144.0892159598216
414,2954.3195452008927
415,2435.3914947509766
416,2457.9920828683034
417,2593.1743687220983
418,2691.9282575334823
419,2312.1536167689733
420,2637.9156646728516
421,2309.3316650390625
422,2523.0045166015625
423,2653.9158761160716
424,2495.765311104911
425,2901.940460205078
426,3201.595947265625
427,2953.062813895089
428,3515.2133440290177
429,3746.2895856584823
430,3884.531768798828
431,4774.069754464285
432,3487.401925223214
433,3737.167724609375
434,2747.091971261161
435,2497.6115112304688
436,1987.3795863560267
437,1878.325474330357
438,2035.4960414341517
439,2454.9955531529017
440,3236.2542419433594
441,3775.3794991629466
442,3237.8764997209823
443,3465.6243024553573
444,2446.1173967633927
445,1935.8584899902344
446,2070.0996442522323
447,1842.5177350725446
448,1750.2246791294642
449,1993.227818080357
450,2108.3184509277344
451,2227.83797781808
452,2571.492117745536
453,2252.6399972098216
454,2378.630196707589
455,1901.1722106933594
456,1932.0259312220983
457,2143.0626395089284
458,1941.2134486607142
459,1785.5091727120537
460,2167.5958404541016
461,2158.85897391183
462,2598.072265625
463,2420.120535714286
464,2781.8972516741073
465,3526.1844177246094
466,3654.1496930803573
467,3385.9529157366073
468,3733.312726702009
469,3755.971017020089
470,2553.609405517578
471,2200.495588030134
472,2331.4761265345983
473,3010.1982770647323
474,3866.9311174665177
475,3237.3202362060547
476,3574.6274065290177
477,2615.9854561941966
478,2721.018816266741
479,1878.1393519810267
480,2268.2816162109375
481,2037.4201136997767
482,2010.8016357421875
483,1838.0068882533483
484,1814.820347377232
485,1875.701889038086
486,1676.6061314174108
487,1453.5017961774554
488,1641.1428048270088
489,1565.9686104910713
490,1588.7370147705078
491,1808.2884521484375
492,2065.5658830915177
493,2076.328194754464
494,1917.434291294643
495,2625.318115234375
496,2594.701154436384
497,2051.559587751116
498,2353.870779854911
499,2408.2615966796875
500,2695.69189453125
501,2937.48095703125
502,2872.777029854911
503,2660.0533272879466
504,2481.816423688616
505,1773.6848907470703
506,2001.034144810268
507,2092.8636474609375
508,2149.1618303571427
509,1963.1775425502233
510,1941.1173400878906
511,1856.986328125
512,1865.5769566127233
513,1613.7071184430804
514,1856.2489188058037
515,1819.6041412353516
516,2218.6216169084823
517,2102.3223005022323
518,2463.3736397879466
519,2503.2133265904017
520,2303.492431640625
521,1892.8282993861608
522,2068.4955705915177
523,2147.0858154296875
524,1807.6712995256696
525,1868.4651794433594
526,1756.2881731305804
527,1833.9240025111608
528,2128.815499441964
529,2215.9918212890625
530,1862.034439086914
531,1740.5164969308037
532,1940.8697858537946
533,1776.7115652901787
534,1747.5685511997767
535,1890.5710144042969
536,2260.138427734375
537,2308.9761090959823
538,2447.88720703125
539,3120.803484235491
540,2943.697967529297
541,3322.9281877790177
542,3088.9553571428573
543,3385.1067940848216
544,2725.737862723214
545,3440.292449951172
546,2318.452811104911
547,2095.764491489955
548,2055.4147426060267
549,2068.634835379464
550,1681.772689819336
551,1789.3876778738838
552,1638.9334542410713
553,1644.2332938058037
554,1635.522007533482
555,1691.733657836914
556,1829.2563650948662
557,2225.837716238839
558,2173.440761021205
559,2098.6169782366073
560,2174.5789489746094
561,2268.2644391741073
562,2768.9719761439733
563,2307.1490478515625
564,2628.0114397321427
565,2131.4353942871094
566,2378.8887765066966
567,1918.923095703125
568,1829.8221435546875
569,1715.8433489118304
570,1872.6325073242188
571,2252.711582728795
572,1951.3235735212054
573,1887.8396519252233
574,1924.0483224051338
575,1797.241958618164
576,1750.120361328125
577,1554.7866385323662
578,1657.7287772042412
579,1741.5483224051338
580,1997.9068298339844
581,1992.1621791294642
582,2071.621564592634
583,1969.4100864955358
584,1822.4990059988838
585,1961.2381591796875
586,1864.4485386439733
587,1924.234619140625
588,1824.2686941964287
589,1997.76611328125
590,1862.2397003173828
591,1431.0648367745537
592,1689.4525146484375
593,1809.3890555245537
594,1861.5496128627233
595,2029.8323211669922
596,1996.1734619140625
597,2710.311540876116
598,3058.776593889509
599,1908.0456019810267
600,2934.5578002929688
601,2205.791974748884
602,2215.0324358258927
603,2365.414481026786
604,2071.8276890345983
605,1885.7258605957031
606,1846.7239815848213
607,1458.376185825893
608,1764.6259591238838
609,1771.1453683035713
610,1608.1461944580078
611,1782.759033203125
612,1924.633021763393
613,1930.2446812220983
614,2067.85791015625
615,2026.5433349609375
616,1786.3392857142858
617,1831.7423270089287
618,2088.2417340959823
619,2052.9793875558034
620,2112.314727783203
621,1977.0745326450892
622,1833.8925955636162
623,1861.8549107142858
624,1825.394984654018
625,1587.6388549804688
626,1732.0174386160713
627,1888.25732421875
628,2099.557861328125
629,1613.3826381138392
630,1745.06640625
631,1645.8052280970983
632,1638.4986397879463
633,1395.2914167131696
634,1475.3569859095983
635,1328.8343505859375
636,1404.3905203683037
637,1477.1013881138392
638,1511.8703438895088
639,1912.0044991629463
640,2023.5297088623047
641,2157.1043526785716
642,2046.6650390625
643,2032.535923549107
644,1683.2066824776787
645,1605.9331665039062
646,1514.3461042131696
647,1439.0357142857142
648,1748.7525983537946
649,1655.0437186104912
650,1622.1349639892578
651,1609.613804408482
652,1697.5674874441963
653,1698.4320068359375
654,1544.4442487444196
655,2061.7227478027344
656,2284.1473563058034
657,2254.8078090122767
658,2488.6557268415177
659,2810.0222516741073
660,2828.161865234375
661,2745.3458077566966
662,3131.242013113839
663,4274.305559430803
664,4475.412214006697
665,3278.5399169921875
666,3230.5793108258927
667,2118.9189104352677
668,1685.8265904017858
669,1643.5321044921875
670,1281.8184661865234
671,1266.7164306640625
672,1389.7545427594866
673,1270.0794503348213
674,1200.017054966518
675,1317.9518203735352
676,1521.3939208984375
677,1749.9553745814733
678,1766.7979213169642
679,1749.4846888950892
680,1492.8382720947266
681,1326.3316476004463
682,1421.7770821707588
683,1437.5642961774554
684,1511.7133265904017
685,1668.1914978027344
686,1299.3838936941963
687,1374.6250871930804
688,1392.5394287109375
689,1355.9982735770088
690,1369.5160675048828
691,1441.1895054408483
692,1569.7607596261162
693,1517.6118861607142
694,1764.4910714285713
695,1567.311050415039
696,1791.7516392299108
697,1726.895542689732
698,1853.9209158761162
699,1653.0099051339287
700,1472.8223571777344
701,1421.1831752232142
702,1934.665736607143
703,2006.60595703125
704,2324.7563825334823
705,2796.7235107421875
706,3494.7196219308034
707,3196.7913992745534
708,2706.468104771205
709,3204.1172921316966
710,3104.8025512695312
711,3100.936837332589
712,2756.2717633928573
713,2791.1040562220983
714,2908.689610072545
715,3109.654571533203
716,3402.355643136161
717,2772.9264090401784
718,3338.1685616629466
719,3360.8291015625
720,2813.9014282226562
721,3036.7182268415177
722,2625.1231515066966
723,2437.7795061383927
724,2336.575840541295
725,1762.243423461914
726,1877.069370814732
727,2048.5969761439733
728,1928.269984654018
729,1668.3084716796875
730,1794.2765502929688
731,1743.6182163783483
732,1727.7693568638392
733,1680.688197544643
734,1606.6775599888392
735,1871.5958862304688
736,2044.097900390625
737,2008.127964564732
738,2177.2397984095983
739,2290.84619140625
740,2024.1692962646484
741,1774.6687709263392
742,1817.849574497768
743,1913.8012172154017
744,1815.6932896205358
745,1637.7139282226562
746,1501.9047328404017
747,1402.683384486607
748,1368.869140625
749,1567.1546805245537
750,1594.1725769042969
751,1636.1930106026787
752,1793.693882533482
753,1616.0413469587054
754,1684.6160714285713
755,1770.6474151611328
756,1732.1469203404017
757,1435.2974330357142
758,1482.6235177176338
759,1538.7751290457588
760,1451.734146118164
761,1337.8873291015625
762,1592.9668666294642
763,1786.5870710100446
764,1646.617919921875
765,1562.1045379638672
766,1628.499267578125
767,1453.9334716796875
768,1493.1316441127233
769,1588.9550955636162
770,1457.0941009521484
771,1596.7991420200892
772,1498.0783865792412
773,1457.5936104910713
774,1396.0314069475446
775,1308.1344299316406
776,1251.4888218470983
777,1504.6455950055804
778,1572.9887869698662
779,1632.9916120256696
780,1641.4994049072266
781,1530.6854945591517
782,1506.1263776506696
783,1722.7306954520088
784,1647.3917933872767
785,1533.8321380615234
786,1454.099365234375
787,1505.9285191127233
788,1387.4650181361608
789,1628.6323765345983
790,1425.9553833007812
791,1662.5928431919642
792,1528.439662388393
793,1814.4129115513392
794,1656.8213762555804
795,1628.0306396484375
796,1524.204380580357
797,1500.2210693359375
798,1444.9274379185267
799,1491.8871372767858
800,1522.2254333496094
801,1497.5766078404017
802,1553.8927001953125
803,1643.2278703962054
804,1478.27685546875
805,1534.6490173339844
806,1642.6893136160713
807,1545.8280552455358
808,1871.0008370535713
809,1612.7372174944196
810,1861.2070007324219
811,1734.5164097377233
812,1663.3164760044642
813,1321.3636300223213
814,1521.6334751674108
815,1381.5517120361328
816,1663.5936104910713
817,1721.3553292410713
818,1763.9973842075892
819,1516.1662074497767
820,1583.4631042480469
821,1468.9836600167412
822,1623.243687220982
823,1621.1870814732142
824,1460.8585553850446
825,1551.9158935546875
826,1565.7876499720983
827,1649.1760428292412
828,1554.9218924386162
829,1547.735142299107
830,1645.3166198730469
831,1496.7504010881696
832,1388.5665806361608
833,1555.4556361607142
834,1376.7724434988838
835,1326.6007385253906
836,1397.2273821149554
837,1549.571533203125
838,1420.2744140625
839,1624.0567278180804
840,1429.8968048095703
841,1478.8343244280134
842,1439.8761683872767
843,1299.1491176060267
844,1467.730991908482
845,1531.5599822998047
846,1331.992710658482
847,1432.3505336216517
848,1429.3520682198662
849,1300.4569614955358
850,1360.5004577636719
851,1614.147216796875
852,1262.5677926199776
853,1316.5509556361608
854,1584.9033726283483
855,1574.165786743164
856,1543.7038748604912
857,1502.3139125279017
858,1531.2626255580358
859,1421.90234375
860,1484.114517211914
861,1446.978271484375
862,1585.0512172154017
863,1551.719203404018
864,1733.5709926060267
865,1577.772201538086
866,1572.3283865792412
867,1423.5269077845983
868,1502.8789236886162
869,1617.8118896484375
870,1567.9345092773438
871,1455.627232142857
872,1735.9009312220983
873,1493.195033482143
874,1544.2453090122767
875,1434.6834564208984
876,1431.4858572823662
877,1620.0339878627233
878,1631.8470284598213
879,1554.6533203125
880,1587.960464477539
881,1493.7280796595983
882,1488.4669538225446
883,1641.4217006138392
884,1599.2885044642858
885,1555.2554321289062
886,1644.430385044643
887,1521.4901646205358
888,1304.4087611607142
889,1337.3153250558037
890,1354.7798614501953
891,1300.1510532924108
892,1305.7448032924108
893,1343.2188197544642
894,1528.5609828404017
895,1401.9573974609375
896,1678.2887137276787
897,1993.0079868861608
898,2428.8493303571427
899,1985.9210205078125
900,2546.9693145751953
901,2281.8180106026784
902,3055.3819754464284
903,2964.529052734375
904,2549.841570172991
905,1914.533706665039
906,2464.9599260602677
907,2018.5703299386162
908,1904.1610804966517
909,2101.674089704241
910,1750.2206115722656
911,1507.5134102957588
912,1538.0520542689733
913,1663.1436244419642
914,1538.17578125
915,1655.4798278808594
916,2042.2176513671875
917,1964.9579031808037
918,2323.27286202567
919,1865.46484375
920,2000.413833618164
921,1757.6162632533483
922,1797.1932547433037
923,1707.034946986607
924,1485.5581752232142
925,1574.8080596923828
926,1492.341552734375
927,1571.6295689174108
928,1576.7958984375
929,1728.8441685267858
930,1699.4338073730469
931,1738.5685163225446
932,1835.6158796037946
933,1839.2757219587054
934,1542.7796805245537
935,1579.8788146972656
936,1494.1651000976562
937,1475.8265729631696
938,1788.5519147600446
939,1532.791782924107
940,1765.915786743164
941,1742.4430977957588
942,2245.286307198661
943,1611.410191127232
944,1813.443638392857
945,1734.7652282714844
946,1755.9839041573662
947,1827.283656529018
948,1524.6913888113838
949,1460.6444614955358
950,1605.6808013916016
951,1533.6012660435267
952,1711.063267299107
953,1617.8967110770088
954,1821.8678501674108
955,1663.6010284423828
956,1513.7519356863838
957,1349.4171142578125
958,1364.1003941127233
959,1252.5745849609375
960,1415.3977355957031
961,1529.3668736049108
962,1686.0914132254463
963,1446.7146519252233
964,1869.731236049107
965,1746.459457397461
966,1781.1546630859375
967,1533.000523158482
968,1582.696742466518
969,1494.3109130859375
970,1649.121826171875
971,2076.0151890345983
972,1931.646693638393
973,2715.6015625
974,2488.7024972098216
975,2475.600296020508
976,1924.7602015904017
977,1925.6295166015625
978,1652.478306361607
979,1734.2096993582588
980,1618.7506866455078
981,1532.6366315569196
982,1573.2438441685267
983,1510.0193917410713
984,1960.731898716518
985,1769.2315979003906
986,1713.5789794921875
987,2046.1474434988838
988,2290.8066755022323
989,2072.4853166852677
990,2201.8411712646484
991,1792.4814976283483
992,2048.39444405692
993,1633.4859967912946
994,1372.3146100725446
995,1615.434799194336
996,1696.3399832589287
997,1612.021728515625
998,1905.06787109375
999,2158.282069614955
1000,1706.9335479736328
1001,1698.4851946149554
1002,1434.8607526506696
1003,1666.9067208426338
1004,1573.4366106305804
1005,1527.9818572998047
1006,1486.6004289899554
1007,1597.1197160993304
1008,1835.186767578125
1009,1765.132114955357
1010,1720.7540588378906
1011,1447.978515625
1012,1345.786411830357
1013,1595.5032958984375
1014,1835.2554234095983
1015,1584.8869018554688
1016,1426.2977207728795
1017,1863.5159214564733
1018,1815.8884974888392
1019,1632.2733503069196
1020,2008.1608123779297
1021,2012.5553152901787
1022,2693.8427734375
1023,2717.237130301339
1024,2361.9987269810267
1025,2356.5613708496094
1026,2313.030744280134
1027,1710.433872767857
1028,2042.0056326729912
1029,1468.0432826450892
1030,1356.6090240478516
1031,1368.2564958844866
1032,1695.691685267857
1033,1498.8842075892858
1034,1569.7620326450892
1035,1845.7147827148438
1036,2151.330322265625
1037,1815.0370396205358
1038,2278.344081333705
1039,2123.312726702009
1040,2433.5796813964844
1041,2124.284423828125
1042,2026.2815464564733
1043,1536.8384922572545
1044,1270.7406267438616
1045,1506.3560409545898
1046,1812.6534598214287
1047,1692.5008021763392
1048,1760.2838657924108
1049,1855.3394077845983
1050,1522.1994018554688
1051,1645.5269949776787
1052,1842.8762381417412
1053,1485.0097045898438
1054,1399.0143083844866
1055,1507.1927490234375
1056,1355.3320835658483
1057,1448.874799455915
1058,1813.091552734375
1059,1678.1736886160713
1060,1873.7938232421875
1061,1700.6485072544642
1062,1958.3139125279017
1063,2248.3760288783483
1064,2390.12313406808
1065,2205.465866088867
1066,2473.9609375
1067,1665.102329799107
1068,1640.9712088448662
1069,1476.3558349609375
1070,1828.4420928955078
1071,1492.7193429129463
1072,1708.8665945870537
1073,1474.0718819754463
1074,1432.2429024832588
1075,1159.6609725952148
1076,1108.5107160295759
1077,1231.640145438058
1078,1232.5445382254463
1079,1266.24609375
1080,1206.2775268554688
1081,1253.9931466238838
1082,1419.3937813895088
1083,1263.1909354073662
1084,1298.58935546875
1085,1380.5712127685547
1086,1268.5869838169642
1087,1196.3344203404017
1088,1063.242422921317
1089,1254.3213588169642
1090,1196.9705657958984
1091,1140.8964669363838
1092,1146.7696184430804
1093,1082.02783203125
1094,1227.0652553013392
1095,1165.3993759155273
1096,1230.615513392857
1097,1139.1801583426338
1098,1163.8157261439733
1099,1142.6072823660713
1100,1118.6284561157227
1101,1093.1134033203125
1102,1266.5788748604912
1103,1193.759974888393
1104,1155.7242518833705
1105,1241.2395095825195
1106,1134.8094395228795
1107,1112.5020490373884
1108,1158.2208251953125
1109,1141.779575892857
1110,1207.7579650878906
1111,1297.9676862444196
1112,1069.71635219029
1113,1039.5567452566963
1114,1282.4608764648438
1115,1343.7955169677734
1116,1211.2310093470983
1117,1335.7875104631696
1118,1371.9227120535713
1119,1290.7037004743304
1120,1146.786521911621
1121,1158.3108782087054
1122,1051.3365827287946
1123,1179.1959402901787
1124,1638.8920724051338
1125,1558.819595336914
1126,1979.285609654018
1127,1889.544642857143
1128,1919.6781005859375
1129,1714.911376953125
1130,1581.1736297607422
1131,1435.7951136997767
1132,1339.0156424386162
1133,1426.0426374162946
1134,1329.4837297712054
1135,1393.7729949951172
1136,1139.3525913783483
1137,1658.6561976841517
1138,1661.2432686941963
1139,1996.3473946707588
1140,2044.1885833740234
1141,2005.0723702566963
1142,2032.4054652622767
1143,1576.907435825893
1144,1458.7730364118304
1145,1352.0022583007812
1146,1234.6707153320312
1147,1244.3867013113838
1148,1213.2462681361608
1149,1152.4942888532366
1150,1079.4941711425781
1151,1209.9339250837054
1152,1238.02099609375
1153,1142.434047154018
1154,1261.5799211774554
1155,1473.1099090576172
1156,1408.5318429129463
1157,1526.2988455636162
1158,1643.7805873325892
1159,1721.9315011160713
1160,2165.2149810791016
1161,2041.8727155412946
1162,2125.0221644810267
1163,2080.797537667411
1164,2198.5525948660716
1165,2092.860565185547
1166,2203.1419677734375
1167,2225.334490094866
1168,2439.5046735491073
1169,1971.923374720982
1170,1829.8345031738281
1171,1200.1100551060267
1172,1306.9276820591517
1173,1346.065665108817
1174,1335.6554652622767
1175,1409.695556640625
1176,1646.1602085658483
1177,1633.6053466796875
1178,1439.6957833426338
1179,1338.071323939732
1180,1360.431037902832
1181,1181.0081699916295
1182,1184.1239536830358
1183,1252.2390834263392
1184,1127.5275704520088
1185,1159.135887145996
1186,1148.8959350585938
1187,1110.7405657087054
1188,1202.2738647460938
1189,1193.5725620814733
1190,1297.5902099609375
1191,1171.2894112723213
1192,1157.69673374721
1193,1209.2473318917412
1194,1076.5702601841517
1195,1089.197380065918
1196,1074.5190604073662
1197,1080.3637433733259
1198,1100.326381138393
1199,997.9215698242188
1200,1128.001220703125
1201,1036.050258091518
1202,1189.6687273297991
1203,1569.3075474330358
1204,1244.9118477957588
1205,1677.8983764648438
1206,1286.180916922433
1207,1111.7633579799108
1208,1211.9586007254463
1209,1008.1515415736607
1210,997.6800155639648
1211,999.2854091099331
1212,1070.9959455217634
1213,1009.2972760881696
1214,1178.15966796875
1215,1066.7541885375977
1216,1506.1529192243304
1217,1484.7069789341517
1218,1454.1846575055804
1219,1745.774169921875
1220,1546.3127746582031
1221,1180.9726039341517
1222,1009.7833775111607
1223,1286.413539341518
1224,1229.1123570033483
1225,1272.9144744873047
1226,1351.34619140625
1227,1004.355939592634
1228,966.265642438616
1229,1075.1124005998884
1230,1007.3860855102539
1231,1157.8018798828125
1232,1140.1954956054688
1233,1208.0462472098213
1234,1419.0269077845983
1235,1115.3917922973633
1236,1126.9894845145088
1237,1053.5978306361608
1238,1190.957275390625
1239,1142.096967424665
1240,1105.9728698730469
1241,1185.4409877232142
1242,1195.4151175362724
1243,1089.0248151506696
1244,1007.7897338867188
1245,934.3777236938477
1246,938.7613699776786
1247,829.4631086077009
1248,1004.8125523158482
1249,932.9568830217634
1250,918.2842636108398
1251,1108.077872140067
1252,917.4570661272321
1253,872.3150111607143
1254,1016.2057843889509
1255,1188.397689819336
1256,968.8937639508929
1257,958.2631051199777
1258,1014.3507603236607
1259,977.7018781389509
1260,1106.3912811279297
1261,1240.3117850167412
1262,1166.8978009905134
1263,1368.1270577566963
1264,1165.8778163364955
1265,1141.9785537719727
1266,1009.2944946289062
1267,1072.00053187779
1268,1100.1502511160713
1269,1110.1378696986608
1270,950.7694244384766
1271,764.6670619419643
1272,771.4260646275112
1273,967.3400181361607
1274,892.0315726143973
1275,932.792854309082
1276,1001.9673897879464
1277,929.8612932477679
1278,882.4307686941964
1279,928.7347063337054
1280,999.7681579589844
1281,990.8736921037946
1282,1037.5076729910713
1283,1086.9927019391741
1284,1051.5950578962054
1285,1026.624885559082
1286,931.5807233537946
1287,1044.08256312779
1288,1030.674307686942
1289,1286.845903669085
1290,1138.3536911010742
1291,1240.0311802455358
1292,1177.425083705357
1293,1116.2457275390625
1294,1144.5665719168526
1295,1175.24658203125
1296,1191.4795706612724
1297,1234.1356113978795
1298,1223.3971906389509
1299,1035.6970738002233
1300,1200.7172317504883
1301,1239.952392578125
1302,1099.3588692801338
1303,945.4754725864956
1304,1054.7787301199776
1305,1007.3928604125977
1306,937.5140642438616
1307,885.8212367466518
1308,870.2427542550223
1309,834.3569074358259
1310,805.1097030639648
1311,676.5736781529018
1312,893.5813773018973
1313,764.8667602539062
1314,837.8542044503348
1315,872.19873046875
1316,754.2561819893973
1317,697.1573922293527
1318,790.7739868164062
1319,670.1859174455915
1320,753.8509216308594
1321,755.231672014509
1322,841.2069527762277
1323,621.0655953543527
1324,671.1568167550223
1325,804.126708984375
1326,767.836181640625
1327,861.853986467634
1328,883.4087698800223
1329,885.8459734235491
1330,938.1588439941406
1331,980.4041748046875
1332,980.3457467215402
1333,1002.432878766741
1334,979.3616681780134
1335,842.3952331542969
1336,924.2491280691964
1337,813.7130780901227
1338,943.905779157366
1339,997.9505702427456
1340,921.6929397583008
1341,944.958966936384
1342,915.4608154296875
1343,916.2134486607143
1344,1061.6576625279017
1345,927.1392288208008
1346,807.523210797991
1347,1009.4627947126116
1348,972.1771937779018
1349,797.0477207728794
1350,909.2866744995117
1351,915.4402465820312
1352,847.8930140904018
1353,980.6061662946429
1354,734.3717302594866
1355,653.0995903015137
1356,708.9688895089286
1357,747.5054146902902
1358,696.1695120675223
1359,682.8865182059152
1360,594.532470703125
1361,677.8187037876675
1362,712.7894287109375
1363,731.5672171456473
1364,715.5431780133929
1365,717.3298110961914
1366,769.5686994280134
1367,854.0004272460938
1368,819.5277884347098
1369,763.6550554547991
1370,829.4245376586914
1371,887.6648908342634
1372,890.8408464704241
1373,812.5598493303571
1374,910.3281162806919
1375,1032.6412963867188
1376,1137.8021414620537
1377,1055.655072893415
1378,947.3194405691964
1379,990.941911969866
1380,917.1059188842773
1381,889.7656947544643
1382,963.305158342634
1383,967.1621180943081
1384,949.1883457728794
1385,886.691162109375
1386,974.5876726422991
1387,950.0894252232143
1388,987.5725184849331
1389,879.3979056222098
1390,924.2108154296875
1391,1101.5836879185267
1392,969.4433332170759
1393,813.4069911411831
1394,987.3801531110491
1395,929.4164428710938
1396,1139.0222865513392
1397,1019.9237147739956
1398,1215.0230800083705
1399,1216.6757289341517
1400,1154.8458938598633
1401,1330.1221400669642
1402,1236.5645577566963
1403,1145.699994768415
1404,1024.9722202845983
1405,1002.8820037841797
1406,928.1493094308036
1407,843.7036394391741
1408,934.7367030552456
1409,914.2257167271206
1410,780.0404510498047
1411,867.3113403320312
1412,915.4017944335938
1413,848.9667445591518
1414,900.4032331194196
1415,905.3848342895508
1416,939.5279889787946
1417,887.1963675362723
1418,963.3169032505581
1419,831.4818115234375
1420,917.3707580566406
1421,842.1659371512277
1422,931.8850882393973
1423,824.5266898018973
1424,843.192156110491
1425,864.5779113769531
1426,851.7335989815848
1427,973.8780604771206
1428,1010.255859375
1429,970.5524030412946
1430,953.8967666625977
1431,994.6278163364956
1432,959.2339826311384
1433,862.5364292689732
1434,862.6449148995536
1435,1012.3146438598633
1436,946.1499720982143
1437,871.683855329241
1438,770.7958461216518
1439,859.3125697544643
1440,739.0035018920898
1441,691.7420567103794
1442,653.8963012695312
1443,701.1207885742188
1444,711.4249965122768
1445,619.7611694335938
1446,649.554953438895
1447,606.9176984514509
1448,494.3519766671317
1449,490.2978951590402
1450,598.8732376098633
1451,644.4324122837612
1452,774.0347290039062
1453,744.4996599469866
1454,865.3888724190848
1455,912.0922241210938
1456,1045.5335257393974
1457,965.8961181640625
1458,756.5647408621652
1459,797.0962873186384
1460,858.1719055175781
1461,732.0443812779018
1462,852.869367327009
1463,872.8983590262277
1464,915.332257952009
1465,947.011604309082
1466,1106.4045235770088
1467,973.5274658203125
1468,972.6533987862723
1469,966.9970267159598
1470,867.961784362793
1471,909.86279296875
1472,847.0535539899554
1473,919.7401210239956
1474,911.2517002650669
1475,881.6244430541992
1476,919.1280779157366
1477,931.0653773716518
1478,966.908185686384
1479,856.0683942522321
1480,920.65087890625
1481,922.8058820452009
1482,1026.8578927176338
1483,766.9468732561384
1484,870.4959280831473
1485,899.4556579589844
1486,731.9376656668527
1487,862.949968610491
1488,1151.5353480747767
1489,1314.7714582170759
1490,1048.508544921875
1491,1238.9195992606026
1492,1136.43559047154
1493,1101.1522391183037
1494,915.16064453125
1495,1096.9289093017578
1496,1108.1283220563616
1497,1579.7157941545759
1498,1420.7562255859375
1499,1536.6080671037946
1500,1545.1068420410156
1501,1678.7626778738838
1502,1485.8945835658483
1503,1390.7636021205358
1504,1320.5232631138392
1505,1309.9690399169922
1506,1755.251708984375
1507,1535.0181710379463
1508,1601.521763392857
1509,1753.238071986607
1510,1288.607650756836
1511,1666.3012520926338
1512,1371.3497663225446
1513,1687.3091517857142
1514,1579.0271170479912
1515,1523.0612030029297
1516,1376.8490164620537
1517,1184.3524693080358
1518,1096.4988403320312
1519,923.8381870814732
1520,818.6727676391602
1521,613.2587411063058
1522,781.9779924665179
1523,720.0857369559152
1524,699.3507341657366
1525,709.6853179931641
1526,753.9631958007812
1527,656.3275582449777
1528,650.3942609514509
1529,716.5354963030134
1530,810.8386154174805
1531,785.258318219866
1532,733.7912859235491
1533,938.254167829241
1534,730.1199079241071
1535,796.6506652832031
1536,870.492170061384
1537,797.8177664620536
1538,762.1940830775669
1539,736.1227678571429
1540,687.6311264038086
1541,846.3110613141741
1542,918.6304146902902
1543,777.2424665178571
1544,716.0899047851562
1545,672.5868301391602
1546,748.690185546875
1547,638.5437360491071
1548,648.0325404575893
1549,617.942365373884
1550,631.3443450927734
1551,651.76711164202
1552,640.3341849190848
1553,720.2531215122768
1554,643.4994158063616
1555,669.6309204101562
1556,632.1984514508929
1557,642.5952235630581
1558,655.1713256835938
1559,804.6870640345982
1560,767.7127914428711
1561,728.0765642438616
1562,775.79638671875
1563,711.9078805106027
1564,638.032488141741
1565,657.2385635375977
1566,649.3951851981027
1567,567.9575064522879
1568,559.3091125488281
1569,599.874507359096
1570,613.6932716369629
1571,630.5850568498884
1572,669.1343906947544
1573,688.0193132672991
1574,919.5030866350446
1575,822.2545700073242
1576,777.0450177873884
1577,733.072004045759
1578,666.8596888950893
1579,768.4244995117188
1580,757.5700340270996
1581,814.1402500697544
1582,845.7529035295759
1583,836.9956665039062
1584,836.071306501116
1585,812.8822555541992
1586,745.2935791015625
1587,767.6894182477679
1588,689.3447178431919
1589,765.9045671735491
1590,784.9535064697266
1591,699.2579345703125
1592,678.1770717075893
1593,688.1031755719866
1594,880.2733939034598
1595,810.7505416870117
1596,859.841570172991
1597,741.258074079241
1598,808.4774867466518
1599,698.4036865234375
1600,868.362548828125
1601,840.039533342634
1602,873.6475219726562
1603,892.1630249023438
1604,1043.9615129743304
1605,955.5440216064453
1606,1130.49849155971
1607,1029.6060355050224
1608,1118.0057460239955
1609,1005.8414393833706
1610,888.3091201782227
1611,857.7826886858259
1612,790.2259521484375
1613,844.1040998186384
1614,736.1197073800223
1615,656.4527931213379
1616,681.2404174804688
1617,679.5706438337054
1618,769.9974452427456
1619,686.380859375
1620,797.2193603515625
1621,713.3698861258371
1622,700.5474461146763
1623,806.5091465541294
1624,625.9979596819196
1625,699.4169082641602
1626,630.2669416155134
1627,684.7696533203125
1628,767.303728376116
1629,716.4327130998884
1630,731.6199417114258
1631,743.3922991071429
1632,866.2516828264509
1633,804.9460885184152
1634,808.1218174525669
1635,705.0639266967773
1636,761.2265363420759
1637,684.3511701311384
1638,793.9645734514509
1639,682.4744349888393
1640,671.1274642944336
1641,760.8888811383929
1642,633.733158656529
1643,648.0186505998884
1644,648.4130336216518
1645,642.9948120117188
1646,565.623530796596
1647,670.0924508231027
1648,667.3697073800223
1649,728.8963274274554
1650,735.8394927978516
1651,900.5601981026786
1652,849.9742954799107
1653,1025.8008335658483
1654,783.0811941964286
1655,782.637077331543
1656,691.2118791852679
1657,732.1227504185268
1658,684.9857875279018
1659,778.4090140206473
1660,672.1939849853516
1661,580.58005632673
1662,630.1326381138393
1663,658.5548488071987
1664,659.1822596958706
1665,550.8565979003906
1666,534.0492466517857
1667,531.7381373814175
1668,523.9284537179129
1669,566.7467869349888
1670,648.1350746154785
1671,711.7440970284598
1672,732.7029506138393
1673,801.1374075753348
1674,832.3357282366071
1675,635.6583023071289
1676,579.7238856724331
1677,624.0228184291294
1678,560.6763044084821
1679,536.5946786063058
1680,571.3480682373047
1681,727.0022931780134
1682,661.1624101911273
1683,856.1556832449777
1684,872.2174857003348
1685,732.9380035400391
1686,656.6030840192523
1687,826.3404628208706
1688,719.2712925502232
1689,703.6490042550223
1690,673.2692260742188
1691,487.8911350795201
1692,438.6107875279018
1693,387.59510585239957
1694,447.46207101004467
1695,382.66085052490234
1696,369.5481175013951
1697,425.7682364327567
1698,433.9161464146205
1699,497.3665858677455
1700,477.3579444885254
1701,568.475603376116
1702,513.567648751395
1703,496.74808611188615
1704,485.1217607770647
1705,456.1366386413574
1706,476.7822047642299
1707,453.2050301688058
1708,511.47935703822543
1709,486.7030465262277
1710,471.2324333190918
1711,436.2983180454799
1712,555.1363786969866
1713,604.5749206542969
1714,551.2652195521763
1715,592.8214683532715
1716,580.6467546735491
1717,619.2392926897321
1718,584.8101109095982
1719,576.9565996442523
1720,569.5722122192383
1721,575.7598964146206
1722,539.9819902692523
1723,633.9437343052456
1724,636.7678571428571
1725,627.2929153442383
1726,571.0081133161273
1727,559.5671648297991
1728,527.6013793945312
1729,525.929909842355
1730,493.4271240234375
1731,570.4100428989956
1732,560.3639308384487
1733,550.6106785365513
1734,570.1317531040737
1735,568.5038299560547
1736,537.0348074776786
1737,479.8482971191406
1738,498.69592721121654
1739,520.0853707449777
1740,514.8999176025391
1741,490.35716029575894
1742,442.51016671316967
1743,542.4574148995536
1744,601.8029174804688
1745,542.0675086975098
1746,574.1958443777902
1747,561.2152579171317
1748,489.6606009347098
1749,519.7784075055804
1750,485.6393127441406
1751,555.1492658342634
1752,560.2506234305246
1753,517.6669616699219
1754,537.6793518066406
1755,502.1243553161621
1756,454.9522792271205
1757,455.64640154157365
1758,478.3736136300223
1759,455.28829520089283
1760,581.4857292175293
1761,458.64988926478793
1762,585.7391401018415
1763,690.5449741908482
1764,562.2643955775669
1765,593.9927368164062
1766,660.7226998465402
1767,740.2564348493304
1768,600.6966814313616
1769,721.1071166992188
1770,763.2848358154297
1771,823.4491489955357
1772,924.9170445033482
1773,826.688494001116
1774,720.2555541992188
1775,716.5372085571289
1776,764.9494018554688
1777,721.6897408621652
1778,591.5794764927456
1779,585.7757132393973
1780,567.4280090332031
1781,567.6165030343192
1782,619.3244367327009
1783,577.5970110212054
1784,582.5025939941406
1785,622.4880256652832
1786,699.6874564034598
1787,622.005859375
1788,575.5444248744419
1789,605.1974312918527
1790,558.2106399536133
1791,612.0383823939732
1792,491.66698782784596
1793,513.0947963169643
1794,552.4297310965402
1795,593.0108680725098
1796,512.0403660365513
1797,679.2308262416294
1798,708.7157418387277
1799,724.7113821847098
1800,795.2774772644043
1801,858.8287091936384
1802,803.1717965262277
1803,732.7709437779018
1804,705.8120465959821
1805,587.9810905456543
1806,586.6604788643973
1807,546.0049133300781
1808,442.3064531598772
1809,528.0536237444196
1810,562.885139465332
1811,622.4969438825335
1812,586.6915631975446
1813,626.1643938337054
1814,572.5937151227679
1815,535.502815246582
1816,502.4434378487723
1817,503.98185076032365
1818,481.8760724748884
1819,516.3408769880023
1820,474.7769012451172
1821,486.7052961077009
1822,461.5016784667969
1823,425.9463457380022
1824,430.8358459472656
1825,462.0149612426758
1826,431.57029942103793
1827,400.1393127441406
1828,485.94042532784596
1829,444.35640607561385
1830,572.0298156738281
1831,522.763667515346
1832,523.9349975585938
1833,492.2429678780692
1834,454.2164393833705
1835,404.42409896850586
1836,441.9796447753906
1837,497.5020490373884
1838,542.1620439801898
1839,519.9755205426898
1840,473.74552154541016
1841,540.6366489955357
1842,510.0956508091518
1843,508.7723083496094
1844,519.6324288504464
1845,523.2870559692383
1846,574.6074567522321
1847,514.3624180385044
1848,515.662863595145
1849,557.186771937779
1850,601.1500930786133
1851,534.34279523577
1852,489.3903503417969
1853,492.1789027622768
1854,400.13297380719865
1855,449.15546798706055
1856,541.7366638183594
1857,456.50388881138394
1858,442.4606454031808
1859,456.5642569405692
1860,492.98414611816406
1861,440.9795227050781
1862,424.75699288504467
1863,454.6463710239955
1864,457.89342825753346
1865,390.8239326477051
1866,488.8008815220424
1867,492.40614100864957
1868,536.313249860491
1869,477.26383318219865
1870,466.11914443969727
1871,489.6690455845424
1872,433.583984375
1873,437.9581386021205
1874,520.2028111049107
1875,507.3984489440918
1876,477.5547834123884
1877,468.0304434640067
1878,483.56641932896207
1879,541.5168195452009
1880,553.8527679443359
1881,517.9985918317523
1882,541.3711373465402
1883,550.7893327985491
1884,575.9533081054688
1885,507.17919921875
1886,487.2883605957031
1887,497.22701590401783
1888,493.3703395298549
1889,490.1438511439732
1890,524.813648223877
1891,468.3502938406808
1892,522.237527029855
1893,478.48060825892856
1894,451.367928641183
1895,475.17968368530273
1896,387.38094656808033
1897,445.8029131208147
1898,555.6780700683594
1899,556.3545270647321
1900,524.0364837646484
1901,617.4467511858259
1902,481.5185546875
1903,482.81156267438615
1904,485.1408909388951
1905,596.6425590515137
1906,461.07860892159596
1907,513.3709019252232
1908,591.2735028948102
1909,539.0565447126116
1910,465.4945411682129
1911,548.808576311384
1912,565.2807224818638
1913,587.6707589285714
1914,448.21639142717635
1915,403.8211860656738
1916,415.9597603934152
1917,441.40242440359935
1918,487.52074759347096
1919,461.65769740513394
1920,455.3010139465332
1921,449.1449933733259
1922,534.244158063616
1923,530.7148088727679
1924,568.3451756068638
1925,486.45230865478516
1926,547.9995378766741
1927,465.7999005998884
1928,381.19855826241627
1929,411.35013253348217
1930,387.52742767333984
1931,386.2182835170201
1932,403.099112374442
1933,435.97833251953125
1934,452.2857186453683
1935,452.8429870605469
1936,394.44864327566967
1937,405.446042742048
1938,451.6402326311384
1939,376.6231166294643
1940,450.29248237609863
1941,481.58329119001115
1942,498.1003941127232
1943,436.8181457519531
1944,411.09167916434154
1945,458.43847274780273
1946,411.1260463169643
1947,413.5369393484933
1948,413.2343488420759
1949,419.5770176478795
1950,422.4504165649414
1951,506.0119934082031
1952,497.2641383579799
1953,421.95448085239957
1954,413.3870413643973
1955,350.42975997924805
1956,401.7721252441406
1957,400.9200352260045
1958,404.9646955217634
1959,394.74319893973217
1960,409.3858833312988
1961,504.4576503208705
1962,568.0465480259487
1963,576.5056065150669
1964,660.7520054408482
1965,584.8674926757812
1966,575.7011064801898
1967,383.1370631626674
1968,407.3209969656808
1969,365.5478319440569
1970,375.8614616394043
1971,405.584708077567
1972,374.9442836216518
1973,411.1844787597656
1974,417.330322265625
1975,403.97049713134766
1976,435.5923156738281
1977,430.7005833217076
1978,446.35046822684154
1979,421.5814208984375
1980,503.256591796875
1981,519.8541913713727
1982,500.7591814313616
1983,547.2451607840402
1984,606.2086181640625
1985,616.4905586242676
1986,749.5589773995536
1987,637.145281110491
1988,565.3291538783482
1989,568.9371904645648
1990,562.8715705871582
1991,468.5575169154576
1992,511.97212873186385
1993,485.42932564871654
1994,487.39691162109375
1995,486.1900634765625
1996,466.5137285505022
1997,504.1726858956473
1998,361.0792454310826
1999,365.3578098842076
2000,453.69792556762695
2001,603.9121878487723
2002,621.5259050641741
2003,709.1739283970425
2004,560.2429940359933
2005,728.759880065918
2006,509.4134303501674
2007,479.5296325683594
2008,433.3496791294643
2009,423.6021074567522
2010,446.8024024963379
2011,418.026114327567
2012,362.5808803013393
2013,368.7211260114397
2014,333.3477129255022
2015,347.0085964202881
2016,339.3622610909598
2017,359.8782632010324
2018,346.3131321498326
2019,374.3003888811384
2020,343.54978942871094
2021,349.4339490618025
2022,390.84202793666293
2023,381.9199436732701
2024,414.0400652204241
2025,355.1170234680176
2026,368.2066563197545
2027,392.39649745396207
2028,360.0853358677455
2029,381.6641060965402
2030,349.8218803405762
2031,414.88846697126115
2032,398.0157383510045
2033,342.3182809012277
2034,376.54505702427457
2035,426.8867073059082
2036,368.32533264160156
2037,454.57828194754467
2038,491.0432695661272
2039,464.3031964983259
2040,535.352783203125
2041,458.1379830496652
2042,345.44947596958707
2043,323.7998613630022
2044,367.0936540876116
2045,483.609676361084
2046,356.01514979771207
2047,419.70045253208707
2048,424.3737269810268
2049,451.29830060686385
2050,429.9814262390137
2051,420.88000924246654
2052,521.86330304827
2053,907.6048017229352
2054,883.6833583286831
2055,1479.8784408569336
2056,1886.639892578125
2057,1369.592041015625
2058,1757.1606270926338
2059,1598.518755231585
2060,1684.2412719726562
2061,1589.1131504603795
2062,1632.8658621651787
2063,1456.8480922154017
2064,1761.690708705357
2065,1828.9874877929688
2066,1826.6549595424108
2067,1574.2802734375
2068,1401.428989955357
2069,1564.1119210379463
2070,1335.6174850463867
2071,1631.0122767857142
2072,1438.3187779017858
2073,1619.2517613002233
2074,1825.263881138393
2075,1598.5884094238281
2076,1885.0103759765625
2077,1490.0409981863838
2078,1725.359340122768
2079,1254.5753348214287
2080,1630.0169219970703
2081,1611.6405378069196
2082,1727.6422206333705
2083,1581.8111463274274
2084,1289.458530970982
2085,1688.1662902832031
2086,1175.0105939592634
2087,1326.1908307756696
2088,1129.1920863560267
2089,2087.2083042689733
2090,2186.5924530029297
2091,2099.63045828683
2092,2124.451154436384
2093,1855.599609375
2094,1864.0138462611608
2095,1664.7142944335938
2096,1664.5579833984375
2097,1522.8877650669642
2098,1005.1880362374442
2099,1158.0794416155134
2100,569.5633735656738
2101,560.9955139160156
2102,622.5546569824219
2103,712.4839477539062
2104,850.1564854213169
2105,780.0506439208984
2106,638.2927900041852
2107,799.6223929268973
2108,862.6289978027344
2109,967.2837262834821
2110,1256.1782417297363
2111,1257.330065046038
2112,1245.8360246930804
2113,1223.02783203125
2114,1508.2922886439733
2115,1188.3824081420898
2116,984.303462437221
2117,632.1343035016741
2118,853.0691877092634
2119,775.1597726004464
2120,699.8251953125
2121,763.0766906738281
2122,641.4080810546875
2123,672.2578212193081
2124,679.7645350864956
2125,676.3510322570801
2126,553.5771179199219
2127,766.1542271205357
2128,734.4962550571987
2129,636.7950526646206
2130,737.2498092651367
2131,716.9567347935268
2132,740.8204520089286
2133,904.205082484654
2134,891.6222621372768
2135,1483.7976036071777
2136,1541.3192313058037
2137,1279.3218296595983
2138,1562.4025006975446
2139,757.5596313476562
2140,785.2961158752441
2141,729.9797930036273
2142,755.3086242675781
2143,859.0769304547991
2144,702.6534467424665
2145,687.3882751464844
2146,594.5273568289621
2147,558.362322126116
2148,451.06471470424106
2149,444.56702096121654
2150,549.1686248779297
2151,524.7938929966518
2152,475.43494088309154
2153,494.6235787527902
2154,444.0366952078683
2155,403.1662254333496
2156,431.28836495535717
2157,368.6268746512277
2158,404.38570731026783
2159,409.5950491768973
2160,424.087589263916
2161,424.59276907784596
2162,430.942635672433
2163,441.1509922572545
2164,763.7837785993304
2165,622.0436782836914
2166,672.8167724609375
2167,779.9325779506138
2168,727.7609514508929
2169,427.6267569405692
2170,475.8650894165039
2171,524.5913783482143
2172,443.8099365234375
2173,434.75735909598217
2174,394.1894967215402
2175,399.4932327270508
2176,528.8081534249442
2177,465.19498552594865
2178,449.14857264927457
2179,550.5755702427456
2180,435.63600158691406
2181,471.38863263811385
2182,470.22166224888394
2183,441.3704136439732
2184,553.6262076241629
2185,492.55921936035156
2186,453.3517630440848
2187,390.87755911690846
2188,375.39952305385043
2189,372.0920715332031
2190,385.43212890625
2191,368.4432896205357
2192,394.46034458705356
2193,384.4586835588728
2194,417.467764718192
2195,392.6203079223633
2196,399.5821053641183
2197,429.5986066545759
2198,365.3217991420201
2199,393.6590140206473
2200,396.1200141906738
2201,397.4796404157366
2202,396.4585266113281
2203,431.45614188058033
2204,444.30750819614957
2205,432.74404525756836
2206,382.2019348144531
2207,439.4728262765067
2208,405.7721949986049
2209,403.3245064871652
2210,373.78422927856445
2211,355.1318620954241
2212,373.3772277832031
2213,361.79361833844865
2214,412.3111049107143
2215,380.6299133300781
2216,353.89774431501115
2217,372.19425310407365
2218,396.9821515764509
2219,406.32177298409596
2220,382.93669509887695
2221,448.46864536830356
2222,442.25845772879467
2223,376.24173845563615
2224,397.0342799595424
2225,357.35300636291504
2226,413.64029366629467
2227,357.96097237723217
2228,391.8781411307199
2229,417.31607491629467
2230,378.5144805908203
2231,440.3140127999442
2232,413.2985273088728
2233,410.0839189801897
2234,422.2115391322545
2235,566.9910736083984
2236,566.0944213867188
2237,420.29627772739957
2238,517.6371285574777
2239,480.88040597098217
2240,401.1134376525879
2241,433.5399605887277
2242,423.8897923060826
2243,422.6473475864955
2244,392.2081560407366
2245,444.79710388183594
2246,439.1391296386719
2247,463.18507603236606
2248,443.3694588797433
2249,445.7321210588728
2250,414.18930435180664
2251,375.9387860979353
2252,379.17041015625
2253,395.99454607282365
2254,368.64229474748885
2255,397.44229888916016
2256,423.9819597516741
2257,433.94547380719865
2258,426.060799734933
2259,438.83963884626115
2260,537.6450271606445
2261,541.5932878766741
2262,557.9887128557477
2263,566.4625636509487
2264,460.3081577845982
2265,471.72621154785156
2266,446.4089137486049
2267,334.2556719098772
2268,389.54568917410717
2269,372.36297607421875
2270,347.23949432373047
2271,357.3290492466518
2272,342.6324026925223
2273,398.4027186802455
2274,479.8129098074777
2275,441.1677436828613
2276,421.21234130859375
2277,406.97691563197543
2278,372.9517168317522
2279,357.132080078125
2280,370.65970611572266
2281,350.84557669503346
2282,334.66377912248885
2283,339.70200892857144
2284,373.56639317103793
2285,398.2112045288086
2286,303.652587890625
2287,323.24828665597096
2288,309.8034406389509
2289,328.3584899902344
2290,363.7282409667969
2291,362.7452610560826
2292,385.34959193638394
2293,365.4973885672433
2294,419.87343052455356
2295,388.1832733154297
2296,349.5004446847098
2297,384.2129560198103
2298,359.71023995535717
2299,358.11285400390625
2300,485.5009460449219
2301,573.0270124162946
2302,519.8241882324219
2303,473.72215053013394
2304,425.57371738978793
2305,461.69408416748047
2306,334.42512076241627
2307,307.2819628034319
2308,337.0560084751674
2309,332.86024257114957
2310,273.6981678009033
2311,348.68894740513394
2312,338.1846226283482
2313,374.8496398925781
2314,371.5359889439174
2315,376.3218231201172
2316,415.3481881277902
2317,426.4809788295201
2318,667.1399710518973
2319,788.8282906668527
2320,749.181037902832
2321,634.9378400530134
2322,636.9703107561384
2323,623.0115618024554
2324,668.261247907366
2325,586.9523620605469
2326,666.6798575265067
2327,714.4459838867188
2328,742.3032488141741
2329,661.8653608049665
2330,737.6872863769531
2331,710.000017438616
2332,681.0163487025669
2333,648.8042428152902
2334,668.1555524553571
2335,715.6315078735352
2336,681.4340907505581
2337,723.6593279157366
2338,794.0391060965402
2339,692.4416896275112
2340,736.6961364746094
2341,704.2837393624442
2342,878.0233067103794
2343,789.300776890346
2344,1341.2388392857142
2345,1497.0098571777344
2346,1511.9667096819196
2347,1507.7504621233259
2348,1576.1568211146764
2349,1199.638876778739
2350,1559.6819076538086
2351,1864.9307686941963
2352,1179.3949672154017
2353,813.3192138671875
2354,971.7030465262277
2355,815.7744331359863
2356,730.6218348911831
2357,753.5358232770648
2358,1301.839599609375
2359,1304.58394077846
2360,1874.0341339111328
2361,1432.4646868024554
2362,1873.5211007254463
2363,1393.2911551339287
2364,1959.1619698660713
2365,1597.7822265625
2366,1483.545619419643
2367,1602.395516531808
2368,1901.3943394252233
2369,1693.3792027064733
2370,1558.1256408691406
2371,1517.461669921875
2372,1653.634974888393
2373,1673.100062779018
2374,1160.3832310267858
2375,1527.0849151611328
2376,2079.0560302734375
2377,1440.6494838169642
2378,2137.370936802455
2379,1770.671840122768
2380,1788.4484786987305
2381,1693.1960972377233
2382,1414.5879690987724
2383,1532.827601841518
2384,1324.8220476422991
2385,1762.6347198486328
2386,1522.9354771205358
2387,1710.2190115792412
2388,1699.851318359375
2389,1952.1714651925224
2390,1633.9021835327148
2391,1906.2991420200892
2392,1290.9314139229912
2393,1758.070556640625
2394,1830.1737583705358
2395,1473.9223937988281
2396,1668.825430733817
2397,1308.582972935268
2398,1484.7079031808037
2399,1388.9211948939733
2400,1646.5004425048828
2401,1922.2305821010045
2402,1468.6456734793526
2403,1580.6126534598213
2404,1630.095955984933
2405,2026.0535430908203
2406,1676.6307285853795
2407,1888.9157017299108
2408,1627.983189174107
2409,1239.0374625069755
2410,1149.0908966064453
2411,1235.2398681640625
2412,1197.958217075893
2413,1116.3007289341517
2414,1037.9707903180804
2415,709.3229293823242
2416,726.6689889090402
2417,753.1426042829241
2418,785.3141566685268
2419,1004.4657592773438
2420,1872.046615600586
2421,1278.2254813058037
2422,1642.7393275669642
2423,1820.3405064174108
2424,1784.0716901506696
2425,1407.3085021972656
2426,1108.6661376953125
2427,1166.6607230050224
2428,1062.8379080636162
2429,1100.1803065708705
2430,1630.2257919311523
2431,1245.322788783482
2432,1378.3279680524554
2433,1634.3530099051338
2434,1138.5849347795759
2435,1165.5882034301758
2436,1273.3055419921875
2437,735.4517299107143
2438,599.044904436384
2439,646.1114632742746
2440,654.7752532958984
2441,676.3839547293527
2442,744.1796613420759
2443,624.1303580147879
2444,566.559552873884
2445,815.9566917419434
2446,1227.1517682756696
2447,1955.923540387835
2448,2014.9263654436384
2449,1888.6695382254463
2450,1561.9757919311523
2451,1463.425746372768
2452,1838.139447893415
2453,1314.7421613420759
2454,1660.242963518415
2455,1504.1666717529297
2456,1544.224129813058
2457,1488.1843784877233
2458,1615.1496756417412
2459,1551.3698120117188
2460,1663.2066955566406
2461,1594.4490007672991
2462,2162.052995954241
2463,1530.4837341308594
2464,1441.02587890625
2465,1209.6906356811523
2466,678.551042829241
2467,828.9381539481027
2468,804.3379603794643
2469,960.0077514648438
2470,984.2605590820312
2471,1201.9767456054688
2472,989.4796752929688
2473,1133.7551443917412
2474,976.9499947684152
2475,625.3297653198242
2476,537.3102504185268
2477,498.17946079799106
2478,582.9429452078683
2479,759.0663103376116
2480,711.9491653442383
2481,641.8627232142857
2482,584.375470842634
2483,498.8274884905134
2484,571.1830705915179
2485,606.9160308837891
2486,801.3660452706473
2487,934.4054129464286
2488,626.1135646275112
2489,826.5976824079241
2490,1042.1042175292969
2491,1057.8951721191406
2492,999.1978062220982
2493,1409.1067766462054
2494,1288.1366577148438
2495,1229.3402557373047
2496,1342.0127999441963
2497,1323.2713187081474
2498,1720.8115234375
2499,1576.6735055106026
2500,1107.77783203125
2501,1511.691659109933
2502,1088.6211809430804
2503,1974.8442557198662
2504,2302.76120867048
2505,1703.3288040161133
2506,2235.9433942522323
2507,1726.2036830357142
2508,1148.8131757463727
2509,860.6053292410714
2510,750.4804649353027
2511,1055.4546160016741
2512,1246.3374285016741
2513,1148.0349731445312
2514,1229.2369777134486
2515,868.6043090820312
2516,772.3695504324777
2517,792.6082938058036
2518,843.4957580566406
2519,1527.2408621651787
2520,1741.6661911010742
2521,2757.0899832589284
2522,2839.9035993303573
2523,3037.108904157366
2524,2413.759294782366
2525,1479.2082786560059
2526,2174.2205897739955
2527,1046.2723170689173
2528,338.2686854771205
2529,358.41674368722096
2530,395.00368881225586
2531,424.4208199637277
2532,411.2994384765625
2533,474.5077122279576
2534,451.7120666503906
2535,656.8083152770996
2536,506.86765834263394
2537,782.8981672014509
2538,823.4801984514509
2539,793.2472795758929
2540,687.2559051513672
2541,764.9602748325893
2542,720.2866821289062
2543,618.3140694754464
2544,608.3662501743862
2545,365.30113220214844
2546,341.62356349400113
2547,380.8457728794643
2548,418.84531947544644
2549,491.45751517159596
2550,561.0676002502441
2551,633.0472586495536
2552,659.5553545270648
2553,858.966796875
2554,1103.6167951311384
2555,1206.1161575317383
2556,1743.572518484933
2557,2885.0326014927455
2558,2503.7410191127233
2559,3238.482404436384
2560,2331.692268371582
2561,2024.241171700614
2562,1736.5084926060267
2563,556.87497820173
2564,577.9643031529018
2565,519.3405685424805
2566,526.7361886160714
2567,457.1436288016183
2568,452.01632254464283
2569,613.5968409946987
2570,1030.183494567871
2571,1860.7232142857142
2572,2030.9118826729912
2573,2321.1033238002233
2574,2071.6152954101562
2575,688.1769599914551
2576,676.6378696986607
2577,551.0657435825893
2578,747.4942103794643
2579,698.5515485491071
2580,821.8828735351562
2581,919.5604858398438
2582,834.6182163783482
2583,573.9889744349888
2584,572.8050624302456
2585,596.515625
2586,617.8906729561942
2587,652.5496215820312
2588,518.4295610700335
2589,498.7434605189732
2590,387.61020278930664
2591,406.1332223074777
2592,364.41864013671875
2593,503.19444056919644
2594,445.54771641322543
2595,448.8474884033203
2596,637.52590070452
2597,929.0805576869419
2598,782.0457589285714
2599,842.30712890625
2600,836.2863082885742
2601,453.6306588309152
2602,584.9795270647321
2603,389.9612339564732
2604,537.5915396554129
2605,832.4979629516602
2606,797.2793273925781
2607,1173.7243129185267
2608,1381.4432634626116
2609,922.301007952009
2610,810.0722160339355
2611,786.3969813755581
2612,684.8316127232143
2613,821.1416800362723
2614,624.1507350376675
2615,1598.6754150390625
2616,1728.631103515625
2617,1968.871616908482
2618,2670.879220145089
2619,2606.449393136161
2620,2109.900360107422
2621,1866.1009695870537
2622,1616.0077122279577
2623,1230.6090393066406
2624,442.0035967145647
2625,408.5506935119629
2626,386.7511901855469
2627,478.17303466796875
2628,430.40880911690846
2629,501.7276306152344
2630,756.539436340332
2631,999.2171892438616
2632,2727.632306780134
2633,3398.0006277901784
2634,3597.443533761161
2635,4667.512725830078
2636,3615.8854631696427
2637,2730.8600463867188
2638,1711.4146902901787
2639,853.9757690429688
2640,521.5771293640137
2641,471.68638392857144
2642,584.823492867606
2643,663.2011980329241
2644,797.3135637555804
2645,761.9094200134277
2646,681.1279645647321
2647,1629.4300188337054
2648,1486.8889334542412
2649,2059.6148507254466
2650,2282.571075439453
2651,2064.6480538504466
2652,2138.5484706333705
2653,1529.2009800502233
2654,1417.6988830566406
2655,1479.9458770751953
2656,1502.9410836356026
2657,1619.6436505998884
2658,964.3178056989398
2659,1609.6771327427455
2660,1033.5436782836914
2661,454.5037362234933
2662,528.0716291155134
2663,575.3292410714286
2664,541.6201259068081
2665,552.4994659423828
2666,474.3479439871652
2667,818.5881478445871
2668,567.937970842634
2669,599.2157156808036
2670,513.8459815979004
2671,546.0778677804129
2672,424.91556222098217
2673,288.94386509486606
2674,351.2914014543806
2675,379.4935607910156
2676,456.4022129603795
2677,399.6975882393973
2678,632.9086260114398
2679,596.9161965506418
2680,651.2905559539795
2681,670.1378914969308
2682,679.2083696637835
2683,1539.6582990373884
2684,710.2019435337612
2685,1012.4085311889648
2686,1000.3131757463727
2687,682.9776916503906
2688,477.81702096121654
2689,530.2567661830357
2690,510.20117568969727
2691,523.7964521135602
2692,580.4155927385602
2693,557.7726135253906
2694,543.7469438825335
2695,890.0069580078125
2696,1629.525885445731
2697,2262.80613054548
2698,3086.963448660714
2699,2738.434788295201
2700,1965.2041320800781
2701,1478.1338413783483
2702,1076.8613804408483
2703,565.1853376116071
2704,510.34688459123885
2705,638.958984375
2706,543.174298967634
2707,446.6875435965402
2708,535.5584629603794
2709,648.1108049665179
2710,562.1651268005371
2711,475.31324332101
2712,642.1016496930804
2713,1110.899213518415
2714,1142.870317731585
2715,1388.3250274658203
2716,1001.4661254882812
2717,1445.416748046875
2718,1068.0316685267858
2719,716.8497750418527
2720,512.4677925109863
2721,512.6392909458706
2722,530.611594063895
2723,481.58299037388394
2724,422.48158482142856
2725,480.0068702697754
2726,399.451424734933
2727,730.9515206473214
2728,839.6555873325893
2729,542.2340000697544
2730,1088.415870666504
2731,1155.3620082310267
2732,589.885990687779
2733,595.1707284109933
2734,641.8457641601562
2735,553.9857559204102
2736,424.95367431640625
2737,455.3940647670201
2738,464.5365295410156
2739,774.996076311384
2740,826.2012901306152
2741,958.9668230329241
2742,832.4573211669922
2743,754.0792497907366
2744,1197.6241367885045
2745,962.8709754943848
2746,893.4156167166574
2747,1486.4057137625557
2748,967.3128662109375
2749,780.8309369768415
2750,798.8760643005371
2751,681.657954624721
2752,544.4900033133371
2753,567.2363978794643
2754,398.73086983816967
2755,323.78414726257324
2756,415.93581935337613
2757,572.6204572405134
2758,1082.1305629185267
2759,1262.1014840262276
2760,1082.4909324645996
2761,1397.5555419921875
2762,1190.4252319335938
2763,2428.119367327009
2764,3402.1631469726562
2765,2347.509536743164
2766,2453.6541748046875
2767,2911.823660714286
2768,2108.9478934151784
2769,842.9272984095982
2770,595.4237251281738
2771,823.1224365234375
2772,1161.4130249023438
2773,1558.8112967354912
2774,2102.948172433036
2775,2384.076675415039
2776,2636.9984130859375
2777,2220.1473563058034
2778,2513.4718104771205
2779,2193.721941266741
2780,1291.3878593444824
2781,2200.6744384765625
2782,2038.5061732700892
2783,1924.6040213448662
2784,2504.2551705496653
2785,1636.2409973144531
2786,1253.375257219587
2787,682.7149571010044
2788,591.2980128696987
2789,366.77501787458147
2790,361.8011112213135
2791,497.2094203404018
2792,557.6217912946429
2793,593.1146981375558
2794,539.4580906459263
2795,464.43914794921875
2796,326.958506992885
2797,271.9645320347377
2798,261.4059317452567
2799,284.8307778494699
2800,344.89240646362305
2801,371.66268048967635
2802,397.2640380859375
2803,316.7259303501674
2804,353.1900961739676
2805,275.0771961212158
2806,372.2369166782924
2807,386.11917986188615
2808,544.5121939522879
2809,584.1536865234375
2810,600.0002517700195
2811,463.8732452392578
2812,273.8082733154297
2813,236.84451511928015
2814,269.6371874128069
2815,230.9619255065918
2816,235.10479954310827
2817,236.34314836774553
2818,336.62913513183594
2819,329.09400068010603
2820,283.6408519744873
2821,288.11507742745533
2822,285.7536860874721
2823,315.70592825753346
2824,328.8090515136719
2825,231.70813751220703
2826,548.4152047293527
2827,1056.7188982282366
2828,1148.6638793945312
2829,1780.937744140625
2830,2094.640335083008
2831,3172.5731026785716
2832,1407.038338797433
2833,1854.3225969587054
2834,1563.0152413504463
2835,1181.0748138427734
2836,924.8479439871652
2837,1080.7105364118304
2838,731.9636579241071
2839,560.0940638950893
2840,528.0260124206543
2841,534.3996276855469
2842,572.58642578125
2843,702.3655613490513
2844,901.1973615373884
2845,788.0030136108398
2846,762.9699271065848
2847,770.5412990025112
2848,787.1830793108259
2849,636.5222647530692
2850,647.7151527404785
2851,608.3030177525112
2852,766.4863630022321
2853,869.2294311523438
2854,1428.9519871303014
2855,1964.9684219360352
2856,2405.7222726004466
2857,1776.4659249441963
2858,1501.0970982142858
2859,1485.7293352399554
2860,1463.2089309692383
2861,822.2274736676898
2862,1100.4306030273438
2863,1032.1586042131696
2864,1339.744105747768
2865,1530.0558013916016
2866,1772.1616385323662
2867,1038.3123604910713
2868,1056.4871303013392
2869,1634.7103969029017
2870,1851.015365600586
2871,2172.560773577009
2872,1993.4848414829798
2873,1627.390380859375
2874,746.4531729561942
2875,659.9585838317871
2876,768.9460362025669
2877,963.8828909737723
2878,619.1525312151227
2879,791.3344159807477
2880,1376.0149898529053
2881,1794.3456115722656
2882,1499.6985037667412
2883,2726.800048828125
2884,2292.617684500558
2885,2476.4049530029297
2886,3064.6915457589284
2887,4602.531040736607
2888,2956.164376395089
2889,3200.39444405692
2890,2510.5506744384766
2891,1541.4449986049108
2892,1219.9064679827009
2893,1089.4235098702568
2894,1118.546875
2895,1196.4640731811523
2896,1324.7250322614398
2897,1052.5972290039062
2898,907.8677716936384
2899,919.25439453125
2900,973.3756828308105
2901,879.8268345424107
2902,839.096923828125
2903,730.7073189871652
2904,661.0042070661273
2905,747.5342292785645
2906,619.20068359375
2907,536.5012512207031
2908,1063.8395734514509
2909,761.8834097726004
2910,1446.3677825927734
2911,1699.5554460797991
2912,1715.47216796875
2913,1548.120112827846
2914,1716.2978690011162
2915,1640.5253448486328
2916,1797.6225411551338
2917,1188.5035226004463
2918,949.5625348772321
2919,776.3446219308036
2920,920.8579559326172
2921,558.1089521135602
2922,543.3623177664621
2923,517.132550920759
2924,526.3538033621652
2925,590.4066123962402
2926,1204.8949672154017
2927,906.9538051060268
2928,1138.484130859375
2929,894.1538870675223
2930,1499.8387451171875
2931,1934.0540073939733
2932,1645.4711216517858
2933,1361.1766619001116
2934,1202.6806379045759
2935,1297.4042510986328
2936,1190.821489606585
2937,950.3698468889509
2938,770.1135341099331
2939,725.9820818219866
2940,753.214485168457
2941,813.4712350027902
2942,903.1104649135044
2943,802.1155351911273
2944,1012.1910661969866
2945,1123.143424987793
2946,1744.4987967354912
2947,1330.026327950614
2948,1761.8957345145088
2949,2091.194492885045
2950,1689.224708557129
2951,1498.2176339285713
2952,665.4074314662388
2953,755.999494280134
2954,635.0865914481027
2955,668.5546798706055
2956,671.9049377441406
2957,840.8753923688616
2958,1567.5844900948662
2959,2657.0741664341517
2960,2291.005416870117
2961,1936.9080548967634
2962,2719.8993617466517
2963,2788.891043526786
2964,1999.8319614955358
2965,2872.641571044922
2966,2297.5724051339284
2967,1717.1525704520088
2968,2307.427891322545
2969,1948.522452218192
2970,2606.2474822998047
2971,1819.4927019391741
2972,1636.2301461356026
2973,1387.8725324358259
2974,2003.5128522600446
2975,2138.8327713012695
2976,2186.2254551478795
2977,2697.2151314871653
2978,2506.421094621931
2979,1918.391148158482
2980,891.6449813842773
2981,1294.879150390625
2982,1306.4947160993304
2983,1944.4743477957588
2984,2007.8690708705358
2985,1054.9741439819336
2986,1114.6102469308037
2987,1134.5267595563616
2988,926.3880092075893
2989,1377.2313406808037
2990,1126.7953872680664
2991,1088.49760219029
2992,846.7606113978794
2993,1030.8659406389509
2994,834.3255004882812
2995,723.0211563110352
2996,596.7153974260602
2997,637.4099905831473
2998,673.7717633928571
2999,874.5462036132812
3000,724.5785064697266
3001,732.641335623605
3002,681.5352042061942
3003,509.01754978724887
3004,310.32454790387834
3005,317.827299118042
3006,313.3184618268694
3007,445.03271484375
3008,421.97241646902904
3009,434.8394470214844
3010,734.3780899047852
3011,870.3213588169643
3012,551.8669172014509
3013,515.1495274135044
3014,538.7421526227679
3015,407.5143814086914
3016,408.5115400041853
3017,509.2164742606027
3018,1153.4045584542412
3019,1060.9525102887835
3020,1259.6167449951172
3021,1142.292964390346
3022,1189.2775224958148
3023,1350.5998360770088
3024,652.5369829450335
3025,647.8719253540039
3026,509.49403163364957
3027,588.7085571289062
3028,531.6448538643973
3029,644.1957702636719
3030,711.9113235473633
3031,1215.9488176618304
3032,1004.9531598772321
3033,971.9475010463169
3034,1415.102294921875
3035,1324.5847473144531
3036,1301.666957310268
3037,1316.755894252232
3038,1085.4558890206474
3039,979.0811767578125
3040,746.1276016235352
3041,772.0155116489956
3042,721.1733529227121
3043,1040.25239780971
3044,1173.6619524274554
3045,1113.9910888671875
3046,1039.7081560407366
3047,1090.3308367047991
3048,1008.3654436383929
3049,1218.0317905970983
3050,1341.2204132080078
3051,1476.2724434988838
3052,1182.0092250279017
3053,1116.3485020228795
3054,1098.7217581612724
3055,922.4773101806641
3056,833.6189488002232
3057,839.6888166155134
3058,894.3598720005581
3059,1091.4048025948662
3060,1230.2892456054688
3061,1240.8468279157366
3062,1128.477251325335
3063,1124.2225167410713
3064,923.9849591936384
3065,932.6508026123047
3066,1415.1614990234375
3067,1221.6433279854912
3068,1294.0307006835938
3069,1437.3457903180804
3070,1026.522819519043
3071,1427.8382655552455
3072,1277.2296229771205
3073,1447.0480259486608
3074,1396.7778494698662
3075,1663.5528564453125
3076,1414.2615443638392
3077,1309.8069370814733
3078,1298.7145821707588
3079,1517.6062534877233
3080,1696.5396881103516
3081,1499.7870309012276
3082,1467.4228341238838
3083,1446.1721017020088
3084,1409.2350027901787
3085,999.7930221557617
3086,922.5575038364956
3087,1035.413609095982
3088,922.5125732421875
3089,1023.56298828125
3090,1234.0248527526855
3091,1421.598135811942
3092,1664.522216796875
3093,1606.9098249162946
3094,1895.167201450893
3095,1001.2693557739258
3096,2580.561305454799
3097,1344.5505545479912
3098,884.5891200474331
3099,1256.3091779436384
3100,1034.9673233032227
3101,927.3172781808036
3102,956.0162702287946
3103,1102.2312970842634
3104,920.6471557617188
3105,870.4452133178711
3106,720.4808959960938
3107,731.4004778180804
3108,689.6207362583706
3109,691.380353655134
3110,817.1355972290039
3111,1079.639360700335
3112,1113.906215122768
3113,1500.9495588030134
3114,2205.7503662109375
3115,2397.123550415039
3116,2119.946463448661
3117,2300.288818359375
3118,1460.1409388950892
3119,1831.2508196149554
3120,1193.0982513427734
3121,1534.6958879743304
3122,1265.7238943917412
3123,1627.3268389020648
3124,2307.0127476283483
3125,1779.930076599121
3126,1428.9803030831474
3127,1762.9051295689173
3128,1232.7742440359932
3129,708.2281406947544
3130,600.1351852416992
3131,725.1071428571429
3132,919.9606672014509
3133,778.6568777901786
3134,743.0222516741071
3135,642.9394302368164
3136,659.3753051757812
3137,478.608154296875
3138,398.2625819614955
3139,486.4318586077009
3140,1638.2604446411133
3141,2036.2378627232142
3142,1557.4812186104912
3143,1590.6798095703125
3144,1988.0338657924108
3145,1278.8638534545898
3146,497.2664358956473
3147,423.6458042689732
3148,379.7327139718192
3149,485.3217337472098
3150,466.8039360046387
3151,506.09373256138394
3152,645.6500418526786
3153,781.9356427873884
3154,839.1274326869419
3155,999.0549087524414
3156,894.0867047991071
3157,1017.5622471400669
3158,831.3302961077009
3159,684.4186662946429
3160,627.5923004150391
3161,604.8485020228794
3162,523.1640537806919
3163,652.7544860839844
3164,671.1766008649554
3165,736.545524597168
3166,701.8960048130581
3167,809.4431501116071
3168,777.8699166434152
3169,830.43017578125
3170,696.4290542602539
3171,537.6930193219866
3172,437.0160827636719
3173,453.23768833705356
3174,559.3088466099331
3175,730.9167137145996
3176,749.8429478236607
3177,942.5996006556919
3178,465.0132315499442
3179,860.083966936384
3180,465.9320526123047
3181,420.65720912388394
3182,434.5054364885603
3183,435.32083565848217
3184,515.4945940290179
3185,513.1084861755371
3186,485.34497506277904
3187,493.7385689871652
3188,562.0063345772879
3189,437.24300275530135
3190,481.9115753173828
3191,407.52441842215404
3192,377.04114205496654
3193,365.712890625
3194,356.0414036342076
3195,399.40654373168945
3196,362.2123325892857
3197,428.7196480887277
3198,497.7803213936942
3199,450.0064174107143
3200,539.2098655700684
3201,434.8067539760045
3202,687.7582528250558
3203,800.5995657784598
3204,710.1351231166294
3205,1115.1958312988281
3206,871.3056553431919
3207,791.426984514509
3208,695.0523986816406
3209,649.7550659179688
3210,761.838752746582
3211,669.4388253348214
3212,680.8028651646206
3213,668.0594613211496
3214,630.6527012416294
3215,574.5985946655273
3216,661.6353803362165
3217,1000.2820216587612
3218,1834.4122619628906
3219,1144.3281075613838
3220,1407.0347595214844
3221,1282.8536725725446
3222,801.9096330915179
3223,590.1383884974888
3224,538.9997209821429
3225,416.71803283691406
3226,481.4163818359375
3227,413.2634015764509
3228,488.65746634347096
3229,623.6136692592075
3230,768.1688690185547
3231,956.3470371791294
3232,1005.4392438616071
3233,933.8358590262277
3234,906.3008597237723
3235,729.7574157714844
3236,900.9387991768973
3237,727.6746738978794
3238,1370.4935041155134
3239,1466.3830740792412
3240,1334.9179992675781
3241,2049.3458251953125
3242,1384.5091988699776
3243,1391.6942487444196
3244,877.6378435407366
3245,1183.1872291564941
3246,680.9531555175781
3247,704.528093610491
3248,953.0788661411831
3249,965.18068586077
3250,908.6579132080078
3251,694.2272687639509
3252,1005.808122907366
3253,835.9088221958706
3254,748.6386631556919
3255,760.2679595947266
3256,802.2765241350446
3257,617.5264369419643
3258,552.1192060198102
3259,648.0186418805804
3260,546.4897956848145
3261,517.113773890904
3262,516.0187726702009
3263,579.9071393694196
3264,1302.8577619280134
3265,1412.5075645446777
3266,869.3161359514509
3267,1191.4112548828125
3268,1243.8678981236048
3269,1110.3651384626116
3270,843.8844108581543
3271,795.6813441685268
3272,642.5829162597656
3273,602.1226632254464
3274,771.4527587890625
3275,842.154167175293
3276,858.2665492466518
3277,559.5042419433594
3278,662.157470703125
3279,557.5130702427456
3280,721.3924026489258
3281,675.9872523716518
3282,700.3511788504464
3283,647.9426661900112
3284,706.4933602469308
3285,504.15287017822266
3286,456.2208905901228
3287,418.67633056640625
3288,401.9901384626116
3289,370.3675231933594
3290,349.66467666625977
3291,328.8991219656808
3292,433.77884347098217
3293,542.1009826660156
3294,726.8500889369419
3295,703.2874603271484
3296,674.8120204380581
3297,1046.5394723074776
3298,1020.4610944475446
3299,983.2096165248325
3300,1090.0295181274414
3301,1499.1591622488838
3302,1630.1001586914062
3303,1192.095502580915
3304,985.0728890555246
3305,693.3768539428711
3306,651.3329511369977
3307,836.7248099190848
3308,748.6644461495536
3309,581.2642124720982
3310,523.7178688049316
3311,690.8418579101562
3312,428.0495038713728
3313,537.5524553571429
3314,462.15453665597096
3315,638.108283996582
3316,634.9714791434152
3317,644.8179539271763
3318,550.963152204241
3319,803.4184919084821
3320,527.2597351074219
3321,498.75659615652904
3322,578.1958095005581
3323,415.4216831752232
3324,468.2457754952567
3325,662.0940933227539
3326,753.0245884486607
3327,918.13623046875
3328,1637.1455601283483
3329,1250.8707885742188
3330,1377.9483184814453
3331,1341.0538504464287
3332,1185.3174874441963
3333,874.0704258510044
3334,1175.6520124162946
3335,686.5338401794434
3336,902.3256705147879
3337,1068.6205226353236
3338,1395.17436000279
3339,915.9385986328125
3340,880.4037017822266
3341,974.239013671875
3342,1462.2130214146205
3343,979.7985752650669
3344,1007.9239763532366
3345,1020.8076992034912
3346,1483.962158203125
3347,821.2478594098773
3348,836.2899082728794
3349,751.8791198730469
3350,926.6544418334961
3351,605.8431832449777
3352,637.1727294921875
3353,555.0271780831473
3354,470.7587585449219
3355,516.4951934814453
3356,439.67452566964283
3357,403.60031345912387
3358,643.3393467494419
3359,631.4165300641741
3360,900.3834686279297
3361,745.1187613351004
3362,774.8085632324219
3363,774.9902779715402
3364,803.1552298409598
3365,1791.364875793457
3366,1477.3938773018974
3367,1835.2001255580358
3368,1545.1807948521205
3369,1546.452837262835
3370,602.5048446655273
3371,430.8110046386719
3372,490.5106855119978
3373,428.06859915597096
3374,445.08052716936385
3375,450.0375289916992
3376,554.32177734375
3377,519.5998142787388
3378,415.91092790876115
3379,464.6273890904018
3380,565.9923629760742
3381,474.2746843610491
3382,508.1718226841518
3383,556.9937395368304
3384,751.0799211774554
3385,598.5976905822754
3386,509.7816859654018
3387,547.4495282854352
3388,656.0525774274554
3389,404.1319144112723
3390,577.4013938903809
3391,576.6904296875
3392,515.9745788574219
3393,472.2538364955357
3394,457.4359697614397
3395,693.6046333312988
3396,1184.920933314732
3397,1155.87943812779
3398,994.5750645228794
3399,1023.8242449079241
3400,1162.5592308044434
3401,937.7574026925223
3402,833.4799281529018
3403,889.9766060965402
3404,869.7596653529575
3405,816.8545837402344
3406,984.3830261230469
3407,787.8440726143973
3408,608.852294921875
3409,696.9852643694196
3410,626.762809753418
3411,575.6210806710379
3412,554.7568010602679
3413,792.064958844866
3414,767.8396780831473
3415,1290.3374633789062
3416,965.763201032366
3417,1094.2779802594866
3418,1161.3943830217634
3419,1212.9025224958148
3420,1016.0531692504883
3421,917.4334891183036
3422,744.6382925851004
3423,969.9141060965402
3424,1452.2031075613838
3425,1015.6606979370117
3426,1070.7746843610491
3427,1107.5591953822545
3428,888.6273716517857
3429,799.9805559430804
3430,766.3931007385254
3431,682.9657810756138
3432,615.6727643694196
3433,788.8485979352679
3434,740.1729038783482
3435,564.0775299072266
3436,591.8076084681919
3437,530.3489597865513
3438,424.9324297223772
3439,435.3105948311942
3440,359.92494773864746
3441,493.431876046317
3442,705.0993390764509
3443,610.5430733816964
3444,702.2442932128906
3445,749.9433250427246
3446,588.6334620884487
3447,794.6710728236607
3448,535.5209089006696
3449,782.022443498884
3450,825.9328079223633
3451,1160.0010593959264
3452,1114.4003252301898
3453,1332.748256138393
3454,1197.0769914899554
3455,1158.5488891601562
3456,1002.2740565708706
3457,1136.0339617047991
3458,1041.7480207170759
3459,1240.7147216796875
3460,993.3092422485352
3461,801.7336033412388
3462,515.3035932268415
3463,605.2474975585938
3464,666.9603097098214
3465,631.2343482971191
3466,949.1814575195312
3467,1181.5975864955358
3468,971.1867937360491
3469,1228.0413643973213
3470,1030.0094146728516
3471,1429.492466517857
3472,864.2353079659598
3473,702.7431553431919
3474,856.6371808733259
3475,1333.2357177734375
3476,1783.1220485142298
3477,1744.7399204799108
3478,1722.073032924107
3479,1034.1431361607142
3480,1310.1656188964844
3481,771.3665684291294
3482,802.7515869140625
3483,886.7743443080357
3484,804.8373674665179
3485,765.941520690918
3486,736.1771589006696
3487,664.9408002580915
3488,746.2315499441964
3489,719.8451538085938
3490,507.9087333679199
3491,674.6533333914621
3492,537.3058558872768
3493,521.8580671037946
3494,601.0223127092634
3495,523.5387344360352
3496,464.997079031808
3497,600.2366202218192
3498,886.9332362583706
3499,850.3635602678571
3500,728.2026138305664
3501,1203.0299508231026
3502,1022.899640764509
3503,1369.5637381417412
3504,1545.831534249442
3505,896.3961410522461
3506,622.6988699776786
3507,628.7271423339844
3508,2717.4794006347656
3509,2551.719473702567
3510,1168.8949127197266
3511,1619.937290736607
3512,1330.239506312779
3513,964.6603306361607
3514,787.505388532366
3515,645.4750022888184
3516,893.0061732700893
3517,740.5835614885602
3518,434.3111049107143
3519,552.3714490618024
3520,655.1589088439941
3521,597.7699454171317
3522,528.5853184291294
3523,628.658469063895
3524,603.2127859933036
3525,494.6793441772461
3526,512.1930324009487
3527,407.3924255371094
3528,360.6856798444475
3529,420.4436732700893
3530,459.29738998413086
3531,485.26916939871654
3532,423.1083243233817
3533,671.0232543945312
3534,741.6764744349888
3535,648.3659286499023
3536,661.6515720912388
3537,723.604963030134
3538,760.4294084821429
3539,582.6842956542969
3540,744.6310882568359
3541,703.3263375418527
3542,582.2428676060268
3543,671.4525102887835
3544,837.5797816685268
3545,716.2318496704102
3546,758.1980852399554
3547,710.4814801897321
3548,784.5298374720982
3549,804.1393083844866
3550,634.6064834594727
3551,562.2382245744977
3552,479.6382969447545
3553,732.1622924804688
3554,608.8342939104352
3555,692.2263107299805
3556,672.6041913713727
3557,707.9020036969866
3558,678.3951241629464
3559,719.3492954799107
3560,821.3661193847656
3561,647.3765040806362
3562,662.5348597935268
3563,603.9802682059152
3564,1064.600830078125
3565,1068.1936340332031
3566,1509.5709838867188
3567,756.8043169294085
3568,1152.4784545898438
3569,961.4123622349331
3570,655.395637512207
3571,635.6709507533482
3572,451.61492919921875
3573,457.3416835239955
3574,507.0355442592076
3575,468.0564994812012
3576,413.23067365373885
3577,443.88912527901783
3578,578.6590009416852
3579,622.8612322126116
3580,682.2402801513672
3581,722.1245596749442
3582,636.1052769252232
3583,848.3788539341518
3584,653.9467337472098
3585,437.6811752319336
3586,440.8670567103795
3587,502.1898106166295
3588,518.0579485212054
3589,609.0884181431362
3590,583.8572044372559
3591,591.4770943777902
3592,661.0842415945871
3593,596.2462812151227
3594,534.8029218401227
3595,611.9702987670898
3596,500.9827226911272
3597,501.1461094447545
3598,520.9577985491071
3599,1046.47998046875
3600,909.4946899414062
3601,884.8724626813616
3602,751.9384874616351
3603,795.9764535086496
3604,630.8921290806362
3605,671.981559753418
3606,721.5099530901227
3607,868.1635480608259
3608,749.9257550920759
3609,686.9817243303571
3610,685.0657005310059
3611,728.946794782366
3612,574.2808794294085
3613,900.1903860909598
3614,1009.4366803850446
3615,999.0041961669922
3616,792.6596156529018
3617,773.912353515625
3618,744.920427594866
3619,542.3227931431362
3620,629.6134338378906
3621,436.3806806291853
3622,459.70542689732144
3623,442.71098763602123
3624,493.48680986676897
3625,544.7486114501953
3626,532.6974574497768
3627,507.6396179199219
3628,567.3942435128348
3629,598.8069370814732
3630,562.9593048095703
3631,590.7596043178013
3632,535.0900312151227
3633,610.5662711007254
3634,523.4838736397879
3635,484.0924072265625
3636,441.50756181989397
3637,499.22650146484375
3638,490.625741141183
3639,608.9267970493862
3640,642.2528533935547
3641,550.5551278250558
3642,458.4905308314732
3643,467.6248343331473
3644,514.1931021554129
3645,607.1458549499512
3646,521.8253391810825
3647,476.5517578125
3648,572.370361328125
3649,545.9610813685825
3650,421.7471046447754
3651,517.4134565080915
3652,672.5379551478794
3653,584.0847429547991
3654,492.50057547433033
3655,630.6736602783203
3656,621.3194013323102
3657,570.0673043387277
3658,624.2955671037946
3659,549.6169346400669
3660,678.5953598022461
3661,599.9794834681919
3662,535.0788879394531
3663,623.2329014369419
3664,494.9457528250558
3665,469.24272537231445
3666,563.1984776088169
3667,533.0987854003906
3668,503.39634486607144
3669,676.6371547154018
3670,552.6415405273438
3671,475.7114998953683
3672,496.7362976074219
3673,476.5457022530692
3674,551.2189200265067
3675,440.9241523742676
3676,502.6132289341518
3677,524.0999363490513
3678,445.5232631138393
3679,569.4077671595982
3680,604.2567100524902
3681,589.3386666434152
3682,441.7278093610491
3683,450.3067408970424
3684,527.1643763950893
3685,548.8518962860107
3686,425.24525669642856
3687,448.4998474121094
3688,467.9107927594866
3689,450.1952449253627
3690,491.42370986938477
3691,392.34678867885043
3692,359.19693865094865
3693,340.31083025251115
3694,395.13614763532365
3695,459.80763244628906
3696,411.4793265206473
3697,432.9376002720424
3698,423.16894095284596
3699,435.5453796386719
3700,506.9563636779785
3701,488.9558803013393
3702,447.09854561941967
3703,532.9788600376675
3704,518.734880719866
3705,835.9394950866699
3706,1009.8382568359375
3707,904.5738786969866
3708,814.7602800641741
3709,691.2274300711496
3710,615.9325714111328
3711,583.0372924804688
3712,545.5449654715402
3713,441.1720929827009
3714,495.9844491141183
3715,491.02114486694336
3716,500.6298086983817
3717,728.7293003627232
3718,578.6269269670759
3719,591.9611554827009
3720,601.9288482666016
3721,593.0627790178571
3722,509.2151663643973
3723,475.58555821010043
3724,419.79724775041853
3725,513.7672424316406
3726,464.29835292271207
3727,527.7181222098214
3728,514.9697352818081
3729,508.0268990652902
3730,512.7181701660156
3731,499.4160897391183
3732,449.22159249441967
3733,506.848135811942
3734,605.883078438895
3735,513.2316474914551
3736,566.0929216657366
3737,423.8121861049107
3738,492.36703055245533
3739,530.1069859095982
3740,586.7809982299805
3741,532.4315098353794
3742,497.71156529017856
3743,578.1686488560268
3744,755.3323102678571
3745,691.076229095459
3746,871.5545697893415
3747,1106.4102521623884
3748,1177.5308925083705
3749,903.3885367257254
3750,863.6411781311035
3751,524.9356035505023
3752,488.19066074916293
3753,419.17185756138394
3754,571.6111319405692
3755,548.462818145752
3756,471.82914079938615
3757,505.99825613839283
3758,557.3762642996652
3759,491.0145002092634
3760,427.13227462768555
3761,481.33079746791293
3762,477.88751220703125
3763,339.3160182407924
3764,375.9959411621094
3765,378.6787223815918
3766,383.64110020228793
3767,438.8640398297991
3768,502.85186767578125
3769,542.8667384556362
3770,536.6983261108398
3771,521.328347342355
3772,573.1940089634487
3773,502.0714024135045
3774,578.8406982421875
3775,608.7968139648438
3776,513.5102233886719
3777,582.0146789550781
3778,530.2855616978237
3779,491.6626630510603
3780,458.75244140625
3781,486.5173034667969
3782,429.20240347726
3783,364.4998343331473
3784,323.41352408272877
3785,377.3609924316406
3786,358.8004063197545
3787,400.4193028041295
3788,348.69084603445873
3789,462.46702357700894
3790,470.21979904174805
3791,499.0664498465402
3792,501.8130841936384
3793,520.9158150809152
3794,454.02525547572543
3795,589.2806053161621
3796,560.1769278390067
3797,490.09057181222096
3798,401.1839599609375
3799,272.0836268833705
3800,283.9215393066406
3801,343.90022931780135
3802,356.89929635184154
3803,352.0072719029018
3804,412.88672310965404
3805,544.9779624938965
3806,667.4936872209821
3807,845.7552839006696
3808,720.1829746791294
3809,760.6494838169643
3810,734.2165298461914
3811,631.5957903180804
3812,540.1887817382812
3813,492.6839294433594
3814,461.05468096051897
3815,426.33024978637695
3816,416.8258361816406
3817,493.32397024972096
3818,371.9900905064174
3819,325.502685546875
3820,339.2595729827881
3821,269.3442949567522
3822,240.00415693010603
3823,288.1536778041295
3824,377.19671630859375
3825,496.0162124633789
3826,521.5311846051898
3827,564.3692016601562
3828,519.0362548828125
3829,493.8756365094866
3830,426.07816314697266
3831,479.0328456333705
3832,501.6667044503348
3833,610.804914202009
3834,487.05638340541293
3835,373.7640266418457
3836,315.9384329659598
3837,258.73849705287387
3838,276.9417637416295
3839,306.0538809640067
3840,483.69631576538086
3841,504.6547066824777
3842,494.8171953473772
3843,566.2674778529575
3844,415.332996913365
3845,362.2074489593506
3846,287.7905033656529
3847,222.65638732910156
3848,307.08861868722096
3849,313.43453325544084
3850,398.01830101013184
3851,438.1504908970424
3852,353.6887991768973
3853,423.37244088309154
3854,434.3624529157366
3855,935.4236755371094
3856,823.4598824637277
3857,929.9338248116629
3858,998.5097133091518
3859,898.8761771065848
3860,620.6321182250977
3861,618.6525486537388
3862,643.8676321847098
3863,668.2356959751675
3864,634.3649466378348
3865,533.591178894043
3866,513.9741973876953
3867,588.7458365304129
3868,508.2594299316406
3869,510.44127982003346
3870,474.3932189941406
3871,465.9718540736607
3872,590.4859967912946
3873,574.932133265904
3874,524.0676879882812
3875,682.4184837341309
3876,632.6642325265067
3877,609.1412222726004
3878,547.7957894461496
3879,458.46124267578125
3880,411.4780921936035
3881,368.4831237792969
3882,359.71618216378346
3883,447.5587899344308
3884,513.6565508161273
3885,537.8476104736328
3886,624.6629202706473
3887,552.9341343470982
3888,560.1324855259487
3889,495.11385672433033
3890,418.30156326293945
3891,399.2892804827009
3892,300.4317888532366
3893,362.2193080357143
3894,371.29320853097096
3895,372.11896896362305
3896,409.1027134486607
3897,365.0101579938616
3898,252.18502589634485
3899,295.6784973144531
3900,227.8691349029541
3901,202.82925851004464
3902,232.45599365234375
3903,209.5713893345424
3904,274.0901075090681
3905,259.29186058044434
3906,299.3191353934152
3907,247.93633161272322
3908,250.29571315220423
3909,297.8439745221819
3910,269.85346031188965
3911,284.63925388881137
3912,232.94198390415735
3913,260.0526668003627
3914,193.48106384277344
3915,209.11744499206543
3916,218.61342075892858
3917,280.26017107282365
3918,305.94942365373885
3919,241.55029950823103
3920,291.74476051330566
3921,291.36593845912387
3922,470.2774876185826
3923,837.5567626953125
3924,664.1036812918527
3925,881.3249053955078
3926,1159.9908360072545
3927,624.9790344238281
3928,453.5492640904018
3929,539.8166416713169
3930,552.3261260986328
3931,393.1290021623884
3932,423.3531232561384
3933,326.16819981166293
3934,297.7202671595982
3935,252.39125061035156
3936,239.7788543701172
3937,232.5438472202846
3938,217.47598920549666
3939,161.19929940359933
3940,161.86452960968018
3941,181.30237470354353
3942,165.82805742536272
3943,177.36787850516183
3944,161.25672912597656
3945,190.6021728515625
3946,215.07531520298548
3947,246.7274671282087
3948,310.63718959263394
3949,361.557861328125
3950,307.99488067626953
3951,271.95143127441406
3952,216.16900198800224
3953,237.68949236188615
3954,228.4618377685547
3955,195.5795135498047
3956,197.74383980887276
3957,216.2471705845424
3958,296.4535435267857
3959,208.64522879464286
3960,234.0340747833252
3961,293.8040662493025
3962,358.7984095982143
3963,217.1757071358817
3964,262.16029575892856
3965,312.5353946685791
3966,238.83735002790178
3967,284.61854553222656
3968,262.5393284388951
3969,344.3890686035156
3970,296.5328178405762
3971,334.47216360909596
3972,274.5105547223772
3973,361.09684099469865
3974,257.5472106933594
3975,273.5941467285156
3976,236.71644592285156
3977,271.9236820765904
3978,344.7202715192522
3979,352.1310773577009
3980,279.92841148376465
3981,357.5027553013393
3982,258.442380632673
3983,192.75948006766183
3984,156.92405264718192
3985,227.65076637268066
3986,214.31778608049666
3987,179.71675654820032
3988,217.69688197544642
3989,197.7371063232422
3990,183.80979919433594
3991,182.6104256766183
3992,189.24629647391183
3993,189.2863311767578
3994,176.52476174490792
3995,154.71305465698242
3996,211.24971444266183
3997,220.77516174316406
3998,230.50296020507812
3999,229.2976357596261
4000,263.80746841430664
4001,223.93008640834265
4002,197.84908730643136
4003,203.93946184430803
4004,178.5959232875279
4005,155.82388496398926
4006,177.77338518415178
4007,161.04325212751115
4008,172.79596165248327
4009,161.17180742536272
4010,150.05250453948975
4011,163.73975263323103
4012,162.08654022216797
4013,189.5810089111328
4014,235.32749720982142
4015,202.61747550964355
4016,216.72147478376115
4017,212.6366686139788
4018,192.5489981515067
4019,159.85181753976005
4020,145.0236930847168
4021,156.7376229422433
4022,145.16310555594308
4023,163.22838047572546
4024,166.64617483956474
4025,145.93241596221924
4026,174.03698512486048
4027,196.23404366629464
4028,194.98644801548548
4029,178.6441388811384
4030,223.6867904663086
4031,196.50503758021765
4032,155.08434840611048
4033,157.41481236049108
4034,157.4626007080078
4035,225.1698055267334
4036,303.3550349644252
4037,565.6059308733259
4038,541.0592367989676
4039,357.9742170061384
4040,655.7672843933105
4041,526.6675393240793
4042,215.91224234444755
4043,218.34261431012834
4044,213.9006849016462
4045,171.2464828491211
4046,133.28847067696708
4047,127.57479967389789
4048,148.78184945242745
4049,134.05130222865515
4050,164.00635528564453
4051,155.84666551862443
4052,172.69720023018974
4053,163.0623038155692
4054,168.9540754045759
4055,155.62343883514404
4056,157.09725734165735
4057,148.59198543003626
4058,156.60394505092077
4059,163.1878433227539
4060,185.4134120941162
4061,172.52173505510603
4062,186.1447034563337
4063,189.15448543003626
4064,192.89505440848214
4065,169.90967559814453
4066,196.50043160574776
4067,205.4174586704799
4068,334.37038966587613
4069,427.73256138392856
4070,502.3858871459961
4071,517.7495858328683
4072,813.2403477260044
4073,1172.1038643973213
4074,800.7745274135044
4075,788.2754669189453
4076,1045.885981968471
4077,1108.9745047433037
4078,765.8587995256696
4079,681.0255977085659
4080,563.5917148590088
4081,352.99588884626115
4082,379.24046543666293
4083,508.3688659667969
4084,527.9706769670759
4085,504.23515129089355
4086,408.5025939941406
4087,1160.5507027762276
4088,497.5817195347377
4089,737.6625453404018
4090,828.7463874816895
4091,767.7446768624442
4092,270.2789851597377
4093,359.73987252371654
4094,387.69665963309154
4095,531.913501739502
4096,623.3621564592634
4097,574.343257359096
4098,727.4954790387835
4099,793.5425066266741
4100,680.3602905273438
4101,543.4000636509487
4102,712.4554835728237
4103,696.4492797851562
4104,807.3827340262277
4105,640.1622657775879
4106,640.2503574916294
4107,678.9523402622768
4108,865.7872140066964
4109,865.2014944893973
4110,730.185432434082
4111,1723.7476893833705
4112,1158.6636047363281
4113,1352.0400565011162
4114,870.1340767996652
4115,608.1789436340332
4116,454.0655953543527
4117,571.1701136997768
4118,1013.9207676478794
4119,879.3688703264509
4120,592.4504814147949
4121,784.7722603934152
4122,997.8340236118862
4123,503.24490792410717
4124,643.9736415318081
4125,686.4336013793945
4126,386.5708748953683
4127,485.6178283691406
4128,500.62760271344865
4129,385.5207214355469
4130,374.91909408569336
4131,336.0293535505022
4132,356.3181719098772
4133,318.4427926199777
4134,397.0812225341797
4135,275.2875118255615
4136,511.79148646763394
4137,489.0560041155134
4138,407.51820591517856
4139,367.77122715541293
4140,309.71140575408936
4141,172.96683066231864
4142,476.59010532924106
4143,569.6488385881696
4144,556.4090118408203
4145,648.793773651123
4146,407.6006513323103
4147,373.2474365234375
4148,211.98506382533483
4149,182.15208217075892
4150,222.02627563476562
4151,260.3251386369978
4152,334.77005876813615
4153,402.8150634765625
4154,345.73050362723217
4155,417.4495544433594
4156,419.1763218470982
4157,235.2244153703962
4158,221.9197256905692
4159,331.09093802315846
4160,439.98176193237305
4161,574.1073259626116
4162,461.36681692940846
4163,417.0018048967634
4164,184.2414038521903
4165,155.63002014160156
4166,135.80217633928572
4167,180.3648202078683
4168,223.60580008370536
4169,256.2685743059431
4170,546.6359062194824
4171,460.27703857421875
4172,529.6914542061942
4173,563.4153485979352
4174,493.4660339355469
4175,431.4146785736084
4176,597.7856837681362
4177,779.089599609375
4178,648.7598092215402
4179,457.93043736049106
4180,687.5188674926758
4181,515.6575142996652
4182,253.89052036830358
4183,271.57330649239674
4184,237.28053065708704
4185,256.6899662017822
4186,234.6802738734654
4187,433.5802089146205
4188,442.41412353515625
4189,507.9586726597377
4190,344.5214557647705
4191,242.209593636649
4192,171.74200657435827
4193,166.72217886788505
4194,225.44463457380022
4195,257.72929191589355
4196,1125.3198460170202
4197,1353.7110334123884
4198,832.4604012625558
4199,1153.5138353620257
4200,1063.762981414795
4201,427.49498203822543
4202,455.741446358817
4203,503.3932320731027
4204,417.4103110177176
4205,407.6358299255371
4206,401.0690002441406
4207,448.8045741489955
4208,522.4885951450893
4209,728.1407906668527
4210,893.0519104003906
4211,620.8967939104352
4212,1211.0175519670759
4213,1494.686763218471
4214,1328.696293422154
4215,1248.3448638916016
4216,905.3399658203125
4217,646.4321027483259
4218,516.0286734444754
4219,611.7037876674107
4220,643.1372413635254
4221,493.4877232142857
4222,352.16375950404574
4223,302.3469935825893
4224,332.0772792271205
4225,226.11313247680664
4226,149.22198813302177
4227,149.467777797154
4228,246.32135336739677
4229,247.22635759626115
4230,218.82731246948242
4231,239.79253496442522
4232,244.72018432617188
4233,204.7291216169085
4234,323.98560878208707
4235,349.4216556549072
4236,371.3253631591797
4237,382.9038761683873
4238,222.48718043736048
4239,313.6210414341518
4240,246.9603567123413
4241,371.5971875871931
4242,454.0956028529576
4243,464.98444693429127
4244,597.8319571358817
4245,521.1474685668945
4246,554.73342023577
4247,455.70233154296875
4248,219.086302621024
4249,124.50061471121651
4250,105.96908569335938
4251,93.7762451171875
4252,115.45435224260602
4253,105.17082977294922
4254,142.40082005092077
4255,180.11404991149902
4256,157.22383335658483
4257,166.27253941127233
4258,142.61022077287947
4259,196.33226776123047
4260,252.9010009765625
4261,684.7787824358259
4262,748.6995413643973
4263,755.8659515380859
4264,515.4681440080915
4265,733.7271060943604
4266,724.2396501813616
4267,768.8045261928013
4268,590.0466918945312
4269,668.7903267996652
4270,577.6437034606934
4271,727.5143301827567
4272,622.6519557407925
4273,499.3263375418527
4274,536.3153948102679
4275,478.1616554260254
4276,412.86330958775113
4277,434.14798627580916
4278,728.9935564313616
4279,599.3416399274554
4280,455.63597297668457
4281,527.1500898088727
4282,749.622297014509
4283,691.2252197265625
4284,603.4678998674665
4285,475.8164596557617
4286,357.9975324358259
4287,362.3898707798549
4288,332.1213902064732
4289,235.71797834123885
4290,1239.34321975708
4291,909.141379220145
4292,747.4517429896763
4293,1208.9463544573102
4294,1366.2352120535713
4295,491.65100479125977
4296,516.9223327636719
4297,628.7632446289062
4298,638.9080461774554
4299,484.6681562151228
4300,512.6503829956055
4301,501.75257655552457
4302,702.7024012974331
4303,449.1458958217076
4304,430.11839512416293
4305,306.1401643753052
4306,433.4354509626116
4307,545.8646676199777
4308,306.52795846121654
4309,396.1266828264509
4310,511.0918960571289
4311,470.21864536830356
4312,455.81282697405135
4313,677.9224809919085
4314,656.7285417829241
4315,630.8282127380371
4316,538.8237784249442
4317,501.28739275251115
4318,372.53521728515625
4319,445.6318577357701
4320,424.94082260131836
4321,402.3790719168527
4322,372.2354300362723
4323,405.8652583530971
4324,619.2430855887277
4325,670.4818878173828
4326,463.5564629690988
4327,618.3238786969866
4328,507.54693385532926
4329,350.3799482073103
4330,287.4824676513672
4331,325.75401306152344
4332,165.96993582589286
4333,198.40900094168526
4334,333.10299137660434
4335,351.3250675201416
4336,245.76778847830636
4337,308.1693093436105
4338,306.5935178484236
4339,279.61539459228516
4340,215.0324468612671
4341,169.27532196044922
4342,219.08868081229073
4343,290.0724214826311
4344,235.34983607700892
4345,205.55397510528564
4346,233.21970912388392
4347,289.0571626935686
4348,169.90196772984095
4349,196.96688297816686
4350,321.0999507904053
4351,249.11596897670202
4352,300.3858424595424
4353,292.62721034458707
4354,187.95768192836218
4355,148.12549018859863
4356,148.252934047154
4357,318.5507136753627
4358,299.7134017944336
4359,316.0565436226981
4360,250.45600986480713
4361,241.87240382603235
4362,131.72921752929688
4363,184.12823922293526
4364,205.32157244001115
4365,234.48500442504883
4366,318.6974421909877
4367,443.2976379394531
4368,503.0176086425781
4369,575.3585117885044
4370,484.79449462890625
4371,384.7525939941406
4372,424.22416033063615
4373,291.2614075796945
4374,368.5344696044922
4375,480.4941759109497
4376,545.682634626116
4377,335.44113486153736
4378,326.72628239222934
4379,267.57932826450894
4380,375.52934646606445
4381,340.15936061314176
4382,170.92693219866072
4383,223.92235129220145
4384,673.8607264927456
4385,192.95532035827637
4386,394.0052708217076
4387,366.78970772879467
4388,288.34759412493025
4389,201.68470110212053
4390,148.54364776611328
4391,207.15788051060267
4392,557.5865914481027
4393,406.93702479771207
4394,532.2366725376675
4395,731.0635452270508
4396,656.9309823172433
4397,325.1355503627232
4398,661.8098057338169
4399,755.1265302385602
4400,436.1051330566406
4401,343.2405264718192
4402,283.94124276297435
4403,220.84802028111048
4404,184.52516610281808
4405,205.30827808380127
4406,294.0153481619699
4407,419.4835314069475
4408,346.7357962472098
4409,363.96197727748324
4410,316.546085357666
4411,196.97264535086495
4412,168.3278078351702
4413,240.32953316824776
4414,172.2022432599749
4415,354.638879776001
4416,334.00054931640625
4417,513.2991071428571
4418,413.56705365862166
4419,357.36706107003346
4420,399.26074028015137
4421,418.35488673618863
4422,533.4472569056919
4423,659.9620710100446
4424,477.07141549246654
4425,421.7661552429199
4426,371.66453770228793
4427,352.2685110909598
4428,320.075437273298
4429,364.8808898925781
4430,348.6832332611084
4431,255.5808846609933
4432,275.07215772356307
4433,356.61322021484375
4434,446.8774196079799
4435,449.1761169433594
4436,460.50616455078125
4437,509.3855678013393
4438,487.06116158621654
4439,339.90836443219865
4440,580.9776191711426
4441,501.90756443568637
4442,377.74037170410156
4443,345.4922180175781
4444,378.4186532156808
4445,228.21410942077637
4446,289.2415575299944
4447,372.6883871895926
4448,437.3675275530134
4449,569.1338588169643
4450,753.0090484619141
4451,397.6468287876674
4452,508.32831900460377
4453,579.0022474016462
4454,300.44234575544084
4455,281.9026908874512
4456,247.80473109654017
4457,281.5897020612444
4458,202.6909899030413
4459,346.0773141043527
4460,282.22656059265137
4461,286.32179478236606
4462,395.300057547433
4463,490.9550519670759
4464,484.69490705217635
4465,438.01602935791016
4466,472.9388209751674
4467,324.31743294852123
4468,408.537608555385
4469,334.12521580287387
4470,518.2331771850586
4471,312.4441430228097
4472,311.1757289341518
4473,327.5615757533482
4474,351.3185729980469
4475,300.5520133972168
4476,402.3492998395647
4477,330.3831307547433
4478,344.44610377720426
4479,295.4985133579799
4480,357.3744888305664
4481,381.50761849539623
4482,779.1832842145648
4483,1165.9756338936943
4484,958.9973057338169
4485,636.0131282806396
4486,765.422119140625
4487,344.82200840541293
4488,333.11957877022877
4489,220.76742553710938
4490,353.19666290283203
4491,382.48043387276783
4492,348.68635995047435
4493,466.47826712472096
4494,692.2899518694196
4495,606.0835666656494
4496,499.889901297433
4497,846.7467041015625
4498,721.8737444196429
4499,564.9029017857143
4500,353.89698028564453
4501,476.7544730050223
4502,505.8031790597098
4503,496.00677490234375
4504,514.3566371372768
4505,480.485107421875
4506,433.4874965122768
4507,343.8909933907645
4508,203.8600572858538
4509,200.77992030552454
4510,225.0840253829956
4511,170.95867701939173
4512,182.7289755684989
4513,179.4042957850865
4514,328.5205296107701
4515,326.5905456542969
4516,323.07433646065846
4517,343.75468008858815
4518,294.4860741751535
4519,259.78460911342074
4520,221.17544746398926
4521,221.59902845110213
4522,204.3792681012835
4523,280.83355494907926
4524,288.4731903076172
4525,218.854248046875
4526,263.18456377301897
4527,315.9805385044643
4528,354.6889343261719
4529,483.9752088274275
4530,453.4353256225586
4531,641.3639046805246
4532,581.4006827218192
4533,484.8912048339844
4534,451.7577558244978
4535,379.3281898498535
4536,456.8853236607143
4537,373.8423527308873
4538,273.67806134905135
4539,340.8527156284877
4540,319.591552734375
4541,332.0916290283203
4542,265.5119389125279
4543,335.65309361049106
4544,368.65504237583707
4545,215.89381408691406
4546,379.82411193847656
4547,394.798104422433
4548,276.2558288574219
4549,299.500985281808
4550,340.7762870788574
4551,289.21500723702565
4552,265.87301199776783
4553,234.93968091692244
4554,289.9658878871373
4555,337.47955894470215
4556,306.33241053989957
4557,398.8148520333426
4558,367.0459878104074
4559,335.84498378208707
4560,231.98992443084717
4561,235.37447684151786
4562,190.43853759765625
4563,347.1222185407366
4564,267.7743366786412
4565,247.55616188049316
4566,354.39950125558033
4567,457.197274344308
4568,402.10166931152344
4569,337.2145265851702
4570,386.8753433227539
4571,335.3577793666295
4572,247.76517159598214
4573,209.24515424455916
4574,175.40374319893974
4575,115.68352794647217
4576,141.89450073242188
4577,119.5372783115932
4578,175.38338906424386
4579,222.57498386928015
4580,162.41487503051758
4581,180.11200060163225
4582,338.18901497977123
4583,247.51729583740234
4584,246.95735386439733
4585,204.78794527053833
4586,69.91121564592633
4587,128.82414191109794
4588,183.1737322126116
4589,165.95202364240373
4590,270.63047790527344
4591,344.27292088099887
4592,332.2330976213728
4593,260.0546090262277
4594,378.47119140625
4595,161.02697277069092
4596,298.99555533272877
4597,344.76378086635043
4598,390.12034824916293
4599,348.71431405203685
4600,145.83322143554688
4601,173.0194135393415
4602,223.5332260131836
4603,135.22042792184013
4604,142.23370361328125
4605,641.8874168395996
4606,847.8415178571429
4607,867.6780264718192
4608,1110.2449275425502
4609,1235.8632986886162
4610,1258.5802726745605
4611,704.2940673828125
4612,800.3095267159598
4613,617.391117640904
4614,556.6681867327009
4615,418.0452518463135
4616,219.91608319963728
4617,273.2823998587472
4618,406.2989240373884
4619,334.8975612095424
4620,350.12420082092285
4621,306.0942862374442
4622,319.1091831752232
4623,314.3636387416295
4624,307.5794001988002
4625,325.51202392578125
4626,341.0111280168806
4627,313.3178187779018
4628,432.82156808035717
4629,312.24859619140625
4630,324.5033416748047
4631,272.89454868861606
4632,232.6854291643415
4633,329.01159232003346
4634,342.4674399239676
4635,294.31781673431396
4636,407.04697963169644
4637,428.7854984828404
4638,379.2064317975725
4639,700.3001970563616
4640,642.5033912658691
4641,494.60738263811385
4642,885.45751953125
4643,694.3777683803013
4644,396.54864719935824
4645,286.93036460876465
4646,286.99881853376115
4647,172.3921606881278
4648,156.43192182268416
4649,187.4691423688616
4650,189.6503734588623
4651,223.04121616908483
4652,197.25897652762276
4653,147.73749324253626
4654,189.90079716273718
4655,197.81638622283936
4656,134.31311798095703
4657,273.0429425920759
4658,363.67677089146207
4659,469.46989004952565
4660,292.0435733795166
4661,438.8626185825893
4662,237.78899928501673
4663,397.52784892490934
4664,326.9285670689174
4665,198.10377407073975
4666,190.63496344430106
4667,145.70174952915735
4668,580.2242475237165
4669,324.8796702793666
4670,490.64537239074707
4671,298.3625008719308
4672,375.1185095650809
4673,265.5343802315848
4674,356.516610281808
4675,270.12903118133545
4676,277.6564636230469
4677,401.52510724748885
4678,343.46240888323103
4679,359.9602791922433
4680,366.5061740875244
4681,311.2591073172433
4682,229.74054282052177
4683,258.5385753086635
4684,211.6729006086077
4685,141.44413089752197
4686,149.78807612827845
4687,222.01280321393693
4688,185.06880405970983
4689,231.8176977975028
4690,284.7743721008301
4691,325.0453883579799
4692,321.68017142159596
4693,363.04456874302457
4694,248.52153778076172
4695,330.0213623046875
4696,443.94677734375
4697,1077.2716631208148
4698,911.7439618791852
4699,972.1345084054129
4700,515.7991800308228
4701,517.8975263323102
4702,202.79202270507812
4703,235.6292953491211
4704,187.54360961914062
4705,433.50839042663574
4706,542.9298597063337
4707,344.6106665475028
4708,396.52003805977955
4709,193.28228432791573
4710,241.0206069946289
4711,198.35028403145927
4712,238.69745091029577
4713,256.38340759277344
4714,218.6447034563337
4715,236.06517696380615
4716,179.69791739327567
4717,76.31193270002093
4718,72.39902714320591
4719,67.64646911621094
4720,84.10461044311523
4721,79.27881785801479
4722,68.18661880493164
4723,64.92244175502232
4724,54.68134634835379
4725,58.29424476623535
4726,57.305018288748606
4727,75.08157021658761
4728,103.49863869803292
4729,65.84544318062919
4730,94.4682502746582
4731,103.2312731061663
4732,100.54131753104073
4733,161.01105063302177
4734,313.62298801967074
4735,241.32465410232544
4736,448.8177403041295
4737,290.818491254534
4738,192.38813999720983
4739,145.4413125174386
4740,224.93707084655762
4741,231.17223249162947
4742,300.8034210205078
4743,387.4137202671596
4744,305.84839630126953
4745,426.0016975402832
4746,327.6444211687361
4747,291.2823813302176
4748,464.01210239955356
4749,525.4182891845703
4750,362.7966499328613
4751,455.1299525669643
4752,565.1739153180804
4753,460.098874773298
4754,373.13975524902344
4755,562.9938774108887
4756,337.569822038923
4757,167.51275961739677
4758,125.1598129272461
4759,155.20392281668526
4760,199.63152885437012
4761,191.717045375279
4762,141.275757925851
4763,224.08816746303015
4764,294.0223137991769
4765,443.31170654296875
4766,285.4943062918527
4767,430.5064784458705
4768,377.6322021484375
4769,306.5112075805664
4770,255.9898509979248
4771,367.0519801548549
4772,306.96409606933594
4773,274.2971878051758
4774,286.7232349940709
4775,250.24062633514404
4776,235.74637712751115
4777,366.06375994001115
4778,265.84448787144254
4779,265.56317138671875
4780,267.87939643859863
4781,284.2057102748326
4782,166.56526020595007
4783,286.8659144810268
4784,285.66679818289623
4785,316.3200407028198
4786,199.8151092529297
4787,374.1792667933873
4788,213.79374258858817
4789,351.25895254952565
4790,272.16621494293213
4791,351.8542262486049
4792,461.7520751953125
4793,382.6840166364397
4794,303.74657549176897
4795,337.8886241912842
4796,208.14678737095423
4797,214.3977334158761
4798,168.2794532775879
4799,303.80468205043246
4800,236.42070770263672
4801,143.2124524797712
4802,169.0624989100865
4803,147.47603389195032
4804,98.81977190290179
4805,112.17787170410156
4806,175.91724395751953
4807,151.16660744803292
4808,236.10699571881975
4809,209.81613050188338
4810,269.817421913147
4811,308.9393201555525
4812,168.84950092860632
4813,539.4240286690848
4814,392.8305097307478
4815,303.29193687438965
4816,234.99177769252233
4817,203.9526606968471
4818,284.5767713274275
4819,294.8989584786551
4820,250.15301609039307
4821,217.9465048653739
4822,254.6247841971261
4823,377.9776829310826
4824,217.44912719726562