episode,q_loss
1,0.0
2,0.0
3,895.2198282877604
4,1093.554178873698
5,1094.4679768880208
6,1098.6278584798176
7,1129.5897827148438
8,1021.7890930175781
9,1112.7161458333333
10,1100.3716837565105
11,1212.13369140625
12,1331.4322509765625
13,1368.373270670573
14,1253.6942749023438
15,1068.97900390625
16,1189.2474365234375
17,1191.7056884765625
18,1360.6862182617188
19,1291.953125
20,1292.3516031901042
21,1329.069677734375
22,1565.107930501302
23,1191.9840698242188
24,1176.1165568033855
25,1280.9305623372395
26,1205.150858561198
27,1233.0092264811199
28,1070.6833190917969
29,1438.1136678059895
30,1270.3568522135417
31,1358.731982421875
32,1558.3079630533855
33,1376.2067565917969
34,1586.8594767252605
35,1493.4416910807292
36,1490.4111735026042
37,1446.4498291015625
38,1306.3236490885417
39,1521.7541097005208
40,1306.6748860677083
41,1253.6840576171876
42,1210.8053588867188
43,1184.02099609375
44,1332.7676798502605
45,1280.7416178385417
46,1191.0026143391926
47,1559.1170857747395
48,1478.4795939127605
49,1694.030741373698
50,1633.3632405598958
51,1586.225439453125
52,1615.7083943684895
53,1537.1894938151042
54,1488.258321126302
55,1165.2916259765625
56,1116.6231486002605
57,1271.255615234375
58,1281.6554361979167
59,1331.206075032552
60,1503.7909342447917
61,1364.737158203125
62,1400.021464029948
63,1414.1961873372395
64,1379.8041178385417
65,1336.3259887695312
66,1256.3923950195312
67,1567.6962483723958
68,1319.116923014323
69,1286.695292154948
70,1482.6670735677083
71,1808.7344970703125
72,1702.4117431640625
73,1688.1420491536458
74,1664.612080891927
75,1496.2063395182292
76,1367.1548461914062
77,1386.6442464192708
78,1334.368916829427
79,1329.2465006510417
80,1494.8001708984375
81,1297.64296875
82,1295.9684651692708
83,1328.2854614257812
84,1304.4258219401042
85,1318.2760823567708
86,1540.2335408528645
87,1677.347900390625
88,1558.7854614257812
89,1634.1022338867188
90,1788.2176106770833
91,1859.4249755859375
92,2068.4439086914062
93,1786.2987874348958
94,1610.5059000651042
95,1634.3815511067708
96,1721.1307169596355
97,1716.3173014322917
98,1846.889872233073
99,1515.5797526041667
100,1501.6771240234375
101,1620.1744384765625
102,1405.6013997395833
103,1720.5177205403645
104,1893.2225545247395
105,1801.55908203125
106,1867.074951171875
107,2036.2919514973958
108,1931.0679321289062
109,1980.5205078125
110,1984.4330240885417
111,1911.4276123046875
112,1693.6684977213542
113,1603.9403483072917
114,1879.8509114583333
115,1466.787353515625
116,1585.6071370442708
117,1471.7858276367188
118,1633.5885416666667
119,1562.488525390625
120,1542.2635701497395
121,1641.1691162109375
122,1531.583231608073
123,1720.4207356770833
124,1510.8705240885417
125,1352.5804239908855
126,1231.6597900390625
127,1423.056864420573
128,1449.5612182617188
129,1687.4237263997395
130,1634.334208170573
131,1569.8669677734374
132,1667.0534057617188
133,1749.5658569335938
134,1684.369384765625
135,1712.7546793619792
136,1533.8021240234375
137,1833.011454264323
138,1721.9718424479167
139,1601.1485392252605
140,1659.1814982096355
141,1673.45693359375
142,1698.9024861653645
143,1699.4143880208333
144,1823.1211547851562
145,1851.3740641276042
146,1749.0418904622395
147,1877.5989583333333
148,1532.8203735351562
149,1770.055887858073
150,1640.3501586914062
151,1579.7365234375
152,1690.8724161783855
153,1784.296142578125
154,1903.016866048177
155,1984.1628011067708
156,2003.9524739583333
157,1815.7543334960938
158,1793.8915608723958
159,1818.0847574869792
160,1525.0907185872395
161,1502.256201171875
162,1661.200927734375
163,2029.6342366536458
164,2043.3319295247395
165,2183.8409830729165
166,2248.681681315104
167,2210.356201171875
168,1999.3571166992188
169,1728.0093383789062
170,1555.298563639323
171,1857.60185546875
172,1642.7249145507812
173,1875.640604654948
174,1792.1016235351562
175,1933.228047688802
176,1866.2060139973958
177,1899.614481608073
178,1948.5260823567708
179,1868.7152099609375
180,1542.9635009765625
181,1451.8826904296875
182,1629.0889282226562
183,1668.4812418619792
184,1580.4553833007812
185,1568.358154296875
186,1761.7807210286458
187,1521.3482462565105
188,1772.4319661458333
189,1512.5106608072917
190,1817.4088948567708
191,1770.8469970703125
192,1741.0792236328125
193,1620.7579345703125
194,1585.431396484375
195,1564.2493896484375
196,1723.2552897135417
197,1764.633524576823
198,2015.1058959960938
199,2162.8197224934897
200,1863.4449055989583
201,1756.508642578125
202,1611.542989095052
203,2061.4368693033853
204,1768.1127319335938
205,1797.869405110677
206,1937.03955078125
207,2135.3470865885415
208,1865.4132486979167
209,1708.0814208984375
210,2007.2376708984375
211,1754.987939453125
212,1839.866455078125
213,1806.14013671875
214,2041.0454711914062
215,1958.5714925130208
216,1813.4242553710938
217,1980.1644490559895
218,1722.680399576823
219,1560.6941935221355
220,1578.8602091471355
221,1829.8266845703124
222,1830.76806640625
223,1814.361572265625
224,1789.6770629882812
225,2053.2117309570312
226,1634.101826985677
227,1725.1014811197917
228,1699.450459798177
229,2000.7681681315105
230,1695.8256429036458
231,1911.9382080078126
232,2123.2069091796875
233,1829.9261474609375
234,1958.5575561523438
235,2063.6954752604165
236,2125.9903971354165
237,2118.9649251302085
238,2456.0845540364585
239,2469.5918782552085
240,1979.4273885091145
241,2071.06044921875
242,1992.990702311198
243,1891.843729654948
244,2188.849650065104
245,2273.6265869140625
246,2195.3606770833335
247,2096.7499186197915
248,1940.7435099283855
249,1906.3150431315105
250,1937.4441324869792
251,2094.320458984375
252,1856.2291870117188
253,1919.9349365234375
254,2053.6830444335938
255,2140.8875325520835
256,1791.280537923177
257,2072.0302530924478
258,1934.9794311523438
259,2051.5651041666665
260,2041.1097208658855
261,2202.165771484375
262,2227.545125325521
263,2092.532958984375
264,2210.700480143229
265,1993.0650634765625
266,2235.5923461914062
267,2256.904988606771
268,1809.8590291341145
269,1763.7665201822917
270,1660.2874145507812
271,1654.1396240234376
272,1862.777852376302
273,1843.8500569661458
274,2001.6538696289062
275,1952.595479329427
276,1714.830830891927
277,1511.4476318359375
278,1530.8938802083333
279,1749.8191528320312
280,1885.5831502278645
281,1899.400146484375
282,1668.7530721028645
283,1857.3051147460938
284,1664.7083536783855
285,1449.5110270182292
286,1491.0551350911458
287,1616.0924072265625
288,1653.5059407552083
289,1913.2476603190105
290,1753.098368326823
291,2083.862109375
292,2070.4944458007812
293,1838.1077067057292
294,1809.9109497070312
295,1845.1352945963542
296,1737.593282063802
297,1792.3370157877605
298,1847.2299397786458
299,1918.677001953125
300,1847.0557454427083
301,2217.1483642578123
302,1996.2541910807292
303,1995.154052734375
304,1887.698506673177
305,1876.9635009765625
306,1896.4437459309895
307,2118.2543131510415
308,2160.1766357421875
309,2106.9706217447915
310,2218.3853149414062
311,2226.4783203125
312,1978.450215657552
313,2023.5387369791667
314,1996.8914184570312
315,2292.95458984375
316,2133.4205118815103
317,2480.7799072265625
318,2339.1659138997397
319,2576.9436848958335
320,2473.757364908854
321,2122.871337890625
322,2236.921671549479
323,1982.3688557942708
324,1904.5970458984375
325,1988.4189453125
326,1991.1229044596355
327,1748.5477905273438
328,2056.4746907552085
329,2046.9022623697917
330,2106.0501098632812
331,2041.8716552734375
332,2133.3108520507812
333,2280.0790405273438
334,2229.2659505208335
335,2332.8617350260415
336,2351.4231974283853
337,2339.5537923177085
338,2356.4493815104165
339,1970.1926879882812
340,2056.5721435546875
341,2007.419775390625
342,2082.5108032226562
343,1748.0642700195312
344,1902.251200358073
345,2164.33544921875
346,2099.4929402669272
347,2109.0403645833335
348,2149.6953125
349,2346.519327799479
350,2332.377237955729
351,1911.563916015625
352,2389.1270751953125
353,2230.884318033854
354,2025.7950236002605
355,1908.8524169921875
356,2095.551717122396
357,2006.7967122395833
358,2036.653340657552
359,2095.443359375
360,2041.9910278320312
361,2151.642919921875
362,2213.2388305664062
363,2256.3387247721353
364,2317.7698567708335
365,2103.004150390625
366,2430.3782958984375
367,2127.1792602539062
368,1997.3639322916667
369,2062.6363118489585
370,2308.704833984375
371,2017.755712890625
372,2252.8876139322915
373,2106.1707763671875
374,2120.625528971354
375,1807.3174845377605
376,1867.6817220052083
377,1736.667500813802
378,1772.6027221679688
379,1616.3244222005208
380,1759.3786214192708
381,2070.8025146484374
382,2387.4290771484375
383,2229.1376953125
384,2372.8133138020835
385,2660.4815266927085
386,2516.342041015625
387,2463.9873046875
388,2346.7583618164062
389,2377.9197591145835
390,2361.2149251302085
391,2178.007568359375
392,2102.3519287109375
393,1943.112040201823
394,1775.9071248372395
395,1909.9735107421875
396,1941.4029744466145
397,1901.976826985677
398,1976.1152954101562
399,2011.3427327473958
400,2051.6560262044272
401,1776.985546875
402,1926.6192220052083
403,2068.5361938476562
404,2026.3497924804688
405,2394.9613037109375
406,2403.3241373697915
407,2126.5296020507812
408,2517.055908203125
409,2638.119913736979
410,2261.9669392903647
411,2229.893310546875
412,1954.4268798828125
413,2116.0622762044272
414,1894.9903971354167
415,1822.772705078125
416,1839.7167358398438
417,1732.515401204427
418,1854.2774251302083
419,1955.0743001302083
420,1902.1775309244792
421,2075.75810546875
422,2178.6236368815103
423,1906.9269002278645
424,2510.4991861979165
425,2516.5630696614585
426,2280.8168334960938
427,2266.358642578125
428,2067.2694498697915
429,2002.5174153645833
430,2121.72119140625
431,2167.8248046875
432,2253.6584269205728
433,2037.3650309244792
434,1951.775614420573
435,1929.7701416015625
436,1928.9946695963542
437,1755.0903930664062
438,1521.4620157877605
439,1578.0609741210938
440,1634.8912556966145
441,1921.366748046875
442,1751.654317220052
443,1920.131591796875
444,1772.9082845052083
445,1942.6762084960938
446,2031.1820882161458
447,2113.0078328450522
448,2225.9378865559897
449,1919.7472330729167
450,2106.8286946614585
451,1905.9927734375
452,1809.743428548177
453,1959.4295857747395
454,1741.9275919596355
455,1493.4805297851562
456,1568.58740234375
457,1622.076924641927
458,1863.009989420573
459,1843.1021321614583
460,1802.9215901692708
461,2129.20244140625
462,2310.7666015625
463,2173.4741821289062
464,1877.7602132161458
465,2106.6434122721353
466,1850.9634806315105
467,1784.6805826822917
468,1921.4244588216145
469,2005.476786295573
470,2448.926228841146
471,2177.15244140625
472,2076.4974161783853
473,2218.7250366210938
474,2207.4015299479165
475,2353.7222493489585
476,2125.0233764648438
477,2126.588907877604
478,1824.3001708984375
479,1710.3107299804688
480,1549.5833740234375
481,1748.123193359375
482,1962.8181966145833
483,1852.2962036132812
484,1930.877685546875
485,2012.7292073567708
486,1842.0524088541667
487,1897.2491861979167
488,1828.2640787760417
489,1837.4238891601562
490,1846.8941650390625
491,1766.66728515625
492,1709.5444742838542
493,1629.2869466145833
494,1371.4353434244792
495,1369.0365804036458
496,1335.1738891601562
497,1490.910176595052
498,1543.660868326823
499,1481.7505696614583
500,1720.0658772786458
501,1753.47607421875
502,1964.80908203125
503,1870.6888631184895
504,1820.6252034505208
505,1851.521708170573
506,1550.4571329752605
507,1698.8365071614583
508,1489.009785970052
509,1602.1792805989583
510,1653.7206624348958
511,1574.4381591796875
512,1840.6158650716145
513,1761.2574462890625
514,1882.62109375
515,1634.48291015625
516,1643.140380859375
517,1541.3641967773438
518,1415.3482869466145
519,1607.0441080729167
520,1945.8514200846355
521,2151.951025390625
522,1876.3861287434895
523,2243.3516235351562
524,2142.6000162760415
525,1970.6287841796875
526,2208.6466674804688
527,2312.272420247396
528,2177.960489908854
529,2400.07421875
530,2315.067626953125
531,2343.393603515625
532,2099.6039021809897
533,1910.25634765625
534,2008.8585408528645
535,2142.7906087239585
536,2058.6983439127603
537,2228.6370849609375
538,2621.082722981771
539,2401.0734049479165
540,2466.3663736979165
541,2156.012255859375
542,2293.013387044271
543,2173.4903767903647
544,2288.997273763021
545,1980.8717447916667
546,2197.228515625
547,2251.8680419921875
548,2294.0908406575522
549,2330.5264892578125
550,2311.6324462890625
551,2420.68125
552,2299.4874674479165
553,2345.1351318359375
554,2329.9104817708335
555,2318.214396158854
556,2425.3030395507812
557,2579.4427083333335
558,2216.8784790039062
559,2770.8756510416665
560,2129.8860677083335
561,2456.878271484375
562,2482.1376139322915
563,2723.224609375
564,2761.924519856771
565,2366.8973185221353
566,2449.4632975260415
567,2816.7381998697915
568,2472.4395141601562
569,2282.673624674479
570,2069.0647989908853
571,2057.325927734375
572,1800.355692545573
573,2047.0986938476562
574,2020.8153686523438
575,1742.3212280273438
576,1789.2654825846355
577,1657.8562418619792
578,1762.3165486653645
579,1970.9212239583333
580,2384.7576700846353
581,2075.648828125
582,2490.751261393229
583,2200.9736938476562
584,2300.7195841471353
585,2001.835469563802
586,2192.030232747396
587,1666.8424479166667
588,1740.6991577148438
589,1361.0177001953125
590,1701.5220947265625
591,1698.0963134765625
592,1607.048583984375
593,1382.0961507161458
594,1657.3128865559895
595,1588.2471516927083
596,1544.4640299479167
597,1403.4869181315105
598,1428.1777954101562
599,1459.6753946940105
600,1470.233907063802
601,1408.47939453125
602,1430.0865885416667
603,1598.5518188476562
604,1785.2636311848958
605,1655.147969563802
606,1572.5987243652344
607,1674.5914306640625
608,1739.021219889323
609,1533.8248697916667
610,1416.871358235677
611,1456.933447265625
612,1498.0401204427083
613,1403.0726725260417
614,1377.6559041341145
615,1268.000264485677
616,1311.4283447265625
617,1230.6591389973958
618,1336.7225341796875
619,1385.4537556966145
620,1440.2771606445312
621,1564.095947265625
622,1797.539042154948
623,1706.40771484375
624,1605.480712890625
625,1477.5498046875
626,1436.383524576823
627,1203.1299235026042
628,1293.5193277994792
629,1315.4234415690105
630,1300.9256591796875
631,1231.4057006835938
632,1363.416768391927
633,1316.1917317708333
634,1185.9559733072917
635,1225.9546915690105
636,1096.4355977376301
637,1235.3506876627605
638,1240.6263427734375
639,1188.7328287760417
640,1267.681131998698
641,1395.9166015625
642,1342.295430501302
643,1178.0682067871094
644,1361.4823201497395
645,1339.1920776367188
646,1276.2453002929688
647,1289.4585774739583
648,1392.7371419270833
649,1530.0577799479167
650,1495.753438313802
651,1457.8635986328125
652,1402.2337849934895
653,1230.1290079752605
654,1143.7784932454426
655,1194.2537231445312
656,1229.519999186198
657,1439.927998860677
658,1373.8907877604167
659,1438.5549926757812
660,1247.0480550130208
661,1317.186865234375
662,1221.6094563802083
663,1263.630879720052
664,1143.8785196940105
665,1228.4200236002605
666,1167.8809102376301
667,1236.2987060546875
668,1127.3494974772136
669,1137.8068542480469
670,1182.8365681966145
671,1198.94287109375
672,1194.5746256510417
673,1206.3126017252605
674,1169.5530802408855
675,1164.895528157552
676,1181.419453938802
677,1189.7692464192708
678,1269.7732950846355
679,1279.0666910807292
680,1294.4847208658855
681,1325.42734375
682,1207.1288553873699
683,1240.3946329752605
684,1266.3201700846355
685,1358.22802734375
686,1229.0284627278645
687,1181.0997517903645
688,1283.7021891276042
689,1275.9762573242188
690,1257.407246907552
691,1231.1715087890625
692,1302.779296875
693,1351.4285278320312
694,1324.3834431966145
695,1376.8651123046875
696,1314.9081013997395
697,1158.7055053710938
698,1263.1663818359375
699,1432.7732747395833
700,1445.8095703125
701,1493.7658203125
702,1574.7445882161458
703,1481.751953125
704,1324.488525390625
705,1333.8138224283855
706,1276.0235595703125
707,1109.4927571614583
708,1108.4276326497395
709,1060.272725423177
710,1177.4033813476562
711,1178.0134521484374
712,1220.350850423177
713,1343.2409261067708
714,1298.9046834309895
715,1367.257344563802
716,1292.8899332682292
717,1224.6204427083333
718,1193.9497680664062
719,1081.5301920572917
720,1126.152587890625
721,1171.973681640625
722,1201.635030110677
723,1207.6866658528645
724,1118.0258280436199
725,1319.3145751953125
726,1351.0216064453125
727,1240.304423014323
728,1344.797831217448
729,1271.5671691894531
730,1202.6858927408855
731,1217.2775390625
732,1109.2103780110676
733,1294.9430745442708
734,1261.6112060546875
735,1187.1916097005208
736,1335.4093017578125
737,1391.4998168945312
738,1352.7147013346355
739,1298.461405436198
740,1420.1302490234375
741,1384.49521484375
742,1390.673807779948
743,1242.85791015625
744,1180.9423828125
745,1228.4625040690105
746,1062.4947204589844
747,1281.6177978515625
748,1147.5413513183594
749,1098.9857279459636
750,996.1846618652344
751,1267.7901611328125
752,1173.1762593587239
753,1215.6284993489583
754,1180.2175699869792
755,1137.2010904947917
756,1308.3209228515625
757,1234.348876953125
758,1203.5150756835938
759,1282.5945841471355
760,1168.225830078125
761,1279.5495361328126
762,1137.349629720052
763,1191.5579833984375
764,1236.1601969401042
765,1314.6870727539062
766,1341.9525349934895
767,1434.4877115885417
768,1383.7494506835938
769,1398.02197265625
770,1300.8225911458333
771,1352.160009765625
772,1413.7826334635417
773,1387.2840779622395
774,1503.5477905273438
775,1332.0998229980469
776,1477.1769205729167
777,1281.790771484375
778,1481.5088297526042
779,1310.1275431315105
780,1228.81298828125
781,1152.4716796875
782,1124.7520345052083
783,1023.0366414388021
784,1120.947733561198
785,1090.1714579264324
786,1077.7600402832031
787,997.5702311197916
788,996.3710123697916
789,1052.3843180338542
790,975.378662109375
791,1066.9693115234375
792,1033.6622721354167
793,1236.1965637207031
794,1086.9472554524739
795,1181.408203125
796,1217.51025390625
797,1202.5685933430989
798,1236.1505737304688
799,1165.3267415364583
800,1183.9064839680989
801,1221.2755859375
802,1257.5233968098958
803,1160.6196695963542
804,1128.1676432291667
805,1137.7550659179688
806,1186.8935139973958
807,1145.6109212239583
808,1279.0082600911458
809,1148.3040364583333
810,1107.4100341796875
811,1080.790087890625
812,1065.0874837239583
813,1166.1739908854167
814,1376.6375935872395
815,1579.5583089192708
816,1625.0928141276042
817,1491.8841959635417
818,1433.6291910807292
819,1472.2892252604167
820,1481.572774251302
821,1343.287744140625
822,1475.4780883789062
823,1355.1753336588542
824,1119.2477925618489
825,1278.6448160807292
826,1176.3762613932292
827,1280.5867919921875
828,1305.8238728841145
829,1310.7913208007812
830,1394.991231282552
831,1170.2310546875
832,1244.8795776367188
833,1160.5965372721355
834,984.5806884765625
835,1075.996826171875
836,1115.769063313802
837,1016.8614501953125
838,1033.8550211588542
839,1090.9971516927083
840,1160.4064534505208
841,1100.73154296875
842,1021.1170552571615
843,1329.5359293619792
844,1277.793233235677
845,1144.6922403971355
846,1192.5673319498699
847,1158.1068318684895
848,1208.6639811197917
849,1318.1597493489583
850,1265.9937947591145
851,1237.9412231445312
852,1229.6747029622395
853,1150.7178344726562
854,1001.6203002929688
855,997.1944376627604
856,1078.6500040690105
857,1020.5736083984375
858,1032.8498128255208
859,1023.8287251790365
860,1056.1290486653645
861,1002.5333374023437
862,1105.9076334635417
863,1047.2295328776042
864,991.9798889160156
865,948.6329549153646
866,904.250986735026
867,911.3906555175781
868,944.8542277018229
869,979.3257344563802
870,1020.8678995768229
871,1135.7282348632812
872,1092.4276631673176
873,1090.7792053222656
874,1032.7896321614583
875,1075.5773824055989
876,1009.6092224121094
877,1042.3644714355469
878,968.3106791178385
879,1115.5609639485676
880,980.5435689290365
881,1040.7263305664062
882,977.6992899576823
883,966.6733093261719
884,870.080576578776
885,959.5397542317709
886,1020.2267049153646
887,1143.0863037109375
888,1338.709452311198
889,1249.041259765625
890,1174.2067260742188
891,1036.3893920898438
892,982.0309448242188
893,1031.5596008300781
894,1029.2964274088542
895,1060.6082763671875
896,1011.6448567708334
897,998.5640258789062
898,988.4435119628906
899,814.733896891276
900,918.0000406901041
901,913.4912963867188
902,894.631357828776
903,960.5079549153646
904,1035.1350504557292
905,927.6767171223959
906,926.1336059570312
907,942.0572306315104
908,1006.1489461263021
909,910.4863077799479
910,994.2165222167969
911,1015.4123046875
912,909.0055745442709
913,889.2501322428385
914,861.5225626627604
915,855.2428283691406
916,898.1405741373698
917,879.7760925292969
918,875.3898417154948
919,842.7595926920573
920,1016.4520874023438
921,908.958740234375
922,965.6225382486979
923,932.0627237955729
924,910.1591186523438
925,826.1031392415365
926,771.1345723470052
927,809.8622334798177
928,749.844970703125
929,859.0601603190104
930,823.1104532877604
931,852.5294555664062
932,837.2163899739584
933,844.5592244466146
934,862.9479675292969
935,943.8015340169271
936,948.9461161295573
937,991.1497904459635
938,970.7515767415365
939,896.1433614095052
940,892.3507995605469
941,966.8763916015625
942,935.2676900227865
943,1002.5321553548177
944,916.4315287272135
945,959.0960286458334
946,939.5607299804688
947,915.6196695963541
948,977.5579325358073
949,914.3509928385416
950,946.7092895507812
951,884.6195068359375
952,970.7922668457031
953,970.4574788411459
954,1009.0116373697916
955,1046.2708740234375
956,1028.3583272298176
957,869.4991556803385
958,847.3012288411459
959,876.9075215657552
960,927.740234375
961,804.7510864257813
962,809.796641031901
963,812.443359375
964,836.4823099772135
965,722.1202494303385
966,756.0358276367188
967,763.9298706054688
968,831.9435323079427
969,816.8257548014323
970,872.4629618326823
971,912.332958984375
972,879.0509948730469
973,922.4450073242188
974,832.0187479654948
975,933.1393737792969
976,930.454823811849
977,988.6316121419271
978,976.1639811197916
979,1046.8851725260417
980,952.3340352376302
981,1008.6757202148438
982,933.8388061523438
983,903.5216573079427
984,853.4900207519531
985,831.1340026855469
986,878.6960144042969
987,802.6352132161459
988,812.4799499511719
989,832.9224243164062
990,802.0587565104166
991,857.7547241210938
992,792.4938049316406
993,907.0087483723959
994,905.5702107747396
995,882.8954264322916
996,812.0479329427084
997,880.4176635742188
998,709.2321166992188
999,770.9907023111979
1000,755.861562093099
1001,902.9158813476563
1002,811.9997762044271
1003,888.0815734863281
1004,880.5475667317709
1005,911.5156860351562
1006,773.1588948567709
1007,878.5821940104166
1008,817.9050598144531
1009,688.9933064778646
1010,745.5839131673177
1011,865.86982421875
1012,731.388173421224
1013,841.4436442057291
1014,845.0076293945312
1015,863.3717142740885
1016,877.7813212076823
1017,856.8187154134115
1018,857.7046508789062
1019,893.8736368815104
1020,764.6534779866537
1021,848.0785766601563
1022,875.9564412434896
1023,841.1779073079427
1024,903.22021484375
1025,856.5042215983073
1026,846.8962707519531
1027,887.0197347005209
1028,850.5360921223959
1029,904.4884338378906
1030,852.2986551920573
1031,859.0218017578125
1032,799.0907389322916
1033,839.3429768880209
1034,765.6271260579427
1035,852.3639526367188
1036,848.1781921386719
1037,886.6899007161459
1038,862.0933634440104
1039,772.1597696940104
1040,889.4492390950521
1041,983.1173217773437
1042,810.2210489908854
1043,956.7638549804688
1044,970.3160400390625
1045,845.3382059733073
1046,775.3231201171875
1047,750.3179524739584
1048,745.7308553059896
1049,748.2940775553385
1050,813.790771484375
1051,855.7240356445312
1052,822.6214396158854
1053,818.408681233724
1054,761.3063761393229
1055,920.3871154785156
1056,707.7432250976562
1057,749.6886800130209
1058,702.5473327636719
1059,758.983652750651
1060,807.2014363606771
1061,782.6648071289062
1062,832.5828043619791
1063,803.6755574544271
1064,750.6942036946615
1065,724.5503743489584
1066,1017.1304117838541
1067,861.1794738769531
1068,836.9440409342448
1069,913.4769999186198
1070,867.9848022460938
1071,851.6198120117188
1072,923.468495686849
1073,1077.4935913085938
1074,1077.7997538248699
1075,1195.3684895833333
1076,1246.6968892415364
1077,1728.0411173502605
1078,1746.5602010091145
1079,1728.4230346679688
1080,1809.567138671875
1081,1745.8662841796875
1082,1754.2304280598958
1083,1640.2801920572917
1084,1857.3374633789062
1085,1733.8909098307292
1086,1696.0982259114583
1087,1658.9601236979167
1088,1466.3743693033855
1089,1553.834737141927
1090,1420.3325805664062
1091,1497.3038330078125
1092,1566.429443359375
1093,1521.3301595052083
1094,1351.7791137695312
1095,1409.4322713216145
1096,1249.9486897786458
1097,1410.4329223632812
1098,1866.669189453125
1099,1964.604268391927
1100,1996.9806722005208
1101,1925.41220703125
1102,1822.6431477864583
1103,1834.4372151692708
1104,2005.2318522135417
1105,2104.5643310546875
1106,1848.9346720377605
1107,2037.7805582682292
1108,1717.3279622395833
1109,1796.376485188802
1110,1626.6990763346355
1111,1617.5193603515625
1112,1618.9700927734375
1113,1775.5230916341145
1114,1608.8387858072917
1115,1555.3871663411458
1116,1726.334452311198
1117,1384.4046020507812
1118,1396.2076212565105
1119,1110.2766011555989
1120,1006.1708780924479
1121,999.2212890625
1122,922.704844156901
1123,916.0177815755209
1124,945.9147542317709
1125,824.6978251139323
1126,864.4967651367188
1127,843.914560953776
1128,850.5412394205729
1129,983.2047932942709
1130,1119.1064961751301
1131,1367.961279296875
1132,1351.0824381510417
1133,1602.280029296875
1134,1761.0933634440105
1135,1748.9542236328125
1136,1686.922342936198
1137,1633.5305989583333
1138,1483.5820922851562
1139,1526.501220703125
1140,1413.3785400390625
1141,1366.6103271484376
1142,1567.323954264323
1143,1788.7130533854167
1144,1540.6562093098958
1145,1725.6313069661458
1146,1914.743143717448
1147,1619.1112060546875
1148,1789.901631673177
1149,1797.2105102539062
1150,1667.18017578125
1151,1846.9701171875
1152,1699.0804443359375
1153,1628.5496012369792
1154,1486.5024007161458
1155,1514.030985514323
1156,1546.1097819010417
1157,1442.9185587565105
1158,1471.2792561848958
1159,1499.3109334309895
1160,1472.16015625
1161,1340.43701171875
1162,1392.3966064453125
1163,1309.441426595052
1164,1350.5326232910156
1165,1558.4230346679688
1166,1437.7962239583333
1167,1491.1785278320312
1168,1432.9934692382812
1169,1364.9927978515625
1170,1328.9156290690105
1171,1298.50615234375
1172,1242.6572875976562
1173,1194.172627766927
1174,1040.2548726399739
1175,942.0467936197916
1176,1139.0661926269531
1177,1191.8157145182292
1178,1461.332275390625
1179,1611.5476481119792
1180,1653.6713256835938
1181,1404.88125
1182,1475.558329264323
1183,1402.1285196940105
1184,1367.9678751627605
1185,1407.7265014648438
1186,1486.2931111653645
1187,1405.2688802083333
1188,1507.8269653320312
1189,1394.6915079752605
1190,1240.3802693684895
1191,1351.2298828125
1192,1486.3711344401042
1193,1259.4774983723958
1194,1624.6411743164062
1195,1663.6013793945312
1196,1862.5506184895833
1197,1815.161356608073
1198,1825.9631958007812
1199,1849.3419392903645
1200,1767.0989379882812
1201,1824.3922119140625
1202,1889.634053548177
1203,1872.4688924153645
1204,2003.3639322916667
1205,2061.320597330729
1206,1872.7986857096355
1207,1870.585225423177
1208,2023.0108846028645
1209,1859.2373860677083
1210,2042.6162719726562
1211,2096.333251953125
1212,1850.5170288085938
1213,2052.8410034179688
1214,2042.4207560221355
1215,2001.618896484375
1216,2042.579569498698
1217,1959.332539876302
1218,1541.5645751953125
1219,1853.706278483073
1220,1826.9341430664062
1221,1806.29931640625
1222,1805.4549763997395
1223,1893.816630045573
1224,1875.1774495442708
1225,1891.7698974609375
1226,1762.31298828125
1227,1797.988993326823
1228,1882.3111572265625
1229,1787.8299153645833
1230,1948.9446411132812
1231,1981.289404296875
1232,1699.7432657877605
1233,1802.4600830078125
1234,1703.1885579427083
1235,1649.5951741536458
1236,1533.2670288085938
1237,1505.7022501627605
1238,1627.5831705729167
1239,1337.5890502929688
1240,1341.4998779296875
1241,1344.4052001953125
1242,1486.502217610677
1243,1322.2870076497395
1244,1369.5599975585938
1245,1198.635477701823
1246,1211.241231282552
1247,1220.7742106119792
1248,1123.5135701497395
1249,1100.8150736490886
1250,1226.097188313802
1251,1157.3922607421875
1252,1220.6025797526042
1253,1186.8090209960938
1254,1145.8430582682292
1255,1075.8976236979167
1256,1084.8316243489583
1257,1301.7007242838542
1258,1359.3133138020833
1259,1386.0169881184895
1260,1430.9763997395833
1261,1452.48359375
1262,1454.4698689778645
1263,1403.2313028971355
1264,1391.4505818684895
1265,1353.248514811198
1266,1458.8521118164062
1267,1258.946553548177
1268,1166.712910970052
1269,1204.8447875976562
1270,1019.4117940266927
1271,1028.0736328125
1272,1094.922139485677
1273,1000.8719889322916
1274,1061.1562906901042
1275,1059.6501871744792
1276,992.8749389648438
1277,1081.6227722167969
1278,1014.6944580078125
1279,1052.6457417805989
1280,1095.9609985351562
1281,1125.984912109375
1282,1119.0704447428386
1283,1172.0805765787761
1284,1006.8106892903646
1285,1000.1058959960938
1286,970.8664042154948
1287,908.1917114257812
1288,843.9685872395834
1289,868.5352274576823
1290,920.5348103841146
1291,1006.4010864257813
1292,1057.8181254069011
1293,1082.9055989583333
1294,1125.520772298177
1295,942.5011393229166
1296,988.641611735026
1297,1050.4234822591145
1298,1001.4350382486979
1299,956.4276428222656
1300,1011.5088399251302
1301,936.2696899414062
1302,1007.349365234375
1303,1041.051005045573
1304,1003.5871378580729
1305,1002.3604024251302
1306,827.121826171875
1307,813.3173828125
1308,831.3007202148438
1309,846.1551818847656
1310,940.8612263997396
1311,977.174658203125
1312,1035.8015950520833
1313,983.4853312174479
1314,1026.5651041666667
1315,1017.5368448893229
1316,1013.3016560872396
1317,927.947499593099
1318,883.0745137532552
1319,925.0397135416666
1320,891.8738911946615
1321,964.6988159179688
1322,882.8783772786459
1323,913.7664591471354
1324,956.1589152018229
1325,803.5616251627604
1326,866.2356770833334
1327,798.8163757324219
1328,820.7064310709635
1329,811.031992594401
1330,929.1898295084635
1331,989.1473754882812
1332,945.4560343424479
1333,954.8088734944662
1334,1103.8932495117188
1335,822.6424458821615
1336,907.2571919759115
1337,938.691172281901
1338,989.2694091796875
1339,1070.0727945963542
1340,902.9364929199219
1341,959.2839233398438
1342,1007.6697184244791
1343,1067.8980814615886
1344,1040.772969563802
1345,1120.7343648274739
1346,922.913340250651
1347,998.7556660970052
1348,816.8992919921875
1349,852.8321736653646
1350,850.0135803222656
1351,772.882763671875
1352,769.9539184570312
1353,795.3812459309896
1354,822.14892578125
1355,850.2131551106771
1356,823.3302510579427
1357,824.3336893717448
1358,832.9124145507812
1359,881.1982930501302
1360,815.3550313313802
1361,864.6162475585937
1362,893.3372192382812
1363,912.2593282063802
1364,873.5314127604166
1365,800.4938456217448
1366,737.6710408528646
1367,777.4415384928385
1368,745.8975016276041
1369,772.2054545084635
1370,856.6520792643229
1371,778.3693359375
1372,857.7795104980469
1373,964.7559305826823
1374,939.0014851888021
1375,761.3793436686198
1376,829.0610758463541
1377,825.9612528483073
1378,809.2878926595052
1379,836.196299235026
1380,794.0546671549479
1381,838.2698974609375
1382,809.9833475748698
1383,674.1211954752604
1384,796.2522277832031
1385,859.9281005859375
1386,769.188232421875
1387,777.1566874186198
1388,829.593994140625
1389,772.093495686849
1390,812.1506042480469
1391,824.312451171875
1392,882.276611328125
1393,847.0212097167969
1394,751.2423604329427
1395,840.4517618815104
1396,755.521728515625
1397,828.8955383300781
1398,869.7813313802084
1399,815.3591817220052
1400,865.2640482584635
1401,895.9730834960938
1402,812.3662821451823
1403,794.3505147298177
1404,842.0796508789062
1405,789.8690694173177
1406,733.5747782389323
1407,731.5282389322916
1408,796.495859781901
1409,738.6949157714844
1410,729.4531758626302
1411,742.2370727539062
1412,867.5873718261719
1413,924.3366190592448
1414,944.9037882486979
1415,821.1377970377604
1416,837.382334391276
1417,757.6323903401693
1418,741.3521016438802
1419,877.1569010416666
1420,783.0789388020834
1421,708.2796508789063
1422,845.8904825846354
1423,829.8103739420573
1424,920.424794514974
1425,1013.9626668294271
1426,1093.8023783365886
1427,994.0460103352865
1428,944.2088521321615
1429,955.0351257324219
1430,857.7406616210938
1431,842.4989501953125
1432,768.1407572428385
1433,744.171620686849
1434,677.5843607584635
1435,668.7925516764323
1436,739.9501037597656
1437,825.1586100260416
1438,695.21435546875
1439,694.319580078125
1440,680.4888102213541
1441,706.9731506347656
1442,799.06591796875
1443,843.734120686849
1444,850.222422281901
1445,915.1764017740885
1446,897.0956217447916
1447,841.5806172688802
1448,871.1335652669271
1449,757.3302001953125
1450,762.3103434244791
1451,700.1573486328125
1452,784.7572530110677
1453,681.6968790690104
1454,674.9518839518229
1455,757.1873982747396
1456,734.618418375651
1457,771.3469441731771
1458,777.2347310384115
1459,785.7208557128906
1460,742.7742411295573
1461,739.104052734375
1462,625.5836181640625
1463,664.1694030761719
1464,774.6266886393229
1465,730.1568196614584
1466,828.7571411132812
1467,818.8045349121094
1468,887.4473063151041
1469,874.9927266438802
1470,891.1982014973959
1471,893.5773803710938
1472,820.1430358886719
1473,771.744618733724
1474,747.6402994791666
1475,819.6311442057291
1476,697.4904276529948
1477,720.6749471028646
1478,675.4188537597656
1479,632.893056233724
1480,778.6172078450521
1481,795.0177612304688
1482,739.9335021972656
1483,757.602793375651
1484,909.880605061849
1485,946.9447530110677
1486,843.9772644042969
1487,806.2186787923177
1488,823.257069905599
1489,687.3139038085938
1490,774.040761311849
1491,804.9891967773438
1492,781.3391621907552
1493,825.7944641113281
1494,727.3856302897135
1495,767.4919942220052
1496,735.6726684570312
1497,642.7620239257812
1498,794.0990091959635
1499,870.14501953125
1500,767.9943644205729
1501,818.0736328125
1502,744.1312357584635
1503,811.0186564127604
1504,736.2891540527344
1505,722.8863627115885
1506,693.1274007161459
1507,746.2964884440104
1508,814.2866923014323
1509,820.8459269205729
1510,757.6729431152344
1511,821.3777587890625
1512,860.7619323730469
1513,788.2710876464844
1514,786.669667561849
1515,775.3826293945312
1516,679.8795776367188
1517,730.0960998535156
1518,729.1790262858073
1519,726.4657999674479
1520,713.4763488769531
1521,796.4138916015625
1522,788.4733072916666
1523,765.5781046549479
1524,739.3123168945312
1525,795.8853352864584
1526,733.166259765625
1527,821.7845052083334
1528,824.9348551432291
1529,768.6211853027344
1530,876.2373453776041
1531,848.3546630859375
1532,825.1478983561198
1533,851.629872639974
1534,774.4599100748698
1535,860.0685221354166
1536,818.3682454427084
1537,831.3582051595052
1538,859.5690714518229
1539,790.381825764974
1540,676.4420674641927
1541,858.5117553710937
1542,823.3689880371094
1543,669.0833740234375
1544,640.4763641357422
1545,810.198964436849
1546,795.5359700520834
1547,757.5721232096354
1548,809.0427551269531
1549,742.9784342447916
1550,744.9393513997396
1551,673.2758178710938
1552,624.9189249674479
1553,753.0945231119791
1554,744.2011311848959
1555,745.5835876464844
1556,678.6647135416666
1557,688.8429463704427
1558,804.5248616536459
1559,740.9587707519531
1560,790.8272705078125
1561,705.3485961914063
1562,623.1551513671875
1563,719.0143330891927
1564,904.2818908691406
1565,718.9107869466146
1566,909.9876098632812
1567,889.6399536132812
1568,782.0829264322916
1569,705.6343231201172
1570,700.1688232421875
1571,764.7470092773438
1572,874.2842712402344
1573,783.6985066731771
1574,795.4576161702474
1575,773.3140563964844
1576,842.9150899251302
1577,711.7456766764323
1578,789.0103861490885
1579,879.2662455240885
1580,854.4679260253906
1581,947.3224975585938
1582,748.9802856445312
1583,688.3865763346354
1584,638.0018513997396
1585,594.8509368896484
1586,755.6036682128906
1587,735.7443440755209
1588,829.5662943522135
1589,832.8689371744791
1590,761.6266174316406
1591,830.66875
1592,791.4673055013021
1593,738.1289367675781
1594,680.0126647949219
1595,766.2941182454427
1596,919.0341796875
1597,922.9715372721354
1598,857.9439086914062
1599,1029.6473083496094
1600,990.9999287923177
1601,807.83408203125
1602,817.3385009765625
1603,760.2134399414062
1604,738.2086283365885
1605,754.2963155110677
1606,892.1651102701823
1607,1055.9574178059895
1608,955.9627278645834
1609,963.4545593261719
1610,1178.8639526367188
1611,1026.8988525390625
1612,1044.2692972819011
1613,978.6661071777344
1614,919.2642923990885
1615,901.2195434570312
1616,853.9267069498698
1617,831.3031616210938
1618,861.0419006347656
1619,725.6230672200521
1620,721.809804280599
1621,661.4584106445312
1622,739.9029846191406
1623,622.7942810058594
1624,687.3847147623698
1625,770.3985697428385
1626,785.5097859700521
1627,821.573720296224
1628,731.1639811197916
1629,850.2585245768229
1630,796.1710815429688
1631,696.7255981445312
1632,737.1822204589844
1633,753.0711771647135
1634,818.4923095703125
1635,925.7150370279948
1636,1117.9901936848958
1637,1021.135508219401
1638,905.9694519042969
1639,871.1067810058594
1640,825.0832112630209
1641,728.5927612304688
1642,670.588144938151
1643,856.0169169108073
1644,766.3827718098959
1645,830.4686686197916
1646,793.8992919921875
1647,730.7716979980469
1648,763.2774556477865
1649,722.892588297526
1650,764.6819051106771
1651,778.9990844726562
1652,739.3956400553385
1653,872.411376953125
1654,844.2859700520834
1655,1075.5515848795574
1656,1109.914815266927
1657,1004.2392069498698
1658,1000.2496134440104
1659,1068.3507080078125
1660,833.1800638834635
1661,748.362646484375
1662,825.5759582519531
1663,919.1175435384115
1664,753.9980061848959
1665,759.2251688639323
1666,831.6853230794271
1667,805.8764038085938
1668,816.8854268391927
1669,853.539794921875
1670,861.9154256184896
1671,786.1639282226563
1672,834.3500569661459
1673,841.7886352539062
1674,930.2566935221354
1675,917.9385274251302
1676,942.6918233235677
1677,951.2859700520834
1678,936.4157206217448
1679,913.910400390625
1680,893.7830403645834
1681,875.3824584960937
1682,894.2248738606771
1683,888.8834126790365
1684,764.3798421223959
1685,801.198496500651
1686,785.0511779785156
1687,858.117177327474
1688,762.3858744303385
1689,694.4289957682291
1690,813.9109802246094
1691,869.1605590820312
1692,1082.9076334635417
1693,1145.91552734375
1694,937.318603515625
1695,911.0825805664062
1696,868.9549458821615
1697,851.2077941894531
1698,691.7571919759115
1699,684.0148620605469
1700,858.0796712239584
1701,747.7859741210938
1702,797.1589762369791
1703,845.5963643391927
1704,885.7106526692709
1705,858.4080708821615
1706,749.8557942708334
1707,824.9246826171875
1708,827.8594868977865
1709,725.9105936686198
1710,793.1106465657552
1711,695.3196044921875
1712,770.7257486979166
1713,702.4963684082031
1714,665.6981709798177
1715,677.2663014729818
1716,653.8400472005209
1717,888.7649332682291
1718,767.4520874023438
1719,780.7697041829427
1720,850.5281168619791
1721,928.3702514648437
1722,982.3029174804688
1723,921.7377624511719
1724,752.164540608724
1725,763.1216125488281
1726,676.2430521647135
1727,985.2399393717448
1728,1029.7596333821614
1729,1075.670166015625
1730,994.6062418619791
1731,787.8675048828125
1732,766.0493876139323
1733,766.3185424804688
1734,799.6036173502604
1735,676.8201192220052
1736,682.9066569010416
1737,762.5070597330729
1738,651.5772603352865
1739,716.4566040039062
1740,793.356689453125
1741,861.91796875
1742,767.5969848632812
1743,831.8509012858073
1744,852.4481506347656
1745,653.2438812255859
1746,768.5044352213541
1747,812.0967915852865
1748,860.0211588541666
1749,1050.9776204427083
1750,884.8441060384115
1751,850.7074462890625
1752,886.2322387695312
1753,970.6551920572916
1754,761.642567952474
1755,680.4122619628906
1756,761.4497884114584
1757,642.4464823404948
1758,744.9957580566406
1759,833.8626810709635
1760,786.7973022460938
1761,820.0064819335937
1762,781.1671752929688
1763,875.9338785807291
1764,759.7701416015625
1765,865.1309000651041
1766,807.6699625651041
1767,818.8553670247396
1768,786.098876953125
1769,725.2277018229166
1770,775.5179443359375
1771,726.9168334960938
1772,767.3068644205729
1773,763.3405558268229
1774,732.7386576334635
1775,756.8370157877604
1776,850.5905151367188
1777,917.4371134440104
1778,863.4588928222656
1779,933.7628682454427
1780,865.8620300292969
1781,728.3734497070312
1782,673.8783162434896
1783,699.645985921224
1784,610.5961354573568
1785,656.9370829264323
1786,674.6683044433594
1787,640.4552154541016
1788,676.6222229003906
1789,722.5638529459635
1790,759.0512491861979
1791,679.8568237304687
1792,703.4080200195312
1793,779.4573567708334
1794,764.4814046223959
1795,939.9695434570312
1796,773.0243631998698
1797,820.3921712239584
1798,873.5286966959635
1799,809.9831136067709
1800,769.9762166341146
1801,730.0308715820313
1802,762.0485026041666
1803,740.0844217936198
1804,720.7058715820312
1805,756.1520080566406
1806,705.5539855957031
1807,756.0582275390625
1808,730.7142232259115
1809,700.7420349121094
1810,741.9429728190104
1811,730.6894653320312
1812,693.6939086914062
1813,722.0448710123698
1814,779.512705485026
1815,728.0953572591146
1816,803.3097432454427
1817,714.1549479166666
1818,758.7591247558594
1819,845.7669677734375
1820,734.777099609375
1821,740.1979614257813
1822,694.6327209472656
1823,790.5685628255209
1824,764.3871459960938
1825,809.30078125
1826,741.9886474609375
1827,788.9614054361979
1828,797.3013712565104
1829,822.0614827473959
1830,900.9783121744791
1831,839.8783081054687
1832,923.6345723470052
1833,678.3369852701823
1834,766.8016052246094
1835,756.7428283691406
1836,687.1278991699219
1837,766.0473022460938
1838,789.3087565104166
1839,842.1804402669271
1840,892.738525390625
1841,1018.1787719726562
1842,914.5265096028646
1843,973.2170104980469
1844,853.1635233561198
1845,716.5350545247396
1846,724.9134521484375
1847,745.6049296061198
1848,822.5079650878906
1849,894.869639078776
1850,857.307118733724
1851,985.2779052734375
1852,865.1659037272135
1853,832.6835428873698
1854,873.3898722330729
1855,879.3700866699219
1856,799.456553141276
1857,798.4195760091146
1858,726.1115214029948
1859,791.8601277669271
1860,866.0292053222656
1861,867.0870849609375
1862,1061.2785339355469
1863,968.629638671875
1864,984.1526082356771
1865,945.1422322591146
1866,1068.9649556477864
1867,933.2602742513021
1868,907.8581136067709
1869,894.6774393717448
1870,796.7672119140625
1871,760.2426635742188
1872,756.18359375
1873,763.6089680989584
1874,706.90869140625
1875,753.3382059733073
1876,694.6295878092448
1877,791.0966084798177
1878,765.1141967773438
1879,758.9896850585938
1880,805.329823811849
1881,713.5063842773437
1882,699.3602091471354
1883,757.2012736002604
1884,735.3204142252604
1885,708.4621988932291
1886,755.2383626302084
1887,749.2976888020834
1888,728.3737996419271
1889,764.7666015625
1890,778.6478474934896
1891,924.17109375
1892,846.2224629720052
1893,942.6899007161459
1894,877.9723917643229
1895,727.9465026855469
1896,758.6379597981771
1897,831.8974405924479
1898,762.7075398763021
1899,845.8116353352865
1900,788.3042399088541
1901,747.97900390625
1902,743.212880452474
1903,763.7511596679688
1904,778.7870585123698
1905,815.5123087565104
1906,770.659169514974
1907,858.8159790039062
1908,857.3233133951823
1909,802.0583699544271
1910,782.0019022623698
1911,876.640771484375
1912,791.7404276529948
1913,823.2323506673177
1914,846.6822204589844
1915,766.2975463867188
1916,798.8173217773438
1917,703.2373352050781
1918,709.9927062988281
1919,724.6346130371094
1920,755.3582865397135
1921,707.8513305664062
1922,694.315663655599
1923,778.9002176920573
1924,774.4331665039062
1925,771.1728820800781
1926,852.46533203125
1927,744.0621236165365
1928,694.3229166666666
1929,766.3742065429688
1930,750.2090047200521
1931,814.92783203125
1932,740.1546936035156
1933,713.8024291992188
1934,924.460194905599
1935,858.7218424479166
1936,962.4176432291666
1937,964.7249043782552
1938,883.6454874674479
1939,902.0864054361979
1940,871.7861022949219
1941,1014.8657104492188
1942,981.101816813151
1943,1067.8186442057292
1944,1032.1553344726562
1945,1009.4566040039062
1946,894.9817606608073
1947,858.1062520345052
1948,817.8212483723959
1949,843.9660237630209
1950,793.1296081542969
1951,800.597900390625
1952,832.1383361816406
1953,869.6301066080729
1954,936.6057434082031
1955,783.358632405599
1956,846.1650594075521
1957,741.0671081542969
1958,847.6130777994791
1959,825.5771789550781
1960,935.6667785644531
1961,1053.885546875
1962,1008.1940612792969
1963,987.521474202474
1964,769.3848266601562
1965,846.9626261393229
1966,799.6642659505209
1967,874.1775512695312
1968,977.3225911458334
1969,939.6075846354166
1970,944.9735921223959
1971,909.6355224609375
1972,1114.2224426269531
1973,981.7615458170573
1974,905.9055684407552
1975,815.714609781901
1976,848.8245239257812
1977,763.0519816080729
1978,787.6498209635416
1979,845.0531412760416
1980,903.3014831542969
1981,858.1103271484375
1982,820.7332560221354
1983,840.9823303222656
1984,890.9882507324219
1985,724.7088419596354
1986,728.5686747233073
1987,860.4253133138021
1988,864.4731953938802
1989,855.2484029134115
1990,874.427988688151
1991,814.6551879882812
1992,1016.3834737141927
1993,916.5814514160156
1994,1002.2462056477865
1995,1075.6050211588542
1996,988.7552286783854
1997,1038.386250813802
1998,875.6334838867188
1999,1020.2882283528646
2000,833.1198221842448
2001,868.1849853515625
2002,927.6996663411459
2003,988.4099731445312
2004,895.5261433919271
2005,1004.5589090983073
2006,1172.7152099609375
2007,1031.7025553385417
2008,1102.7505493164062
2009,923.0606486002604
2010,990.5398763020834
2011,886.4046264648438
2012,817.8959147135416
2013,751.9876302083334
2014,669.8731587727865
2015,758.243174235026
2016,662.5414835611979
2017,827.0014343261719
2018,943.8558858235677
2019,825.8967895507812
2020,906.2808532714844
2021,762.10244140625
2022,768.2556660970052
2023,768.439198811849
2024,676.0078786214193
2025,740.2997029622396
2026,793.0538024902344
2027,673.5563354492188
2028,768.859873453776
2029,820.9407653808594
2030,796.6101989746094
2031,840.2258544921875
2032,791.9822082519531
2033,918.9593811035156
2034,878.223398844401
2035,876.4387410481771
2036,1084.461181640625
2037,841.435546875
2038,900.3480122884115
2039,701.3843485514323
2040,768.5542805989584
2041,686.1237060546875
2042,793.6573588053385
2043,813.9116414388021
2044,788.6693725585938
2045,662.7746988932291
2046,729.2588602701823
2047,647.067881266276
2048,676.0182291666666
2049,685.9647878011068
2050,803.4768575032552
2051,949.0994018554687
2052,820.2177530924479
2053,849.2017822265625
2054,832.8172607421875
2055,740.494862874349
2056,769.6363220214844
2057,720.2120971679688
2058,807.3053792317709
2059,786.3211263020834
2060,713.1707458496094
2061,737.9511108398438
2062,738.0581665039062
2063,762.3605651855469
2064,761.7551778157552
2065,767.0297342936198
2066,1010.1536458333334
2067,826.2887674967448
2068,923.0039469401041
2069,868.3442891438802
2070,991.1739400227865
2071,868.6267578125
2072,1057.995096842448
2073,1037.638936360677
2074,1224.5086059570312
2075,1103.6451619466145
2076,1075.2705688476562
2077,1258.0582275390625
2078,1254.7036844889324
2079,1066.4590352376301
2080,1248.092529296875
2081,1194.95576171875
2082,1158.3796997070312
2083,889.377431233724
2084,917.7056986490885
2085,786.0901692708334
2086,704.8482055664062
2087,685.7854614257812
2088,795.7871144612631
2089,974.0387471516927
2090,970.3363342285156
2091,1047.9397216796874
2092,1001.8192443847656
2093,1291.6473185221355
2094,1239.3507690429688
2095,1241.9449462890625
2096,1198.784200032552
2097,1065.3765462239583
2098,846.5807189941406
2099,819.2622578938802
2100,864.7728881835938
2101,864.5959716796875
2102,937.7030029296875
2103,824.7851155598959
2104,947.9255981445312
2105,901.3084716796875
2106,777.8468119303385
2107,924.5809834798177
2108,894.0562947591146
2109,967.087158203125
2110,773.4095153808594
2111,834.9067749023437
2112,800.1719055175781
2113,738.5091857910156
2114,617.9216156005859
2115,644.0239868164062
2116,628.6710917154948
2117,654.0903828938802
2118,677.3208618164062
2119,697.8393351236979
2120,712.1799011230469
2121,647.438134765625
2122,671.4021504720052
2123,782.001708984375
2124,748.1082255045573
2125,672.2352193196615
2126,664.7648620605469
2127,709.7418314615885
2128,618.8721262613932
2129,670.9027709960938
2130,634.807627360026
2131,699.5860229492188
2132,703.0925699869791
2133,794.9872029622396
2134,765.4655965169271
2135,707.8626098632812
2136,616.7346038818359
2137,655.0309753417969
2138,621.2365926106771
2139,620.1318155924479
2140,598.1294352213541
2141,530.0784851074219
2142,531.1105194091797
2143,545.3680775960287
2144,543.8268788655599
2145,552.8497823079427
2146,532.975351969401
2147,620.1649576822916
2148,624.0550181070963
2149,715.3659261067709
2150,600.4584757486979
2151,578.3814208984375
2152,635.0626220703125
2153,623.2600402832031
2154,536.934315999349
2155,533.1380055745443
2156,605.5074106852213
2157,600.9185587565104
2158,561.4589487711588
2159,631.5897013346354
2160,668.1690368652344
2161,583.7814819335938
2162,532.9703369140625
2163,532.0065460205078
2164,568.7353464762369
2165,489.2452443440755
2166,486.2963104248047
2167,458.1517690022786
2168,418.6250356038411
2169,441.05419921875
2170,523.8848266601562
2171,532.29755859375
2172,559.7829284667969
2173,599.6166280110677
2174,517.0719757080078
2175,493.1751403808594
2176,456.20228576660156
2177,438.22332763671875
2178,449.5562388102214
2179,412.0466664632161
2180,479.1783701578776
2181,514.8092834472657
2182,484.3570963541667
2183,575.8440399169922
2184,586.5057474772135
2185,648.3148193359375
2186,574.2097829182943
2187,523.3490041097006
2188,627.9893595377604
2189,575.876942952474
2190,518.4416300455729
2191,486.47071533203126
2192,427.89161682128906
2193,439.3799184163411
2194,455.64466857910156
2195,484.7894337972005
2196,568.0874532063802
2197,603.5492045084635
2198,556.4821319580078
2199,575.0799051920573
2200,557.1787312825521
2201,553.587939453125
2202,524.9615631103516
2203,506.29547627766925
2204,516.7542114257812
2205,563.732167561849
2206,479.62864685058594
2207,553.9380187988281
2208,486.88910420735675
2209,448.6343485514323
2210,511.6498616536458
2211,500.7131103515625
2212,516.0001220703125
2213,438.24146525065106
2214,411.9118372599284
2215,414.05848185221356
2216,368.0019785563151
2217,307.3815689086914
2218,410.30031331380206
2219,427.0006866455078
2220,482.1899922688802
2221,557.0996337890625
2222,440.6418863932292
2223,411.1453043619792
2224,403.18438720703125
2225,400.78357950846356
2226,403.5224202473958
2227,366.116455078125
2228,432.3472951253255
2229,375.52593994140625
2230,492.55396525065106
2231,535.9552185058594
2232,516.5921986897787
2233,482.4684651692708
2234,473.2327168782552
2235,396.557123819987
2236,403.8434143066406
2237,355.2930908203125
2238,420.92005411783856
2239,342.0514653523763
2240,446.56585184733075
2241,465.7781188964844
2242,501.62450154622394
2243,502.59491475423175
2244,476.4951985677083
2245,450.34325154622394
2246,375.7579701741536
2247,339.9979502360026
2248,321.6378122965495
2249,294.47589619954425
2250,359.6527913411458
2251,326.13482055664065
2252,406.9437561035156
2253,385.007817586263
2254,501.53638712565106
2255,526.3059794108073
2256,526.7186482747396
2257,560.4543965657552
2258,572.5885111490885
2259,504.8862559000651
2260,451.08143615722656
2261,536.0753784179688
2262,521.443359375
2263,546.0690714518229
2264,640.1690979003906
2265,533.5560302734375
2266,525.4207712809244
2267,500.583002726237
2268,508.5554606119792
2269,417.1857401529948
2270,411.36879475911456
2271,360.91961669921875
2272,436.75478108723956
2273,316.1496124267578
2274,353.25255330403644
2275,390.3111165364583
2276,429.538569132487
2277,396.2842305501302
2278,380.2595621744792
2279,381.3804346720378
2280,459.86842346191406
2281,476.1282592773438
2282,402.1963602701823
2283,378.36964925130206
2284,411.9010314941406
2285,413.85434977213544
2286,390.8501256306966
2287,483.59210713704425
2288,505.73646545410156
2289,460.7893981933594
2290,515.2054087320963
2291,464.60638427734375
2292,396.0460205078125
2293,367.7733662923177
2294,365.2395884195964
2295,296.9467086791992
2296,290.1333287556966
2297,252.36367797851562
2298,264.69166056315106
2299,318.32737986246747
2300,340.8276875813802
2301,321.8855438232422
2302,382.06053161621094
2303,388.6125742594401
2304,342.17552693684894
2305,398.0990397135417
2306,368.1044006347656
2307,407.42469278971356
2308,359.7450307210286
2309,404.0378926595052
2310,378.85618591308594
2311,360.14215087890625
2312,458.9722849527995
2313,396.1216583251953
2314,423.68157958984375
2315,420.76648966471356
2316,397.1431833902995
2317,386.9451548258464
2318,399.61326090494794
2319,421.33984375
2320,346.25233459472656
2321,275.4944702148438
2322,303.3183949788411
2323,337.5437367757161
2324,342.40208943684894
2325,404.65806579589844
2326,499.98887634277344
2327,565.0513661702474
2328,642.5592193603516
2329,540.6062825520834
2330,583.350819905599
2331,501.6112915039063
2332,477.56410725911456
2333,448.3892517089844
2334,369.4963022867839
2335,368.46978759765625
2336,401.4114023844401
2337,350.07086181640625
2338,322.696533203125
2339,316.04793039957684
2340,335.6907908121745
2341,366.75339965820314
2342,364.3655954996745
2343,347.4848887125651
2344,340.2311706542969
2345,309.46140543619794
2346,384.5922495524089
2347,329.273442586263
2348,360.12401326497394
2349,343.44537353515625
2350,425.1696523030599
2351,378.45453491210935
2352,328.34515889485675
2353,405.81504313151044
2354,342.9143422444661
2355,372.16010030110675
2356,361.36606852213544
2357,370.6063741048177
2358,406.31989034016925
2359,337.2867431640625
2360,310.03320566813153
2361,259.8815887451172
2362,340.94191487630206
2363,327.3781382242839
2364,428.6974232991536
2365,432.76483662923175
2366,416.6799723307292
2367,407.8265635172526
2368,417.46449788411456
2369,445.28798421223956
2370,403.27870686848956
2371,367.2702392578125
2372,354.82166544596356
2373,365.6099344889323
2374,316.84906005859375
2375,418.6909891764323
2376,456.96466064453125
2377,565.9816385904948
2378,569.1111043294271
2379,605.9408671061198
2380,549.5246887207031
2381,580.0406860351562
2382,533.5431009928385
2383,475.46210225423175
2384,410.45135498046875
2385,384.6904805501302
2386,490.6692860921224
2387,542.6500447591146
2388,437.80938720703125
2389,484.88551839192706
2390,537.8680928548177
2391,416.3111145019531
2392,388.60418701171875
2393,397.00079854329425
2394,429.7146352132161
2395,414.76405334472656
2396,390.2344462076823
2397,410.8000081380208
2398,449.65366617838544
2399,347.91167704264325
2400,434.02723185221356
2401,452.207177734375
2402,376.4417266845703
2403,372.44847106933594
2404,339.45087178548175
2405,353.5163065592448
2406,342.5014902750651
2407,390.14479064941406
2408,375.7306391398112
2409,485.6722819010417
2410,408.1863606770833
2411,453.31471557617186
2412,388.48558553059894
2413,351.26344807942706
2414,386.5765024820964
2415,361.6276550292969
2416,467.75214131673175
2417,515.6076405843099
2418,499.92653401692706
2419,455.39686075846356
2420,374.6712290445964
2421,356.3694580078125
2422,352.5148010253906
2423,327.4853006998698
2424,296.8016840616862
2425,239.54742431640625
2426,347.4247334798177
2427,344.99351501464844
2428,360.10121663411456
2429,318.5000813802083
2430,341.4944330851237
2431,325.11436157226564
2432,334.81665802001953
2433,314.6571909586589
2434,374.54075622558594
2435,472.51016998291016
2436,488.7631072998047
2437,421.1672871907552
2438,487.4184926350911
2439,481.4086456298828
2440,389.3620351155599
2441,386.92608642578125
2442,366.22060139973956
2443,329.3922882080078
2444,312.6014048258464
2445,391.9129638671875
2446,339.0489273071289
2447,342.5608673095703
2448,400.2168680826823
2449,380.8750813802083
2450,374.49700927734375
2451,372.3942810058594
2452,324.6475779215495
2453,298.2699508666992
2454,340.97329966227215
2455,477.0548095703125
2456,445.2536112467448
2457,400.98150126139325
2458,469.48426818847656
2459,357.77454630533856
2460,433.1866912841797
2461,430.8409057617188
2462,404.76050821940106
2463,383.26985422770184
2464,405.2210642496745
2465,494.5498555501302
2466,454.04420471191406
2467,474.57423909505206
2468,421.31285095214844
2469,425.7447814941406
2470,405.68857828776044
2471,393.9783508300781
2472,384.8513641357422
2473,393.3746592203776
2474,438.0243428548177
2475,399.3891830444336
2476,480.30882263183594
2477,467.9924570719401
2478,453.1111704508464
2479,409.75433349609375
2480,414.22364298502606
2481,448.4145141601563
2482,491.1092173258464
2483,589.6056365966797
2484,663.4491780598959
2485,629.9968414306641
2486,579.9019114176432
2487,654.361073811849
2488,631.5779062906901
2489,587.0337320963541
2490,605.7847188313802
2491,567.1127624511719
2492,583.3278096516927
2493,472.51386006673175
2494,497.36204528808594
2495,453.8763376871745
2496,444.34718322753906
2497,540.7819569905599
2498,648.6592915852865
2499,559.5250600179037
2500,565.0789998372396
2501,523.3197631835938
2502,591.969472249349
2503,447.13710530598956
2504,384.14052327473956
2505,424.9027862548828
2506,482.4644724527995
2507,348.09543863932294
2508,356.5991973876953
2509,359.2671864827474
2510,349.62257385253906
2511,469.0008544921875
2512,404.56605529785156
2513,473.8141326904297
2514,457.8888448079427
2515,391.7120717366536
2516,417.1174570719401
2517,339.57618204752606
2518,309.22353108723956
2519,311.2869923909505
2520,327.7600453694661
2521,330.529541015625
2522,301.1589609781901
2523,301.1545003255208
2524,347.34752400716144
2525,437.91883341471356
2526,430.1887690226237
2527,400.8199768066406
2528,495.58855692545575
2529,425.2584279378255
2530,322.3456115722656
2531,319.3909912109375
2532,342.42091369628906
2533,364.55450439453125
2534,372.0553029378255
2535,471.4143981933594
2536,449.07801310221356
2537,527.8871358235677
2538,489.6806233723958
2539,352.72386169433594
2540,373.152582804362
2541,431.05384521484376
2542,311.6363779703776
2543,417.3984731038411
2544,366.6892598470052
2545,336.89378865559894
2546,303.71036529541016
2547,374.67393493652344
2548,363.3997395833333
2549,358.3578567504883
2550,425.1850331624349
2551,369.6663330078125
2552,347.75231170654297
1,0.0
2,0.0
3,895.9725646972656
4,1095.7674153645833
5,1095.6216227213542
6,1101.0488382975261
7,1136.9693908691406
8,1027.1976725260417
9,1115.1761271158855
10,1093.9918924967449
11,1202.30205078125
12,1319.6920572916667
13,1385.3562418619792
14,1285.824930826823
15,1137.777079264323
16,1280.0283711751301
17,1263.1612345377605
18,1391.4771321614583
19,1267.0103149414062
20,1332.3439127604167
21,1246.68310546875
22,1476.4805704752605
23,1182.4311930338542
24,1111.4167887369792
25,1193.174051920573
26,1164.5917867024739
27,1317.545633951823
28,1109.8899230957031
29,1398.1761067708333
30,1279.5070393880208
31,1380.1325439453126
32,1551.8224080403645
33,1469.7591756184895
34,1708.9637858072917
35,1594.8428344726562
36,1477.9779663085938
37,1452.9427693684895
38,1311.2063802083333
39,1446.0110880533855
40,1246.7878011067708
41,1247.490771484375
42,1157.4144897460938
43,1213.7987263997395
44,1255.1807861328125
45,1299.133036295573
46,1329.8655904134114
47,1565.051025390625
48,1393.873311360677
49,1651.6717122395833
50,1533.2940673828125
51,1491.4983642578125
52,1570.0076090494792
53,1508.49169921875
54,1479.5990397135417
55,1161.4034220377605
56,1061.9860941569011
57,1180.8950805664062
58,1254.584716796875
59,1207.5537516276042
60,1387.8844401041667
61,1307.70185546875
62,1438.001241048177
63,1373.1655680338542
64,1294.5236409505208
65,1305.7009785970051
66,1183.2336120605469
67,1532.485595703125
68,1354.5187581380208
69,1334.03271484375
70,1459.3497111002605
71,1831.3621337890625
72,1671.517822265625
73,1593.505106608073
74,1546.718485514323
75,1374.4063517252605
76,1194.0784098307292
77,1268.8012084960938
78,1268.9590861002605
79,1328.7992655436199
80,1508.0901896158855
81,1367.8268798828126
82,1378.2563069661458
83,1422.4466145833333
84,1376.6197713216145
85,1445.6577962239583
86,1584.6422526041667
87,1567.8844401041667
88,1550.6281331380208
89,1612.1894938151042
90,1748.146464029948
91,1765.147705078125
92,1957.696024576823
93,1643.9610392252605
94,1537.0190022786458
95,1584.2477213541667
96,1647.108378092448
97,1664.337381998698
98,1847.2628580729167
99,1522.1592407226562
100,1488.9566853841145
101,1557.6349853515626
102,1439.0512288411458
103,1700.2885131835938
104,1806.0062255859375
105,1842.1821695963542
106,1731.1104329427083
107,1906.926778157552
108,1914.0552164713542
109,1902.5847778320312
110,1910.1263020833333
111,1903.353369140625
112,1539.4262084960938
113,1591.0313110351562
114,1720.847635904948
115,1411.1568806966145
116,1515.8875325520833
117,1435.793701171875
118,1443.6537272135417
119,1472.8789672851562
120,1504.0301106770833
121,1456.4732666015625
122,1435.441426595052
123,1690.092549641927
124,1502.498067220052
125,1432.0538533528645
126,1363.0497639973958
127,1702.3475341796875
128,1613.6497802734375
129,1911.0349934895833
130,1768.078104654948
131,1829.593603515625
132,1738.067850748698
133,1782.63818359375
134,1805.2897542317708
135,1810.0924072265625
136,1576.446797688802
137,1733.7947794596355
138,1714.1988321940105
139,1685.5199788411458
140,1650.878438313802
141,1803.9644287109375
142,1768.7650960286458
143,1732.7337239583333
144,1757.0164794921875
145,1737.131123860677
146,1606.1315511067708
147,1684.426493326823
148,1614.6754557291667
149,1800.1351114908855
150,1713.475606282552
151,1738.521337890625
152,1966.6227620442708
153,1914.9188639322917
154,2044.4290771484375
155,2044.6396484375
156,1972.5890299479167
157,1881.5150553385417
158,1858.4143676757812
159,1883.3988037109375
160,1658.9134318033855
161,1655.13603515625
162,1665.9794921875
163,1888.3309733072917
164,2015.5974527994792
165,2231.4804484049478
166,2225.942626953125
167,2359.2235717773438
168,2053.2076416015625
169,1857.1209716796875
170,1740.954366048177
171,1750.021240234375
172,1738.2180989583333
173,1931.3450927734375
174,1966.5891520182292
175,2004.8591715494792
176,2000.6880900065105
177,2039.5602213541667
178,2164.4448445638022
179,2181.877888997396
180,1964.5052693684895
181,1777.0637451171874
182,1967.6470133463542
183,1691.967753092448
184,1676.7799682617188
185,1757.1798706054688
186,1694.6666259765625
187,1708.433614095052
188,1835.2130737304688
189,1697.0172526041667
190,1925.4135335286458
191,1869.030419921875
192,1859.1759033203125
193,1661.9031982421875
194,1592.3480631510417
195,1666.4397583007812
196,1790.5630696614583
197,1849.5602416992188
198,2037.7183837890625
199,2070.3775838216147
200,1930.8822835286458
201,1905.451123046875
202,1920.9198201497395
203,2364.959025065104
204,2260.732706705729
205,2285.897013346354
206,2477.2228800455728
207,2344.934529622396
208,2435.2972208658853
209,2210.9287312825522
210,2439.935994466146
211,2066.62392578125
212,2074.425048828125
213,1832.412129720052
214,1952.4083862304688
215,1761.0331013997395
216,1710.9205322265625
217,1931.525899251302
218,1864.7445678710938
219,1724.5248413085938
220,1598.1888224283855
221,1877.4674072265625
222,1758.9193725585938
223,1454.5711466471355
224,1684.7233072916667
225,1723.2894287109375
226,1680.4556274414062
227,1815.4908243815105
228,1796.7984822591145
229,2052.553181966146
230,1793.7351481119792
231,2140.29990234375
232,2172.6637369791665
233,1964.4503173828125
234,2044.599141438802
235,2269.3987426757812
236,2198.7147013346353
237,2172.1546630859375
238,2288.202351888021
239,2264.430704752604
240,1719.8446044921875
241,1831.1084228515624
242,1571.6329549153645
243,1562.397216796875
244,1723.2813313802083
245,1732.7628580729167
246,1931.8385620117188
247,1913.9080607096355
248,1845.041727701823
249,1790.3363240559895
250,1710.2962443033855
251,2009.115869140625
252,1878.0540364583333
253,2044.1978759765625
254,2301.790323893229
255,2476.837646484375
256,2101.5596313476562
257,2782.928019205729
258,2335.8868204752603
259,2401.5240885416665
260,2419.1935831705728
261,2071.27431640625
262,2139.6663411458335
263,2029.096944173177
264,2139.6282552083335
265,1868.4975992838542
266,2168.9899698893228
267,2258.7326863606772
268,1950.874287923177
269,1907.332784016927
270,1797.7811686197917
271,1876.272119140625
272,2065.2118123372397
273,2022.1087239583333
274,2117.6495361328125
275,2016.3169352213542
276,1775.5523071289062
277,1665.355448404948
278,1690.4344482421875
279,1701.4579060872395
280,1916.8124389648438
281,2030.4189697265624
282,1936.8819783528645
283,2350.4319661458335
284,2333.5364786783853
285,2390.3117879231772
286,2427.281941731771
287,2243.4291788736978
288,2151.748819986979
289,2032.8926798502605
290,1908.8356119791667
291,2002.0423583984375
292,2038.7588907877605
293,1705.1727905273438
294,1975.6847737630208
295,2213.4103190104165
296,2266.6708374023438
297,2343.724568684896
298,2369.3880615234375
299,2182.7159830729165
300,1990.8660278320312
301,2331.6162109375
302,2066.0601399739585
303,1996.2824096679688
304,1927.745829264323
305,2015.1597086588542
306,2104.4144083658853
307,2359.2293294270835
308,2436.1764933268228
309,2201.7994588216147
310,2368.958780924479
311,2219.5364501953127
312,2034.189208984375
313,2060.2284138997397
314,2088.489705403646
315,2195.2797648111978
316,2037.6465657552083
317,2273.787394205729
318,2187.1917317708335
319,2211.436238606771
320,2172.052449544271
321,2041.1080810546875
322,1963.3431193033855
323,1877.3536987304688
324,1857.9786987304688
325,2017.1317342122395
326,1896.85498046875
327,1769.5145670572917
328,1831.6506958007812
329,1891.8729451497395
330,2089.776814778646
331,2121.6271240234373
332,1874.6470743815105
333,2079.420939127604
334,1880.9185180664062
335,1916.725362141927
336,1980.9267578125
337,1890.5154215494792
338,2059.9677734375
339,1867.7630208333333
340,1909.095967610677
341,1934.65244140625
342,1852.9779866536458
343,1803.198262532552
344,1746.1804809570312
345,1851.9586995442708
346,1810.4891357421875
347,1820.7098185221355
348,1909.875244140625
349,2102.5638427734375
350,1998.3683675130208
351,1746.1918701171876
352,2091.256632486979
353,2044.733866373698
354,1839.5986938476562
355,1815.3445231119792
356,1764.905517578125
357,1775.5294392903645
358,1828.34326171875
359,1951.791280110677
360,1908.649637858073
361,1899.6923095703125
362,1770.592020670573
363,1748.2929280598958
364,1729.3964436848958
365,1646.1363728841145
366,1962.1905721028645
367,1832.1686401367188
368,1772.9182942708333
369,1847.3640950520833
370,1905.8665771484375
371,1802.8468994140626
372,1721.5318400065105
373,1690.3292236328125
374,1738.0093790690105
375,1606.8011474609375
376,1730.4491780598958
377,1755.6997884114583
378,1807.9951985677083
379,1809.4623209635417
380,1777.1443684895833
381,1745.9107666015625
382,1838.1046752929688
383,1618.5928955078125
384,1751.9120483398438
385,1802.0025024414062
386,1659.166727701823
387,1692.7239583333333
388,1766.3978678385417
389,1909.8741048177083
390,1812.4940795898438
391,1829.2913818359375
392,1684.8665568033855
393,1658.876973470052
394,1557.4090169270833
395,1785.9945678710938
396,1798.7813110351562
397,1756.8580932617188
398,1850.4990234375
399,1780.4718831380208
400,1907.5315958658855
401,1515.3455322265625
402,1579.2048950195312
403,1800.7926635742188
404,1740.3941243489583
405,2062.65185546875
406,2024.3491617838542
407,1891.1588338216145
408,2128.9905598958335
409,2091.3597412109375
410,1931.4989217122395
411,1866.102392578125
412,1731.6172281901042
413,1716.790262858073
414,1490.7837320963542
415,1555.3951822916667
416,1542.4227498372395
417,1578.2213948567708
418,1496.620137532552
419,1664.84423828125
420,1633.975565592448
421,1613.6251708984375
422,1832.18896484375
423,1852.3213704427083
424,1879.1336669921875
425,1940.4870198567708
426,1820.4971313476562
427,1763.7558186848958
428,1584.0144856770833
429,1757.9836018880208
430,1662.6376953125
431,1792.8114013671875
432,1813.3083089192708
433,1782.623026529948
434,1692.9283447265625
435,1654.8771158854167
436,1621.945068359375
437,1886.1348673502605
438,1739.6651407877605
439,1838.8545532226562
440,1766.7815755208333
441,1989.3667724609375
442,1794.4193318684895
443,1800.9323323567708
444,1866.157938639323
445,1884.9605712890625
446,1724.360107421875
447,1964.4613037109375
448,2032.1117146809895
449,1793.830322265625
450,1947.4754638671875
451,1913.7860595703125
452,1936.9986165364583
453,2100.3697102864585
454,2027.583251953125
455,1893.369852701823
456,1872.0222778320312
457,1833.118672688802
458,1825.9127807617188
459,1654.4630533854167
460,1603.8720296223958
461,1814.09013671875
462,1711.4393717447917
463,1964.2093912760417
464,1983.5323486328125
465,1839.6864624023438
466,1855.4447428385417
467,1875.4347534179688
468,1689.8092651367188
469,1768.9406331380208
470,1837.5324300130208
471,1576.4001953125
472,1715.2787679036458
473,1966.8137613932292
474,2005.0489908854167
475,2084.332763671875
476,1972.639668782552
477,2015.959737141927
478,1793.4927775065105
479,1748.453104654948
480,1551.885274251302
481,1655.3635986328125
482,1809.0003458658855
483,1736.3062947591145
484,1802.3020629882812
485,1943.7366943359375
486,1797.360331217448
487,2081.239013671875
488,1678.9950561523438
489,1600.7880859375
490,1842.7216186523438
491,1755.25966796875
492,1909.5229085286458
493,1946.6509806315105
494,1860.9468587239583
495,1870.3089599609375
496,1967.2986653645833
497,1867.773213704427
498,1670.0106811523438
499,1826.884256998698
500,1888.208475748698
501,1888.3626953125
502,1799.9548746744792
503,1912.962158203125
504,1822.4235229492188
505,1942.110860188802
506,1864.6988932291667
507,2093.7110595703125
508,1927.881612141927
509,2035.4527994791667
510,1718.941914876302
511,1626.401220703125
512,1662.2975463867188
513,1664.403828938802
514,1661.615987141927
515,1613.453369140625
516,1562.121317545573
517,1650.6972249348958
518,1674.1537475585938
519,1779.9230346679688
520,1801.5185139973958
521,1791.563720703125
522,1582.374267578125
523,1647.633768717448
524,1736.057108561198
525,1676.6212972005208
526,1724.265116373698
527,1910.7847493489583
528,1807.7918294270833
529,1774.7239583333333
530,1655.212422688802
531,1758.127197265625
532,1773.6976725260417
533,1663.291524251302
534,1899.962910970052
535,2013.3152872721355
536,1914.1128540039062
537,1938.7352498372395
538,1965.7193196614583
539,1887.3698323567708
540,1853.316650390625
541,1895.8538818359375
542,1870.9781697591145
543,1977.7095540364583
544,2202.10888671875
545,1974.23388671875
546,2102.0763142903647
547,2179.545206705729
548,2093.8834228515625
549,2117.1021728515625
550,1943.7976684570312
551,2011.4821044921875
552,1729.6781412760417
553,1735.6946411132812
554,1592.5961303710938
555,1533.4569295247395
556,1512.000264485677
557,1885.491434733073
558,1851.6761881510417
559,1967.884521484375
560,1750.4334716796875
561,1883.3780029296875
562,1811.5399169921875
563,1714.1608276367188
564,1762.917500813802
565,1874.4117431640625
566,1773.1085611979167
567,1941.0672607421875
568,1595.110575358073
569,1696.084248860677
570,1621.1680297851562
571,1681.2206298828125
572,1702.7823689778645
573,1763.7511393229167
574,2036.1326904296875
575,2075.253133138021
576,1893.0608927408855
577,1757.2511596679688
578,1670.0320841471355
579,1809.5231323242188
580,2142.3192545572915
581,1786.3734375
582,2330.9716186523438
583,2330.7373860677085
584,2375.2181396484375
585,2259.071044921875
586,2161.8787638346353
587,2026.9108072916667
588,2038.0343831380208
589,1655.2813720703125
590,2067.4210611979165
591,1770.5552734375
592,1609.0661010742188
593,1675.2113037109375
594,1704.345947265625
595,1853.542744954427
596,1957.8355712890625
597,1795.290751139323
598,1775.0557454427083
599,1769.8087158203125
600,1788.7457071940105
601,1697.964404296875
602,1710.5762125651042
603,1755.214375813802
604,1946.740458170573
605,1917.5539957682292
606,1788.9155883789062
607,1732.9755045572917
608,1688.5533040364583
609,1717.2467244466145
610,1612.506327311198
611,1542.24892578125
612,1798.781005859375
613,1616.1859334309895
614,1561.1078084309895
615,1596.6846923828125
616,1501.496846516927
617,1421.9053955078125
618,1377.3176676432292
619,1341.565694173177
620,1489.4567464192708
621,1570.045458984375
622,1721.7306315104167
623,1683.7035319010417
624,1730.1170857747395
625,1687.632588704427
626,1648.7701822916667
627,1478.0753377278645
628,1616.5352986653645
629,1485.6785278320312
630,1409.6741536458333
631,1306.1696533203126
632,1433.2605590820312
633,1519.5790405273438
634,1331.2810974121094
635,1399.4049682617188
636,1353.055440266927
637,1624.2788696289062
638,1409.4999186197917
639,1360.4823608398438
640,1433.1725463867188
641,1587.2501220703125
642,1484.51611328125
643,1796.2048746744792
644,1951.4823201497395
645,2430.914794921875
646,2149.9261271158853
647,2232.432576497396
648,2046.1972045898438
649,1817.0060424804688
650,1856.5217692057292
651,1528.1173095703125
652,1466.4429931640625
653,1477.4591878255208
654,1458.2067057291667
655,1580.2543538411458
656,1551.3173421223958
657,1620.927978515625
658,1644.9396158854167
659,1552.2524820963542
660,1432.791035970052
661,1560.5317626953124
662,1769.982157389323
663,1621.3151041666667
664,1612.773457845052
665,1564.2376505533855
666,1500.177510579427
667,1531.6342366536458
668,1469.506103515625
669,1495.6798909505208
670,1393.0228678385417
671,1576.377880859375
672,1546.4270833333333
673,1610.0826212565105
674,1729.7957356770833
675,1477.683369954427
676,1513.1654256184895
677,1534.7389119466145
678,1653.23583984375
679,1681.2293090820312
680,1653.9537150065105
681,1597.382958984375
682,1430.656026204427
683,1456.2008666992188
684,1601.9058024088542
685,1673.9816284179688
686,1752.630147298177
687,1844.0737711588542
688,1629.8011271158855
689,1617.9209391276042
690,1671.21142578125
691,1585.4423828125
692,1607.1859334309895
693,1502.641581217448
694,1606.1923014322917
695,1469.4674886067708
696,1630.86767578125
697,1466.7377115885417
698,1499.287862141927
699,1720.520772298177
700,1489.3926188151042
701,1593.17333984375
702,1612.2220865885417
703,1381.9460754394531
704,1388.832499186198
705,1581.135986328125
706,1334.4478149414062
707,1457.7626546223958
708,1606.115254720052
709,1535.7258911132812
710,1662.7007649739583
711,1467.8510009765625
712,1645.1021118164062
713,1590.53515625
714,1472.6497599283855
715,1720.461201985677
716,1526.427998860677
717,1504.3973185221355
718,1630.7316487630208
719,1503.9954427083333
720,1641.8575236002605
721,1674.3314453125
722,1728.738301595052
723,1689.7597249348958
724,1699.0751342773438
725,1644.8959350585938
726,1609.2481892903645
727,1567.41943359375
728,1685.405782063802
729,1620.2386678059895
730,1668.7811075846355
731,1286.602001953125
732,1675.4167582194011
733,1492.326395670573
734,1647.0542805989583
735,1653.6464029947917
736,1985.9488118489583
737,1745.032470703125
738,1659.581075032552
739,1671.3088989257812
740,1757.2730712890625
741,1509.81640625
742,1636.5548502604167
743,1548.3873087565105
744,1531.5851643880208
745,1580.7616373697917
746,1625.9188842773438
747,1682.6082763671875
748,1733.521240234375
749,1925.7947184244792
750,1561.252176920573
751,2064.816455078125
752,1814.5870157877605
753,1435.194600423177
754,1537.350830078125
755,1523.282470703125
756,1408.4440307617188
757,1661.6576334635417
758,1787.4927978515625
759,1891.6299845377605
760,1742.3249104817708
761,1857.5552490234375
762,1623.2173868815105
763,1486.298075358073
764,1681.9649251302083
765,1532.5057779947917
766,1713.7884521484375
767,1783.3840738932292
768,1655.6118570963542
769,1569.2582194010417
770,1929.4592692057292
771,1947.92822265625
772,1729.2408040364583
773,1980.7760009765625
774,1979.8075154622395
775,1808.9211018880208
776,1828.7952473958333
777,1685.5630900065105
778,1650.6994018554688
779,1615.7222696940105
780,1566.741923014323
781,1640.978369140625
782,1563.168721516927
783,1583.7482096354167
784,1602.2926839192708
785,1587.1529134114583
786,1456.1644083658855
787,1589.870829264323
788,1634.2877604166667
789,1484.3353271484375
790,1505.3594970703125
791,1637.77880859375
792,1556.1340738932292
793,1770.599385579427
794,1738.6233520507812
795,1822.8594360351562
796,1757.00830078125
797,1593.3609008789062
798,1844.8075358072917
799,1631.5188802083333
800,1695.0622965494792
801,1743.2606201171875
802,1829.6791178385417
803,1795.8652750651042
804,1833.5933227539062
805,1645.465840657552
806,1690.2217203776042
807,1677.5860392252605
808,1747.886942545573
809,1614.705098470052
810,1664.9368286132812
811,1491.79384765625
812,1749.0237833658855
813,1617.7131958007812
814,1893.080790201823
815,1909.865010579427
816,1943.0977579752605
817,1663.5685628255208
818,1572.8369954427083
819,1448.496337890625
820,1543.4028930664062
821,1389.31474609375
822,1643.1507771809895
823,1495.9086100260417
824,1528.3298950195312
825,1682.9073079427083
826,1498.8228759765625
827,1855.5801391601562
828,1753.6048787434895
829,1648.1276245117188
830,1824.0695393880208
831,1668.2596923828125
832,1754.540547688802
833,1636.1298828125
834,1702.6448364257812
835,1866.046875
836,1726.887959798177
837,1862.189697265625
838,1896.2383626302083
839,1755.7467244466145
840,1717.8486328125
841,1547.316064453125
842,1703.1734822591145
843,1857.9415079752605
844,1590.221415201823
845,1457.0964762369792
846,1409.9970601399739
847,1437.058369954427
848,1312.0040283203125
849,1679.915751139323
850,1765.759521484375
851,1697.97890625
852,2078.5587158203125
853,1887.0862630208333
854,2044.4684448242188
855,1889.3544921875
856,2083.7064615885415
857,1916.9122111002605
858,1945.1778361002605
859,2020.4151611328125
860,2020.5077514648438
861,1943.66396484375
862,2081.9041544596353
863,1971.37548828125
864,1963.249776204427
865,1674.2835286458333
866,1554.1183675130208
867,1383.3729451497395
868,1524.174540201823
869,1309.9054361979167
870,1369.511006673177
871,1418.7129150390624
872,1296.7783508300781
873,1356.4449055989583
874,1151.6902160644531
875,1252.3370971679688
876,1154.4982299804688
877,1245.612040201823
878,1208.3578084309895
879,1421.031026204427
880,1233.1569213867188
881,1273.289794921875
882,1369.3634236653645
883,1492.368916829427
884,1433.0988260904949
885,1674.9890543619792
886,1860.1434936523438
887,1848.8956705729167
888,2072.3895874023438
889,2072.4100341796875
890,2041.8622233072917
891,2225.1937255859375
892,1970.6656290690105
893,1798.7121175130208
894,1941.2786661783855
895,1865.6080932617188
896,1623.799296061198
897,1577.8050740559895
898,1612.936299641927
899,1248.3339538574219
900,1232.8027242024739
901,1128.7497802734374
902,1124.6888834635417
903,978.4511006673177
904,1209.1559651692708
905,1307.379862467448
906,1319.6912536621094
907,1402.3411966959636
908,1487.9388631184895
909,1444.1530151367188
910,1585.9896647135417
911,1491.6458740234375
912,1477.2464396158855
913,1619.7296142578125
914,1594.3736979166667
915,1693.158935546875
916,1921.780985514323
917,1957.4899291992188
918,1862.3179117838542
919,2087.0115763346353
920,2222.4494425455728
921,1951.5251220703126
922,2012.7107950846355
923,2031.4427693684895
924,1802.8779296875
925,1622.5311889648438
926,1364.3702189127605
927,1420.5305786132812
928,1205.0989176432292
929,1451.7099202473958
930,1322.740966796875
931,1576.4013916015624
932,1546.5927327473958
933,1272.2625935872395
934,1206.8930257161458
935,1303.1455688476562
936,1324.1044921875
937,1494.0158284505208
938,1413.6529134114583
939,1333.992451985677
940,1253.0369466145833
941,1386.1672119140626
942,1140.471903483073
943,1215.6590169270833
944,1062.7695007324219
945,1109.026835123698
946,1020.1460367838541
947,1178.2841796875
948,1259.310302734375
949,1185.1050821940105
950,1258.4641723632812
951,1174.2749877929687
952,1094.806884765625
953,1404.0836791992188
954,1322.1292521158855
955,1949.6947835286458
956,1902.8118082682292
957,2139.5579223632812
958,1866.3451741536458
959,2017.23193359375
960,2025.2329915364583
961,2033.1253173828125
962,2104.581583658854
963,1955.6685180664062
964,2269.249471028646
965,2588.8386433919272
966,2564.208292643229
967,2459.954060872396
968,2590.1395263671875
969,2185.2352091471353
970,2450.520548502604
971,2605.25556640625
972,2393.6872762044272
973,2329.7010091145835
974,1990.7232869466145
975,2026.3522542317708
976,2028.3379923502605
977,1935.4581705729167
978,2081.2214965820312
979,2150.553466796875
980,1800.286865234375
981,1841.4584228515625
982,2018.676045735677
983,1786.3892822265625
984,1919.5421752929688
985,1674.546142578125
986,1781.0757853190105
987,1737.5060017903645
988,1826.3657633463542
989,1690.3149007161458
990,1865.34033203125
991,2162.282421875
992,2048.7417805989585
993,1984.1595052083333
994,2080.4455769856772
995,2083.6456298828125
996,2044.0001831054688
997,1955.2755940755208
998,2191.7899373372397
999,2063.4714965820312
1000,2115.13671875
1001,1901.0291748046875
1002,1948.9386189778645
1003,1873.3372192382812
1004,1760.4076741536458
1005,1654.3749186197917
1006,1296.6783447265625
1007,1577.948994954427
1008,1408.225321451823
1009,1332.2803955078125
1010,1264.1241048177083
1011,1307.935791015625
1012,1258.573710123698
1013,1277.9974975585938
1014,1078.781514485677
1015,1185.3055419921875
1016,1142.311299641927
1017,1192.1461791992188
1018,1186.5470377604167
1019,1276.1731770833333
1020,1172.110819498698
1021,1122.3765869140625
1022,1294.376688639323
1023,1499.810282389323
1024,1251.3034566243489
1025,1336.160420735677
1026,1542.564961751302
1027,1368.1005452473958
1028,1186.2191060384114
1029,1242.5508626302083
1030,1102.9831644694011
1031,1054.8765991210937
1032,999.5590108235677
1033,1165.739034016927
1034,959.9661254882812
1035,1003.3470153808594
1036,1111.4170328776042
1037,1117.1005757649739
1038,1171.4601745605469
1039,1081.4983927408855
1040,1212.497578938802
1041,1236.08310546875
1042,1272.8348999023438
1043,1238.5116271972656
1044,1264.44384765625
1045,1299.2560017903645
1046,1274.8033650716145
1047,1294.7114664713542
1048,1145.1760559082031
1049,1389.6295776367188
1050,1284.8737386067708
1051,1236.8519287109375
1052,1227.7867228190105
1053,1299.2061157226562
1054,1361.6593017578125
1055,1342.8233235677083
1056,1146.1323343912761
1057,1354.0641479492188
1058,1381.5582275390625
1059,1290.5695190429688
1060,1424.3519897460938
1061,1306.063818359375
1062,1423.8523966471355
1063,1363.0338541666667
1064,1371.0713704427083
1065,1331.7544962565105
1066,1560.3953247070312
1067,1475.640848795573
1068,1454.0906982421875
1069,1425.2065836588542
1070,1425.6302693684895
1071,1233.9741577148438
1072,1220.8159993489583
1073,1087.5224304199219
1074,1459.5188802083333
1075,1149.9615681966145
1076,1417.0774943033855
1077,1306.290018717448
1078,1434.8258260091145
1079,1193.5394287109375
1080,1235.2462972005208
1081,1344.8877685546875
1082,1159.3660888671875
1083,1094.1227722167969
1084,1196.9256184895833
1085,1118.9425760904949
1086,1027.2200622558594
1087,1024.1227416992188
1088,877.4562377929688
1089,929.7921549479166
1090,881.0621032714844
1091,954.205419921875
1092,1000.3546447753906
1093,940.3728230794271
1094,1059.6513061523438
1095,972.7167765299479
1096,948.5734456380209
1097,1026.5953674316406
1098,912.6354166666666
1099,1062.2457682291667
1100,1059.2315368652344
1101,997.5567749023437
1102,1222.693339029948
1103,1113.6837666829426
1104,1180.2587585449219
1105,1024.0555826822917
1106,1101.2391967773438
1107,1032.6727294921875
1108,972.4066467285156
1109,986.6567077636719
1110,937.040761311849
1111,939.2142944335938
1112,1146.7513224283855
1113,1165.393086751302
1114,1237.4887593587239
1115,1299.7882588704426
1116,1419.8758646647136
1117,1212.0184020996094
1118,1017.0544128417969
1119,1000.4142150878906
1120,1146.4536539713542
1121,1139.7986206054688
1122,990.4676818847656
1123,1039.56787109375
1124,988.7717895507812
1125,801.2594604492188
1126,982.7838643391927
1127,890.1484883626302
1128,910.2731018066406
1129,988.964833577474
1130,867.6633809407552
1131,830.7847778320313
1132,909.8336181640625
1133,966.1829528808594
1134,1013.3624572753906
1135,931.8859252929688
1136,827.5716654459635
1137,844.0894266764323
1138,874.7118428548177
1139,846.2910359700521
1140,841.2754618326823
1141,887.2044555664063
1142,910.5454305013021
1143,850.0177205403646
1144,820.0228983561198
1145,975.6124674479166
1146,1048.227315266927
1147,1053.0719401041667
1148,1035.0240173339844
1149,1050.8229370117188
1150,961.7683308919271
1151,939.74248046875
1152,973.0269063313802
1153,860.9094746907552
1154,879.6387023925781
1155,943.3438517252604
1156,984.7289225260416
1157,955.103993733724
1158,933.1595153808594
1159,938.8724263509115
1160,892.7957255045573
1161,890.6591430664063
1162,855.5182291666666
1163,843.6949768066406
1164,840.8466186523438
1165,799.204823811849
1166,733.9317016601562
1167,720.3465881347656
1168,758.1573384602865
1169,853.7560526529948
1170,824.6850789388021
1171,842.1635620117188
1172,812.8712056477865
1173,931.2930806477865
1174,955.9365946451823
1175,822.6050516764323
1176,781.2764383951823
1177,918.0756022135416
1178,965.1470438639323
1179,920.7044779459635
1180,944.9098002115885
1181,934.064697265625
1182,881.1078592936198
1183,832.5010782877604
1184,845.4072774251302
1185,809.8109029134115
1186,946.5178527832031
1187,854.5570678710938
1188,849.8286946614584
1189,915.520517985026
1190,930.7820332845052
1191,878.1696533203125
1192,839.1464131673177
1193,796.2323201497396
1194,737.8162536621094
1195,885.8424173990885
1196,909.7432047526041
1197,1020.4775899251302
1198,960.8348999023438
1199,1057.8258768717449
1200,1049.789306640625
1201,971.4016723632812
1202,871.0330200195312
1203,871.7071634928385
1204,926.377685546875
1205,869.9412027994791
1206,831.8459777832031
1207,846.9818115234375
1208,773.191650390625
1209,826.4701029459635
1210,778.731689453125
1211,858.1744262695313
1212,861.3668314615885
1213,824.661855061849
1214,857.752207438151
1215,861.2485758463541
1216,922.4791666666666
1217,911.9620157877604
1218,1005.4756978352865
1219,1197.3396606445312
1220,1126.0869649251301
1221,1227.4206298828126
1222,957.1601765950521
1223,834.176035563151
1224,848.2051391601562
1225,836.2435404459635
1226,797.5812072753906
1227,862.886220296224
1228,774.5675455729166
1229,828.186757405599
1230,910.8212483723959
1231,975.0678833007812
1232,880.0843302408854
1233,835.3097432454427
1234,802.6932678222656
1235,856.3189697265625
1236,782.1724243164062
1237,872.700937906901
1238,927.033203125
1239,878.4469095865885
1240,1025.492696126302
1241,1012.62197265625
1242,1023.194834391276
1243,1031.8716735839844
1244,915.7204081217448
1245,906.8096720377604
1246,872.495595296224
1247,848.581797281901
1248,876.3157043457031
1249,868.7642110188802
1250,823.4595642089844
1251,817.1778930664062
1252,840.0167948404948
1253,773.7239583333334
1254,771.5350545247396
1255,843.0253092447916
1256,882.86767578125
1257,856.642822265625
1258,929.2831624348959
1259,842.2094116210938
1260,897.6493326822916
1261,936.7826904296875
1262,1072.5954895019531
1263,989.3177897135416
1264,1077.9011332194011
1265,1151.7208862304688
1266,1138.1581624348958
1267,1187.0200805664062
1268,1109.186014811198
1269,1077.3019510904949
1270,1002.8384094238281
1271,907.346533203125
1272,900.5358174641927
1273,890.7882995605469
1274,892.5391845703125
1275,1003.5417073567709
1276,1007.8438822428385
1277,1095.1484680175781
1278,1013.0916341145834
1279,928.3993428548177
1280,1072.2482604980469
1281,1143.4850219726563
1282,1161.2715250651042
1283,1228.2872924804688
1284,1146.8820088704426
1285,1013.6648864746094
1286,861.2698771158854
1287,791.17138671875
1288,956.4307149251302
1289,935.1948445638021
1290,911.9514567057291
1291,904.1927124023438
1292,906.8538920084635
1293,813.4439290364584
1294,842.7486165364584
1295,886.0710652669271
1296,796.5320434570312
1297,770.9300842285156
1298,857.291748046875
1299,815.8003641764323
1300,827.2894897460938
1301,888.9060913085938
1302,919.4035135904948
1303,843.60205078125
1304,856.1995035807291
1305,902.6692504882812
1306,856.2534586588541
1307,993.2034098307291
1308,1077.5540568033855
1309,985.0200398763021
1310,840.4862365722656
1311,1104.5406982421875
1312,1151.9123942057292
1313,985.4159545898438
1314,871.7265116373698
1315,898.5992736816406
1316,820.9269816080729
1317,846.8835754394531
1318,720.2589009602865
1319,828.1560567220052
1320,807.9881591796875
1321,915.0777099609375
1322,862.8538411458334
1323,880.0296325683594
1324,932.1268717447916
1325,921.4175516764323
1326,896.4100240071615
1327,937.1344299316406
1328,864.4157409667969
1329,850.3412475585938
1330,871.5870564778646
1331,879.678173828125
1332,895.4115397135416
1333,990.0465698242188
1334,1085.363505045573
1335,788.3325805664062
1336,904.1758422851562
1337,889.3476969401041
1338,843.2596130371094
1339,958.1452941894531
1340,891.1682332356771
1341,987.100927734375
1342,723.6827596028646
1343,849.8300984700521
1344,886.9488423665365
1345,1023.3002522786459
1346,1004.091074625651
1347,1047.8734334309895
1348,943.4824625651041
1349,998.0006612141927
1350,947.5791422526041
1351,937.1514770507813
1352,861.6465250651041
1353,842.858154296875
1354,885.5847473144531
1355,896.3699951171875
1356,860.3322245279948
1357,878.1039326985677
1358,911.4053853352865
1359,916.6816914876302
1360,959.4819539388021
1361,777.4751586914062
1362,899.5692647298177
1363,773.996836344401
1364,799.9554646809896
1365,890.7384338378906
1366,851.3601786295573
1367,848.5884399414062
1368,837.7449951171875
1369,951.8127034505209
1370,995.3797912597656
1371,883.5646606445313
1372,919.8946940104166
1373,895.6266072591146
1374,882.683115641276
1375,909.1524861653646
1376,915.0904947916666
1377,954.3540344238281
1378,855.523203531901
1379,921.3091532389323
1380,863.5281270345052
1381,875.6430786132812
1382,903.89501953125
1383,804.2635396321615
1384,811.9988403320312
1385,851.1963297526041
1386,892.0402628580729
1387,981.6348063151041
1388,881.8109436035156
1389,924.6413981119791
1390,940.1719258626302
1391,1027.749072265625
1392,935.6131388346354
1393,871.3707682291666
1394,851.8759562174479
1395,800.6246236165365
1396,785.3234659830729
1397,869.0427042643229
1398,854.083506266276
1399,787.5516153971354
1400,930.1901041666666
1401,775.5272094726563
1402,882.4778747558594
1403,855.8459269205729
1404,827.7981669108073
1405,768.284912109375
1406,811.3235880533854
1407,830.2752380371094
1408,814.6140441894531
1409,963.5635070800781
1410,1021.5255330403646
1411,956.4398193359375
1412,968.8079427083334
1413,1025.4716695149739
1414,841.577870686849
1415,797.0196736653646
1416,719.9601338704427
1417,669.6152954101562
1418,778.0807902018229
1419,915.5742696126302
1420,922.6802876790365
1421,920.9341430664062
1422,989.6156412760416
1423,1050.307393391927
1424,1319.025410970052
1425,1326.4976399739583
1426,1380.6886189778645
1427,1218.919921875
1428,1048.2135925292969
1429,937.2811686197916
1430,838.561757405599
1431,808.474462890625
1432,831.474843343099
1433,848.6389770507812
1434,876.9660237630209
1435,841.7857462565104
1436,905.4228515625
1437,934.2190958658854
1438,825.5053304036459
1439,730.346669514974
1440,825.270253499349
1441,800.1508178710938
1442,919.5678202311198
1443,916.7106526692709
1444,946.9354044596354
1445,1073.5762227376301
1446,1052.4051208496094
1447,1001.1585388183594
1448,1010.5365295410156
1449,813.7246297200521
1450,795.1410929361979
1451,853.2650146484375
1452,785.0791524251302
1453,802.0496215820312
1454,787.9660135904948
1455,780.5637003580729
1456,803.153818766276
1457,890.3953857421875
1458,902.3148498535156
1459,909.2843933105469
1460,820.4988098144531
1461,882.4521850585937
1462,766.4345092773438
1463,722.8392232259115
1464,699.9054463704427
1465,756.4908548990885
1466,735.482411702474
1467,823.4479268391927
1468,876.266367594401
1469,1104.1469319661458
1470,939.0621643066406
1471,889.5599365234375
1472,922.4860127766927
1473,862.3642374674479
1474,738.7224527994791
1475,755.6673278808594
1476,731.3330586751302
1477,807.8531392415365
1478,842.2288208007812
1479,858.5597534179688
1480,912.8532206217448
1481,982.6955200195313
1482,874.3291727701823
1483,814.7150166829427
1484,899.8330078125
1485,896.3186340332031
1486,1032.261454264323
1487,1012.3999735514323
1488,961.1624755859375
1489,841.4067993164062
1490,763.1223754882812
1491,822.6427001953125
1492,859.2604268391927
1493,869.1789957682291
1494,875.0823567708334
1495,686.355723063151
1496,715.7803955078125
1497,804.1424255371094
1498,915.8515828450521
1499,946.8919779459635
1500,1030.8209330240886
1501,924.1613037109375
1502,880.9578450520834
1503,870.1984049479166
1504,808.8606160481771
1505,783.725107828776
1506,858.269775390625
1507,835.6536763509115
1508,909.310546875
1509,1099.9225056966145
1510,931.9756469726562
1511,1148.3542846679688
1512,1110.579081217448
1513,1133.8973897298176
1514,1218.4746907552083
1515,1260.7090861002605
1516,1396.3817342122395
1517,1337.954854329427
1518,1200.8541666666667
1519,889.7112223307291
1520,962.9543965657552
1521,865.905126953125
1522,872.917714436849
1523,811.5064595540365
1524,995.3668619791666
1525,979.2315266927084
1526,1189.1934000651042
1527,1176.1136067708333
1528,1218.2162679036458
1529,1279.1080932617188
1530,1077.3150431315105
1531,1114.2807250976562
1532,1129.385518391927
1533,928.2027486165365
1534,862.9827168782552
1535,888.007090250651
1536,831.4790954589844
1537,926.1698811848959
1538,918.4596761067709
1539,1180.6053161621094
1540,1038.9627176920574
1541,1188.5205078125
1542,1222.4432169596355
1543,1212.332763671875
1544,1383.644287109375
1545,1342.7119140625
1546,1159.4554443359375
1547,1067.0628051757812
1548,1021.8848164876302
1549,1076.3267822265625
1550,937.8985087076823
1551,984.7747802734375
1552,959.5170389811198
1553,941.8251647949219
1554,977.7750651041666
1555,1001.916737874349
1556,994.6036173502604
1557,1029.1920166015625
1558,1100.3486226399739
1559,979.711659749349
1560,963.4592488606771
1561,845.1000854492188
1562,979.6248779296875
1563,943.927256266276
1564,1036.0150451660156
1565,978.5853068033854
1566,1076.639404296875
1567,1142.3876546223958
1568,1171.0636291503906
1569,1053.9930725097656
1570,986.356455485026
1571,851.9109741210938
1572,876.458017985026
1573,891.5085957845052
1574,931.4898071289062
1575,940.8312479654948
1576,1024.0530293782551
1577,965.1629028320312
1578,973.9559224446615
1579,972.5287373860677
1580,794.1753438313802
1581,801.6642700195313
1582,901.1127522786459
1583,804.4996948242188
1584,797.038340250651
1585,897.3621724446615
1586,916.0093383789062
1587,951.7740681966146
1588,916.4196980794271
1589,965.5190226236979
1590,893.9423421223959
1591,976.6060180664062
1592,921.1039835611979
1593,744.4580078125
1594,784.0908610026041
1595,815.3519999186198
1596,921.9913635253906
1597,972.4116719563802
1598,964.1680908203125
1599,1039.145487467448
1600,1073.6790059407551
1601,1019.5537841796875
1602,929.1927693684896
1603,926.3361206054688
1604,913.8147786458334
1605,918.4316202799479
1606,937.4047139485677
1607,1105.5599466959636
1608,1007.7436014811198
1609,982.6436665852865
1610,1093.8595784505208
1611,1123.91845703125
1612,1210.6336263020833
1613,965.2765808105469
1614,894.0907592773438
1615,815.2349446614584
1616,866.1582539876302
1617,860.6135864257812
1618,1036.0552469889324
1619,1074.779296875
1620,1021.9636942545573
1621,988.4515502929687
1622,943.3572692871094
1623,898.7029418945312
1624,792.3350321451823
1625,752.7368570963541
1626,809.3233642578125
1627,708.2970275878906
1628,812.3380533854166
1629,950.5532531738281
1630,977.6209818522135
1631,813.846044921875
1632,929.1450703938802
1633,961.1342468261719
1634,964.8953145345052
1635,987.4950764973959
1636,994.9241638183594
1637,966.9141235351562
1638,874.0838623046875
1639,921.1775410970052
1640,944.1044311523438
1641,829.8110473632812
1642,892.7506306966146
1643,910.8951924641927
1644,848.1133931477865
1645,781.9870096842448
1646,829.7573547363281
1647,796.0983479817709
1648,785.9922281901041
1649,835.9965515136719
1650,811.4413553873698
1651,791.7235717773438
1652,785.8298645019531
1653,824.8493347167969
1654,924.7915242513021
1655,842.2322184244791
1656,946.5329081217448
1657,985.3427429199219
1658,938.323486328125
1659,972.8830057779948
1660,850.7113444010416
1661,803.1642333984375
1662,719.3731384277344
1663,748.5918986002604
1664,798.1038614908854
1665,944.4236348470052
1666,987.0013427734375
1667,1113.076904296875
1668,1116.272928873698
1669,1071.4590861002605
1670,955.0410359700521
1671,862.2911376953125
1672,844.0794982910156
1673,849.8372599283854
1674,829.818349202474
1675,834.3455200195312
1676,934.6218566894531
1677,930.2364196777344
1678,891.3318074544271
1679,999.1435139973959
1680,983.0206502278646
1681,926.5714721679688
1682,919.4629720052084
1683,884.8311462402344
1684,1032.6775207519531
1685,910.7401631673177
1686,891.1151631673177
1687,893.3324686686198
1688,930.4254862467448
1689,809.2301534016927
1690,915.9075215657552
1691,786.5307250976563
1692,736.7034098307291
1693,862.0527547200521
1694,727.0632120768229
1695,854.5902303059896
1696,923.2952677408854
1697,940.6769816080729
1698,853.6070251464844
1699,847.215342203776
1700,1091.6666564941406
1701,939.66591796875
1702,992.8102111816406
1703,989.3701782226562
1704,1005.6171162923177
1705,798.8262634277344
1706,731.0321044921875
1707,738.3936869303385
1708,676.8130594889323
1709,622.6108093261719
1710,667.8426106770834
1711,597.4137573242188
1712,694.8767293294271
1713,638.4818522135416
1714,613.2745717366537
1715,711.6495259602865
1716,705.493418375651
1717,707.29736328125
1718,669.4662068684896
1719,752.7421162923177
1720,829.9224141438802
1721,854.0484130859375
1722,851.6072794596354
1723,964.1078592936198
1724,916.6074015299479
1725,908.8944498697916
1726,933.4539388020834
1727,859.5485229492188
1728,951.6521402994791
1729,738.8599141438802
1730,762.2542521158854
1731,709.7448608398438
1732,623.3492380777994
1733,673.8030293782552
1734,723.1731363932291
1735,671.4121805826823
1736,774.5050252278646
1737,738.4813232421875
1738,741.6677042643229
1739,710.715321858724
1740,697.9039815266927
1741,704.88076171875
1742,705.3448384602865
1743,798.9745686848959
1744,835.656504313151
1745,872.5724894205729
1746,918.5833028157552
1747,945.8058369954427
1748,846.4190877278646
1749,821.8031209309896
1750,696.9423268636068
1751,644.2889587402344
1752,677.5538635253906
1753,681.5349324544271
1754,731.796142578125
1755,942.0432637532552
1756,898.9137369791666
1757,789.9239196777344
1758,902.6742858886719
1759,882.0852864583334
1760,920.201904296875
1761,834.3524169921875
1762,726.7049153645834
1763,775.6571044921875
1764,636.7171427408854
1765,656.3647867838541
1766,662.8722534179688
1767,803.6866861979166
1768,832.9854125976562
1769,804.0375264485677
1770,846.564453125
1771,843.0141235351563
1772,814.3019510904948
1773,726.6849466959635
1774,670.621348063151
1775,684.386484781901
1776,764.2079874674479
1777,847.4165649414062
1778,818.0440368652344
1779,1010.0881754557291
1780,1003.6190795898438
1781,1016.8935546875
1782,978.6027425130209
1783,1054.463155110677
1784,924.8326212565104
1785,939.5326639811198
1786,747.0220947265625
1787,809.4234822591146
1788,748.7609252929688
1789,786.5572916666666
1790,735.1928100585938
1791,863.40927734375
1792,847.5149637858073
1793,846.6804809570312
1794,793.5998942057291
1795,805.374013264974
1796,769.2132466634115
1797,797.7448323567709
1798,812.2106119791666
1799,859.391845703125
1800,706.2728780110677
1801,804.4723266601562
1802,842.1004536946615
1803,856.4704081217448
1804,908.4243774414062
1805,855.0017293294271
1806,829.5678507486979
1807,796.0951741536459
1808,711.4297892252604
1809,748.3235880533854
1810,773.3493245442709
1811,687.37216796875
1812,786.9689229329427
1813,934.1317545572916
1814,839.9747009277344
1815,791.8672993977865
1816,748.3809560139974
1817,751.5738932291666
1818,819.7687784830729
1819,893.6239115397135
1820,770.8319091796875
1821,848.0654174804688
1822,856.9234822591146
1823,807.5023498535156
1824,704.7094523111979
1825,693.4113718668619
1826,703.2818501790365
1827,597.3529205322266
1828,673.6256612141927
1829,732.757080078125
1830,701.0225524902344
1831,722.43955078125
1832,780.6519470214844
1833,666.8963826497396
1834,654.2617492675781
1835,630.7950998942057
1836,595.9258219401041
1837,806.581797281901
1838,847.9185892740885
1839,840.9309387207031
1840,1020.345225016276
1841,1103.320361328125
1842,910.6836344401041
1843,975.4652303059896
1844,886.4877115885416
1845,762.9594421386719
1846,669.1761881510416
1847,590.8896636962891
1848,563.542724609375
1849,587.9866638183594
1850,704.6808166503906
1851,766.4971801757813
1852,709.7528076171875
1853,763.8821614583334
1854,765.7080078125
1855,658.6869405110677
1856,596.2681477864584
1857,650.7395222981771
1858,643.4279174804688
1859,679.711659749349
1860,764.2758992513021
1861,682.8802490234375
1862,873.3528035481771
1863,833.9845072428385
1864,861.1634318033854
1865,686.6774190266927
1866,856.9187723795573
1867,759.593017578125
1868,719.8677775065104
1869,811.322998046875
1870,718.8988240559896
1871,948.3424072265625
1872,1054.7664794921875
1873,1098.7096761067708
1874,1061.4668579101562
1875,921.9844258626302
1876,770.3975728352865
1877,664.7357482910156
1878,705.2458801269531
1879,703.3987121582031
1880,718.0310567220052
1881,778.62724609375
1882,644.8520711263021
1883,717.6864217122396
1884,683.2348327636719
1885,649.4513346354166
1886,695.2986551920573
1887,670.9533996582031
1888,744.381113688151
1889,701.0221659342448
1890,694.8267008463541
1891,763.1463989257812
1892,650.6214650472006
1893,637.7505696614584
1894,649.6187845865885
1895,666.3838755289713
1896,688.1969095865885
1897,756.325429280599
1898,784.9962361653646
1899,778.0274353027344
1900,816.1681925455729
1901,770.341162109375
1902,730.0914815266927
1903,766.6593119303385
1904,777.1110127766927
1905,677.8457438151041
1906,651.0427398681641
1907,695.2071228027344
1908,658.3953653971354
1909,791.7774861653646
1910,711.5909016927084
1911,531.3837524414063
1912,606.9386088053385
1913,645.2950846354166
1914,661.3733418782552
1915,693.1865844726562
1916,690.3700256347656
1917,675.4921671549479
1918,601.4974568684896
1919,668.4624532063802
1920,691.0485331217448
1921,718.6909912109375
1922,815.9280904134115
1923,756.2142232259115
1924,772.5960388183594
1925,642.2856241861979
1926,817.668212890625
1927,690.1211547851562
1928,723.0662231445312
1929,708.336415608724
1930,686.691904703776
1931,600.9897216796875
1932,643.6623789469401
1933,652.8192138671875
1934,796.8471883138021
1935,751.1595357259115
1936,927.3819274902344
1937,1019.6741841634115
1938,955.4177958170573
1939,856.8763326009115
1940,829.7336629231771
1941,899.9711059570312
1942,822.1469523111979
1943,808.1321919759115
1944,887.7260437011719
1945,900.8051961263021
1946,931.4309488932291
1947,849.2717488606771
1948,784.13525390625
1949,789.2455444335938
1950,831.0502522786459
1951,721.7381469726563
1952,803.8715616861979
1953,798.9293009440104
1954,819.3878987630209
1955,773.4715169270834
1956,810.0113321940104
1957,907.5170084635416
1958,790.9023946126302
1959,683.0096333821615
1960,638.2465311686198
1961,666.1860473632812
1962,649.0900472005209
1963,790.7422892252604
1964,759.7720947265625
1965,778.3675842285156
1966,732.020741780599
1967,864.8681335449219
1968,861.1155598958334
1969,864.7529703776041
1970,834.3075561523438
1971,781.277685546875
1972,798.3662923177084
1973,640.994862874349
1974,518.377685546875
1975,611.2250671386719
1976,746.8313395182291
1977,662.0494283040365
1978,809.1858520507812
1979,690.0214029947916
1980,884.3362121582031
1981,787.8855712890625
1982,708.6672058105469
1983,635.77392578125
1984,665.2120768229166
1985,610.3015340169271
1986,699.5617065429688
1987,785.7715352376302
1988,785.5434265136719
1989,810.3659261067709
1990,756.3101399739584
1991,739.6104248046875
1992,781.8077901204427
1993,757.1459350585938
1994,687.1073608398438
1995,924.2724812825521
1996,753.466786702474
1997,743.5970865885416
1998,886.0455423990885
1999,1024.2478942871094
2000,961.2865193684896
2001,968.4894409179688
2002,1026.45751953125
2003,1082.1587015787761
2004,879.2961832682291
2005,979.369384765625
2006,1047.8188985188801
2007,974.4090677897135
2008,891.190928141276
2009,746.9551188151041
2010,743.4612426757812
2011,637.9669250488281
2012,897.4211934407552
2013,909.2935078938802
2014,810.22412109375
2015,1002.1475118001302
2016,918.06787109375
2017,886.745127360026
2018,850.0436503092448
2019,756.9751688639323
2020,766.9839477539062
2021,642.1065185546875
2022,805.2271016438802
2023,912.2048746744791
2024,968.4036661783854
2025,873.4113566080729
2026,876.8615417480469
2027,678.8929850260416
2028,789.7708638509115
2029,797.2579142252604
2030,796.9976399739584
2031,722.659326171875
2032,821.181640625
2033,867.4671630859375
2034,979.6105753580729
2035,905.5567525227865
2036,1046.9679667154949
2037,931.0717976888021
2038,828.5474751790365
2039,842.0849304199219
2040,753.0858968098959
2041,847.00625
2042,857.3791097005209
2043,760.9186706542969
2044,885.768076578776
2045,927.483144124349
2046,867.4135437011719
2047,931.4742126464844
2048,871.7510274251302
2049,804.5691324869791
2050,938.97119140625
2051,885.0829223632812
2052,771.844736735026
2053,780.0123697916666
2054,749.153065999349
2055,750.4978841145834
2056,733.3095753987631
2057,720.5136515299479
2058,798.7537333170573
2059,885.7031453450521
2060,923.652109781901
2061,979.8965209960937
2062,943.1630249023438
2063,1003.0354410807291
2064,968.1112874348959
2065,879.4721883138021
2066,731.2154642740885
2067,705.0162658691406
2068,604.9835561116537
2069,651.6159057617188
2070,574.2052917480469
2071,534.8908508300781
2072,600.4166768391927
2073,615.8399149576823
2074,609.9584706624349
2075,708.8479410807291
2076,801.4010213216146
2077,992.876942952474
2078,814.1304524739584
2079,686.3585459391276
2080,652.2898152669271
2081,648.3694580078125
2082,548.8436533610026
2083,584.6872406005859
2084,671.9993591308594
2085,625.0634358723959
2086,709.6560363769531
2087,694.8351542154948
2088,869.5490315755209
2089,660.8413035074869
2090,822.1125081380209
2091,712.4925659179687
2092,666.760487874349
2093,587.6081593831381
2094,576.7756500244141
2095,540.0010833740234
2096,612.0335286458334
2097,599.6139831542969
2098,648.1614379882812
2099,622.851552327474
2100,682.9602661132812
2101,582.0736572265625
2102,678.7080281575521
2103,689.0708923339844
2104,601.2776387532552
2105,609.1697692871094
2106,499.3162078857422
2107,497.5961659749349
2108,564.4374186197916
2109,610.8291829427084
2110,581.2232360839844
2111,533.3181701660156
2112,517.9738057454427
2113,360.2849477132161
2114,360.62158203125
2115,531.7457021077474
2116,515.6291656494141
2117,664.5631408691406
2118,863.5457255045573
2119,807.9254150390625
2120,708.7427571614584
2121,776.9680419921875
2122,799.5426228841146
2123,839.8468017578125
2124,803.2102966308594
2125,789.6917826334635
2126,709.7922668457031
2127,658.6237487792969
2128,617.6418762207031
2129,620.2232564290365
2130,687.7345886230469
2131,713.19306640625
2132,691.0911560058594
2133,785.9552103678385
2134,744.3491007486979
2135,638.0321146647135
2136,580.3733113606771
2137,618.931630452474
2138,522.2505747477213
2139,409.28102620442706
2140,469.9714101155599
2141,444.63124389648436
2142,432.12070719401044
2143,494.8383026123047
2144,505.0934143066406
2145,572.5004170735677
2146,572.9019775390625
2147,558.4095865885416
2148,545.7833353678385
2149,521.738779703776
2150,550.3691813151041
2151,634.785009765625
2152,730.2044372558594
2153,820.6649678548177
2154,755.4212646484375
2155,699.1176452636719
2156,608.2206013997396
2157,579.2295684814453
2158,550.9311065673828
2159,555.5903930664062
2160,682.60498046875
2161,772.5866333007813
2162,829.5996907552084
2163,733.1292877197266
2164,747.0238240559896
2165,535.4226684570312
2166,519.6705830891927
2167,619.2500406901041
2168,616.3028361002604
2169,633.1423543294271
2170,720.9829508463541
2171,694.5713989257813
2172,660.8480326334635
2173,625.6844177246094
2174,547.7126922607422
2175,690.1304016113281
2176,606.0350494384766
2177,606.2629191080729
2178,724.9161478678385
2179,634.019521077474
2180,745.8289896647135
2181,686.3541625976562
2182,677.3125305175781
2183,661.2778930664062
2184,763.7454833984375
2185,533.2216644287109
2186,541.2113189697266
2187,553.5524291992188
2188,534.2339172363281
2189,519.9251607259115
2190,689.2933553059896
2191,686.9007934570312
2192,642.9620361328125
2193,827.5301615397135
2194,754.0320231119791
2195,751.203603108724
2196,762.0025838216146
2197,748.25537109375
2198,746.9203287760416
2199,616.7589823404948
2200,698.6545817057291
2201,691.546826171875
2202,637.1900329589844
2203,644.505126953125
2204,618.7318216959635
2205,567.4518025716146
2206,526.2866973876953
2207,536.70654296875
2208,644.2074178059896
2209,635.7290954589844
2210,663.3595987955729
2211,698.51640625
2212,682.0220743815104
2213,491.9474690755208
2214,507.17352294921875
2215,557.0861612955729
2216,468.7922007242839
2217,404.98304748535156
2218,453.11805216471356
2219,493.1497548421224
2220,536.3331654866537
2221,551.9789184570312
2222,591.1933135986328
2223,613.9546864827474
2224,621.3529357910156
2225,552.405527750651
2226,614.782969156901
2227,624.0960591634115
2228,623.3191426595052
2229,797.654286702474
2230,979.2342325846354
2231,978.0197631835938
2232,809.1707458496094
2233,770.1172383626302
2234,551.1248728434244
2235,515.3272247314453
2236,621.1057637532552
2237,570.9541015625
2238,597.6063944498698
2239,674.8014424641927
2240,651.0416310628256
2241,635.3895751953125
2242,667.3124084472656
2243,755.0275268554688
2244,604.2250925699869
2245,587.4598083496094
2246,596.3502502441406
2247,660.5476226806641
2248,696.3279418945312
2249,726.8360290527344
2250,843.0840759277344
2251,790.5800903320312
2252,728.0686950683594
2253,596.744130452474
2254,639.1231180826823
2255,551.0583801269531
2256,509.6604970296224
2257,589.4813028971354
2258,535.7005818684896
2259,562.4775695800781
2260,598.850341796875
2261,969.8594482421875
2262,824.3600056966146
2263,1040.506815592448
2264,959.7210388183594
2265,911.3743896484375
2266,645.9322764078776
2267,575.5828043619791
2268,431.931401570638
2269,500.9468587239583
2270,534.8551635742188
2271,547.8163757324219
2272,549.3700968424479
2273,522.3705393473307
2274,598.9155680338541
2275,609.3149973551432
2276,654.5590616861979
2277,661.5886535644531
2278,693.2731068929037
2279,732.3602396647135
2280,662.0599161783854
2281,741.6369995117187
2282,840.7161560058594
2283,663.0113627115885
2284,677.3438873291016
2285,562.9678446451823
2286,568.8518269856771
2287,439.30999247233075
2288,465.96319071451825
2289,527.6895345052084
2290,690.965586344401
2291,603.9718017578125
2292,656.1725565592448
2293,610.9061279296875
2294,592.2084757486979
2295,568.8039754231771
2296,574.8382568359375
2297,616.4298095703125
2298,555.9795888264974
2299,588.7583567301432
2300,629.5946909586588
2301,548.520703125
2302,621.422597249349
2303,566.4311065673828
2304,595.3366088867188
2305,607.3147735595703
2306,564.2118377685547
2307,601.1283671061198
2308,532.4508438110352
2309,493.715576171875
2310,501.25690205891925
2311,527.0408935546875
2312,648.8895568847656
2313,673.6926574707031
2314,753.7021687825521
2315,668.9192504882812
2316,689.9011840820312
2317,642.5578562418619
2318,706.1361897786459
2319,610.9954833984375
2320,683.0715637207031
2321,610.9846923828125
2322,611.8419698079427
2323,680.3360900878906
2324,631.3016662597656
2325,638.0766194661459
2326,652.0534057617188
2327,673.1072794596354
2328,652.8726399739584
2329,663.8025309244791
2330,730.6718495686849
2331,674.7055053710938
2332,828.4732869466146
2333,773.097422281901
2334,769.9838460286459
2335,764.19775390625
2336,810.4315897623698
2337,901.0293986002604
2338,751.5335795084635
2339,682.6614685058594
2340,579.1182556152344
2341,591.702734375
2342,706.458485921224
2343,980.3948872884115
2344,852.8872782389323
2345,718.1626688639323
2346,720.1006469726562
2347,524.0264434814453
2348,573.2603352864584
2349,675.5084025065104
2350,691.9281311035156
2351,669.3323486328125
2352,695.2795918782552
2353,774.7573852539062
2354,712.9755249023438
2355,729.0232340494791
2356,711.8172403971354
2357,741.2039693196615
2358,742.0346374511719
2359,671.6316528320312
2360,664.2309773763021
2361,579.9698425292969
2362,628.4552714029948
2363,554.6450602213541
2364,611.1266581217448
2365,515.0476582845052
2366,491.6492614746094
2367,507.28368123372394
2368,546.9433797200521
2369,595.2234903971354
2370,495.478271484375
2371,482.8922485351562
2372,454.62440999348956
2373,533.15673828125
2374,504.48488362630206
2375,586.9019114176432
2376,542.6743621826172
2377,633.6282755533854
2378,621.9124247233073
2379,682.7434285481771
2380,698.284413655599
2381,759.2981079101562
2382,815.5045064290365
2383,624.4809163411459
2384,723.0910034179688
2385,665.0702311197916
2386,648.3338216145834
2387,601.2180786132812
2388,590.7149454752604
2389,578.5926055908203
2390,613.1382446289062
2391,569.1313842773437
2392,644.7873026529948
2393,691.1395568847656
2394,662.8030090332031
2395,757.8990987141927
2396,519.5016276041666
2397,474.8229726155599
2398,510.2149403889974
2399,616.1209818522135
2400,714.4781901041666
2401,658.5390991210937
2402,609.7311859130859
2403,563.0609334309896
2404,496.3136494954427
2405,474.7752278645833
2406,555.6517028808594
2407,643.6252746582031
2408,595.8114725748698
2409,767.5740356445312
2410,762.8584696451823
2411,781.3388427734375
2412,747.6458841959635
2413,708.0833536783854
2414,683.8516133626302
2415,716.5020853678385
2416,731.3808085123698
2417,624.8809611002604
2418,514.8698476155599
2419,539.4967142740885
2420,513.6935221354166
2421,541.0427795410156
2422,566.8098347981771
2423,483.3594512939453
2424,445.27638753255206
2425,352.8572540283203
2426,319.7135264078776
2427,336.3184992472331
2428,382.67918395996094
2429,480.81629435221356
2430,510.46706136067706
2431,628.7851806640625
2432,624.9732360839844
2433,627.6343383789062
2434,704.6796366373698
2435,701.9380289713541
2436,722.2730814615885
2437,680.494618733724
2438,728.8212381998698
2439,659.0902303059896
2440,525.8325500488281
2441,570.7496398925781
2442,515.4370930989584
2443,368.5782470703125
2444,403.8314158121745
2445,443.0094807942708
2446,504.4040985107422
2447,481.9073842366536
2448,635.8951568603516
2449,659.2344258626302
2450,719.8932698567709
2451,669.402734375
2452,525.3260091145834
2453,360.56080627441406
2454,416.406010945638
2455,582.8585968017578
2456,410.54286193847656
2457,434.82799275716144
2458,449.15246836344403
2459,381.5609436035156
2460,447.7715606689453
2461,466.0023254394531
2462,577.6479187011719
2463,597.2088724772135
2464,635.1840260823568
2465,767.4745076497396
2466,648.9423116048177
2467,656.217763264974
2468,631.7622782389323
2469,527.6707356770834
2470,540.6885223388672
2471,568.2883056640625
2472,581.2234954833984
2473,573.8137563069662
2474,590.6509704589844
2475,446.3609619140625
2476,464.5782216389974
2477,478.5842742919922
2478,526.934336344401
2479,551.5912628173828
2480,633.9580841064453
2481,725.0388549804687
2482,642.510019938151
2483,675.3626149495443
2484,586.2893575032552
2485,530.0861002604166
2486,544.1860046386719
2487,465.73280334472656
2488,563.6253560384115
2489,576.5664825439453
2490,634.7445831298828
2491,647.3973510742187
2492,718.6436258951823
2493,710.017567952474
2494,660.2838846842448
2495,601.256357828776
2496,611.5635070800781
2497,562.8121592203776
2498,588.1549886067709
2499,473.8175455729167
2500,434.46644083658856
2501,479.046533203125
2502,492.1100158691406
2503,438.66089884440106
2504,505.36085001627606
2505,516.2701212565104
2506,559.4757995605469
2507,546.9186655680338
2508,575.0445302327474
2509,575.9392751057943
2510,628.7872212727865
2511,676.2352783203125
2512,598.9333089192709
2513,578.1608174641927
2514,669.597900390625
2515,727.347412109375
2516,706.1683451334635
2517,553.8578745524088
2518,601.5037485758463
2519,632.8986002604166
2520,554.0577748616537
2521,545.4951354980469
2522,492.59654235839844
2523,447.47021484375
2524,392.6455535888672
2525,429.4051818847656
2526,460.55602010091144
2527,466.33355204264325
2528,538.0687713623047
2529,542.6147308349609
2530,527.1675516764323
2531,541.7388549804688
2532,638.0097045898438
2533,711.7488098144531
2534,651.1513977050781
2535,768.8125406901041
2536,736.2365926106771
2537,638.8607889811198
2538,636.5311940511068
2539,565.3733927408854
2540,499.4640808105469
2541,689.7362060546875
2542,569.6444193522135
2543,527.2351837158203
2544,489.704345703125
2545,672.0952606201172
2546,542.0996398925781
2547,668.3086547851562
2548,655.7328592936198
2549,627.8826497395834
2550,624.7392883300781
2551,548.6356994628907
2552,515.7438456217448
2553,480.55652872721356
2554,526.8173675537109
2555,561.1824289957682
2556,645.4985656738281
2557,716.289560953776
2558,737.0421956380209
2559,565.6136576334635
2560,666.0172627766927
2561,426.29555053710936
2562,546.4383494059244
2563,475.7332356770833
2564,452.26201883951825
2565,484.3050130208333
2566,511.44195556640625
2567,536.0941365559896
2568,628.4482116699219
2569,565.6118876139323
2570,673.4920450846354
2571,669.8020751953125
2572,639.7930348714193
2573,637.8639526367188
2574,691.4144388834635
2575,643.9517517089844
2576,469.8294982910156
2577,530.345204671224
2578,553.6332092285156
2579,421.0920867919922
2580,523.0850474039713
2581,630.5439392089844
2582,603.9271799723307
2583,537.4824422200521
2584,781.4649454752604
2585,588.7981160481771
2586,778.9210306803385
2587,819.7176513671875
2588,725.2232666015625
2589,624.6151835123698
2590,640.8888244628906
2591,497.4486145019531
2592,531.2882385253906
2593,333.96331278483075
2594,402.6895751953125
2595,455.1876729329427
2596,502.8790791829427
2597,620.3847452799479
2598,604.7431335449219
2599,753.4801534016927
2600,712.0435434977213
2601,689.3068725585938
2602,629.1717580159506
2603,487.09059143066406
2604,581.1212870279948
2605,597.6980489095052
2606,641.4851277669271
2607,680.2424926757812
2608,697.6462910970052
2609,718.1785481770834
2610,642.1840108235677
2611,768.7087890625
2612,665.4222005208334
2613,596.5875193277994
2614,553.8825480143229
2615,463.6721954345703
2616,544.8262074788412
2617,382.481196085612
2618,492.95823160807294
2619,515.7585296630859
2620,512.5762634277344
2621,482.5093566894531
2622,550.4423675537109
2623,647.9459838867188
2624,714.8213806152344
2625,780.4973653157552
2626,634.6744791666666
2627,609.0797373453776
2628,547.452392578125
2629,443.8978627522786
2630,463.9183705647786
2631,530.743115234375
2632,528.714833577474
2633,632.3261922200521
2634,571.0521850585938
2635,600.0977935791016
2636,734.8524169921875
2637,925.0763346354166
2638,957.4174296061198
2639,1077.1098022460938
2640,915.1908162434896
2641,832.2516357421875
2642,601.8130798339844
2643,476.8756815592448
2644,441.101557413737
2645,432.3675994873047
2646,503.18165079752606
2647,539.4341125488281
2648,613.5867818196615
2649,619.7589314778646
2650,622.6724955240885
2651,658.76884765625
2652,595.7034200032552
2653,633.4628295898438
2654,595.6247049967448
2655,522.3966522216797
2656,508.0147755940755
2657,499.74647521972656
2658,531.6799723307291
2659,491.5805206298828
2660,468.73427327473956
2661,526.8838012695312
2662,532.1208801269531
2663,425.8351084391276
2664,525.0672810872396
2665,641.1983235677084
2666,625.6289215087891
2667,705.7987772623698
2668,671.2388407389323
2669,695.0857645670573
2670,630.3374226888021
2671,568.0220275878906
2672,573.4004414876302
2673,537.0607604980469
2674,475.4198506673177
2675,429.4853820800781
2676,396.3134053548177
2677,427.4398905436198
2678,431.62404378255206
2679,490.5696767171224
2680,490.46766662597656
2681,527.5540283203125
2682,586.4188435872396
2683,650.2829030354818
2684,590.1167043050131
2685,644.9479370117188
2686,653.9443054199219
2687,555.9078063964844
2688,541.3647664388021
2689,470.5800374348958
2690,496.37482198079425
2691,496.5932922363281
2692,456.8364969889323
2693,394.3595886230469
2694,523.4419199625651
2695,552.1574452718099
2696,528.1478271484375
2697,536.2234751383463
2698,647.396718343099
2699,676.7730204264323
2700,604.0973459879557
2701,646.526513671875
2702,551.5020090738932
2703,516.6119995117188
2704,506.7262674967448
2705,410.9350229899089
2706,401.8920186360677
2707,445.3663787841797
2708,530.5243072509766
2709,562.4979705810547
2710,566.2372996012369
2711,550.9528564453125
2712,615.0129547119141
2713,724.445302327474
2714,684.2904663085938
2715,561.0519714355469
2716,589.281016031901
2717,506.7941029866536
2718,447.7073567708333
2719,461.88294982910156
2720,523.1616261800131
2721,557.8096984863281
2722,429.81841532389325
2723,520.4376068115234
2724,617.1785685221354
2725,509.53986104329425
2726,498.03424072265625
2727,597.8127593994141
2728,676.4582722981771
2729,658.0879414876302
2730,814.7342936197916
2731,750.5321411132812
2732,707.0334269205729
2733,721.5439147949219
2734,706.6977335611979
2735,768.3028971354166
2736,653.9025624593099
2737,691.9642232259115
2738,671.4583892822266
2739,818.9626871744791
2740,877.5596008300781
2741,726.4114990234375
2742,605.4549458821615
2743,605.2092081705729
2744,494.5348409016927
2745,456.5851236979167
2746,430.7051696777344
2747,408.84141031901044
2748,439.2759246826172
2749,466.22833760579425
2750,524.609385172526
2751,564.8718505859375
2752,597.4154917399088
2753,659.7666320800781
2754,642.1693572998047
2755,637.7323099772135
2756,536.2678019205729
2757,584.6195322672526
2758,572.5824839274088
2759,451.0794932047526
2760,488.914301554362
2761,520.7621643066407
2762,389.45982869466144
2763,550.5194498697916
2764,526.6335245768229
2765,536.6663614908854
2766,563.0358835856119
2767,673.832773844401
2768,621.3413747151693
2769,563.9837443033854
2770,518.1628214518229
2771,449.1467346191406
2772,357.54500071207684
2773,399.64036560058594
2774,427.68450927734375
2775,419.649907430013
2776,493.9757334391276
2777,535.4507141113281
2778,369.02277119954425
2779,376.0386912027995
2780,380.9242655436198
2781,452.91295166015624
2782,479.3739267985026
2783,502.1123301188151
2784,554.9157969156901
2785,522.6597188313802
2786,549.0195668538412
2787,576.6667124430338
2788,594.8807474772135
2789,517.1026306152344
2790,481.13604227701825
2791,377.0494750976562
2792,399.1893539428711
2793,410.3782196044922
2794,416.4357604980469
2795,374.2593180338542
2796,413.848637898763
2797,588.2794138590494
2798,594.5878702799479
2799,499.7943115234375
2800,613.2331848144531
2801,817.6735961914062
2802,617.9780069986979
2803,631.8550923665365
2804,742.5894826253256
2805,654.2467244466146
2806,589.1052042643229
2807,556.7993469238281
2808,446.959955851237
2809,565.4411875406901
2810,565.2548522949219
2811,611.6367370605469
2812,527.9311167399088
2813,584.6019032796224
2814,467.69664001464844
2815,471.21886189778644
2816,415.862787882487
2817,386.9100596110026
2818,384.05344645182294
2819,387.37957255045575
2820,383.04893493652344
2821,375.1321166992187
2822,443.05250040690106
2823,492.0312906901042
2824,511.58399963378906
2825,591.499267578125
2826,662.9337666829427
2827,602.5217946370443
2828,645.4170837402344
2829,615.8204752604166
2830,623.9778340657552
2831,566.100439453125
2832,525.0294850667318
2833,512.7690989176432
2834,640.1480763753256
2835,587.8646138509115
2836,618.7426452636719
2837,464.7407480875651
2838,410.01604715983075
2839,376.7106221516927
2840,418.28477478027344
2841,474.47454223632815
2842,530.1228586832682
2843,612.3246358235677
2844,580.4952799479166
2845,681.8384908040365
2846,618.2659810384115
2847,531.3573201497396
2848,547.6950124104818
2849,567.8184356689453
2850,527.2654418945312
2851,404.6997314453125
2852,376.94288635253906
2853,391.48793029785156
2854,372.3506368001302
2855,342.40721130371094
2856,485.99244181315106
2857,555.8122253417969
2858,536.4073333740234
2859,540.2125142415365
2860,510.4234110514323
2861,472.3439025878906
2862,478.76597086588544
2863,500.1388651529948
2864,507.299072265625
2865,471.5933583577474
2866,556.8535359700521
2867,506.0830993652344
2868,422.47231038411456
2869,523.0533447265625
2870,459.61695861816406
2871,558.14443359375
2872,616.9701792399088
2873,550.2086995442709
2874,507.1253967285156
2875,415.34943135579425
2876,444.3766225179036
2877,358.44122823079425
2878,438.7076466878255
2879,357.9646860758464
2880,485.98779296875
2881,463.4064575195313
2882,514.716786702474
2883,593.301991780599
2884,547.955067952474
2885,481.9453582763672
2886,511.75067647298175
2887,589.2565714518229
2888,527.0602111816406
2889,574.931162516276
2890,688.4264221191406
2891,530.4525451660156
2892,658.3532104492188
2893,656.3654073079427
2894,511.5122934977214
2895,545.4745330810547
2896,518.8373413085938
2897,512.0205485026041
2898,397.07366943359375
2899,379.1832733154297
2900,420.1470540364583
2901,389.4577697753906
2902,522.5027465820312
2903,433.70777893066406
2904,440.6203867594401
2905,499.7909800211589
2906,483.0590108235677
2907,525.2889353434244
2908,711.907948811849
2909,742.5698038736979
2910,726.3460896809896
2911,649.5169799804687
2912,605.1951497395834
2913,582.7489725748698
2914,510.212153116862
2915,336.7817077636719
2916,425.5159912109375
2917,442.8741709391276
2918,558.2255045572916
2919,600.6365051269531
2920,645.7779591878256
2921,629.8027709960937
2922,676.8299153645834
2923,619.7193196614584
2924,572.9662729899088
2925,523.5436655680338
2926,506.0254211425781
2927,450.0748748779297
2928,519.0727691650391
2929,531.8487040201823
2930,501.75782267252606
2931,531.0687072753906
2932,500.44061787923175
2933,561.2660369873047
2934,443.0461018880208
2935,437.6358591715495
2936,358.9570770263672
2937,366.86692810058594
2938,355.00404357910156
2939,449.3521270751953
2940,525.3788401285807
2941,598.8855529785156
2942,711.0836181640625
2943,722.6357625325521
2944,566.0267079671224
2945,509.7367706298828
2946,557.9806722005209
2947,467.7235412597656
2948,501.6089121500651
2949,597.0680287679037
2950,578.6301472981771
2951,632.9879943847657
2952,624.8218485514323
2953,619.9186401367188
2954,679.179941813151
2955,590.1260223388672
2956,620.9296315511068
2957,563.9975229899088
2958,563.3260955810547
2959,528.8411051432291
2960,383.28252665201825
2961,390.2451599121094
2962,362.6334279378255
2963,347.6594645182292
2964,324.0707041422526
2965,352.0624745686849
2966,425.0529327392578
2967,513.3046518961588
2968,578.1326192220052
2969,585.59228515625
2970,637.5239105224609
2971,620.3067138671875
2972,608.827392578125
2973,545.8307902018229
2974,464.03001912434894
2975,480.1852111816406
2976,521.8121846516927
2977,501.0635681152344
2978,519.1395721435547
2979,582.2500254313151
2980,450.55250040690106
2981,579.2713012695312
2982,526.0523783365885
2983,508.93731689453125
2984,431.0823008219401
2985,443.7770182291667
2986,531.9159749348959
2987,511.1393686930339
2988,557.5004425048828
2989,405.5881856282552
2990,436.3523203531901
2991,427.76488037109374
2992,452.97242736816406
2993,492.3289388020833
2994,550.8459523518881
2995,661.1112569173177
2996,575.9201711018881
2997,614.1797281901041
2998,487.3489685058594
2999,568.1936442057291
3000,458.34873962402344
3001,491.6316284179687
3002,535.3416290283203
3003,495.8279113769531
3004,414.35369364420575
3005,388.9128061930339
3006,360.76515706380206
3007,415.23402913411456
3008,476.85072835286456
3009,512.5541280110677
3010,471.7794443766276
3011,584.2063537597656
3012,616.7765502929688
3013,525.3592478434244
3014,517.8793690999349
3015,511.4870961507161
3016,527.3511149088541
3017,453.3221435546875
3018,436.6441345214844
3019,420.4441223144531
3020,427.85272216796875
3021,411.05669555664065
3022,450.78440348307294
3023,387.9054667154948
3024,492.0398661295573
3025,427.8481801350911
3026,521.9788869222006
3027,542.9106038411459
3028,546.7003479003906
3029,575.9216105143229
3030,639.479726155599
3031,550.1678649902344
3032,642.85400390625
3033,597.8687032063802
3034,438.790522257487
3035,462.57350158691406
3036,444.4031677246094
3037,282.0760014851888
3038,449.10260009765625
3039,374.3615010579427
3040,337.09718322753906
3041,397.22479858398435
3042,364.76393636067706
3043,384.1602325439453
3044,434.91611735026044
3045,487.88507588704425
3046,471.4767659505208
3047,603.5153096516927
3048,543.3626403808594
3049,584.7004547119141
3050,631.8941345214844
3051,513.7788635253906
3052,402.94968668619794
3053,366.7528762817383
3054,447.65479532877606
3055,379.2542266845703
3056,460.66204833984375
3057,433.5566711425781
3058,391.49822489420575
3059,415.1229553222656
3060,482.6573308308919
3061,441.07514038085935
3062,471.5510609944661
3063,512.9532928466797
3064,529.5245513916016
3065,569.0890655517578
3066,576.8279673258463
3067,596.3628336588541
3068,641.3319091796875
3069,564.3113708496094
3070,528.2896474202474
3071,451.9737121582031
3072,496.92799377441406
3073,463.6068522135417
3074,485.2393849690755
3075,472.88514709472656
3076,441.75103251139325
3077,453.47291056315106
3078,449.0803629557292
3079,401.0142008463542
3080,485.4772542317708
3081,534.1962158203125
3082,526.0845998128256
3083,625.2739461263021
3084,613.2403055826823
3085,622.0830281575521
3086,614.7097981770834
3087,558.1822204589844
3088,569.4431355794271
3089,459.47918701171875
3090,475.9657948811849
3091,448.4024169921875
3092,455.0213368733724
3093,368.9414418538411
3094,385.3649648030599
3095,468.7396748860677
3096,482.45892842610675
3097,562.9694773356119
3098,837.916737874349
3099,756.2620646158854
3100,795.5757751464844
3101,705.5894775390625
3102,685.4620564778646
3103,541.4408874511719
3104,511.0469512939453
3105,484.15614827473956
3106,527.0792287190756
3107,386.610112508138
3108,467.74708557128906
3109,468.36175537109375
3110,462.62537638346356
3111,643.3835693359375
3112,664.8792215983073
3113,622.0428466796875
3114,824.6759745279948
3115,561.5098368326823
3116,518.8022867838541
3117,494.98602294921875
3118,512.1231892903646
3119,413.0728759765625
3120,423.6284942626953
3121,531.8460632324219
3122,709.2938995361328
3123,744.940439860026
3124,718.2768096923828
3125,722.0825907389323
3126,666.9654083251953
3127,409.6581522623698
3128,408.308349609375
3129,475.281987508138
3130,425.8968098958333
3131,415.1100708007813
3132,401.978764851888
3133,401.8908233642578
3134,396.92469787597656
3135,392.0407536824544
3136,507.1979522705078
3137,549.1222178141276
3138,611.6845499674479
3139,702.2169138590494
3140,616.5838572184244
3141,545.5549621582031
3142,604.274424235026
3143,557.6399485270182
3144,484.6994222005208
3145,497.29114786783856
3146,580.5925496419271
3147,583.4925893147787
3148,466.81443277994794
3149,553.127939860026
3150,544.8281453450521
3151,489.0092468261719
3152,550.6011149088541
3153,563.5937194824219
3154,585.6307169596354
3155,635.9950764973959
3156,579.5828908284506
3157,629.4496510823568
3158,582.3283131917318
3159,480.3568827311198
3160,604.090098063151
3161,588.4691589355468
3162,536.6079508463541
3163,539.9694061279297
3164,612.8605041503906
3165,517.2067540486654
3166,560.7049967447916
3167,538.7124888102213
3168,439.74778238932294
3169,463.86289469401044
3170,551.4877166748047
3171,500.9654968261719
3172,608.8409881591797
3173,540.9615631103516
3174,528.0620981852213
3175,480.18785095214844
3176,485.61553955078125
3177,428.02930704752606
3178,525.6974182128906
3179,563.1753234863281
3180,643.9107564290365
3181,649.5615478515625
3182,644.3976440429688
3183,647.5977274576823
3184,562.1186981201172
3185,531.6544138590494
3186,556.9193115234375
3187,521.7897440592448
3188,554.0067138671875
3189,505.65904744466144
3190,463.1964975992839
3191,348.2596801757812
3192,353.9055353800456
3193,445.38047790527344
3194,478.69928487141925
3195,485.10399373372394
3196,577.6041971842448
3197,692.249766031901
3198,623.722178141276
3199,555.0802917480469
3200,588.7870585123698
3201,605.0690307617188
3202,478.13621520996094
3203,522.9695994059244
3204,359.8968556722005
3205,359.04642995198566
3206,419.95701599121094
3207,404.6839243570964
3208,443.8671061197917
3209,527.4084269205729
3210,505.64320882161456
3211,577.8329223632812
3212,610.1286671956381
3213,577.3047587076823
3214,632.9340311686198
3215,661.3379109700521
3216,518.5915018717448
3217,551.3840993245443
3218,493.0018768310547
3219,512.9878692626953
3220,408.08424886067706
3221,471.1850646972656
3222,574.5125630696615
3223,679.9871012369791
3224,927.9556986490885
3225,763.5121866861979
3226,718.8969421386719
3227,666.6520487467448
3228,627.1158650716146
3229,542.9297383626302
3230,533.6258951822916
3231,557.1232177734375
3232,695.3857777913412
3233,613.744618733724
3234,449.2836100260417
3235,448.2963409423828
3236,529.2078959147135
3237,581.4828898111979
3238,599.3115488688151
3239,551.814707438151
3240,644.4090372721354
3241,678.8691528320312
3242,565.4262898763021
3243,579.2413736979166
3244,463.9169565836589
3245,425.2342020670573
3246,349.6610819498698
3247,358.9126841227214
3248,431.8929799397786
3249,422.94960021972656
3250,578.1877136230469
3251,597.4913635253906
3252,556.5581309000651
3253,512.5917765299479
3254,572.3424021402994
3255,622.4849141438802
3256,514.6900889078776
3257,526.3144226074219
3258,459.5636393229167
3259,401.67296346028644
3260,408.14427693684894
3261,399.79461059570315
3262,414.262451171875
3263,377.4553985595703
3264,403.49933369954425
3265,406.2576141357422
3266,372.4420522054036
3267,427.3767801920573
3268,450.0152638753255
3269,442.69970703125
3270,498.8505859375
3271,631.0273315429688
3272,494.5472768147786
3273,499.10923258463544
3274,488.97271219889325
3275,555.8665364583334
3276,530.3822174072266
3277,548.2575073242188
3278,682.456553141276
3279,696.2427775065104
3280,618.0516967773438
3281,846.0407836914062
3282,669.3679402669271
3283,578.6523590087891
3284,404.67372131347656
3285,351.91851298014325
3286,326.9425455729167
3287,369.350580851237
3288,349.9974873860677
3289,395.8927052815755
3290,465.7552541097005
3291,589.6968017578125
3292,529.1978556315104
3293,589.4190928141276
3294,687.5758565266927
3295,710.0149943033854
3296,579.2735137939453
3297,687.0374552408854
3298,851.5961303710938
3299,831.9782206217448
3300,657.9805094401041
3301,679.043017578125
3302,605.4072875976562
3303,555.0701344807943
3304,443.06268310546875
3305,431.73976643880206
3306,382.5582987467448
3307,379.5928548177083
3308,366.2757059733073
3309,432.6340637207031
3310,409.38096618652344
3311,384.14472045898435
3312,368.9436391194661
3313,457.1207580566406
3314,477.12340291341144
3315,504.89728291829425
3316,487.08753458658856
3317,432.8221079508464
3318,512.063710530599
3319,519.0355936686198
3320,558.4004923502604
3321,497.3203857421875
3322,507.1960805257161
3323,426.24518330891925
3324,437.0322011311849
3325,394.56874593098956
3326,388.6583760579427
3327,407.00843302408856
3328,446.29613240559894
3329,433.0278065999349
3330,424.5765838623047
3331,385.4901184082031
3332,456.54282633463544
3333,478.11936442057294
3334,472.5023549397786
3335,576.1449381510416
3336,568.4127095540365
3337,539.7943471272787
3338,558.7081604003906
3339,513.1755065917969
3340,486.53330485026044
3341,415.25722045898436
3342,394.62396748860675
3343,383.036376953125
3344,388.684565226237
3345,468.7877705891927
3346,490.86838785807294
3347,524.2194163004557
3348,575.5926055908203
3349,608.0844116210938
3350,498.24811299641925
3351,506.96111450195315
3352,485.63983154296875
3353,619.5125630696615
3354,514.9128774007162
3355,541.7124430338541
3356,472.72032165527344
3357,439.4751230875651
3358,419.87816365559894
3359,349.73277282714844
3360,445.7266845703125
3361,389.7301086425781
3362,454.52056376139325
3363,482.5989074707031
3364,480.0827128092448
3365,461.9033508300781
3366,491.7615152994792
3367,604.8935953776041
3368,617.8336181640625
3369,626.1851857503256
3370,756.1379191080729
3371,605.8216186523438
3372,632.971934000651
3373,600.5767313639323
3374,531.4028828938802
3375,476.2187856038411
3376,440.7517395019531
3377,416.8875325520833
3378,445.9914143880208
3379,409.78736368815106
3380,492.5656992594401
3381,391.34071044921876
3382,573.0341389973959
3383,412.3769836425781
3384,563.0048065185547
3385,580.3240051269531
3386,628.4276936848959
3387,578.9281667073568
3388,539.5507253011068
3389,568.1265716552734
3390,595.7699483235677
3391,572.9256286621094
3392,544.8468322753906
3393,494.38983662923175
3394,460.80713907877606
3395,458.2017822265625
3396,402.0362294514974
3397,407.82588450113934
3398,312.5011037190755
3399,371.7883580525716
3400,347.2677586873372
3401,303.81407470703124
3402,338.36098225911456
3403,482.1217346191406
3404,620.5130513509115
3405,640.1908060709635
3406,709.2088114420573
3407,709.1697082519531
3408,642.5456136067709
3409,630.3063354492188
3410,540.87109375
3411,500.7146789550781
3412,359.3649495442708
3413,426.0747985839844
3414,516.2165578206381
3415,495.7317352294922
3416,551.3912455240885
3417,581.8063049316406
3418,549.2468770345052
3419,556.8583068847656
3420,467.3351186116536
3421,576.7556335449219
3422,552.5996551513672
3423,628.0081685384115
3424,636.5833435058594
3425,592.7409922281901
3426,534.0100911458334
3427,509.2022450764974
3428,422.13300069173175
3429,464.5898946126302
3430,516.7736002604166
3431,482.4981201171875
3432,481.4076436360677
3433,443.7818959554036
3434,457.1131286621094
3435,469.8816324869792
3436,511.3095703125
3437,689.2294921875
3438,608.2672424316406
3439,581.9391123453776
3440,536.0434010823568
3441,503.3199951171875
3442,507.13922627766925
3443,588.0001017252604
3444,460.1519266764323
3445,458.7906748453776
3446,555.3672637939453
3447,470.8701578776042
3448,456.56907908121747
3449,545.4358317057291
3450,477.05665588378906
3451,504.7205322265625
3452,457.1929524739583
3453,375.0816192626953
3454,579.9947916666666
3455,603.1549326578776
3456,466.9983876546224
3457,550.8028920491537
3458,648.3337961832682
3459,566.1812337239584
3460,653.4797007242838
3461,662.6282165527343
3462,801.1885070800781
3463,635.1729075113932
3464,606.6868082682291
3465,571.6210327148438
3466,509.20579020182294
3467,499.79034423828125
3468,393.20921834309894
3469,366.4269205729167
3470,394.39623006184894
3471,343.94073486328125
3472,366.93995157877606
3473,373.1875356038411
3474,340.21192169189453
3475,392.7200647989909
3476,415.95676676432294
3477,438.984130859375
3478,484.10203043619794
3479,482.7335205078125
3480,569.0787760416666
3481,511.3520812988281
3482,500.4897003173828
3483,583.7192687988281
3484,571.2113393147787
3485,576.8756306966146
3486,450.32187906901044
3487,472.7452392578125
3488,497.8070017496745
3489,543.6544036865234
3490,480.3973744710286
3491,526.5724060058594
3492,459.77186075846356
3493,508.40525817871094
3494,542.7079467773438
3495,478.03322347005206
3496,473.86133829752606
3497,502.7626647949219
3498,555.8017883300781
3499,465.4121348063151
3500,513.7346547444662
3501,416.78240966796875
3502,467.7248229980469
3503,388.44793192545575
3504,434.620366414388
3505,319.8019383748372
3506,509.1333770751953
3507,564.5186309814453
3508,508.2441711425781
3509,436.7396647135417
3510,526.1084798177084
3511,410.3022705078125
3512,459.44043986002606
3513,473.7245635986328
3514,455.1414489746094
3515,647.1843058268229
3516,623.0740000406901
3517,618.628662109375
3518,627.0292154947916
3519,495.16712443033856
3520,490.96319071451825
3521,459.41510009765625
3522,398.5726674397786
3523,398.5041097005208
3524,364.9247538248698
3525,401.0854034423828
3526,410.8832295735677
3527,433.0394592285156
3528,445.58883412679035
3529,446.21152750651044
3530,587.3692169189453
3531,690.5521118164063
3532,699.4413248697916
3533,789.7741394042969
3534,837.5891825358073
3535,733.3039347330729
3536,591.4353637695312
3537,598.8257904052734
3538,562.6931203206381
3539,494.2930094401042
3540,512.1646575927734
3541,439.0058837890625
3542,419.91978454589844
3543,438.89866129557294
3544,520.1335601806641
3545,574.3653462727865
3546,611.2190755208334
3547,521.732655843099
3548,632.0564778645834
3549,561.9767710367838
3550,449.48162841796875
3551,531.8220458984375
3552,473.54835001627606
3553,411.0133565266927
3554,403.4143981933594
3555,365.2988917032878
3556,404.1095428466797
3557,408.8875783284505
3558,477.6855061848958
3559,438.4653727213542
3560,358.8253428141276
3561,397.246630859375
3562,373.2368672688802
3563,458.0454559326172
3564,474.98280843098956
3565,436.88368733723956
3566,458.4771779378255
3567,587.3313446044922
3568,487.6184539794922
3569,630.5474853515625
3570,552.9945373535156
3571,568.2002502441406
3572,497.00120035807294
3573,506.94810994466144
3574,513.1730804443359
3575,523.2568715413412
3576,429.01764424641925
3577,467.93053181966144
3578,415.34727986653644
3579,429.3923695882161
3580,387.1233418782552
3581,383.9433654785156
3582,504.4224039713542
3583,557.7669423421224
3584,583.5726013183594
3585,521.9557189941406
3586,634.0409138997396
3587,592.1783294677734
3588,603.8280741373698
3589,518.8071492513021
3590,699.7016805013021
3591,635.4309204101562
3592,769.2655029296875
3593,713.3345235188802
3594,697.6355489095052
3595,763.4858805338541
3596,541.2123209635416
3597,463.8534189860026
3598,346.373784383138
3599,432.5880533854167
3600,356.9307098388672
3601,343.60657958984376
3602,406.97950744628906
3603,436.3351186116536
3604,522.1528371175131
3605,546.2988688151041
3606,537.2588907877604
3607,571.8913981119791
3608,690.9751892089844
3609,792.6926778157552
3610,754.1473999023438
3611,667.0920227050781
3612,878.3491821289062
3613,744.7866923014323
3614,671.7482554117838
3615,631.1681213378906
3616,542.6980692545573
3617,570.6869608561198
3618,582.8224690755209
3619,529.1040496826172
3620,543.2519734700521
3621,446.7809326171875
3622,422.14183044433594
3623,411.3497721354167
3624,339.217046101888
3625,436.74171956380206
3626,414.28917439778644
3627,387.5022888183594
3628,404.9808654785156
3629,338.2134373982747
3630,399.1547088623047
3631,369.3623779296875
3632,412.3517150878906
3633,418.34607950846356
3634,378.93841044108075
3635,326.39102935791016
3636,382.7682596842448
3637,486.29334513346356
3638,584.4073944091797
3639,750.9523315429688
3640,637.6802775065104
3641,525.7659790039063
3642,640.4912821451823
3643,583.8942260742188
3644,479.7544250488281
3645,403.61766306559247
3646,381.01185607910156
3647,370.386723836263
3648,380.0588633219401
3649,329.472895304362
3650,318.29637908935547
3651,417.5351806640625
3652,349.1875915527344
3653,351.2474619547526
3654,311.7926432291667
3655,367.34319559733075
3656,348.9716389973958
3657,370.1175231933594
3658,422.70850626627606
3659,578.8611043294271
3660,581.7914276123047
3661,611.437841796875
3662,742.1440938313802
3663,622.3407541910807
3664,515.5572458902994
3665,491.8592936197917
3666,422.44745381673175
3667,421.92011006673175
3668,349.68548583984375
3669,358.70521291097003
3670,331.5497105916341
3671,408.4704833984375
3672,372.585942586263
3673,411.5432942708333
3674,529.4655049641927
3675,490.55796813964844
3676,509.5801747639974
3677,631.9175618489584
3678,496.54615275065106
3679,575.0195159912109
3680,567.8961486816406
3681,388.58269653320315
3682,504.872065226237
3683,383.31831614176434
3684,423.4503224690755
3685,416.19919840494794
3686,496.5730895996094
3687,510.0362599690755
3688,564.2133382161459
3689,552.3315989176432
3690,531.5086975097656
3691,436.3078369140625
3692,384.8813730875651
3693,345.6022135416667
3694,453.44379170735675
3695,483.99591573079425
3696,638.5463256835938
3697,643.1893361409506
3698,498.7425994873047
3699,435.3586680094401
3700,395.0542297363281
3701,378.984423828125
3702,512.2754109700521
3703,468.7850087483724
3704,475.13486735026044
3705,486.0311584472656
3706,607.6924082438151
3707,588.6754455566406
3708,690.6770324707031
3709,795.6814778645834
3710,654.8983459472656
3711,489.50490112304686
3712,448.84210713704425
3713,533.7140604654948
3714,534.4007110595703
3715,678.0564473470052
3716,628.6822662353516
3717,612.2979024251302
3718,533.8750254313151
3719,437.8941955566406
3720,389.0898691813151
3721,345.1544189453125
3722,278.2796274820964
3723,355.7620086669922
3724,444.62172444661456
3725,377.9273935953776
3726,494.4437204996745
3727,491.1457112630208
3728,454.9793650309245
3729,436.1920420328776
3730,396.3219045003255
3731,441.60850219726564
3732,417.66627502441406
3733,551.3043009440104
3734,437.61680094401044
3735,528.6008555094401
3736,587.1291198730469
3737,496.4891611735026
3738,503.02500406901044
3739,442.4258778889974
3740,457.88865661621094
3741,406.08721923828125
3742,371.6827214558919
3743,357.79363505045575
3744,385.2681477864583
3745,398.6174011230469
3746,430.5438741048177
3747,475.8229064941406
3748,504.2976989746094
3749,523.7159118652344
3750,471.2498524983724
3751,549.8379516601562
3752,532.0367685953776
3753,598.3570760091146
3754,530.2495320638021
3755,504.1237335205078
3756,576.8829396565756
3757,527.2941691080729
3758,425.2302932739258
3759,357.7195053100586
3760,387.01690165201825
3761,427.59300537109374
3762,455.8309682210286
3763,484.3471272786458
3764,546.2970225016276
3765,543.2497762044271
3766,576.6701711018881
3767,482.47535196940106
3768,530.6417592366537
3769,422.189448038737
3770,394.294682820638
3771,344.03806762695314
3772,389.1629943847656
3773,393.59307861328125
3774,388.90419006347656
3775,413.8244120279948
3776,405.72196197509766
3777,392.34033203125
3778,404.46726989746094
3779,445.61768595377606
3780,346.93978118896484
3781,326.26507873535155
3782,449.14238993326825
3783,495.1313934326172
3784,569.6344401041666
3785,534.2343088785807
3786,588.0735829671224
3787,567.2645975748698
3788,515.3577067057291
3789,584.116709391276
3790,454.946533203125
3791,433.0800476074219
3792,463.5213623046875
3793,432.6596221923828
3794,381.3092295328776
3795,341.2444203694661
3796,380.043212890625
3797,338.69597880045575
3798,462.2033284505208
3799,438.52683512369794
3800,539.5203857421875
3801,489.14264526367185
3802,516.6897735595703
3803,496.11964416503906
3804,468.5465901692708
3805,444.3391876220703
3806,418.0549723307292
3807,370.3763885498047
3808,396.78741455078125
3809,545.8482513427734
3810,485.009760538737
3811,444.6879577636719
3812,604.7364857991537
3813,499.1629231770833
3814,449.1502634684245
3815,418.99358622233075
3816,429.6222635904948
3817,460.4576136271159
3818,539.1543426513672
3819,578.8978983561198
3820,456.7923990885417
3821,509.362548828125
3822,458.7703806559245
3823,492.28782145182294
3824,552.2632039388021
3825,493.97498575846356
3826,509.6400604248047
3827,457.4333953857422
3828,452.6233774820964
3829,357.1539052327474
3830,422.25379943847656
3831,481.5022827148438
3832,545.2391052246094
3833,614.5342508951823
3834,537.1053466796875
3835,553.0157216389974
3836,539.1713663736979
3837,469.30316670735675
3838,499.60816955566406
3839,375.52252197265625
3840,475.8228302001953
3841,498.815771484375
3842,491.5404307047526
3843,510.9656524658203
3844,686.9424133300781
3845,444.28436279296875
3846,487.5164438883464
3847,301.0972188313802
3848,402.42363993326825
3849,379.6843973795573
3850,445.97422281901044
3851,487.1945068359375
3852,557.7579040527344
3853,714.5176086425781
3854,774.8700764973959
3855,774.2803955078125
3856,699.360585530599
3857,634.3643290201823
3858,479.1443227132161
3859,488.20697021484375
3860,542.8914235432943
3861,605.4297485351562
3862,564.4065602620443
3863,465.1462860107422
3864,448.19359334309894
3865,351.1326599121094
3866,420.8503824869792
3867,432.79693094889325
3868,406.0156656901042
3869,487.05006917317706
3870,393.2959696451823
3871,425.8091979980469
3872,475.4822998046875
3873,426.84056091308594
3874,401.3032938639323
3875,390.8674825032552
3876,439.84979248046875
3877,519.83447265625
3878,532.2527008056641
3879,581.3291422526041
3880,500.48378499348956
3881,566.0976196289063
3882,374.0034459431966
3883,257.9136606852214
3884,373.1979268391927
3885,299.15472920735675
3886,360.53415934244794
3887,500.01079813639325
3888,570.784423828125
3889,637.1053466796875
3890,608.6779073079427
3891,625.126220703125
3892,617.3346150716146
3893,509.7725118001302
3894,497.2234242757161
3895,477.4454345703125
3896,618.2892812093099
3897,458.29925028483075
3898,534.0342000325521
3899,512.0657501220703
3900,493.0878499348958
3901,495.3995056152344
3902,412.8075917561849
3903,374.71991475423175
3904,369.4785563151042
3905,366.1707051595052
3906,406.2786356608073
3907,389.85264587402344
3908,362.4253667195638
3909,375.96287536621094
3910,419.64068603515625
3911,360.92258911132814
3912,323.4114176432292
3913,500.35419209798175
3914,397.4097900390625
3915,508.89781697591144
3916,465.3028513590495
3917,597.7018737792969
3918,556.5427042643229
3919,594.8864135742188
3920,622.868896484375
3921,494.36423950195314
3922,496.71937561035156
3923,430.456303914388
3924,303.56919352213544
3925,314.59576416015625
3926,323.8951416015625
3927,428.0404510498047
3928,375.6915537516276
3929,387.66163635253906
3930,384.44627888997394
3931,420.73084716796876
3932,378.03736877441406
3933,356.8551330566406
3934,382.33397420247394
3935,380.5945536295573
3936,418.43711344401044
3937,489.73890686035156
3938,453.8003641764323
3939,480.85271708170575
3940,502.52288818359375
3941,470.5229797363281
3942,433.47625732421875
3943,427.5019836425781
3944,413.18085225423175
3945,451.45763142903644
3946,447.8886311848958
3947,532.3465016682943
3948,429.99510192871094
3949,423.60186258951825
3950,387.9352620442708
3951,307.5793395996094
3952,256.26341247558594
3953,351.0088755289714
3954,313.51946512858075
3955,440.11017354329425
3956,464.2756856282552
3957,456.0086720784505
3958,452.3786265055339
3959,442.62977600097656
3960,552.3700358072916
3961,509.52479858398436
3962,556.8167521158854
3963,605.5788828531901
3964,489.0842030843099
3965,480.6041208902995
3966,408.51946512858075
3967,386.9687856038411
3968,403.25754801432294
3969,385.39227294921875
3970,451.4224090576172
3971,467.11065673828125
3972,475.1214599609375
3973,478.48072814941406
3974,512.2890268961588
3975,567.8202819824219
3976,559.7589365641276
3977,483.2989196777344
3978,496.826176961263
3979,580.0829620361328
3980,541.5327962239584
3981,444.4871856689453
3982,555.5780893961588
3983,716.6121826171875
3984,537.7275441487631
3985,469.99326578776044
3986,400.42669677734375
3987,415.84471638997394
3988,378.5467224121094
3989,354.1733169555664
3990,306.5125681559245
3991,322.6981140136719
3992,309.6831919352214
3993,288.8737335205078
3994,319.1644744873047
3995,298.1729278564453
3996,353.2040608723958
3997,392.86432393391925
3998,423.65904744466144
3999,544.9241434733073
4000,535.2088317871094
4001,602.4586181640625
4002,522.2943776448568
4003,433.5192159016927
4004,420.4065678914388
4005,496.65374247233075
4006,526.0611368815104
4007,645.1948649088541
4008,623.5225118001302
4009,427.5259297688802
4010,468.2160288492839
4011,332.1206909179688
4012,340.2586364746094
4013,354.04773966471356
4014,399.41907755533856
4015,384.5624720255534
4016,387.6968282063802
4017,435.9311930338542
4018,407.5676523844401
4019,410.92592366536456
4020,430.92413330078125
4021,507.7390197753906
4022,417.52977752685547
4023,443.8672332763672
4024,386.86009216308594
4025,427.0909932454427
4026,308.2165069580078
4027,282.13787333170575
4028,345.4246317545573
4029,252.12895711263022
4030,275.8525085449219
4031,274.2727294921875
4032,252.04375203450522
4033,390.7079671223958
4034,382.62164815266925
4035,359.9593734741211
4036,493.2497304280599
4037,514.3069407145182
4038,503.495610555013
4039,467.5247802734375
4040,369.59706115722656
4041,405.4701171875
4042,224.63064829508463
4043,206.91473897298178
4044,243.46568298339844
4045,325.7336883544922
4046,505.7623240152995
4047,561.1196746826172
4048,581.2222086588541
4049,529.2953287760416
4050,569.2016092936198
4051,619.4103881835938
4052,821.7770080566406
4053,656.6306559244791
4054,533.6431070963541
4055,589.4156545003256
4056,463.6800079345703
4057,396.23480733235675
4058,345.260981241862
4059,399.7416025797526
4060,276.25081125895184
4061,262.206982421875
4062,449.80482482910156
4063,532.5859375
4064,491.22181701660156
4065,405.4049428304036
4066,472.7032012939453
4067,325.07823435465497
4068,422.702397664388
4069,415.96795145670575
4070,546.3817596435547
4071,463.75596313476564
4072,719.0873107910156
4073,651.3394165039062
4074,721.0199483235677
4075,671.4244893391927
4076,558.1095682779948
4077,437.6116765340169
4078,401.5843734741211
4079,388.60439046223956
4080,301.27098592122394
4081,304.3028198242188
4082,373.3389434814453
4083,346.0405807495117
4084,462.77344767252606
4085,429.2793731689453
4086,477.73951721191406
4087,445.03746541341144
4088,427.67295328776044
4089,429.3184509277344
4090,529.0050913492838
4091,636.0452392578125
4092,544.7238820393881
4093,537.3133341471354
4094,594.8533223470052
4095,503.1783905029297
4096,490.21974182128906
4097,372.7993418375651
4098,327.10376993815106
4099,323.6695963541667
4100,321.36204528808594
4101,391.57078857421874
4102,451.08008829752606
4103,508.16082763671875
4104,507.2457784016927
4105,508.79212443033856
4106,525.3632303873698
4107,410.3845901489258
4108,485.1418050130208
4109,439.81117757161456
4110,504.0966440836589
4111,430.71416625976565
4112,424.9069569905599
4113,476.36936442057294
4114,480.6073048909505
4115,481.99607340494794
4116,491.90305582682294
4117,534.1989390055338
4118,462.4735056559245
4119,445.05870056152344
4120,630.5466613769531
4121,656.7460327148438
4122,703.5316365559896
4123,704.5170237223307
4124,570.6624959309896
4125,596.6778767903646
4126,493.16538492838544
4127,509.61875406901044
4128,495.6168518066406
4129,503.57111104329425
4130,514.8624827067057
4131,380.7262329101562
4132,538.2716369628906
4133,450.0757242838542
4134,515.6808776855469
4135,468.3523712158203
4136,511.29774983723956
4137,421.7663879394531
4138,441.1181335449219
4139,379.96216583251953
4140,421.9435068766276
4141,411.7305969238281
4142,421.52271525065106
4143,472.7774251302083
4144,454.036382039388
4145,522.9232838948568
4146,548.1446380615234
4147,564.8200276692709
4148,386.61464436848956
4149,358.451909383138
4150,424.4285176595052
4151,421.3122619628906
4152,463.50965881347656
4153,466.3023376464844
4154,476.1210021972656
4155,450.3809407552083
4156,592.6164855957031
4157,546.3251698811849
4158,487.8709767659505
4159,471.22968037923175
4160,527.32470703125
4161,304.2899932861328
4162,384.71624755859375
4163,333.1899820963542
4164,314.4809036254883
4165,353.486572265625
4166,361.2976811726888
4167,418.2006123860677
4168,368.5403467814128
4169,392.3012390136719
4170,430.5965932210286
4171,431.9892211914063
4172,409.5717366536458
4173,456.4596811930339
4174,447.5052947998047
4175,486.4905497233073
4176,501.26885986328125
4177,474.18654378255206
4178,418.23878479003906
4179,444.9748128255208
4180,369.870112101237
4181,315.80511474609375
4182,381.190180460612
4183,350.63139088948566
4184,374.3622334798177
4185,322.38037109375
4186,445.1455891927083
4187,416.3307139078776
4188,406.8938700358073
4189,387.0603535970052
4190,320.75693766276044
4191,475.8531005859375
4192,343.9592005411784
4193,366.62644449869794
4194,393.8567352294922
4195,352.42096455891925
4196,333.35743204752606
4197,382.83265431722003
4198,370.1998036702474
4199,294.8958282470703
4200,395.6612091064453
4201,380.358544921875
4202,353.0439758300781
4203,297.8912633260091
4204,350.08287556966144
4205,277.0116704305013
4206,362.26239013671875
4207,350.6966807047526
4208,366.8645273844401
4209,454.4394989013672
4210,341.68025970458984
4211,382.58290405273436
4212,363.9051106770833
4213,476.69786071777344
4214,517.9202372233073
4215,530.3218129475912
4216,541.0034332275391
4217,606.6500295003256
4218,360.34943135579425
4219,371.0543263753255
4220,395.96592203776044
4221,379.96226806640624
4222,431.3048044840495
4223,431.0542907714844
4224,377.31097412109375
4225,350.23626708984375
4226,456.55466715494794
4227,362.20945739746094
4228,504.0179494222005
4229,528.1874745686849
4230,559.2413686116537
4231,598.7502624511719
4232,597.8899739583334
4233,425.60777282714844
4234,440.210454305013
4235,362.9591064453125
4236,338.44737752278644
4237,420.04335530598956
4238,348.4300715128581
4239,527.3595428466797
4240,607.9304250081381
4241,740.993505859375
4242,904.2527160644531
4243,768.9717000325521
4244,825.1439107259115
4245,573.5554809570312
4246,524.9302673339844
4247,384.7794596354167
4248,441.3950602213542
4249,441.9372304280599
4250,420.2457631429036
4251,499.4867309570312
4252,499.35911051432294
4253,459.5272979736328
4254,383.8138376871745
4255,416.42669677734375
4256,515.6821594238281
4257,578.3967895507812
4258,444.9267171223958
4259,652.9299519856771
4260,649.0110778808594
4261,585.2752685546875
4262,350.09888712565106
4263,339.302983601888
4264,515.0654830932617
4265,657.0912221272787
4266,781.230478922526
4267,752.2367960611979
4268,674.2079874674479
4269,419.77528381347656
4270,355.0271352132161
4271,413.69404296875
4272,387.7858479817708
4273,396.80848693847656
4274,369.2941538492839
4275,401.38426717122394
4276,454.3966573079427
4277,423.6767272949219
4278,416.5726318359375
4279,521.7632090250651
4280,683.0420735677084
4281,816.1545776367187
4282,826.0760803222656
4283,1046.5959370930989
4284,894.8310038248698
4285,880.5022277832031
4286,671.4774271647135
4287,690.2527669270834
4288,416.6253178914388
4289,367.51805877685547
4290,366.6972351074219
4291,387.8857727050781
4292,301.17664845784503
4293,362.47812906901044
4294,388.4750518798828
4295,713.5341288248698
4296,567.1109110514323
4297,738.15087890625
4298,543.1697031656901
4299,517.9676106770834
4300,345.4197463989258
4301,295.40380859375
4302,365.2803039550781
4303,496.5334981282552
4304,730.7318776448568
4305,709.2678527832031
4306,1000.9162801106771
4307,1114.7169799804688
4308,1011.4784800211588
4309,1000.582285563151
4310,684.1745910644531
4311,533.9836975097656
4312,425.9998372395833
4313,516.0978266398112
4314,519.6651458740234
4315,483.91468811035156
4316,438.94432067871094
4317,357.23183186848956
4318,392.3985188802083
4319,354.96538798014325
4320,405.6075490315755
4321,413.8250793457031
4322,617.5449625651041
4323,842.2029317220052
4324,740.6249440511068
4325,1142.939208984375
4326,1414.517822265625
4327,783.4506632486979
4328,705.6582234700521
4329,601.8888651529948
4330,406.7129618326823
4331,436.5798034667969
4332,364.59346771240234
4333,321.25999450683594
4334,316.1423619588216
4335,309.31324259440106
4336,379.0791982014974
4337,336.41389719645184
4338,384.22478739420575
4339,382.931884765625
4340,365.8896891276042
4341,457.53408203125
4342,372.4799346923828
4343,550.6153106689453
4344,634.0079803466797
4345,737.4233652750651
4346,1014.8409423828125
4347,914.7259318033854
4348,909.8795471191406
4349,864.2490844726562
4350,426.2402089436849
4351,320.5271301269531
4352,457.22742716471356
4353,585.1618601481119
4354,761.2195383707682
4355,797.2641092936198
4356,738.4812316894531
4357,1067.4315185546875
4358,985.3141276041666
4359,676.6259206136068
4360,505.9082895914714
4361,320.93071899414065
4362,501.4398549397786
4363,543.4115702311198
4364,535.4231516520182
4365,547.6577911376953
4366,490.3987223307292
4367,387.98976135253906
4368,235.80353800455728
4369,357.00649007161456
4370,507.3293711344401
4371,432.25926513671874
4372,591.2980397542318
4373,484.7980550130208
4374,429.4131622314453
4375,410.28443908691406
4376,394.84820048014325
4377,351.6913197835286
4378,444.75091044108075
4379,498.918701171875
4380,454.57329813639325
4381,495.9058471679688
4382,546.5627695719401
4383,410.1236165364583
4384,511.32505798339844
4385,517.6835428873698
4386,583.8150075276693
4387,484.04636637369794
4388,406.11387634277344
4389,425.91544850667316
4390,389.0210673014323
4391,534.0201171875
4392,575.1023508707682
4393,535.1391932169596
4394,514.7944844563802
4395,787.3790028889974
4396,492.3865712483724
4397,476.41237386067706
4398,504.0511779785156
4399,491.7624918619792
4400,488.65431722005206
4401,446.1837890625
4402,579.9707336425781
4403,546.0305938720703
4404,595.8932647705078
4405,603.3203684488932
4406,569.2915242513021
4407,374.8570556640625
4408,339.1787389119466
4409,499.1725260416667
4410,705.826182047526
4411,770.28642578125
4412,692.5284932454427
4413,562.8665618896484
4414,568.7109832763672
4415,412.3775278727214
4416,336.8658752441406
4417,320.6164296468099
4418,364.67945353190106
4419,451.84348551432294
4420,641.8141276041666
4421,586.2276672363281
4422,692.40185546875
4423,732.90234375
4424,713.2462870279948
4425,555.8925526936849
4426,373.8600718180339
4427,346.2532958984375
4428,364.11594645182294
4429,370.8905843098958
4430,333.3742370605469
4431,319.779345703125
4432,323.1610412597656
4433,356.00371805826825
4434,352.3678385416667
4435,569.4056701660156
4436,859.2747701009115
4437,904.1682434082031
4438,915.0502726236979
4439,818.0305379231771
4440,489.4738057454427
4441,428.9469299316406
4442,377.43334706624347
4443,312.35476938883465
4444,436.0300801595052
4445,304.88225809733075
4446,394.73399353027344
4447,289.73962148030597
4448,306.3999506632487
4449,354.2197977701823
4450,265.8496322631836
4451,308.5107421875
4452,298.4894765218099
4453,448.84242248535156
4454,532.4954477945963
4455,782.5197448730469
4456,887.7570292154948
4457,847.3756306966146
4458,602.767323811849
4459,453.22767130533856
4460,306.64667256673175
4461,307.3193786621094
4462,335.2891438802083
4463,450.3516337076823
4464,355.12608846028644
4465,373.22508748372394
4466,325.5941441853841
4467,443.8871765136719
4468,679.4045918782552
4469,533.6863810221354
4470,595.5313059488932
4471,533.87705078125
4472,915.6084899902344
4473,822.1300455729166
4474,815.9524637858073
4475,971.5159505208334
4476,887.8810424804688
4477,476.4803009033203
4478,383.79247029622394
4479,354.8945821126302
4480,350.4055582682292
4481,516.7894653320312
4482,460.9744517008464
4483,544.5314814249674
4484,572.0054117838541
4485,609.5184834798177
4486,397.34315999348956
4487,391.90541076660156
4488,365.45305887858075
4489,531.4933319091797
4490,741.7690734863281
4491,673.5193115234375
4492,725.412363688151
4493,788.7413431803385
4494,666.3986867268881
4495,407.3139953613281
4496,320.51674397786456
4497,347.3890787760417
4498,339.28687540690106
4499,394.50108846028644
4500,415.4028828938802
4501,478.899072265625
4502,712.5257263183594
4503,641.1157531738281
4504,786.7901814778646
4505,741.6441752115885
4506,597.379892985026
4507,390.8313903808594
4508,336.4843215942383
4509,296.8698221842448
4510,308.17473856608075
4511,459.6591003417969
4512,493.7067515055339
4513,631.0637969970703
4514,697.3437296549479
4515,829.7202809651693
4516,529.1540171305338
4517,385.3260014851888
4518,315.6752675374349
4519,371.2138315836589
4520,355.1038640340169
4521,315.78282470703124
4522,375.30031331380206
4523,564.1625417073568
4524,603.3943074544271
4525,694.2063598632812
4526,802.7849731445312
4527,519.7165781656901
4528,457.0812479654948
4529,396.6158269246419
4530,390.8371327718099
4531,309.6630615234375
4532,371.4123891194661
4533,441.36649831136066
4534,616.4278157552084
4535,753.0124918619791
4536,716.0000508626302
4537,722.2753295898438
4538,546.1524709065756
4539,704.1962381998698
4540,510.3719177246094
4541,535.4461853027344
4542,625.8872985839844
4543,503.7050323486328
4544,427.07384236653644
4545,622.1421610514323
4546,770.4676717122396
4547,1066.3895568847656
4548,1129.238260904948
4549,889.4562377929688
4550,501.7214711507161
4551,445.1620300292969
4552,341.6957092285156
4553,331.7729314168294
4554,465.4630584716797
4555,553.7938181559244
4556,925.5226135253906
4557,728.0072530110677
4558,849.8699137369791
4559,571.5829366048177
4560,543.3394165039062
4561,377.7196533203125
4562,422.8857930501302
4563,586.34033203125
4564,642.2053833007812
4565,682.5091603597006
4566,725.699717203776
4567,522.2138366699219
4568,399.21515401204425
4569,432.7139383951823
4570,368.4880091349284
4571,653.7328491210938
4572,567.8509419759115
4573,462.8862609863281
4574,598.8550669352213
4575,470.49098205566406
4576,410.25465393066406
4577,474.17236328125
4578,329.9027811686198
4579,365.171875
4580,459.68199666341144
4581,654.2903869628906
4582,958.0682067871094
4583,765.7864685058594
4584,796.9585723876953
4585,700.1058146158854
4586,551.9973347981771
4587,451.32127888997394
4588,329.8432032267253
4589,517.2142079671224
4590,519.3757273356119
4591,445.29697265625
4592,455.5792592366536
4593,556.8876902262369
4594,495.2498321533203
4595,559.6015574137369
4596,666.4361063639323
4597,636.0139109293619
4598,516.2482401529948
4599,598.5752716064453
4600,354.8554967244466
4601,290.8244873046875
4602,312.4200159708659
4603,336.3774922688802
4604,352.92012786865234
4605,622.6709798177084
4606,632.1270853678385
4607,741.0090840657552
4608,639.249766031901
4609,477.65531158447266
4610,394.36749267578125
4611,385.7976318359375
4612,308.7581736246745
4613,294.8071645100911
4614,351.4920705159505
4615,840.9668680826823
4616,700.5565185546875
4617,736.4244791666666
4618,760.4185892740885
4619,563.8583374023438
4620,409.1135965983073
4621,279.83310546875
4622,389.02795664469403
4623,369.8328043619792
4624,566.3228251139323
4625,479.68641153971356
4626,519.4516398111979
4627,399.6391194661458
4628,394.5137125651042
4629,366.5971323649089
4630,418.62422943115234
4631,609.26337890625
4632,521.3101908365885
4633,541.602040608724
4634,618.6288401285807
4635,610.8249206542969
4636,427.4094645182292
4637,334.26555887858075
4638,354.68208567301434
4639,306.67897542317706
4640,326.7028045654297
4641,496.1130889892578
4642,574.1573638916016
4643,697.2424265543619
4644,785.7739969889323
4645,648.0269063313802
4646,609.8076324462891
4647,399.486089070638
4648,384.25238545735675
4649,364.43358357747394
4650,297.9117482503255
4651,346.61476135253906
4652,395.3496398925781
4653,646.1098785400391
4654,747.5426788330078
4655,687.9462534586588
4656,642.0801442464193
4657,595.4964090983073
4658,372.0930887858073
4659,352.70220947265625
4660,308.51017506917316
4661,332.32212524414064
4662,307.9841664632161
4663,462.5074920654297
4664,629.5831756591797
4665,558.7886861165365
4666,547.9999745686849
4667,803.6993916829427
4668,591.6440480550131
4669,468.3248341878255
4670,534.7419891357422
4671,492.09880981445315
4672,417.6654103597005
4673,604.8383127848307
4674,643.5865275065104
4675,721.4713643391927
4676,713.8515319824219
4677,883.1736704508463
4678,726.8434549967448
4679,445.62427775065106
4680,327.24842325846356
4681,390.2561828613281
4682,343.7723871866862
4683,364.5212860107422
4684,348.48902893066406
4685,330.65545654296875
4686,273.01744079589844
4687,337.5104166666667
4688,452.46978759765625
4689,474.8370819091797
4690,861.3187459309896
4691,899.9966186523437
4692,877.0938110351562
4693,724.0849761962891
4694,521.9741770426432
4695,404.83884684244794
4696,599.2361907958984
4697,789.8089192708334
4698,522.0048675537109
4699,409.2091471354167
4700,416.3429412841797
4701,385.621435546875
4702,495.74234263102215
4703,700.4835103352865
4704,456.93169657389325
4705,469.73963419596356
4706,665.2974243164062
4707,598.5013834635416
4708,398.71291097005206
4709,370.1593068440755
4710,402.94183858235675
4711,365.5375
4712,279.3684946695964
4713,421.9940490722656
4714,380.0596974690755
4715,501.4093475341797
4716,628.2477010091146
4717,748.5066935221354
4718,959.3600056966146
4719,788.4015604654948
4720,747.6128234863281
4721,585.17353515625
4722,387.40489196777344
4723,352.1738637288411
4724,379.46902720133465
4725,326.67396545410156
4726,274.4527893066406
4727,298.4237289428711
4728,268.75598398844403
4729,420.28956604003906
4730,489.43963623046875
4731,761.5403259277343
4732,646.5877380371094
4733,598.3893432617188
4734,634.6801249186198
4735,383.02491760253906
4736,310.5974985758464
4737,340.4122009277344
4738,299.3212890625
4739,516.6420491536459
4740,396.7268829345703
4741,454.0040649414062
4742,374.88184611002606
4743,385.06993103027344
4744,393.0101267496745
4745,287.4823633829753
4746,356.0947011311849
4747,343.1529032389323
4748,303.2633565266927
4749,557.4102528889974
4750,559.0266265869141
4751,886.5756713867188
4752,785.5379943847656
4753,787.4346923828125
4754,747.9357147216797
4755,472.0907948811849
4756,377.5426788330078
4757,355.4780629475911
4758,357.93174997965497
4759,268.4747314453125
4760,273.79429117838544
4761,287.3694274902344
4762,269.6399103800456
4763,356.30666097005206
4764,522.0036214192709
4765,662.8006998697916
4766,481.3847961425781
4767,591.4944712320963
4768,528.8780314127604
4769,414.3291727701823
4770,431.9883270263672
4771,550.5378601074219
4772,527.4562021891276
4773,734.3193969726562
4774,532.0167185465494
4775,589.1524658203125
4776,476.700434366862
4777,402.53937276204425
4778,476.85621134440106
4779,703.1214040120443
4780,916.30419921875
4781,1008.0546630859375
4782,906.9526774088541
4783,887.2099100748698
4784,914.2557373046875
4785,641.8689524332682
4786,471.6543884277344
4787,630.4171905517578
4788,569.6474456787109
4789,340.77677663167316
4790,697.0189921061198
4791,677.9431579589843
4792,795.0758361816406
4793,998.7941080729166
4794,880.1735229492188
4795,937.2072143554688
4796,686.0079905192057
4797,779.4778035481771
4798,871.7947998046875
4799,772.7344258626302
4800,735.0970967610677
4801,833.256640625
4802,655.1549784342448
4803,742.0721537272135
4804,675.6772969563802
4805,628.2771657307943
4806,659.2829386393229
4807,621.9703063964844
4808,619.6390736897787
4809,618.1167195638021
4810,590.3550059000651
4811,721.6898315429687
4812,717.7455342610677
4813,975.7059020996094
4814,794.7795206705729
4815,867.9060262044271
4816,539.9837036132812
4817,620.0322113037109
4818,464.3180643717448
4819,395.62408955891925
4820,414.7883605957031
4821,408.68641357421876
4822,566.1192626953125
4823,577.9576619466146
4824,583.9497985839844
4825,657.7840067545573
4826,488.9464416503906
4827,542.5789540608724
4828,402.22377014160156
4829,346.1779276529948
4830,423.94740295410156
4831,453.68303833007815
4832,739.3271484375
4833,913.3540954589844
4834,1061.1933695475261
4835,890.9843241373698
4836,670.2649536132812
4837,549.1304931640625
4838,491.36009216308594
4839,480.1671447753906
4840,447.28155517578125
4841,533.933203125
4842,491.39100646972656
4843,525.1695098876953
4844,846.6907450358073
4845,744.9870198567709
4846,1079.7774759928386
4847,1026.4790140787761
4848,917.1290690104166
4849,875.416249593099
4850,739.6915995279948
4851,679.2930053710937
4852,646.358632405599
4853,742.6705220540365
4854,800.563720703125
4855,1100.4715169270833
4856,987.8340148925781
4857,1223.1810302734375
4858,1128.0622151692708
4859,818.6676788330078
4860,886.6328125
4861,712.7515014648437
4862,618.3378499348959
4863,506.7979380289714
4864,497.27134704589844
4865,547.8795928955078
4866,418.75079345703125
4867,423.15289306640625
4868,414.24794514973956
4869,393.53822835286456
4870,363.4634755452474
4871,360.60570068359374
4872,378.3495737711589
4873,369.5372365315755
4874,363.06496175130206
4875,503.2823232014974
4876,545.5063425699869
4877,729.4050089518229
4878,1048.9587809244792
4879,721.9212977091471
4880,814.9271240234375
4881,681.2837890625
4882,493.70423380533856
4883,506.0294443766276
4884,482.6097157796224
4885,403.7578608194987
4886,405.09027099609375
4887,363.48345947265625
4888,428.65138753255206
4889,502.4980824788411
4890,1256.6004740397136
4891,1027.2259399414063
4892,1199.476806640625
4893,938.8329772949219
4894,857.2795003255209
4895,546.3588663736979
4896,640.7667338053385
4897,726.4039408365885
4898,818.1351826985677
4899,847.9149576822916
4900,1021.1799926757812
4901,1044.0368774414062
4902,963.2744852701823
4903,1044.0761210123699
4904,997.4406534830729
4905,890.8951009114584
4906,825.5565490722656
4907,794.914540608724
4908,985.4325561523438
4909,992.7743326822916
4910,1181.3885904947917
4911,1006.6138061523437
4912,682.1382751464844
4913,883.2438456217448
4914,819.2951863606771
4915,1059.1070556640625
4916,1019.5135294596354
4917,879.7649943033854
4918,1044.9360961914062
4919,1012.6919759114584
4920,1127.4397786458333
4921,1022.18056640625
4922,1002.1766866048177
4923,996.4275614420573
4924,1390.6316935221355
4925,1239.9087626139324
4926,1170.2466227213542
4927,952.7047932942709
4928,819.6395874023438
4929,745.2880045572916
4930,807.005360921224
4931,752.0382690429688
4932,816.3441162109375
4933,1010.7702331542969
4934,969.4230448404948
4935,1040.3622029622395
4936,1006.8307596842448
4937,711.9510498046875
4938,734.2167256673177
4939,628.8370920817057
4940,676.8843180338541
4941,677.611376953125
4942,605.7666727701823
4943,693.9998677571615
4944,605.7295532226562
4945,521.2029520670573
4946,597.9016621907552
4947,591.373769124349
4948,646.6097005208334
4949,621.1735534667969
4950,489.4084930419922
4951,543.7950622558594
4952,661.4142049153646
4953,835.48681640625
4954,972.2380574544271
4955,735.2100423177084
4956,664.8788503011068
4957,728.8752034505209
4958,507.7991689046224
4959,619.1182759602865
4960,596.8800099690756
4961,561.998046875
4962,617.903310139974
4963,610.2129923502604
4964,554.4392344156901
4965,703.4939371744791
4966,580.7218271891276
4967,737.9643147786459
4968,759.0156809488932
4969,497.61077372233075
4970,657.0434773763021
4971,729.43759765625
4972,808.1126861572266
4973,1001.0740966796875
4974,1142.6388753255208
4975,798.6032918294271
4976,872.2104187011719
4977,656.6997629801432
4978,616.9673563639323
4979,457.5829569498698
4980,697.0184682210287
4981,622.5297973632812
4982,662.6512247721354
4983,682.8158772786459
4984,552.5857340494791
4985,672.5557759602865
4986,501.891118367513
4987,559.7990926106771
4988,405.1140492757161
4989,481.2876790364583
4990,374.542973836263
4991,382.2376953125
4992,376.3849741617839
4993,417.67840067545575
4994,433.73211669921875
4995,500.1593526204427
4996,791.503407796224
4997,1050.500956217448
4998,872.3167622884115
4999,863.8284505208334
5000,713.2699686686198
5001,580.7748962402344
5002,411.5302734375
5003,356.99302164713544
5004,330.1020812988281
5005,343.320317586263
5006,330.4797617594401
5007,372.30088806152344
5008,367.4368387858073
5009,526.5871785481771
5010,769.5588785807291
5011,583.9660095214844
5012,600.9624226888021
5013,578.4416351318359
5014,481.25562540690106
5015,353.7245407104492
5016,266.2989781697591
5017,284.8508656819661
5018,306.04736328125
5019,406.17613220214844
5020,583.8570048014323
5021,577.5736267089844
5022,651.7760518391927
5023,684.2492319742838
5024,560.5556030273438
5025,394.12408955891925
5026,405.1825815836589
5027,431.04541015625
5028,373.3613789876302
5029,394.16478474934894
5030,440.21239217122394
5031,533.7501831054688
5032,754.2714996337891
5033,677.4173634847006
5034,705.626708984375
5035,743.7930399576823
5036,495.86134847005206
5037,356.37061564127606
5038,565.6363271077474
5039,536.9242350260416
5040,453.5123596191406
5041,509.4296508789063
5042,415.0443878173828
5043,426.3946940104167
5044,410.51537068684894
5045,532.4353892008463
5046,855.3982950846354
5047,1199.969482421875
5048,893.8931681315104
5049,1083.345235188802
5050,1171.0786437988281
5051,786.8041259765625
5052,789.004628499349
5053,641.3346862792969
5054,741.6868387858073
5055,716.0073547363281
5056,674.1107432047526
5057,711.66259765625
5058,543.3722432454427
5059,524.0302886962891
5060,502.6130116780599
5061,524.7304931640625
5062,612.9493306477865
5063,770.6565806070963
5064,877.7125142415365
5065,1058.7691141764324
5066,1333.99853515625
5067,1107.5106506347656
5068,835.3861999511719
5069,690.3528442382812
5070,684.5580037434896
5071,587.3677124023437
5072,544.291269938151
5073,583.6230316162109
5074,710.4595031738281
5075,841.05322265625
5076,1053.3040873209636
5077,1392.0591532389324
5078,1580.4545288085938
5079,1385.141581217448
5080,1036.5525410970051
5081,1196.601513671875
5082,1692.8607788085938
5083,1941.6055704752605
5084,2370.6487426757812
5085,2024.3725179036458
5086,1848.6744181315105
5087,1931.59228515625
5088,1725.955342610677
5089,1793.8374837239583
5090,1622.7781372070312
5091,1574.3523681640625
5092,1406.1273193359375
5093,1057.6442362467449
5094,813.3547566731771
5095,578.2166188557943
5096,523.6056620279948
5097,642.3901774088541
5098,769.0243835449219
5099,842.125244140625
5100,800.1744588216146
5101,769.5328979492188
5102,679.0714772542318
5103,645.4302825927734
5104,504.1055908203125
5105,550.901133219401
5106,492.8033905029297
5107,481.5955098470052
5108,669.5679626464844
5109,542.2276713053385
5110,561.0173950195312
5111,753.6582885742188
5112,777.6642354329427
5113,569.3756815592448
5114,734.9997355143229
5115,839.9277852376302
5116,805.3285776774088
5117,838.1662902832031
5118,1164.5416259765625
5119,1452.872578938802
5120,1293.361572265625
5121,1018.5752319335937
5122,781.0404866536459
5123,626.7351888020834
5124,574.9815012613932
5125,424.7981211344401
5126,540.8628641764323
5127,484.65699768066406
5128,390.92340087890625
5129,615.9656270345052
5130,717.8366495768229
5131,519.8141723632813
5132,597.0009002685547
5133,567.1492055257162
5134,606.3610432942709
5135,621.411865234375
5136,725.0850474039713
5137,846.5400390625
5138,1171.8079020182292
5139,1094.4607442220051
5140,933.6253967285156
5141,798.0996826171875
5142,643.8377431233724
5143,526.1636199951172
5144,356.0594940185547
5145,296.144780476888
5146,301.11633046468097
5147,311.1756057739258
5148,345.45050048828125
5149,362.5444844563802
5150,399.9618682861328
5151,306.49953308105466
5152,398.6223856608073
5153,320.3153076171875
5154,274.3167419433594
5155,267.1573740641276
5156,449.9954427083333
5157,423.1501210530599
5158,805.7803243001302
5159,771.4918924967448
5160,1045.2145487467449
5161,856.3991943359375
5162,850.2837422688802
5163,636.1171417236328
5164,582.9880320231119
5165,340.42823537190753
5166,290.0450973510742
5167,335.78125
5168,363.8898569742839
5169,369.1558430989583
5170,334.9937998453776
5171,305.1440673828125
5172,280.0613199869792
5173,327.98428599039715
5174,304.37164815266925
5175,282.6864267985026
5176,268.46847279866535
5177,210.7239990234375
5178,297.4638214111328
5179,502.9335021972656
5180,647.1309153238932
5181,896.0919799804688
5182,876.5872294108073
5183,826.2552083333334
5184,528.3803049723307
5185,427.9110972086589
5186,474.5602722167969
5187,405.03943888346356
5188,437.09397379557294
5189,361.6031138102214
5190,306.0230992635091
5191,237.68268737792968
5192,261.8323618570964
5193,258.4831008911133
5194,242.0496037801107
5195,232.67371114095053
5196,412.50537109375
5197,548.6059977213541
5198,638.1677449544271
5199,915.7799886067709
5200,869.4570007324219
5201,630.8914794921875
5202,595.2224171956381
5203,489.2395935058594
5204,345.1006342569987
5205,228.30533854166666
5206,220.51585896809897
5207,193.9315668741862
5208,216.839474995931
5209,226.55939737955728
5210,209.09568786621094
5211,224.8395233154297
5212,207.5531463623047
5213,200.08526611328125
5214,180.61155700683594
5215,235.60107930501303
5216,234.07972971598306
5217,355.1385854085286
5218,378.7891896565755
5219,629.6628977457682
5220,955.2733052571615
5221,798.0159301757812
5222,660.820302327474
5223,619.8431243896484
5224,447.9404805501302
5225,244.36165618896484
5226,226.13958485921225
5227,210.69830703735352
5228,211.05901336669922
5229,218.08675638834634
5230,214.07628885904947
5231,233.66798706054686
5232,232.3728001912435
5233,248.29016876220703
5234,213.86649322509766
5235,257.4952621459961
5236,236.3327433268229
5237,244.07311503092447
5238,363.45654551188153
5239,447.66620381673175
5240,684.1115061442057
5241,874.3654052734375
5242,834.9840850830078
5243,549.3735148111979
5244,531.3510589599609
5245,353.8021189371745
5246,253.95299530029297
5247,251.82818857828775
5248,186.1772003173828
5249,191.85617319742838
5250,242.5289764404297
5251,204.10528869628905
5252,247.9719034830729
5253,202.7226537068685
5254,181.84148915608725
5255,353.4824473063151
5256,364.272216796875
5257,590.49267578125
5258,569.2894592285156
5259,493.0443522135417
5260,305.7428283691406
5261,196.45997314453126
5262,230.3157475789388
5263,227.81310017903647
5264,174.12152735392252
5265,163.86990102132162
5266,194.42797088623047
5267,194.7479476928711
5268,178.7631924947103
5269,202.79915491739908
5270,191.0306854248047
5271,366.2403533935547
5272,509.7056427001953
5273,434.8315709431966
5274,693.0748901367188
5275,540.1023305257162
5276,497.40055084228516
5277,278.4251352945964
5278,357.7685038248698
5279,383.0356852213542
5280,362.0663350423177
5281,322.0133544921875
5282,283.0343475341797
5283,321.13453165690106
5284,410.63470967610675
5285,719.4078674316406
5286,661.7864379882812
5287,548.1392313639323
5288,733.7046356201172
5289,490.26413981119794
5290,246.36432139078775
5291,206.30421142578126
5292,219.74224599202475
5293,214.9900690714518
5294,220.02028147379556
5295,249.65571085611978
5296,238.37836710611978
5297,235.25702412923178
5298,265.1949284871419
5299,253.8498738606771
5300,364.59300740559894
5301,580.508251953125
5302,626.9211273193359
5303,662.2367528279623
5304,664.939687093099
5305,641.0254618326823
5306,552.6514485677084
5307,303.59458923339844
5308,216.51520029703775
5309,216.96700795491537
5310,229.20702616373697
5311,214.66689453125
5312,421.86764907836914
5313,410.9036127726237
5314,417.63221232096356
5315,322.26463826497394
5316,369.6125946044922
5317,242.6674067179362
5318,227.2047856648763
5319,205.56423695882162
5320,214.94188944498697
5321,174.12904357910156
5322,208.24374389648438
5323,220.61810302734375
5324,217.88128153483072
5325,296.72245025634766
5326,388.2528533935547
5327,714.4646860758463
5328,771.0804290771484
5329,695.9269866943359
5330,528.7732289632162
5331,335.6436065673828
5332,234.35048166910806
5333,233.7148895263672
5334,225.01693471272787
5335,211.54469045003256
5336,228.75286610921225
5337,188.3748346964518
5338,330.18228912353516
5339,428.6303405761719
5340,527.1727905273438
5341,505.1774047851562
5342,403.37206013997394
5343,339.1641667683919
5344,226.8945337931315
5345,236.08755493164062
5346,284.6537221272786
5347,253.4368438720703
5348,324.69164021809894
5349,599.2848002115885
5350,557.1368764241537
5351,585.5140533447266
5352,887.5125325520834
5353,535.5927734375
5354,403.6838684082031
5355,268.51417541503906
5356,204.62702814737955
5357,260.9933268229167
5358,247.6366449991862
5359,198.5831298828125
5360,378.1720225016276
5361,378.7613891601562
5362,424.5815734863281
5363,444.22901916503906
5364,314.16036732991535
5365,317.4633483886719
5366,430.6881739298503
5367,367.7178039550781
5368,345.6264394124349
5369,263.1885452270508
5370,316.1120249430339
5371,580.4590454101562
5372,744.2708740234375
5373,798.5878499348959
5374,844.593251546224
5375,701.3890126546224
5376,430.22601318359375
5377,468.67464955647785
5378,234.5367202758789
5379,203.74904123942056
5380,595.014394124349
5381,515.2803161621093
5382,627.9198760986328
5383,726.5490926106771
5384,553.1964518229166
5385,378.6959533691406
5386,195.52391306559244
5387,246.13109588623047
5388,216.48330434163412
5389,233.83981323242188
5390,260.4017791748047
5391,376.5675354003906
5392,464.7148742675781
5393,327.2852325439453
5394,541.7810821533203
5395,727.8158467610677
5396,521.2399088541666
5397,395.813720703125
5398,598.7367146809896
5399,509.15550994873047
5400,472.94544728597003
5401,354.242431640625
5402,327.65428415934247
5403,237.43225860595703
5404,230.93816121419272
5405,203.06620661417642
5406,182.0370101928711
5407,211.13979975382486
5408,446.4156748453776
5409,591.5049794514974
5410,376.46568298339844
5411,468.08592529296874
5412,522.8823827107748
5413,360.64124806722003
5414,228.06912485758463
5415,224.08157602945963
5416,219.01361338297525
5417,243.89245096842447
5418,382.005859375
5419,450.73582712809247
5420,619.7195841471354
5421,477.42273864746096
5422,599.8307851155599
5423,395.02734120686847
5424,348.373779296875
5425,207.32142639160156
5426,155.71226119995117
5427,179.40911102294922
5428,280.01276143391925
5429,449.7149378458659
5430,483.87502034505206
5431,612.027734375
5432,710.860341389974
5433,355.1893030802409
5434,243.12893676757812
5435,186.84356689453125
5436,239.8869425455729
5437,274.43729400634766
5438,221.35242970784506
5439,672.0074132283529
5440,716.3700052897135
5441,513.56064453125
5442,473.83045959472656
5443,375.51016489664715
5444,256.48169199625653
5445,192.5942815144857
5446,202.1652043660482
5447,184.9926020304362
5448,194.27512868245444
5449,225.57731501261392
5450,222.7793935139974
5451,208.84337158203124
5452,272.76896413167316
5453,616.5324554443359
5454,560.1953074137369
5455,570.2317148844401
5456,584.0608469645182
5457,495.43900299072266
5458,278.04005940755206
5459,179.718994140625
5460,208.1063003540039
5461,216.98563537597656
5462,202.75992329915366
5463,171.85197957356772
5464,190.13348134358725
5465,201.11962509155273
5466,185.36749521891275
5467,235.65715535481772
5468,290.9220555623372
5469,372.11121622721356
5470,653.5153147379557
5471,761.9476440429687
5472,754.4726155598959
5473,388.23074595133465
5474,558.9560241699219
5475,236.53878021240234
5476,215.80884552001953
5477,216.34527079264322
5478,196.36392720540366
5479,199.69554138183594
5480,319.9357198079427
5481,695.0909973144531
5482,565.5605417887369
5483,615.876454671224
5484,582.3935089111328
5485,651.7060546875
5486,551.5935312906901
5487,386.3393809000651
5488,324.79355875651044
5489,246.99632771809897
5490,209.65051778157553
5491,172.55296630859374
5492,152.69951756795248
5493,151.16095097859701
5494,253.14724095662436
5495,297.78135681152344
5496,364.5589777628581
5497,361.42836507161456
5498,301.7949701944987
5499,291.2481155395508
5500,247.1412811279297
5501,183.84880523681642
5502,151.53766886393228
5503,218.30384572347006
5504,189.43024190266928
5505,202.19910176595053
5506,203.3130645751953
5507,191.4764200846354
5508,139.59709676106772
5509,129.6170450846354
5510,85.90866978963216
5511,112.22820892333985
5512,95.75447082519531
5513,162.5818354288737
5514,176.58245340983072
5515,114.28681055704753
5516,118.95247650146484
5517,105.38080469767253
5518,104.83415222167969
5519,83.51578903198242
5520,106.47860463460286
5521,94.7030517578125
5522,127.54898198445638
5523,167.0315144856771
5524,170.38805643717447
5525,180.47411727905273
5526,157.2791315714518
5527,139.58490244547525
5528,139.10962549845377
5529,120.85134887695312
5530,99.27744801839192
5531,95.19281158447265
5532,92.70945103963216
5533,107.56364313761394
5534,91.55395889282227
5535,101.44154103597005
5536,82.3374875386556
5537,89.60065841674805
5538,78.09683227539062
5539,111.07752990722656
5540,106.508238474528
5541,109.22193603515625
5542,89.39661280314128
5543,113.22190984090169
5544,92.17755508422852
5545,105.67419942220052
5546,126.28443908691406
5547,163.19935862223306
5548,141.18693161010742
5549,149.29672368367514
5550,158.95087178548178
5551,132.24106140136718
5552,131.11103312174478
5553,112.79430071512859
5554,102.81435330708821
5555,104.03698984781902
5556,98.67303085327148
5557,120.86377970377605
5558,142.43749237060547
5559,152.0531972249349
5560,139.92470932006836
5561,116.96337280273437
5562,120.50253041585286
5563,56.82902463277181
5564,91.49302927652995
5565,67.38811874389648
5566,81.85666020711263
5567,74.47991053263347
5568,90.33523877461751
5569,88.07085418701172
5570,84.0918083190918
5571,59.49724578857422
5572,71.77414639790852
5573,217.8443915049235
5574,221.1336186726888
5575,253.38063875834146
5576,118.66224416097005
5577,173.77425702412924
5578,75.23976771036784
5579,84.10532697041829
5580,101.00350125630696
5581,96.63203887939453
5582,105.4872538248698
5583,97.67378362019856
5584,96.9619967142741
5585,65.99583689371745
5586,59.86145846048991
5587,56.32087675730387
5588,66.5845464070638
5589,63.501959482828774
5590,93.51813507080078
5591,104.93038635253906
5592,116.92686080932617
5593,106.60303624471028
5594,96.91063054402669
5595,153.6787986755371
5596,120.92376073201497
5597,94.5884739557902
5598,97.83009847005208
5599,113.15271186828613
5600,60.09950574239095
5601,68.67487564086915
5602,81.16574096679688
5603,90.56599044799805
5604,81.72865931193034
5605,78.40778732299805
5606,85.82413736979167
5607,81.26185671488444
5608,65.84202702840169
5609,49.53083324432373
5610,74.80431270599365
5611,66.764208984375
5612,84.25179640452068
5613,64.74860763549805
5614,84.39884948730469
5615,59.30294418334961
5616,70.28422673543294
5617,74.39979108174641
5618,105.12921524047852
5619,120.44546413421631
5620,119.65748977661133
5621,98.26660461425782
5622,219.93991343180338
5623,100.80035018920898
5624,122.89247639973958
5625,150.10442225138345
5626,127.94382603963216
5627,68.42073313395183
5628,78.9056568145752
5629,94.35168202718098
5630,96.74574788411458
5631,99.08357009887695
5632,74.00179481506348
5633,88.22154362996419
5634,102.99658203125
5635,109.73758697509766
5636,96.58222643534343
5637,125.8788267771403
5638,77.82510312398274
5639,77.7919069925944
5640,70.02436447143555
5641,54.22211685180664
5642,60.04401079813639
5643,88.50028483072917
5644,245.80004119873047
5645,194.07412338256836
5646,146.07392120361328
5647,106.0582669576009
5648,84.46271387736003
5649,78.55494626363118
5650,92.20534261067708
5651,84.00382690429687
5652,77.72151692708333
5653,89.18413925170898
5654,74.84589131673177
5655,78.31713485717773
5656,62.76231447855631
5657,87.54986635843913
5658,52.35394859313965
5659,49.411544481913246
5660,47.29034582773844
5661,107.91611251831054
5662,77.49757893880208
5663,85.00710105895996
5664,75.82045491536458
5665,49.14152526855469
5666,65.01476732889812
5667,67.07019106547038
5668,68.9889087677002
5669,91.3758716583252
5670,63.29002857208252
5671,94.86625213623047
5672,88.48190689086914
5673,87.25993506113689
5674,89.37054697672527
5675,106.43289057413737
5676,99.2734842300415
5677,113.88467407226562
5678,224.24345270792642
5679,176.1269505818685
5680,227.63544082641602
5681,225.15807189941407
5682,186.2690912882487
5683,110.01072438557942
5684,88.24353790283203
5685,76.46551767985027
5686,85.16020266215007
5687,129.17293167114258
5688,142.23931884765625
5689,120.84198760986328
5690,131.94683074951172
5691,124.66402587890624
5692,109.61388524373372
5693,109.09903717041016
5694,107.7325210571289
5695,94.7442118326823
5696,108.48584111531575
5697,118.18101374308269
5698,109.27517191569011
5699,117.38724899291992
5700,93.75460942586263
5701,123.45321044921874
5702,87.53191184997559
5703,69.20957120259602
5704,60.59258460998535
5705,48.350486755371094
5706,68.66622543334961
5707,76.8166389465332
5708,86.82711029052734
5709,102.30947621663411
5710,102.6440315246582
5711,121.67945098876953
5712,82.63818868001302
5713,67.93076515197754
5714,60.216540018717446
5715,79.70576413472493
5716,79.49581527709961
5717,71.38125610351562
5718,58.49907938639323
5719,60.25860595703125
5720,64.45483271280925
5721,67.00345458984376
5722,53.9400323232015
5723,54.857553482055664
5724,123.43292236328125
5725,109.98252614339192
5726,119.00604883829753
5727,129.17938232421875
5728,107.75743293762207
5729,89.51635932922363
5730,79.85290718078613
5731,67.49727630615234
5732,97.11888249715169
5733,124.5384012858073
5734,124.74206161499023
5735,148.98506927490234
5736,115.2542298634847
5737,133.2781302134196
5738,108.97294362386067
5739,85.53113238016765
5740,66.9780502319336
5741,66.68444213867187
5742,75.90978368123372
5743,61.7951602935791
5744,65.95658175150554
5745,56.556463877360024
5746,52.21588134765625
5747,65.76901308695476
5748,61.789140701293945
5749,64.78136380513509
5750,67.98980681101482
5751,62.9780387878418
5752,84.67160415649414
5753,44.69528071085612
5754,55.029235204060875
5755,46.37978871663412
5756,63.31164232889811
5757,97.08693440755208
5758,142.6869036356608
5759,141.19036992390951
5760,171.26317723592123
5761,136.56673278808594
5762,202.9294687906901
5763,164.06037775675455
5764,80.03012084960938
5765,82.8591365814209
5766,63.338745752970375
5767,66.39880498250325
5768,65.7161299387614
5769,75.69679896036784
5770,83.1124496459961
5771,73.83531112670899
5772,67.8686351776123
5773,59.351539611816406
5774,62.57553291320801
5775,85.25538571675618
5776,90.70115788777669
5777,90.69401295979817
5778,115.74198913574219
5779,131.21692848205566
5780,114.06308364868164
5781,102.08567657470704
5782,79.76430638631184
5783,59.84399604797363
5784,38.78539832433065
5785,57.70805676778158
5786,107.35467147827148
5787,194.09240341186523
5788,166.04657236735025
5789,203.40609232584634
5790,245.69078826904297
5791,134.96571197509766
5792,78.81480026245117
5793,78.86685975392659
5794,55.82378387451172
5795,69.91116078694661
5796,75.3325703938802
5797,92.69175974527995
5798,100.69051742553711
5799,155.81302897135416
5800,114.11680348714192
5801,225.04044494628906
5802,153.4266726175944
5803,114.3234380086263
5804,111.53927389780681
5805,67.2469253540039
5806,66.52974764506023
5807,97.92031542460124
5808,116.39826965332031
5809,113.46349080403645
5810,119.66409174601237
5811,124.26900024414063
5812,103.01919555664062
5813,92.17494710286458
5814,72.7148208618164
5815,69.57538350423177
5816,95.74950917561848
5817,75.33181381225586
5818,68.51929601033528
5819,87.86753463745117
5820,57.45566495259603
5821,75.25599822998046
5822,47.601789474487305
5823,54.726755142211914
5824,49.11408933003744
5825,51.171478271484375
5826,68.15577634175618
5827,69.98161379496257
5828,49.56972853342692
5829,82.39221572875977
5830,63.239529291788735
5831,65.67050018310547
5832,66.34480094909668
5833,73.32950973510742
5834,71.31858571370442
5835,69.60505708058675
5836,48.4285888671875
5837,67.87989934285481
5838,65.14307530721028
5839,71.09399286905925
5840,80.39478874206543
5841,90.24227828979492
5842,76.14278793334961
5843,78.03557840983073
5844,83.51418558756511
5845,68.35995960235596
5846,63.25198109944662
5847,80.242431640625
5848,63.27226702372233
5849,92.71772130330403
5850,74.02795155843098
5851,97.11295318603516
5852,138.2977383931478
5853,72.14945793151855
5854,101.14415105183919
5855,66.54677454630534
5856,81.52997207641602
5857,72.10229396820068
5858,90.41746266682942
5859,74.90697701772054
5860,64.54546864827473
5861,54.036698532104495
5862,68.25556564331055
5863,58.73800532023112
5864,38.040321350097656
5865,67.0683085123698
5866,106.05286089579265
5867,94.49305534362793
5868,108.42843373616536
5869,77.97711753845215
5870,95.94342549641927
5871,98.96124877929688
5872,82.18104998270671
5873,103.80126825968425
5874,99.10856374104817
5875,100.80151621500652
5876,72.11145528157552
5877,72.67322476704915
5878,60.98045094807943
5879,56.00442314147949
5880,60.1671257019043
5881,71.17013320922851
5882,60.826494216918945
5883,58.391295750935875
5884,61.58768399556478
5885,69.85865910847981
5886,70.24558385213216
5887,68.62436803181966
5888,100.90129470825195
5889,95.5659631093343
5890,89.72507985432942
5891,86.6928726196289
5892,77.87784067789714
5893,66.50474103291829
5894,63.13895606994629
5895,168.31631978352866
5896,126.32453219095866
5897,115.6468989054362
5898,123.83142471313477
5899,201.27147928873697
5900,141.68650436401367
5901,235.77337036132812
5902,415.3760401407878
5903,352.4501190185547
5904,212.14382680257162
5905,322.6332728068034
5906,183.62273279825845
5907,118.540833791097
5908,116.88475672403972
5909,98.65910720825195
5910,66.18185869852702
5911,47.34472579956055
5912,42.22041575113932
5913,69.24829641977946
5914,92.9010721842448
5915,112.91030502319336
5916,120.19807116190593
5917,83.51226870218913
5918,95.40589777628581
5919,69.46062183380127
5920,72.89599164326985
5921,51.68587799072266
5922,43.814178784688316
5923,39.97518237431844
5924,41.99384117126465
5925,54.91149457295736
5926,67.34985224405925
5927,101.91766103108723
5928,101.9083620707194
5929,95.87902005513509
5930,102.47535451253255
5931,81.85445251464844
5932,67.42387835184734
5933,68.6265500386556
5934,57.43595949808756
5935,59.2913818359375
5936,57.86276817321777
5937,46.14349778493246
5938,52.2353146870931
5939,64.33046849568684
5940,43.91632493336996
5941,47.839474487304685
5942,72.4361629486084
5943,51.42453066507975
5944,57.21352767944336
5945,66.06417274475098
5946,68.53554312388103
5947,82.78279368082683
5948,110.24267832438152
5949,96.38223266601562
5950,80.86009089152019
5951,89.67572631835938
5952,82.70160102844238
5953,57.69952265421549
5954,48.90724309285482
5955,69.98561096191406
5956,101.23815155029297
5957,99.84806315104167
5958,98.5601692199707
5959,95.19095611572266
5960,75.06464449564616
5961,60.95788726806641
5962,55.86327997843424
5963,60.585516611735024
5964,72.04888089497884
5965,65.38450622558594
5966,67.46347681681316
5967,44.192640940348305
5968,52.47201156616211
5969,50.245263735453285
5970,63.73293813069662
5971,69.48670349121093
5972,87.4132474263509
5973,88.21194712320964
5974,178.04625193277994
5975,159.1943105061849
5976,244.25688680013022
5977,162.10309600830078
5978,41.50551668802897
5979,50.77308654785156
5980,37.51880073547363
5981,42.815164947509764
5982,44.372510274251304
5983,55.77706527709961
5984,63.59368642171224
5985,55.21341514587402
5986,41.60436471303304
5987,58.24330838521322
5988,48.667012532552086
5989,54.044799168904625
5990,88.79661337534587
5991,99.14785766601562
5992,72.54322624206543
5993,93.21358807881673
5994,90.7009162902832
5995,84.09973684946696
5996,122.90731048583984
5997,146.96018854777017
5998,235.19740295410156
5999,127.92713737487793
6000,164.22608693440756
6001,102.92508087158203
6002,95.0118350982666
6003,72.86988703409831
6004,72.40090052286784
6005,83.1521676381429
6006,57.480692545572914
6007,53.95003573099772
6008,52.46471659342448
6009,43.70420742034912
6010,43.298116048177086
6011,46.98467483520508
6012,55.08712577819824
6013,46.39746983846029
6014,51.5643736521403
6015,53.9925111134847
6016,63.1978562672933
6017,79.93873723347981
6018,85.70269266764323
6019,69.19962247212727
6020,78.22964477539062
6021,43.16019515991211
6022,46.173638661702476
6023,50.20828596750895
6024,49.06552219390869
6025,61.83559926350912
6026,74.74354807535808
6027,65.91808954874675
6028,69.80540021260579
6029,85.07075945536296
6030,69.40859985351562
6031,55.645171356201175
6032,56.62403806050619
6033,60.81550598144531
6034,57.466787020365395
6035,48.11424255371094
6036,54.9949525197347
6037,38.04428927103678
6038,49.644551595052086
6039,40.937981923421226
6040,35.059963862101235
6041,42.36798667907715
6042,33.08641497294108
6043,39.89918645222982
6044,56.05877923965454
6045,54.78142229715983
6046,96.78524780273438
6047,80.88642311096191
6048,105.5626277923584
6049,126.02272669474284
6050,117.96438344319661
6051,111.36026306152344
6052,105.01089986165364
6053,82.02478281656902
6054,47.35618750254313
6055,59.23951721191406
6056,38.83354409535726
6057,59.03197415669759
6058,59.08779525756836
6059,77.20534769694011
6060,87.21629015604655
6061,170.97100524902345
6062,179.81722005208334
6063,209.55709330240884
6064,168.41456349690756
6065,265.89710744222003
6066,164.40764363606772
6067,147.7293586730957
6068,142.91071446736655
6069,123.86022885640462
6070,111.61245727539062
6071,107.39252319335938
6072,124.26290321350098
6073,145.04949061075845
6074,102.43848546346028
6075,135.72085571289062
6076,131.3914712270101
6077,71.30494689941406
6078,35.914791901906334
6079,35.923316637674965
6080,46.14707946777344
6081,46.858055877685544
6082,66.97598425547282
6083,79.06273206075032
6084,51.039591471354164
6085,53.08731778462728
6086,47.66727066040039
6087,60.42158762613932
6088,78.63861910502116
6089,63.742100397745766
6090,50.546522776285805
6091,100.04946517944336
6092,92.02924346923828
6093,92.23936303456624
6094,158.09104919433594
6095,147.29887771606445
6096,150.55669911702475
6097,129.13407135009766
6098,154.9646987915039
6099,99.69789505004883
6100,99.86196899414062
6101,103.47320556640625
6102,111.38382339477539
6103,126.7261454264323
6104,112.1975695292155
6105,145.88458251953125
6106,99.12768427530925
6107,82.7092997233073
6108,62.20479774475098
6109,45.405504862467446
6110,55.64737923940023
6111,69.79256210327148
6112,86.74820073445638
6113,84.81121317545573
6114,109.12858581542969
6115,83.62131309509277
6116,94.55656433105469
6117,90.31674671173096
6118,91.92653973897298
6119,73.74754651387532
6120,71.14637247721355
6121,91.08238525390625
6122,85.30360349019368
6123,65.03507169087727
6124,52.03797435760498
6125,69.1963882446289
6126,75.73333231608073
6127,57.72176424662272
6128,38.37015469868978
6129,47.68675994873047
6130,53.51887448628744
6131,39.40282783508301
6132,38.561668395996094
6133,35.94057846069336
6134,30.210093180338543
6135,33.77261050542196
6136,45.53918774922689
6137,44.371917724609375
6138,51.758792877197266
6139,47.76899083455404
6140,132.7293440500895
6141,97.55885696411133
6142,174.3137690226237
6143,171.69429524739584
6144,183.78871536254883
6145,149.58817927042642
6146,147.18961588541666
6147,153.4337615966797
6148,133.74568684895834
6149,102.62063916524251
6150,47.0379384358724
6151,274.2066223144531
6152,245.79842885335287
6153,125.49993133544922
6154,241.25735473632812
6155,273.6893488566081
6156,150.28477223714194
6157,135.24781290690103
6158,103.98216692606609
6159,127.84615580240886
6160,72.25566164652507
6161,56.90322723388672
6162,41.20791530609131
6163,32.67946243286133
6164,34.86602274576823
6165,48.544623057047524
6166,40.60961023966471
6167,44.27691809336344
6168,45.440789540608726
6169,45.01476732889811
6170,53.994300842285156
6171,37.091566467285155
6172,38.63523038228353
6173,49.4245990117391
6174,51.75417137145996
6175,39.6427116394043
6176,53.67378044128418
6177,61.17554028828939
6178,57.935167948404946
6179,61.72283045450846
6180,71.85554758707683
6181,84.22403564453126
6182,120.78839111328125
6183,101.44476000467937
6184,118.3604170481364
6185,64.71139780680339
6186,60.15660158793131
6187,89.96242650349934
6188,124.8183364868164
6189,94.1953690846761
6190,57.61305300394694
6191,70.11253051757812
6192,60.72219594319662
6193,44.06277847290039
6194,64.15790557861328
6195,83.11794535319011
6196,72.15844535827637
6197,69.87374941507976
6198,131.81504185994467
6199,150.56061299641928
6200,80.0851224263509
6201,91.39812622070312
6202,84.93526713053386
6203,66.52345911661784
6204,58.33904711405436
6205,55.30797131856283
6206,52.770639419555664
6207,62.58727582295736
6208,53.10873317718506
6209,44.323036193847656
6210,61.96998659769694
6211,50.16731071472168
6212,49.095909118652344
6213,37.20248667399088
6214,36.0478630065918
6215,32.25930627187093
6216,45.76772880554199
6217,38.864728927612305
6218,41.03323904673258
6219,63.4714552561442
6220,55.241509755452476
6221,96.23494262695313
6222,79.56242688496907
6223,77.06130663553874
6224,115.3400026957194
6225,134.94468943277994
6226,78.04659620920818
6227,101.212340037028
6228,67.58739980061848
6229,58.05839538574219
6230,68.12586148579915
6231,67.91873168945312
6232,74.08679707845052
6233,72.40606371561687
6234,98.30186589558919
6235,125.52964655558269
6236,96.66133244832356
6237,67.20940399169922
6238,56.25397046407064
6239,69.7256342569987
6240,59.509002049764
6241,76.44536590576172
6242,64.64232953389485
6243,62.88638051350912
6244,101.7604382832845
6245,174.34595489501953
6246,131.7871068318685
6247,229.21032333374023
6248,115.98622385660808
6249,103.91934490203857
6250,56.4662831624349
6251,35.753621673583986
6252,37.277947743733726
6253,37.28817176818848
6254,42.24571545918783
6255,43.62764263153076
6256,46.62023735046387
6257,67.69642066955566
6258,77.87315368652344
6259,88.65155982971191
6260,71.67347971598308
6261,59.15627670288086
6262,64.63446553548177
6263,37.98237101236979
6264,41.67534891764323
6265,53.290724436442055
6266,142.83779652913412
6267,181.1846466064453
6268,156.6982421875
6269,148.26822408040366
6270,115.5670394897461
6271,75.67374877929687
6272,59.60614013671875
6273,63.64793141682943
6274,68.6669553120931
6275,60.78032620747884
6276,49.12830893198649
6277,51.519477208455406
6278,48.96057001749674
6279,36.55212529500326
6280,38.50643539428711
6281,40.992013168334964
6282,40.868988037109375
6283,36.20298703511556
6284,30.90194829305013
6285,38.4256165822347
6286,49.274696350097656
6287,33.21522585550944
6288,65.1522388458252
6289,87.85236358642578
6290,75.35089874267578
6291,78.63450698852539
6292,66.74774360656738
6293,64.4120044708252
6294,28.855775515238445
6295,31.058385848999023
6296,39.84826978047689
6297,49.91919136047363
6298,79.38431612650554
6299,106.20585250854492
6300,114.18832969665527
6301,90.731591796875
6302,90.03851318359375
6303,74.56991449991862
6304,48.37165451049805
6305,52.00820700327555
6306,41.43744421005249
6307,36.42361338933309
6308,52.549037297566734
6309,40.878342628479004
6310,48.27884165445963
6311,46.764105224609374
6312,30.01397466659546
6313,28.742233117421467
6314,20.473808924357098
6315,30.650551160176594
6316,29.09595775604248
6317,33.74844487508138
6318,29.75377623240153
6319,36.86652946472168
6320,43.769388834635414
6321,43.84127578735352
6322,69.14696820576985
6323,98.98881721496582
6324,63.82800038655599
6325,61.44972610473633
6326,64.85891787211101
6327,38.01760292053223
6328,34.53087139129639
6329,37.459513346354164
6330,42.55924574534098
6331,57.789075469970705
6332,62.81572882334391
6333,75.80095036824544
6334,59.38330396016439
6335,56.8703358968099
6336,40.59868049621582
6337,39.36734549204508
6338,37.11052894592285
6339,26.9462833404541
6340,29.837029139200848
6341,21.87806625366211
6342,25.673305829366047
6343,29.52975845336914
6344,22.685175895690918
6345,42.731711069742836
6346,48.506739934285484
6347,76.17121887207031
6348,91.01259485880534
6349,110.2359390258789
6350,69.2618350982666
6351,67.76723098754883
6352,71.03850015004475
6353,34.009482065836586
6354,47.18553098042806
6355,46.857945124308266
6356,32.62968476613363
6357,61.97286605834961
6358,70.06283315022786
6359,52.69079430898031
6360,41.09980773925781
6361,61.033853149414064
6362,41.791208585103355
6363,49.14399814605713
6364,54.373568852742515
6365,134.0546900431315
6366,315.86258697509766
6367,127.45334116617839
6368,144.65477879842123
6369,139.6848030090332
6370,113.75340684254964
6371,40.523628616333006
6372,63.069471995035805
6373,111.34631792704265
6374,129.85810152689615
6375,131.81359227498373
6376,125.37203248341878
6377,142.74819469451904
6378,54.17522939046224
6379,35.30812009175619
6380,28.6160249710083
6381,33.97015266418457
6382,24.193476517995197
6383,28.141143798828125
6384,23.85195318857829
6385,26.838729858398438
6386,29.80794684092204
6387,26.844274520874023
6388,31.370899836222332
6389,31.90782101949056
6390,25.650764147440594
6391,31.918862533569335
6392,29.92531903584798
6393,33.26715342203776
6394,23.362747033437092
6395,25.16709613800049
6396,25.929038365681965
6397,29.296334266662598
6398,34.347005208333336
6399,41.0271110534668
6400,45.818153381347656
6401,58.74630432128906
6402,49.224796295166016
6403,44.992296854654946
6404,122.6824556986491
6405,75.25546010335286
6406,166.42872619628906
6407,138.2151845296224
6408,118.5204537709554
6409,71.15853309631348
6410,56.326626459757485
6411,60.706398010253906
6412,47.70778147379557
6413,45.351738611857094
6414,33.94373067220052
6415,38.836974461873375
6416,34.01636791229248
6417,51.96025021870931
6418,72.19851938883464
6419,88.67880439758301
6420,111.98024241129558
6421,73.61252517700196
6422,69.54466247558594
6423,82.48113950093587
6424,69.17610677083333
6425,48.789042472839355
6426,45.02915255228678
6427,66.84576034545898
6428,57.67243734995524
6429,43.719021797180176
6430,58.99481391906738
6431,171.2367172241211
6432,108.59930674235027
6433,117.29353523254395
6434,93.2920430501302
6435,83.64100710550944
6436,96.68685722351074
6437,40.17082722981771
6438,43.185651779174805
6439,38.4560022354126
6440,31.73599116007487
6441,29.337251663208008
6442,39.4413480758667
6443,31.905978520711262
6444,32.44847806294759
6445,31.595897992451984
6446,30.013919194539387
6447,37.45727507273356
6448,38.55676523844401
6449,49.194044748942055
6450,43.02836672465006
6451,33.10474548339844
6452,33.250494639078774
6453,25.802191575368244
6454,33.19274711608887
6455,32.416152000427246
6456,26.795856793721516
6457,31.34692446390788
6458,50.346670150756836
6459,39.582780838012695
6460,33.60140816370646
6461,47.308258819580075
6462,59.111854553222656
6463,43.47214317321777
6464,107.0569445292155
6465,68.90912628173828
6466,113.94765345255534
6467,113.86785380045573
6468,85.62757301330566
6469,74.71081415812175
6470,61.200779596964516
6471,55.858421325683594
6472,60.87441762288412
6473,40.23560492197672
6474,36.27768166859945
6475,57.94762674967448
6476,115.25106875101726
6477,176.207275390625
6478,198.67932891845703
6479,175.4776153564453
6480,178.23462422688803
6481,149.9791229248047
6482,126.85932795206706
6483,108.05736287434895
6484,137.67062505086264
6485,101.44704182942708
6486,127.47344080607097
6487,99.11270332336426
6488,71.25789388020833
6489,52.77265421549479
6490,140.06190745035806
6491,109.08999328613281
6492,123.67181587219238
6493,99.3556302388509
6494,102.53816731770833
6495,99.11487833658855
6496,65.32386779785156
6497,47.655274391174316
6498,44.0652052561442
6499,59.148040771484375
6500,47.76741027832031
6501,39.75798225402832
6502,51.08067194620768
6503,127.3100217183431
6504,142.99487813313803
6505,124.5028584798177
6506,154.7829106648763
6507,209.52092742919922
6508,104.32535807291667
6509,89.47274653116862
6510,55.44758605957031
6511,45.24398765563965
6512,57.15965747833252
6513,32.69778601328532
6514,48.85574595133463
6515,41.227675437927246
6516,34.55210622151693
6517,27.799153010050457
6518,22.648392995198567
6519,31.399847984313965
6520,34.67440859476725
6521,33.68375205993652
6522,26.62984275817871
6523,29.40681521097819
6524,25.02005449930827
6525,28.780978202819824
6526,125.38076337178548
6527,166.3344923655192
6528,131.59037590026855
6529,129.5064353942871
6530,115.97353235880534
6531,121.5738037109375
6532,64.1753044128418
6533,40.93167654673258
6534,71.79022757212321
6535,115.25634002685547
6536,115.69656244913737
6537,100.45200665791829
6538,107.18841807047527
6539,123.72029622395833
6540,135.09802754720053
6541,150.83890075683593
6542,123.72985967000325
6543,116.08534749348958
6544,236.27674102783203
6545,169.2316436767578
6546,194.89928817749023
6547,176.7237205505371
6548,269.4993311564128
6549,101.03012339274089
6550,73.50108591715495
6551,83.11278076171875
6552,52.874350229899086
6553,38.73218027750651
6554,53.75777371724447
6555,90.41673151652019
6556,152.10747146606445
6557,150.82194964090982
6558,136.44803619384766
6559,60.35691420237223
6560,82.17462094624837
6561,44.23332977294922
6562,42.04060331980387
6563,64.71150016784668
6564,64.30192565917969
6565,80.18451690673828
6566,54.677578608194985
6567,51.03379821777344
6568,37.13988176981608
6569,28.08329677581787
6570,30.26987648010254
6571,30.49504508972168
6572,38.936251958211265
6573,43.373161951700844
6574,33.48475042978922
6575,34.06509208679199
6576,25.30265235900879
6577,32.611589431762695
6578,43.87574323018392
6579,27.693657875061035
6580,35.63844299316406
6581,51.73551139831543
6582,28.8329283396403
6583,23.48623275756836
6584,19.05454969406128
6585,20.616358439127605
6586,25.33886432647705
6587,18.76852512359619
6588,38.1963586807251
6589,60.02584457397461
6590,55.012643814086914
6591,58.163731002807616
6592,54.565300146738686
6593,37.22061729431152
6594,22.308597087860107
6595,17.51517168680827
6596,18.54063828786214
6597,21.385826110839844
6598,22.997269948323567
6599,24.00746472676595
6600,24.718458493550617
6601,20.72015953063965
6602,23.581748644510906
6603,23.732452392578125
6604,17.80055824915568
6605,16.300426324208576
6606,14.15165106455485
6607,18.038883527119953
6608,17.63936408360799
6609,19.07534686724345
6610,22.852954546610516
6611,26.307446670532226
6612,28.398078600565594
6613,21.691680431365967
6614,17.940706888834637
6615,18.01016441980998
6616,19.575304985046387
6617,22.04861005147298
6618,24.242096583048504
6619,65.61818949381511
6620,51.168247858683266
6621,80.748095703125
6622,92.96660614013672
6623,96.23563130696614
6624,88.82417805989583
6625,173.73651250203451
6626,136.92632802327475
6627,97.0433177947998
6628,68.91889953613281
6629,57.938564936319985
6630,73.60444005330403
6631,75.72896957397461
6632,82.04615910847981
6633,69.02617200215657
6634,47.63986460367838
6635,50.262816747029625
6636,33.81505552927653
6637,30.450024604797363
6638,28.805931727091473
6639,40.31179141998291
6640,66.45874818166097
6641,71.2572265625
6642,128.0805918375651
6643,123.88454373677571
6644,139.4721705118815
6645,106.15423838297527
6646,89.94579696655273
6647,78.76410547892253
6648,51.25917355219523
6649,36.47836780548096
6650,23.89426898956299
6651,16.883564949035645
6652,24.753160794576008
6653,23.405837059020996
6654,34.25735823313395
6655,59.55574385325114
6656,53.46192900339762
6657,64.30868864059448
6658,66.64683564503987
6659,75.65136337280273
6660,70.5116335550944
6661,43.06590881347656
6662,37.4084742863973
6663,27.544798851013184
6664,51.263603846232094
6665,57.129554748535156
6666,45.690693855285645
6667,52.433375676472984
6668,52.525389989217125
6669,36.503309885660805
6670,38.11101086934408
6671,25.2396728515625
6672,25.503206570943195
6673,37.9000555674235
6674,31.042214393615723
6675,25.66935157775879
6676,37.905518531799316
6677,32.49118836720785
6678,33.872097651163735
6679,33.81075350443522
6680,29.522100925445557
6681,43.849421691894534
6682,26.750393231709797
6683,32.886886278788246
6684,63.492270151774086
6685,66.15206305185954
6686,53.003015200297035
6687,55.536739349365234
6688,55.216983477274574
6689,28.987398147583008
6690,39.40959199269613
6691,37.7785457611084
6692,47.45542685190836
6693,56.71387545267741
6694,42.45314868291219
6695,50.608192443847656
6696,35.95370864868164
6697,26.831705411275227
6698,28.760494232177734
6699,38.82959016164144
6700,43.57404820124308
6701,36.57184600830078
6702,33.599652449289955
6703,30.508743286132812
6704,29.029239654541016
6705,20.692434787750244
6706,20.01571528116862
6707,17.8059180577596
6708,26.679035504659016
6709,37.00959014892578
6710,46.769701639811196
6711,42.286869812011716
6712,40.969161669413246
6713,26.108030637105305
6714,14.623140335083008
6715,15.19291321436564
6716,10.61068836847941
6717,16.098050276438396
6718,22.959771156311035
6719,26.579439481099445
6720,32.55000845591227
6721,30.60246887207031
6722,28.997727394104004
6723,24.774539470672607
6724,23.826915899912517
6725,29.056142807006836
6726,140.3073673248291
6727,56.1723305384318
6728,146.75937271118164
6729,124.9830420811971
6730,78.8080628712972
6731,22.489382362365724
6732,33.0923547744751
6733,42.38787333170573
6734,46.27519162495931
6735,61.79931195576986
6736,61.72813924153646
6737,53.530206044514976
6738,43.08888022104899
6739,21.406838099161785
6740,24.34754769007365
6741,25.16157684326172
6742,24.87285343805949
6743,27.51904233296712
6744,32.78646437327067
6745,28.923326174418133
6746,25.617309888203938
6747,20.568607648213703
6748,24.504040082295734
6749,18.95492347081502
6750,22.947901407877605
6751,31.29831886291504
6752,45.383544286092125
6753,43.215067545572914
6754,59.353538513183594
6755,53.53647232055664
6756,64.00945536295573
6757,67.84211985270183
6758,58.26943778991699
6759,64.09659576416016
6760,64.53892008463542
6761,73.3181167602539
6762,77.76905568440755
6763,201.90197881062826
6764,210.6316121419271
6765,208.3577117919922
6766,198.12649281819662
6767,131.3522154490153
6768,23.858702023824055
6769,18.73293940226237
6770,19.095390955607098
6771,20.08021774291992
6772,23.11380736033122
6773,15.931014855702719
6774,18.906021118164062
6775,30.76794179280599
6776,33.363081296284996
6777,44.69359906514486
6778,37.967037518819176
6779,35.38507843017578
6780,33.92608229319254
6781,28.680971145629883
6782,26.20327138900757
6783,39.957503954569496
6784,28.850596745808918
6785,32.91298611958822
6786,42.514783223470054
6787,33.16192595163981
6788,43.833709716796875
6789,62.0901206334432
6790,61.21140956878662
6791,37.98972625732422
6792,33.845132191975914
6793,22.227486610412598
6794,23.307076772054035
6795,95.83326212565105
6796,65.89934889475505
6797,81.31719048817952
6798,50.308243115743004
6799,50.52632109324137
6800,39.34235763549805
6801,23.150500869750978
6802,19.199661095937092
6803,21.579595883687336
6804,17.455313364664715
6805,17.626335620880127
6806,25.886905988057453
6807,25.551053047180176
6808,32.31412728627523
6809,30.49967098236084
6810,28.620712280273438
6811,16.345473289489746
6812,12.962201913197836
6813,18.220733483632404
6814,20.440999031066895
6815,20.11489661534627
6816,17.9025559425354
6817,16.46723524729411
6818,22.651333491007488
6819,30.78220017751058
6820,31.076066970825195
6821,29.852606773376465
6822,33.621917406717934
6823,32.93104553222656
6824,30.828331629435223
6825,21.990679423014324
6826,23.154218355814617
6827,17.297965049743652
6828,26.691362698872883
6829,34.86192766825358
6830,37.747845808664955
6831,42.04469470977783
6832,53.09691174825033
6833,54.42603874206543
6834,43.37241554260254
6835,44.58972771962484
6836,27.121987024943035
6837,35.47002410888672
6838,45.76999473571777
6839,45.42506408691406
6840,49.62318102518717
6841,42.64036331176758
6842,29.987703641255695
6843,19.27154795328776
6844,20.29115088780721
6845,29.812366167704266
6846,21.625130494435627
6847,26.249204635620117
6848,19.1712384223938
6849,25.289044698079426
6850,33.0612408320109
6851,24.945872116088868
6852,34.05266602834066
6853,40.180188496907554
6854,31.422704060872395
6855,88.19883505503337
6856,107.96584065755208
6857,89.03848075866699
6858,50.84860865275065
6859,52.94062455495199
6860,36.280079205830894
6861,30.729882049560548
6862,24.950186729431152
6863,23.24370002746582
6864,18.851303100585938
6865,32.422441482543945
6866,42.975287119547524
6867,84.55651473999023
6868,92.83753712972005
6869,64.40865707397461
6870,65.2195692062378
6871,87.64177856445312
6872,32.28059387207031
6873,52.052782694498696
6874,99.87920633951823
6875,64.00091298421223
6876,72.43866348266602
6877,55.38731575012207
6878,34.39631621042887
6879,26.034186999003094
6880,22.02223078409831
6881,108.19379463195801
6882,162.7088311513265
6883,183.09099292755127
6884,111.22948582967122
6885,219.3449592590332
6886,69.49139022827148
6887,54.21700922648112
6888,44.25013224283854
6889,52.39514478047689
6890,41.310608545939125
6891,28.380068588256837
6892,68.93573681513469
6893,118.02147547403972
6894,101.88560676574707
6895,145.31554158528647
6896,107.14073181152344
6897,47.17009194691976
6898,24.200466473897297
6899,19.329004605611164
6900,14.693837960561117
6901,12.30873374938965
6902,24.492318789164226
6903,84.21608702341716
6904,64.10806973775227
6905,78.26974423726399
6906,64.51035817464192
6907,55.098109563191734
6908,27.962735493977863
6909,31.799742380777996
6910,29.72084108988444
6911,28.47348518371582
6912,26.550605297088623
6913,27.48242123921712
6914,26.662227630615234
6915,33.02752876281738
6916,28.978325843811035
6917,32.256693522135414
6918,25.89511013031006
6919,18.28058131535848
6920,58.63636557261149
6921,47.741479110717776
6922,56.96246814727783
6923,42.205450852712
6924,21.524671236673992
6925,14.856457630793253
6926,15.223972161610922
6927,15.634373188018799
6928,12.149754365285238
6929,13.57097832361857
6930,25.24935754140218
6931,20.246493911743165
6932,44.38240718841553
6933,62.39521439870199
6934,98.29265721638997
6935,74.30110899607341
6936,55.90920448303223
6937,50.81552950541178
6938,25.70735772450765
6939,24.926665623982746
6940,19.35789203643799
6941,25.37077751159668
6942,19.576009114583332
6943,25.11741320292155
6944,25.268356959025066
6945,36.81139882405599
6946,30.154123306274414
6947,27.14201482137044
6948,36.758049964904785
6949,33.632537841796875
6950,24.610483169555664
6951,24.02272758483887
6952,26.895501454671223
6953,28.148038546244305
6954,19.28616412480672
6955,27.863157113393147
6956,27.239451726277668
6957,27.227784474690754
6958,24.9823637008667
6959,42.11810318628947
6960,40.6736478805542
6961,36.47151069641113
6962,37.799061139424644
6963,46.64937082926432
6964,58.86356862386068
6965,75.76431783040364
6966,69.78984022140503
6967,69.42011642456055
6968,42.09719721476237
6969,24.554043451944988
6970,26.55983893076579
6971,27.084073638916017
6972,39.1231632232666
6973,69.12026278177898
6974,61.624701182047524
6975,51.19705581665039
6976,83.99132219950359
6977,82.21828333536784
6978,70.35675525665283
6979,82.14226722717285
6980,98.69345664978027
6981,76.13932189941406
6982,108.81487973531087
6983,91.1019458770752
6984,77.73369725545247
6985,125.19698842366536
6986,80.2567933400472
6987,53.78519948323568
6988,47.054474512736
6989,105.88095219930013
6990,71.93577512105306
6991,60.779131698608396
6992,48.46589724222819
6993,58.82606315612793
6994,53.55850156148275
6995,37.503945668538414
6996,55.200279235839844
6997,51.28466383616129
6998,42.26355584462484
6999,32.576720237731934
7000,41.23434321085612
7001,33.46582374572754
7002,24.112863063812256
7003,30.625504811604817
7004,19.964812119801838
7005,24.92005157470703
7006,33.46240361531576
7007,40.566262563069664
7008,45.842406590779625
7009,59.000929514567055
7010,37.15061887105306
7011,49.231729125976564
7012,47.488240559895836
7013,43.637049992879234
7014,59.056165059407554
7015,62.452470779418945
7016,39.34327061971029
7017,28.803313493728638
7018,12.230941454569498
7019,9.695780237515768
7020,15.636749744415283
7021,13.90455379486084
7022,24.557567596435547
7023,27.196156183878582
7024,32.92528788248698
7025,38.78154055277506
7026,38.94411849975586
7027,36.5202751159668
7028,33.11078643798828
7029,24.485933303833008
7030,29.58673604329427
7031,32.61296501159668
7032,29.394413630167644
7033,22.4959077835083
7034,29.64533011118571
7035,42.03181457519531
7036,35.71105639139811
7037,42.041224797566734
7038,40.023624102274574
7039,45.1678466796875
7040,32.4950647354126
7041,39.53132781982422
7042,39.61383374532064
7043,37.44311491648356
7044,35.75061957041422
7045,25.407148361206055
7046,30.041871070861816
7047,17.262808958689373
7048,19.09829107920329
7049,25.20915174484253
7050,30.15155029296875
7051,45.33909606933594
7052,47.476989110310875
7053,68.45249684651692
7054,40.40346590677897
7055,42.91161664326986
7056,29.468695322672527
7057,20.737614790598553
7058,61.49912484486898
7059,45.826797803243004
7060,58.301692962646484
7061,73.27524490356446
7062,50.67739995320638
7063,45.00242678324381
7064,47.89943822224935
7065,54.40069770812988
7066,63.619544982910156
7067,48.12917137145996
7068,55.546692530314125
7069,49.73968378702799
7070,37.36288579305013
7071,41.38732643127442
7072,65.06926027933757
7073,83.70422871907552
7074,77.06759452819824
7075,54.56810029347738
7076,24.730533281962078
7077,22.93828296661377
7078,51.1024284362793
7079,207.43046442667642
7080,186.23088709513345
7081,174.8044006347656
7082,113.09686915079753
7083,311.88796615600586
7084,198.55201466878256
7085,279.11088307698566
7086,266.07886759440106
7087,211.22947374979654
7088,111.73570855458577
7089,23.417169729868572
7090,28.193729718526203
7091,35.17525100708008
7092,25.278303782145183
7093,33.953576723734535
7094,22.131535530090332
7095,21.601276238759358
7096,21.3660151163737
7097,22.48236624399821
7098,19.41411813100179
7099,22.504650115966797
7100,86.96835136413574
7101,78.37328186035157
7102,49.8672726949056
7103,56.315895080566406
7104,47.518097559611
7105,24.76347764333089
7106,29.839309374491375
7107,27.983583450317383
7108,19.414000352223713
7109,29.153106371561687
7110,21.79741923014323
7111,18.097089767456055
7112,16.387078762054443
7113,32.89611212412516
7114,34.21650060017904
7115,47.086897691090904
7116,47.0104923248291
7117,37.67524814605713
7118,26.642827033996582
7119,22.88863738377889
7120,21.39447323481242
7121,19.214994049072267
7122,26.15358034769694
7123,25.77062447865804
7124,25.82664140065511
7125,24.446582158406574
7126,24.749994436899822
7127,17.859920024871826
7128,39.64565785725912
7129,31.913848718007404
7130,43.75028387705485
7131,55.29007263183594
7132,58.24607531229655
7133,50.54004510243734
7134,26.442577997843426
7135,25.476970116297405
7136,17.028637568155926
7137,16.235323746999104
7138,11.31194575627645
7139,14.314566135406494
7140,26.265520731608074
7141,19.126556968688966
7142,30.728074073791504
7143,29.429853121439617
7144,75.67423184712727
7145,83.98363431294759
7146,65.72812779744466
7147,79.95447667439778
7148,111.87095896402995
7149,81.35941569010417
7150,69.62139574686687
7151,74.84301376342773
7152,29.19089921315511
7153,25.694948355356853
7154,25.126662572224934
7155,30.79867458343506
7156,34.594360987345375
7157,24.98307991027832
7158,23.302777608235676
7159,21.21532917022705
7160,14.984681924184164
7161,12.473458671569825
7162,9.424670060475668
7163,14.845412810643515
7164,15.787978490193685
7165,16.26956256230672
7166,13.313532193501791
7167,11.989144961039225
7168,82.27095413208008
7169,56.089515686035156
7170,58.54311943054199
7171,48.9635726928711
7172,68.50039354960124
7173,122.31331380208333
7174,119.13660303751628
7175,66.11698087056477
7176,100.0584487915039
7177,55.032009760538735
7178,39.867658615112305
7179,38.66514205932617
7180,37.77130953470866
7181,46.78372421264648
7182,40.39038372039795
7183,26.02600908279419
7184,99.00502459208171
7185,96.82444699605306
7186,173.40915203094482
7187,152.29714584350586
7188,203.83104451497397
7189,146.7006632486979
7190,42.747679710388184
7191,53.71916809082031
7192,19.19947878519694
7193,21.98292287190755
7194,30.7353351910909
7195,24.30631383260091
7196,19.55231698354085
7197,19.091673056284588
7198,11.587517182032267
7199,8.316311438878378
7200,7.988065322240193
7201,5.178684234619141
7202,8.975325425465902
7203,8.597423315048218
7204,8.496580441792807
7205,17.371452967325848
7206,12.505137284596762
7207,10.793729941050211
7208,8.130911747614542
7209,8.36464794476827
7210,12.548948764801025
7211,12.443555068969726
7212,13.627784411112467
7213,55.80684947967529
7214,105.0562260945638
7215,53.65222708384196
7216,34.64552388588587
7217,68.85863606135051
7218,10.07728362083435
7219,12.212226072947184
7220,11.819036960601807
7221,17.944980430603028
7222,19.449270089467365
7223,25.97410519917806
7224,25.278797149658203
7225,28.498484929402668
7226,34.40187486012777
7227,37.65678437550863
7228,38.712647120157875
7229,41.662716229756676
7230,31.79829692840576
7231,34.92526092529297
7232,51.70032914479574
7233,41.20323340098063
7234,53.49605941772461
7235,59.999935150146484
7236,51.90159718195597
7237,41.84527428944906
7238,34.660117626190186
7239,39.61240291595459
7240,27.93145815531413
7241,41.834896087646484
7242,45.49261792500814
7243,33.250705083211265
7244,38.5191961924235
7245,25.250499725341797
7246,22.12115780512492
7247,14.960968653361002
7248,25.516854604085285
7249,16.14891179402669
7250,12.982757250467936
7251,13.418597793579101
7252,11.255881150563559
7253,7.504325071970622
7254,8.40464417139689
7255,8.010117133458456
7256,7.014217535654704
7257,10.495574871699015
7258,20.52349630991618
7259,26.129360516866047
7260,41.394463539123535
7261,97.18001708984374
7262,60.52195739746094
7263,64.81300926208496
7264,62.27319780985514
7265,18.58084535598755
7266,8.378369172414144
7267,8.137791633605957
7268,38.66732629140218
7269,49.96243826548258
7270,29.169084390004475
7271,32.605302810668945
7272,31.708454211552937
7273,29.47799237569173
7274,22.83161274592082
7275,39.46918773651123
7276,53.677247842152916
7277,69.54610506693523
7278,51.37832895914713
7279,32.83291618029276
7280,33.40093072255453
7281,16.598703384399414
7282,12.007661978403727
7283,8.586493174235025
7284,9.793043851852417
7285,9.031030257542929
7286,12.40627415974935
7287,10.766907930374146
7288,9.79440172513326
7289,9.83381207784017
7290,8.197527885437012
7291,9.324643802642822
7292,9.779591083526611
7293,10.54977560043335
7294,80.33640925089519
7295,43.582515716552734
7296,86.61672973632812
7297,90.31897989908855
7298,40.64995940526327
7299,30.164366722106934
7300,19.18210220336914
7301,12.294161605834962
7302,13.803409576416016
7303,8.972989400227865
7304,7.091760158538818
7305,7.753860314687093
7306,8.257822672526041
7307,13.226498564084372
7308,20.16974910100301
7309,29.23821036020915
7310,26.68711455663045
7311,35.209402847290036
7312,29.46302858988444
7313,26.24067147572835
7314,26.497490564982098
7315,15.649578094482422
7316,18.37349780400594
7317,13.535218874613443
7318,12.084866444269815
7319,14.76248033841451
7320,100.5290945370992
7321,105.50477294921875
7322,92.8758897781372
7323,126.62869389851888
7324,147.09289582570395
7325,91.78775215148926
7326,53.08486557006836
7327,47.8790283203125
7328,40.915669759114586
7329,36.5583299001058
7330,34.14665412902832
7331,30.128668594360352
7332,22.82112232844035
7333,21.06234868367513
7334,22.431495030721027
7335,57.18327967325846
7336,86.37601931889851
7337,85.88003810246785
7338,98.00248193740845
7339,94.23080253601074
7340,29.27948013941447
7341,17.72031173706055
7342,15.235741217931112
7343,14.729953368504843
7344,8.298760135968527
7345,16.200801372528076
7346,17.68324677149455
7347,20.31896464029948
7348,17.60112412770589
7349,27.133687496185303
7350,22.163235346476238
7351,17.630500984191894
7352,19.54247522354126
7353,15.203157424926758
7354,14.802421728769938
7355,20.635841369628906
7356,13.719247817993164
7357,42.69738642374674
7358,38.82549031575521
7359,41.74462000528971
7360,62.208771069844566
7361,91.8964630126953
7362,128.89298502604166
7363,125.06561279296875
7364,133.39819844563803
7365,98.44447453816731
7366,38.26978778839111
7367,68.4107666015625
7368,110.32251485188802
7369,201.18887201944986
7370,253.2978947957357
7371,224.14083557128907
7372,189.3794034322103
7373,112.92767842610677
7374,76.66979344685872
7375,115.17209688822429
7376,309.12931060791016
7377,281.41644795735675
7378,265.62107849121094
7379,192.22053368886313
7380,161.38555717468262
7381,42.20167007446289
7382,47.04103215535482
7383,37.182125091552734
7384,35.84587319691976
7385,38.16995016733805
