episode,q_loss
1,0.0
2,0.0
3,737.0534912109375
4,1281.3949462890625
5,1265.6562093098958
6,1170.8767578125
7,1239.5841674804688
8,1199.9209228515624
9,1229.7361572265625
10,1306.48486328125
11,1189.6728271484376
12,1335.8586181640626
13,1316.8969970703124
14,1352.5875244140625
15,1256.5016988118489
16,1305.2017333984375
17,1232.7002197265624
18,1458.28408203125
19,1417.022802734375
20,1444.866678873698
21,1438.851171875
22,1615.9364501953125
23,1371.91689453125
24,1445.93603515625
25,1414.241434733073
26,1489.26064453125
27,1237.535986328125
28,1322.45654296875
29,1315.1401123046876
30,1369.765869140625
31,1421.7316650390626
32,1423.513037109375
33,1347.1494140625
34,1282.509619140625
35,1242.2996215820312
36,1226.1291748046874
37,1093.540185546875
38,1126.7284057617187
39,1142.9534912109375
40,1268.1272583007812
41,1301.69638671875
42,1324.8923828125
43,1401.8345092773438
44,1309.6122924804688
45,1351.2973225911458
46,1220.460107421875
47,1381.98955078125
48,1302.9943115234375
49,1247.0067749023438
50,1219.6318969726562
51,1102.5148193359375
52,1257.156591796875
53,1400.1946533203125
54,1407.3585693359375
55,1414.0098470052083
56,1362.5392333984375
57,1478.239794921875
58,1401.8902099609375
59,1345.6643310546874
60,1265.7073771158855
61,1344.3706298828124
62,1291.25341796875
63,1245.601806640625
64,1375.7410888671875
65,1468.7763264973958
66,1496.6318603515624
67,1440.24853515625
68,1384.704443359375
69,1302.2214477539062
70,1251.4894409179688
71,1158.28857421875
72,1310.1034912109376
73,1477.4928466796875
74,1362.9335205078125
75,1260.7258402506511
76,1239.003759765625
77,1290.047802734375
78,1447.575634765625
79,1335.4688720703125
80,1364.3716430664062
81,1328.5616455078125
82,1472.7332275390625
83,1404.51826171875
84,1403.2736572265626
85,1332.154805501302
86,1265.81513671875
87,1413.968115234375
88,1467.6734130859375
89,1503.9720703125
90,1396.7989501953125
91,1426.029296875
92,1294.589404296875
93,1152.7812622070312
94,1278.105615234375
95,1298.5389506022136
96,1220.7202880859375
97,1220.6953857421875
98,1450.832080078125
99,1458.1103271484376
100,1427.642313639323
101,1511.2096923828126
102,1382.669921875
103,1505.5586669921875
104,1544.2611083984375
105,1406.9085489908855
106,1313.902685546875
107,1550.87158203125
108,1574.77060546875
109,1331.8860595703125
110,1472.176493326823
111,1474.7787841796876
112,1436.8136962890626
113,1381.432568359375
114,1389.8762939453125
115,1265.8097127278645
116,1204.8328369140625
117,1391.0169189453125
118,1187.714453125
119,1327.3857421875
120,1291.2918802897136
121,1187.33349609375
122,1249.4869506835937
123,1282.49228515625
124,1316.2667236328125
125,1327.1056315104167
126,1192.7568969726562
127,1442.257666015625
128,1276.1311279296874
129,1248.8036865234376
130,1189.438741048177
131,1284.5456787109374
132,1447.0754638671874
133,1261.778857421875
134,1364.676416015625
135,1169.643819173177
136,1396.5323486328125
137,1367.758251953125
138,1442.96787109375
139,1450.0922607421876
140,1574.0816446940105
141,1598.786669921875
142,1425.8380859375
143,1353.40478515625
144,1244.2076416015625
145,1250.6145833333333
146,1265.2291015625
147,1191.33603515625
148,1274.9364990234376
149,1219.2130615234375
150,1228.5413614908855
151,1275.4117431640625
152,1142.3437622070312
153,1251.4298828125
154,1271.578515625
155,1342.4571533203125
156,1350.9792236328126
157,1369.7318115234375
158,1461.6667724609374
159,1187.6509033203124
160,1424.2989908854167
161,1467.8569580078124
162,1375.6767578125
163,1339.9065185546874
164,1253.57568359375
165,1275.2479654947917
166,1339.66884765625
167,1316.8244384765626
168,1470.8318115234374
169,1483.714501953125
170,1627.7071126302083
171,1408.15615234375
172,1294.6501220703126
173,1307.4421142578126
174,1302.1396240234376
175,1250.1180419921875
176,1422.8451904296876
177,1412.765576171875
178,1403.6732421875
179,1354.812109375
180,1524.1101684570312
181,1578.574365234375
182,1618.2964599609375
183,1472.8927490234375
184,1503.39248046875
185,1412.776835123698
186,1568.9435791015626
187,1389.362158203125
188,1666.981982421875
189,1553.4297119140624
190,1584.9325561523438
191,1373.2959716796875
192,1415.15078125
193,1452.63232421875
194,1359.4845458984375
195,1559.9606119791667
196,1395.7577880859376
197,1407.228271484375
198,1430.2207275390624
199,1396.239794921875
200,1464.1024373372395
201,1528.2897705078126
202,1483.5999267578125
203,1418.3287109375
204,1435.39287109375
205,1455.9579467773438
206,1290.44423828125
207,1307.0684326171875
208,1235.36845703125
209,1326.588134765625
210,1508.1296793619792
211,1438.135302734375
212,1398.5015869140625
213,1413.2507080078126
214,1447.08935546875
215,1520.155985514323
216,1470.0734375
217,1322.9979736328125
218,1408.9089111328126
219,1326.7298583984375
220,1511.8794759114583
221,1464.036474609375
222,1514.0136474609376
223,1365.542578125
224,1490.1735229492188
225,1368.3362630208333
226,1438.0393310546874
227,1287.6730224609375
228,1451.6267578125
229,1302.3766845703126
230,1331.302225748698
231,1375.9822998046875
232,1489.0120849609375
233,1515.70361328125
234,1535.4241455078125
235,1420.5264078776042
236,1426.4845947265626
237,1250.3850830078125
238,1224.7681884765625
239,1200.12421875
240,1247.391092936198
241,1116.3911865234375
242,1150.9772216796875
243,1145.0985107421875
244,1285.9823486328125
245,1171.8761189778645
246,1409.4988037109374
247,1374.235302734375
248,1424.7498291015625
249,1387.9549560546875
250,1329.038106282552
251,1455.976513671875
252,1629.70693359375
253,1544.1020751953124
254,1540.2553466796876
255,1529.344706217448
256,1544.8859130859375
257,1587.1791015625
258,1698.740625
259,1580.7192138671876
260,1574.065165201823
261,1344.90888671875
262,1576.747216796875
263,1335.4772705078126
264,1210.49892578125
265,1400.7526245117188
266,1495.326123046875
267,1408.695849609375
268,1479.6823974609374
269,1330.371826171875
270,1402.3190307617188
271,1427.5630615234375
272,1300.1711669921874
273,1311.8899169921874
274,1315.8513427734374
275,1410.4373779296875
276,1337.002783203125
277,1490.3712890625
278,1482.0234130859376
279,1493.630859375
280,1460.0143432617188
281,1402.9407470703125
282,1459.627392578125
283,1324.8503662109374
284,1610.368701171875
285,1574.573974609375
286,1469.5332275390624
287,1474.5263916015624
288,1397.5917236328125
289,1281.100146484375
290,1286.4730631510417
291,1362.8857421875
292,1233.9667724609376
293,1318.891259765625
294,1335.8901123046876
295,1272.3009033203125
296,1331.4330810546876
297,1297.5554443359374
298,1293.1718505859376
299,1188.910693359375
300,1334.7432861328125
301,1437.3031982421876
302,1446.4789306640625
303,1376.146923828125
304,1537.415185546875
305,1505.5599975585938
306,1374.691015625
307,1326.907568359375
308,1372.499169921875
309,1273.28779296875
310,1309.452860514323
311,1296.0810302734376
312,1209.2265625
313,1278.971484375
314,1296.4642333984375
315,1266.5267944335938
316,1428.9919677734374
317,1407.9219482421875
318,1525.172607421875
319,1504.9979248046875
320,1487.2247721354167
321,1625.20947265625
322,1516.513623046875
323,1629.5373046875
324,1499.950244140625
325,1529.239969889323
326,1544.4963134765626
327,1483.0801025390624
328,1378.2935302734375
329,1255.977001953125
330,1514.0702107747395
331,1641.1390869140625
332,1508.5486572265625
333,1467.494677734375
334,1191.089892578125
335,1396.9944458007812
336,1520.793359375
337,1507.9687744140624
338,1541.1950439453126
339,1497.68564453125
340,1637.8736673990886
341,1597.10869140625
342,1615.701611328125
343,1520.40302734375
344,1581.7047119140625
345,1536.0431111653645
346,1690.9192626953125
347,1620.4876220703125
348,1661.56943359375
349,1735.4350830078124
350,1509.4262084960938
351,1516.5105712890625
352,1505.190576171875
353,1510.5267333984375
354,1454.03564453125
355,1580.261942545573
356,1541.192822265625
357,1605.417724609375
358,1587.879443359375
359,1495.393408203125
360,1417.1768900553386
361,1399.2496337890625
362,1641.638623046875
363,1531.4906982421876
364,1311.508642578125
365,1554.8968912760417
366,1479.848974609375
367,1373.04013671875
368,1325.7285400390624
369,1455.5607666015626
370,1564.9373168945312
371,1527.36064453125
372,1500.7876953125
373,1427.291357421875
374,1375.3356201171875
375,1344.8902384440105
376,1340.874365234375
377,1288.3970947265625
378,1253.2382568359376
379,1266.8735595703124
380,1319.0810139973958
381,1093.906591796875
382,1148.4809326171876
383,1032.142431640625
384,1128.5387451171875
385,1167.797342936198
386,1245.3009521484375
387,1336.8104248046875
388,1349.6276611328126
389,1342.635888671875
390,1322.6032307942708
391,1409.2138671875
392,1257.2244140625
393,1204.8890625
394,1171.175244140625
395,1206.8909505208333
396,1230.3714111328125
397,1140.6327392578125
398,1253.8413818359375
399,1386.8160888671875
400,1252.9454549153645
401,1305.61123046875
402,1424.5990966796876
403,1183.603173828125
404,1138.5309936523438
405,1206.465576171875
406,1244.2388916015625
407,1273.6733154296876
408,1261.1028076171874
409,1374.5279052734375
410,1345.2681274414062
411,1195.931591796875
412,1241.967431640625
413,1205.552978515625
414,1139.3898193359375
415,1266.071309407552
416,1326.427392578125
417,1285.6956298828125
418,1446.8643798828125
419,1481.4273193359375
420,1464.7548014322917
421,1479.3275146484375
422,1313.983935546875
423,1212.9710693359375
424,1201.608837890625
425,1332.683837890625
426,1173.4840942382812
427,1204.447265625
428,1109.2598876953125
429,1134.39140625
430,1131.8141479492188
431,1129.2015380859375
432,1254.1949462890625
433,1278.383837890625
434,1162.7796630859375
435,1298.4569295247395
436,1460.37890625
437,1248.7342529296875
438,1165.0943603515625
439,1178.2541259765626
440,1207.468282063802
441,1342.559814453125
442,1320.017822265625
443,1448.1682861328125
444,1312.854345703125
445,1369.045654296875
446,1460.30302734375
447,1424.9235107421875
448,1284.5387939453126
449,1207.84150390625
450,1121.5214436848958
451,1072.4180541992187
452,1127.281396484375
453,1072.9739990234375
454,1115.2759155273438
455,1067.1837565104167
456,1046.880126953125
457,1188.4953125
458,1098.6322387695313
459,1074.0213989257813
460,1130.2957153320312
461,1117.7422973632813
462,976.8577758789063
463,1088.1609497070312
464,1152.8484619140625
465,1209.5564270019531
466,1477.04423828125
467,1586.483740234375
468,1436.9427978515625
469,1314.892626953125
470,1391.7405395507812
471,1204.3888427734375
472,1267.6341552734375
473,1297.0795166015625
474,1232.666357421875
475,1200.9702555338542
476,1242.54814453125
477,1221.1747314453125
478,1400.0691162109374
479,1337.738037109375
480,1346.250752766927
481,1506.87119140625
482,1359.0216552734375
483,1239.193603515625
484,1225.6060546875
485,1274.8531901041667
486,1301.1659057617187
487,1259.8404541015625
488,1267.8677490234375
489,1302.186279296875
490,1394.994608561198
491,1250.2631591796876
492,1401.5046875
493,1342.3785888671875
494,1451.6765869140625
495,1241.3783772786458
496,1360.008642578125
497,1276.1541259765625
498,1140.081005859375
499,1222.087548828125
500,1326.7750447591145
501,1285.1733642578124
502,1247.519287109375
503,1307.1863525390625
504,1332.01552734375
505,1525.515889485677
506,1517.235400390625
507,1442.719384765625
508,1404.0834228515625
509,1472.8828369140624
510,1466.4046427408855
511,1443.593017578125
512,1513.934521484375
513,1318.10830078125
514,1396.40673828125
515,1285.5719197591145
516,1279.7802856445312
517,1346.1803466796875
518,1415.26103515625
519,1549.09912109375
520,1544.7568969726562
521,1531.1149169921875
522,1447.1626708984375
523,1435.4238525390624
524,1382.2331787109374
525,1345.455342610677
526,1344.3705078125
527,1392.632666015625
528,1490.822412109375
529,1473.736572265625
530,1458.4164225260417
531,1480.347216796875
532,1561.943505859375
533,1525.559228515625
534,1415.9401123046875
535,1331.4893595377605
536,1445.2371337890625
537,1368.796923828125
538,1370.7973876953124
539,1399.4571044921875
540,1344.9486694335938
541,1186.6071533203126
542,1318.047412109375
543,1426.0376220703124
544,1375.0171875
545,1424.5233561197917
546,1535.0678466796876
547,1420.102392578125
548,1421.919189453125
549,1314.292041015625
550,1285.6350504557292
551,1239.9065795898437
552,1267.9474365234375
553,1204.0103515625
554,1291.164697265625
555,1360.1099039713542
556,1326.0280517578126
557,1233.6081298828126
558,1270.81767578125
559,1318.0775390625
560,1175.1635640462239
561,1206.2827880859375
562,1405.6360107421874
563,1357.3673583984375
564,1271.114599609375
565,1423.5054524739583
566,1370.2661376953124
567,1375.52529296875
568,1270.15625
569,1301.5752197265624
570,1282.258280436198
571,1257.9141357421875
572,1349.517578125
573,1183.4603271484375
574,1250.3845458984374
575,1230.9788004557292
576,1176.542138671875
577,1165.5768798828126
578,1396.6357177734376
579,1288.0557861328125
580,1363.815185546875
581,1362.86435546875
582,1346.582763671875
583,1417.8934692382813
584,1417.55849609375
585,1347.7816772460938
586,1207.381103515625
587,1223.14736328125
588,1366.8237548828124
589,1214.498974609375
590,1258.98388671875
591,1190.9353271484374
592,1232.230859375
593,1164.9219360351562
594,1114.779736328125
595,1360.195556640625
596,1261.268310546875
597,1329.2363037109376
598,1236.828857421875
599,1296.3570556640625
600,1238.786865234375
601,1271.102978515625
602,1265.1716064453126
603,1291.554296875
604,1323.789697265625
605,1367.5906372070312
606,1289.664697265625
607,1336.8110107421876
608,1333.6283203125
609,1160.3433349609375
610,1179.0378824869792
611,1237.3579833984375
612,1153.831884765625
613,1130.6578125
614,1121.6925048828125
615,1099.7410074869792
616,1142.5143310546875
617,1217.5788818359374
618,1095.34921875
619,1161.83515625
620,1221.2228597005208
621,1192.8644897460938
622,1177.8483642578126
623,1201.2647216796875
624,1130.4170043945312
625,1155.7064819335938
626,1127.0932739257812
627,1117.4569458007813
628,1217.383740234375
629,1090.805908203125
630,1081.1140238444011
631,1211.3943359375
632,1178.4502197265624
633,1182.92197265625
634,1282.0647216796874
635,1350.3131306966145
636,1250.3661376953125
637,1260.617578125
638,1138.9008666992188
639,1255.57314453125
640,1158.260009765625
641,1254.08154296875
642,1138.5125244140625
643,1112.3709106445312
644,1000.1150634765625
645,1028.236328125
646,1080.5439086914062
647,963.3928100585938
648,993.9680297851562
649,939.4372192382813
650,984.271006266276
651,1014.6117065429687
652,969.1213623046875
653,980.8394897460937
654,969.6703125
655,1008.2239583333334
656,983.7218872070313
657,1107.6602172851562
658,1014.5986206054688
659,1015.1906494140625
660,992.4270629882812
661,1080.3914916992187
662,1030.617138671875
663,1041.7042724609375
664,1001.4130859375
665,955.0911458333334
666,927.3594970703125
667,913.3572143554687
668,1024.5541870117188
669,944.880712890625
670,1028.1379292805989
671,931.5031372070313
672,967.8493286132813
673,1093.0879760742187
674,1006.5994384765625
675,1117.0877176920574
676,1000.7449096679687
677,956.1696533203125
678,954.0236938476562
679,973.373388671875
680,839.1628112792969
681,970.0809326171875
682,847.9642456054687
683,897.4370483398437
684,808.7992919921875
685,880.8377075195312
686,900.4204223632812
687,872.2997192382812
688,879.8929931640625
689,845.6940307617188
690,984.1908365885416
691,994.6072021484375
692,970.6323974609375
693,1007.0313110351562
694,1072.5356201171876
695,1004.0607198079427
696,1059.6528076171876
697,1034.5517211914062
698,960.5456176757813
699,1044.7355224609375
700,980.4185485839844
701,994.615869140625
702,1084.6200561523438
703,1113.261474609375
704,1040.649267578125
705,1034.5580342610676
706,1063.7523559570313
707,987.4965454101563
708,1055.4709716796874
709,1078.6049682617188
710,1082.5811971028645
711,1091.7732666015625
712,1011.2589111328125
713,1175.8135131835938
714,1028.966845703125
715,1076.1678365071614
716,1050.1028442382812
717,1016.0433349609375
718,962.923291015625
719,1197.60810546875
720,1109.7596435546875
721,1114.0964965820312
722,1027.968603515625
723,1130.6615966796876
724,1100.1077758789063
725,1030.000752766927
726,1018.423974609375
727,1188.8400634765626
728,1066.5026000976563
729,1012.87158203125
730,960.8080749511719
731,998.7100219726562
732,960.9105834960938
733,954.9369018554687
734,1110.6259765625
735,1020.7760721842448
736,964.5869873046875
737,963.3624267578125
738,926.3225341796875
739,971.2436279296875
740,1042.0784403483074
741,1004.033203125
742,956.0333862304688
743,1118.0881469726562
744,1004.8782104492187
745,1071.5572814941406
746,1062.9595336914062
747,983.40341796875
748,978.3177856445312
749,969.1441040039062
750,1063.6843668619792
751,915.873486328125
752,1000.0474609375
753,973.3916381835937
754,959.5858032226563
755,1071.1837565104167
756,992.0881713867187
757,1087.8146850585938
758,986.65
759,996.3716064453125
760,932.0937805175781
761,1004.4550170898438
762,873.3389526367188
763,908.71064453125
764,1044.7460571289062
765,926.4669189453125
766,1012.2343505859375
767,860.7934692382812
768,833.3143188476563
769,841.9951049804688
770,839.2200622558594
771,966.1009521484375
772,977.7718383789063
773,994.224853515625
774,1001.0140625
775,941.4138692220052
776,970.6094970703125
777,911.2251342773437
778,1029.3528564453125
779,864.5299194335937
780,878.3560587565104
781,873.9648803710937
782,846.120458984375
783,906.2930908203125
784,876.0063232421875
785,965.7237650553385
786,878.0732421875
787,965.247412109375
788,908.6149780273438
789,959.9284790039062
790,963.353525797526
791,966.78642578125
792,888.0106811523438
793,889.7420166015625
794,849.22578125
795,912.7879028320312
796,862.9245849609375
797,950.066796875
798,986.0088745117188
799,933.88408203125
800,936.6692403157552
801,970.8085815429688
802,963.4514892578125
803,877.2787231445312
804,862.813720703125
805,896.6804402669271
806,995.0861694335938
807,832.8527099609375
808,973.2171264648438
809,846.8757080078125
810,945.468007405599
811,971.02138671875
812,961.5385620117188
813,1073.7032958984375
814,1042.8515380859376
815,973.8026529947916
816,928.1762329101563
817,986.939404296875
818,1007.3215454101562
819,875.2021484375
820,840.3730163574219
821,881.0328979492188
822,890.1602783203125
823,909.5193359375
824,925.4183959960938
825,993.6315104166666
826,1044.8609985351563
827,968.2908325195312
828,1045.5695190429688
829,869.943017578125
830,996.0070495605469
831,970.2799926757813
832,1050.648193359375
833,951.2503051757812
834,869.855712890625
835,876.3355814615885
836,878.6477172851562
837,885.5942138671875
838,863.6657470703125
839,929.6642578125
840,987.928944905599
841,988.650830078125
842,980.3940673828125
843,866.2522583007812
844,980.42802734375
845,916.2877502441406
846,930.3342651367187
847,911.920361328125
848,827.8529052734375
849,905.7162475585938
850,973.2472229003906
851,899.5969848632812
852,888.8866088867187
853,863.7454711914063
854,1006.369873046875
855,949.9290059407552
856,905.3606689453125
857,901.4532104492188
858,924.209814453125
859,979.2169311523437
860,903.6645914713541
861,944.4998657226563
862,857.5641845703125
863,916.1763061523437
864,966.640380859375
865,998.6175333658854
866,986.0781127929688
867,953.42939453125
868,950.9071166992187
869,1043.6396362304688
870,984.4643249511719
871,929.58056640625
872,905.8900024414063
873,901.2957275390625
874,850.7222045898437
875,934.7047322591146
876,1093.4615478515625
877,907.18388671875
878,1087.453125
879,970.4862060546875
880,823.5751139322916
881,966.2683837890625
882,1126.1802490234375
883,1028.36943359375
884,1071.183447265625
885,978.6664835611979
886,958.1840576171875
887,981.213134765625
888,925.4783447265625
889,951.48115234375
890,1100.0651143391926
891,1011.7510864257813
892,1059.8717163085937
893,1209.4045776367188
894,1133.978369140625
895,977.5245768229166
896,955.3016845703125
897,942.2001220703125
898,884.5187255859375
899,1008.0756958007812
900,924.4938761393229
901,963.285986328125
902,973.9737915039062
903,950.8100708007812
904,903.37275390625
905,957.752919514974
906,896.02822265625
907,917.1021728515625
908,956.0491455078125
909,913.0035278320313
910,928.8536478678385
911,865.7981201171875
912,969.032568359375
913,847.3000854492187
914,820.51142578125
915,887.9091186523438
916,1018.5862426757812
917,982.1921264648438
918,1088.822119140625
919,1001.9732543945313
920,944.2289530436198
921,945.7942993164063
922,971.1255859375
923,898.4405639648437
924,839.4917724609375
925,912.2905883789062
926,842.1444458007812
927,870.5080932617187
928,876.68798828125
929,942.1527099609375
930,910.5184834798177
931,905.2704956054688
932,920.3822998046875
933,936.566796875
934,1012.4369018554687
935,954.556884765625
936,939.5935791015625
937,839.9256225585938
938,911.2448608398438
939,893.645849609375
940,893.2662658691406
941,861.8912231445313
942,919.2909301757812
943,894.7709106445312
944,897.1732055664063
945,996.8938903808594
946,982.58681640625
947,903.572607421875
948,1011.571923828125
949,976.2410034179687
950,941.7137145996094
951,939.7999877929688
952,887.361279296875
953,923.457763671875
954,972.3893798828125
955,1011.9538879394531
956,812.496923828125
957,834.0807006835937
958,985.0776489257812
959,956.4852905273438
960,963.1437276204427
961,986.6723510742188
962,1099.147412109375
963,905.6451904296875
964,1015.3477905273437
965,1060.3857014973958
966,1058.5377685546875
967,1010.6078979492188
968,996.42421875
969,1011.097900390625
970,1020.8224690755209
971,899.7537353515625
972,934.1963745117188
973,1021.4648071289063
974,1003.1156982421875
975,951.0621846516927
976,1040.4013671875
977,968.0430541992188
978,972.8509643554687
979,925.6279296875
980,856.2194417317709
981,821.7221801757812
982,1015.0636596679688
983,922.7417358398437
984,935.6097900390625
985,975.9479573567709
986,882.642626953125
987,870.3312255859375
988,910.767041015625
989,919.2273315429687
990,911.5581359863281
991,941.792822265625
992,961.437255859375
993,865.4536987304688
994,912.4415161132813
995,918.7234700520834
996,928.6441650390625
997,851.628662109375
998,966.4079956054687
999,935.2762573242187
1000,878.543202718099
1001,988.1837646484375
1002,865.0144775390625
1003,904.5421020507813
1004,962.1966430664063
1005,870.782236735026
1006,900.41474609375
1007,868.930029296875
1008,968.2769775390625
1009,846.0224365234375
1010,874.4685567220052
1011,964.5789184570312
1012,997.5998291015625
1013,990.7505493164062
1014,885.7428344726562
1015,867.3423767089844
1016,922.7614135742188
1017,889.7385375976562
1018,929.16435546875
1019,945.3797729492187
1020,901.7966918945312
1021,928.94091796875
1022,948.005859375
1023,968.1379638671875
1024,912.5535888671875
1025,941.9427795410156
1026,1031.5956176757813
1027,883.9927490234375
1028,978.7572998046875
1029,928.1726318359375
1030,826.6065063476562
1031,998.9389770507812
1032,858.0973022460937
1033,994.2390869140625
1034,886.067578125
1035,875.2186177571615
1036,958.687646484375
1037,919.0601928710937
1038,964.670947265625
1039,958.9283447265625
1040,1021.7174784342448
1041,938.9832641601563
1042,1027.276123046875
1043,965.1032470703125
1044,861.0819091796875
1045,968.6336873372396
1046,951.3104125976563
1047,835.9880981445312
1048,869.0212646484375
1049,906.7231567382812
1050,921.9761352539062
1051,899.7797607421875
1052,909.455615234375
1053,831.3711547851562
1054,977.5552734375
1055,924.4969685872396
1056,872.6703857421875
1057,995.3480224609375
1058,896.4052368164063
1059,998.4837158203125
1060,902.7047932942709
1061,1038.3373901367188
1062,1026.3894775390625
1063,958.0635498046875
1064,856.1020751953125
1065,988.2140299479166
1066,979.2137817382812
1067,984.3767822265625
1068,985.2281616210937
1069,1018.287890625
1070,1067.1278279622395
1071,879.444970703125
1072,1033.0661987304688
1073,903.910693359375
1074,959.04775390625
1075,879.5916137695312
1076,855.4718994140625
1077,901.7412719726562
1078,925.4324951171875
1079,884.6295043945313
1080,813.6832377115885
1081,818.6835815429688
1082,925.7235229492187
1083,888.9860961914062
1084,942.9376098632813
1085,999.4857177734375
1086,917.0284423828125
1087,926.8171264648438
1088,907.730908203125
1089,831.272607421875
1090,913.0507609049479
1091,981.6745239257813
1092,991.4046264648438
1093,903.6157592773437
1094,941.8887329101562
1095,946.4630432128906
1096,911.8849243164062
1097,910.3310913085937
1098,927.8906982421875
1099,889.9507934570313
1100,844.3462524414062
1101,960.5806640625
1102,960.6785400390625
1103,982.0593505859375
1104,881.3700561523438
1105,927.9336242675781
1106,883.7003051757813
1107,843.3074096679687
1108,855.00185546875
1109,888.2703002929687
1110,830.3126118977865
1111,854.2989624023437
1112,929.7849243164062
1113,856.9271850585938
1114,904.3366821289062
1115,867.3335673014323
1116,989.5984375
1117,924.65380859375
1118,795.8217407226563
1119,783.6427368164062
1120,917.6896769205729
1121,905.8500732421875
1122,888.034912109375
1123,986.970263671875
1124,798.6364379882813
1125,927.2569376627604
1126,957.5515747070312
1127,942.3552612304687
1128,971.2673950195312
1129,858.26806640625
1130,880.345448811849
1131,817.0099365234375
1132,801.7056274414062
1133,947.993310546875
1134,993.159619140625
1135,843.8528137207031
1136,927.8156372070313
1137,840.9480346679687
1138,834.585595703125
1139,828.9963500976562
1140,833.6344197591146
1141,863.766845703125
1142,978.1284790039062
1143,871.2319213867188
1144,957.721484375
1145,943.5936177571615
1146,1000.4174682617188
1147,974.9285766601563
1148,938.3235595703125
1149,874.5460327148437
1150,917.0146077473959
1151,862.6382080078125
1152,878.2576782226563
1153,869.400439453125
1154,798.0035278320313
1155,823.9973856608073
1156,757.5422119140625
1157,865.112255859375
1158,816.9668090820312
1159,960.94140625
1160,712.6944376627604
1161,881.930615234375
1162,882.1362426757812
1163,832.0714477539062
1164,820.718017578125
1165,827.434315999349
1166,881.3546508789062
1167,917.9823364257812
1168,882.5190673828125
1169,912.5987548828125
1170,822.0311482747396
1171,794.194873046875
1172,744.6131103515625
1173,778.7703125
1174,900.0689208984375
1175,948.9888203938802
1176,831.6748657226562
1177,873.3681640625
1178,801.1637451171875
1179,926.3198486328125
1180,839.8206176757812
1181,801.651123046875
1182,838.91748046875
1183,773.1859375
1184,771.7031616210937
1185,822.8338012695312
1186,761.2287353515625
1187,842.291650390625
1188,828.4974609375
1189,798.8780395507813
1190,904.7592264811198
1191,778.4413940429688
1192,885.3257934570313
1193,814.7187866210937
1194,820.3856811523438
1195,852.2379455566406
1196,817.764892578125
1197,799.6021606445313
1198,869.6811889648437
1199,944.7748413085938
1200,935.6137898763021
1201,987.5078857421875
1202,1043.2878173828126
1203,885.8096801757813
1204,817.0763427734375
1205,958.0240987141927
1206,845.229296875
1207,911.1231567382813
1208,787.3170532226562
1209,871.3234985351562
1210,814.1492818196615
1211,766.6473022460938
1212,829.7353881835937
1213,824.0949096679688
1214,774.7108642578125
1215,826.6035970052084
1216,850.6980590820312
1217,896.3656494140625
1218,802.1233642578125
1219,821.7643432617188
1220,899.1102498372396
1221,775.5212646484375
1222,776.7886108398437
1223,813.2326171875
1224,809.3248413085937
1225,888.5175476074219
1226,933.875390625
1227,911.1786743164063
1228,797.2938720703125
1229,862.9583618164063
1230,857.7710774739584
1231,935.27197265625
1232,836.9018188476563
1233,826.9565185546875
1234,941.946826171875
1235,798.675771077474
1236,793.1278076171875
1237,774.2325561523437
1238,885.069384765625
1239,767.4575317382812
1240,822.2677307128906
1241,881.0227661132812
1242,964.48154296875
1243,917.9938354492188
1244,850.1924194335937
1245,800.0425008138021
1246,912.270458984375
1247,797.7576477050782
1248,806.2503540039063
1249,878.3498901367187
1250,871.9308369954427
1251,884.7775390625
1252,811.8228881835937
1253,866.6038452148438
1254,794.0070190429688
1255,757.5458374023438
1256,760.7019775390625
1257,806.3232666015625
1258,851.36953125
1259,875.0966674804688
1260,796.8357645670573
1261,875.1272827148438
1262,810.6492919921875
1263,825.390185546875
1264,909.769091796875
1265,757.9731648763021
1266,809.7759643554688
1267,871.1633178710938
1268,762.1629516601563
1269,775.285595703125
1270,813.5400390625
1271,890.627587890625
1272,818.8631469726563
1273,931.806591796875
1274,739.9658813476562
1275,862.2728068033854
1276,863.3090698242188
1277,734.0074340820313
1278,789.697216796875
1279,847.2325927734375
1280,815.41845703125
1281,858.671435546875
1282,829.7838134765625
1283,751.7418579101562
1284,740.461279296875
1285,766.5846964518229
1286,726.9944580078125
1287,760.060693359375
1288,734.823779296875
1289,767.7862915039062
1290,788.8233337402344
1291,903.7376586914063
1292,771.7493774414063
1293,902.1832641601562
1294,890.4766479492188
1295,894.2000122070312
1296,890.0186889648437
1297,932.2948608398438
1298,890.7447998046875
1299,917.0385864257812
1300,900.4276733398438
1301,812.3969970703125
1302,773.49990234375
1303,881.3118041992187
1304,846.95439453125
1305,778.2068888346354
1306,926.3732788085938
1307,926.890380859375
1308,848.998046875
1309,782.3580932617188
1310,945.5884297688802
1311,803.3778076171875
1312,804.983203125
1313,878.6443969726563
1314,817.7909423828125
1315,808.4331461588541
1316,889.9209350585937
1317,826.194970703125
1318,924.0273803710937
1319,894.4111938476562
1320,851.7867024739584
1321,763.8288452148438
1322,756.0581787109375
1323,780.9851440429687
1324,892.7059936523438
1325,984.4937744140625
1326,860.4227661132812
1327,792.8626953125
1328,889.8619262695313
1329,929.7170532226562
1330,838.9338684082031
1331,892.8410400390625
1332,881.5612670898438
1333,922.294140625
1334,853.9535278320312
1335,882.3692626953125
1336,867.0939819335938
1337,889.1937866210938
1338,969.16611328125
1339,905.7004028320313
1340,852.295654296875
1341,914.2124145507812
1342,956.5517456054688
1343,1004.6336547851563
1344,786.1866577148437
1345,806.9490559895834
1346,928.4715942382812
1347,923.4344848632812
1348,860.67412109375
1349,798.7378540039062
1350,806.3692525227865
1351,906.3105102539063
1352,875.1124633789062
1353,895.010986328125
1354,971.1384643554687
1355,859.2737528483073
1356,842.3439331054688
1357,786.0003540039063
1358,842.4766357421875
1359,699.8732421875
1360,812.0362955729166
1361,842.6610961914063
1362,899.2707153320313
1363,914.18271484375
1364,911.6750610351562
1365,993.1381530761719
1366,880.3041381835938
1367,866.7309448242188
1368,894.4344604492187
1369,837.5590576171875
1370,793.2420247395834
1371,894.5066284179687
1372,894.7939331054688
1373,860.6401123046875
1374,776.3152099609375
1375,813.3212178548177
1376,804.9089233398438
1377,827.4378173828125
1378,883.12626953125
1379,802.38828125
1380,754.4761555989584
1381,916.1341430664063
1382,888.2995361328125
1383,803.21630859375
1384,837.8273315429688
1385,899.6771850585938
1386,846.4470581054687
1387,873.3016723632812
1388,890.7105712890625
1389,883.3679077148438
1390,908.2428894042969
1391,989.7420532226563
1392,981.9889892578125
1393,976.5681274414062
1394,1062.4871337890625
1395,954.915028889974
1396,1050.9698364257813
1397,1076.6822387695313
1398,977.530712890625
1399,836.491259765625
1400,1011.6194458007812
1401,758.2018920898438
1402,882.50859375
1403,780.2013061523437
1404,865.5322021484375
1405,845.7157592773438
1406,945.5294921875
1407,999.3777099609375
1408,832.9690551757812
1409,808.8288208007813
1410,816.1720784505209
1411,862.5507446289063
1412,811.2179321289062
1413,797.5036499023438
1414,862.5744506835938
1415,820.6146443684896
1416,907.5783447265625
1417,821.0938232421875
1418,788.413916015625
1419,814.6415405273438
1420,767.897471110026
1421,814.546875
1422,773.2495971679688
1423,848.0034423828125
1424,890.4328491210938
1425,886.9027811686198
1426,897.8319091796875
1427,902.3921630859375
1428,805.336572265625
1429,949.7088012695312
1430,820.155517578125
1431,806.3646362304687
1432,881.7421997070312
1433,891.9084716796875
1434,813.9996826171875
1435,879.0314025878906
1436,810.88115234375
1437,883.4220092773437
1438,968.07265625
1439,971.5445556640625
1440,856.7365214029948
1441,862.3354858398437
1442,778.9314086914062
1443,819.0427124023438
1444,817.922119140625
1445,870.6047159830729
1446,776.6396484375
1447,813.0822143554688
1448,789.4270629882812
1449,696.512109375
1450,826.6615091959635
1451,859.6247924804687
1452,778.5607299804688
1453,862.2920288085937
1454,830.7051147460937
1455,850.393310546875
1456,878.3249389648438
1457,726.5751831054688
1458,835.5075561523438
1459,891.3326904296875
1460,954.4240926106771
1461,886.6858520507812
1462,873.3582641601563
1463,1052.6804077148438
1464,887.481787109375
1465,794.1579895019531
1466,893.3469360351562
1467,781.8193725585937
1468,891.284619140625
1469,872.531396484375
1470,819.5497741699219
1471,808.4188232421875
1472,796.6334228515625
1473,906.460595703125
1474,919.5599975585938
1475,776.139638264974
1476,806.2603149414062
1477,814.2700927734375
1478,869.9927856445313
1479,818.2250366210938
1480,795.611806233724
1481,771.6458984375
1482,830.2432739257813
1483,704.60048828125
1484,694.4731811523437
1485,792.9636637369791
1486,780.0884155273437
1487,841.0407958984375
1488,723.9906372070312
1489,743.7305053710937
1490,688.3127034505209
1491,721.8557861328125
1492,732.097509765625
1493,709.6062377929687
1494,695.2803955078125
1495,750.0358276367188
1496,697.808984375
1497,577.4412231445312
1498,594.3972412109375
1499,475.92881469726564
1500,605.0806681315104
1501,629.9233276367188
1502,593.9823486328125
1503,564.0713439941406
1504,542.1981201171875
1505,542.1741383870443
1506,509.0554260253906
1507,452.9689636230469
1508,537.3401123046875
1509,604.6580078125
1510,594.6610310872396
1511,663.7474609375
1512,710.6822998046875
1513,677.9732299804688
1514,609.2830017089843
1515,541.5394795735677
1516,488.26767578125
1517,439.954248046875
1518,540.5844970703125
1519,488.4074340820313
1520,535.5289510091146
1521,557.2785522460938
1522,690.1778930664062
1523,669.733251953125
1524,692.1369750976562
1525,732.4163716634115
1526,732.7796997070312
1527,667.2879150390625
1528,547.0698364257812
1529,531.3278625488281
1530,555.0362040201823
1531,541.1932861328125
1532,446.09544067382814
1533,592.5161743164062
1534,608.3414306640625
1535,554.4334259033203
1536,655.973828125
1537,665.9494262695313
1538,551.6263000488282
1539,578.0947021484375
1540,632.7919209798177
1541,654.8714965820312
1542,609.685009765625
1543,615.0368896484375
1544,586.8051025390625
1545,563.6692199707031
1546,453.2077697753906
1547,476.19591064453124
1548,522.3859985351562
1549,535.8332092285157
1550,549.6671396891276
1551,539.4153259277343
1552,526.9216186523438
1553,494.5540771484375
1554,571.0709594726562
1555,589.4864705403646
1556,578.8324462890625
1557,565.6281555175781
1558,496.711279296875
1559,491.53383178710936
1560,550.7247924804688
1561,505.25745849609376
1562,503.48285522460935
1563,525.0093444824219
1564,512.1361633300781
1565,524.8671875
1566,492.498828125
1567,506.4448547363281
1568,551.5378662109375
1569,493.59779663085936
1570,586.9268544514974
1571,561.3863525390625
1572,594.2326232910157
1573,557.3862670898437
1574,544.6404602050782
1575,498.4852040608724
1576,453.073193359375
1577,407.76820678710936
1578,408.21092529296874
1579,435.38250122070315
1580,451.91887919108075
1581,416.66624145507814
1582,504.7310302734375
1583,530.2171142578125
1584,560.99736328125
1585,489.25682576497394
1586,520.2074096679687
1587,485.5131042480469
1588,443.3346374511719
1589,472.9534484863281
1590,436.30881754557294
1591,479.82786865234374
1592,511.69267578125
1593,501.52879028320314
1594,504.8750244140625
1595,476.5434061686198
1596,550.1641967773437
1597,510.72529296875
1598,500.79400634765625
1599,510.6477966308594
1600,614.3661905924479
1601,621.7709594726563
1602,547.7046508789062
1603,536.968505859375
1604,487.7493041992187
1605,558.9710133870443
1606,518.4499877929687
1607,440.6799682617187
1608,485.8447998046875
1609,511.5304870605469
1610,467.3876597086589
1611,503.3488403320313
1612,535.4925537109375
1613,509.81517333984374
1614,500.5958190917969
1615,495.37518819173175
1616,489.955126953125
1617,521.1426818847656
1618,426.3943115234375
1619,516.4962890625
1620,419.7416178385417
1621,381.9110046386719
1622,456.6063537597656
1623,445.4354675292969
1624,459.4170776367188
1625,422.31689453125
1626,490.9074645996094
1627,453.0470275878906
1628,430.2237609863281
1629,467.4900207519531
1630,493.3502655029297
1631,415.1012817382813
1632,531.1650268554688
1633,431.8143310546875
1634,443.0760803222656
1635,447.8661244710286
1636,452.7709228515625
1637,424.96571655273436
1638,420.5793884277344
1639,389.0208984375
1640,413.68113708496094
1641,426.34667053222654
1642,478.28766479492185
1643,386.5408569335938
1644,485.27305908203124
1645,498.59974670410156
1646,471.85377197265626
1647,463.9907165527344
1648,422.04099731445314
1649,453.6823364257813
1650,453.7535705566406
1651,420.23779296875
1652,429.0895629882813
1653,407.9476806640625
1654,437.355810546875
1655,412.82054138183594
1656,474.5298583984375
1657,473.4672485351563
1658,375.5484130859375
1659,461.21917724609375
1660,406.6042887369792
1661,398.57655029296876
1662,409.14885864257815
1663,507.9803833007812
1664,528.1554260253906
1665,628.5421549479166
1666,601.4607971191406
1667,555.7221313476563
1668,495.91636962890624
1669,462.083251953125
1670,406.8502909342448
1671,447.6793640136719
1672,503.8983154296875
1673,405.3807678222656
1674,416.45631713867186
1675,418.88408915201825
1676,385.15673828125
1677,434.2864196777344
1678,527.598681640625
1679,541.4118835449219
1680,500.5281677246094
1681,514.0245422363281
1682,472.0639221191406
1683,415.28199462890626
1684,389.10491333007815
1685,443.4270477294922
1686,457.716845703125
1687,466.20038452148435
1688,482.1471923828125
1689,435.1189880371094
1690,430.4720967610677
1691,474.6065307617188
1692,421.8107177734375
1693,464.0940246582031
1694,418.5669403076172
1695,546.188975016276
1696,525.9475952148438
1697,589.3828674316406
1698,559.7635131835938
1699,445.7033935546875
1700,494.2343393961589
1701,406.18267211914065
1702,426.61371459960935
1703,412.956689453125
1704,433.97642822265624
1705,415.2174326578776
1706,451.9405944824219
1707,482.52325439453125
1708,405.88312377929685
1709,400.7986999511719
1710,389.2617696126302
1711,392.1925476074219
1712,406.8443176269531
1713,392.194677734375
1714,437.25493774414065
1715,485.797607421875
1716,453.48130493164064
1717,433.93206176757815
1718,434.3719848632812
1719,443.2310363769531
1720,451.4327850341797
1721,413.220263671875
1722,432.1883178710938
1723,390.85955810546875
1724,329.53404541015624
1725,410.72768147786456
1726,444.24309692382815
1727,486.877783203125
1728,478.0745056152344
1729,487.6839965820312
1730,436.7933858235677
1731,484.22918090820315
1732,426.24974365234374
1733,489.3939208984375
1734,513.0382690429688
1735,399.7370859781901
1736,465.23610229492186
1737,391.5145324707031
1738,405.3951843261719
1739,434.71245727539065
1740,431.03770955403644
1741,442.1464538574219
1742,408.31898803710936
1743,353.8171325683594
1744,396.0461120605469
1745,446.23944091796875
1746,405.2971618652344
1747,438.67363891601565
1748,437.72991333007815
1749,450.9374145507812
1750,446.18174235026044
1751,450.609326171875
1752,444.5376892089844
1753,333.36656494140624
1754,399.73741455078124
1755,455.09864298502606
1756,442.7812866210937
1757,491.2953125
1758,434.98096923828126
1759,389.2451477050781
1760,377.5916748046875
1761,378.6639770507812
1762,407.96473388671876
1763,382.8474060058594
1764,373.56068115234376
1765,395.4005126953125
1766,406.3558288574219
1767,464.4870361328125
1768,398.2649658203125
1769,363.5509094238281
1770,373.12659454345703
1771,383.20628356933594
1772,373.66596069335935
1773,364.6844970703125
1774,381.05768432617185
1775,416.76153564453125
1776,401.22423095703124
1777,408.6948486328125
1778,386.704345703125
1779,342.9549072265625
1780,328.106201171875
1781,412.2776794433594
1782,414.89580078125
1783,345.69736938476564
1784,348.43761291503904
1785,403.90784454345703
1786,405.1180358886719
1787,352.89447021484375
1788,391.01653442382815
1789,374.39890747070314
1790,382.61183675130206
1791,345.2387268066406
1792,413.6332153320312
1793,433.81627197265624
1794,407.92864379882815
1795,419.0684509277344
1796,466.8143371582031
1797,414.9815246582031
1798,485.8565185546875
1799,521.1979431152344
1800,490.5419565836589
1801,495.18018798828126
1802,440.4660278320313
1803,440.1471740722656
1804,449.6741638183594
1805,366.8330078125
1806,424.88779296875
1807,486.25538330078126
1808,513.3650085449219
1809,541.6142578125
1810,417.85646565755206
1811,470.3452453613281
1812,341.39075927734376
1813,433.59630126953124
1814,432.3756530761719
1815,452.1255238850911
1816,474.00377197265624
1817,434.8636047363281
1818,387.78309936523436
1819,413.0187927246094
1820,389.8805898030599
1821,358.0030883789062
1822,328.2540802001953
1823,386.91807861328124
1824,427.26746826171876
1825,443.9480794270833
1826,442.9864013671875
1827,364.08241577148436
1828,427.2717529296875
1829,370.02406005859376
1830,435.5941518147786
1831,407.9024597167969
1832,443.71380615234375
1833,363.93425903320315
1834,423.6938110351563
1835,391.0967763264974
1836,436.886181640625
1837,446.77854614257814
1838,382.96278686523436
1839,438.3521484375
1840,405.570556640625
1841,413.8585693359375
1842,368.6533142089844
1843,272.68813171386716
1844,371.9792907714844
1845,373.2939198811849
1846,370.92066650390626
1847,378.196484375
1848,380.7091003417969
1849,376.8529418945312
1850,438.21758524576825
1851,414.1223510742187
1852,394.60918579101565
1853,399.0051696777344
1854,446.4586242675781
1855,446.10670471191406
1856,449.6528381347656
1857,431.38306884765626
1858,396.778466796875
1859,353.08864135742186
1860,377.02308146158856
1861,365.8647155761719
1862,369.1495056152344
1863,343.88666381835935
1864,386.79088134765624
1865,360.29465738932294
1866,449.58721313476565
1867,458.6488098144531
1868,458.17951049804685
1869,443.9187927246094
1870,417.1671193440755
1871,413.2227722167969
1872,405.7058959960938
1873,367.69537353515625
1874,387.8423156738281
1875,356.8944854736328
1876,366.46669311523436
1877,341.3965759277344
1878,425.4730712890625
1879,378.146630859375
1880,432.71783447265625
1881,429.2362060546875
1882,429.4681396484375
1883,383.7949584960937
1884,327.9373291015625
1885,457.7588806152344
1886,452.3304382324219
1887,354.47467651367185
1888,353.3157165527344
1889,364.58067932128904
1890,374.9996032714844
1891,389.6341857910156
1892,379.78883056640626
1893,406.86415405273436
1894,428.5937866210937
1895,514.6804250081381
1896,529.0052124023438
1897,479.5782409667969
1898,455.1846923828125
1899,409.8673156738281
1900,381.85313924153644
1901,418.9307067871094
1902,410.051904296875
1903,414.2680725097656
1904,362.2462554931641
1905,453.3708902994792
1906,387.32749938964844
1907,430.5651611328125
1908,366.4288818359375
1909,427.1260681152344
1910,405.9896952311198
1911,354.25440673828126
1912,342.26446533203125
1913,357.8797241210938
1914,358.0915893554687
1915,366.9424794514974
1916,360.5951293945312
1917,392.31463012695315
1918,387.7628540039062
1919,450.3895690917969
1920,370.06614176432294
1921,467.5703125
1922,383.6582763671875
1923,401.7679138183594
1924,398.1780578613281
1925,333.65452067057294
1926,375.0803161621094
1927,377.4708618164062
1928,327.15806579589844
1929,380.511962890625
1930,375.1325276692708
1931,362.76454467773436
1932,327.48707885742186
1933,327.4460418701172
1934,328.6528747558594
1935,393.4787292480469
1936,392.89007568359375
1937,477.4899475097656
1938,454.3843994140625
1939,444.1931091308594
1940,394.429204305013
1941,434.9332580566406
1942,427.3367858886719
1943,374.94276733398436
1944,369.99017944335935
1945,414.73353068033856
1946,365.29155883789065
1947,425.20472412109376
1948,302.6363067626953
1949,351.41204223632815
1950,292.82081604003906
1951,320.79035034179685
1952,376.63292236328124
1953,339.32037963867185
1954,323.28021240234375
1955,304.4114303588867
1956,371.27509765625
1957,354.87481079101565
1958,378.45234375
1959,424.5000366210937
1960,377.7388458251953
1961,330.24970703125
1962,378.96718139648436
1963,374.277783203125
1964,383.2478454589844
1965,403.846186319987
1966,454.29700927734376
1967,457.468310546875
1968,512.3696838378906
1969,450.54749755859376
1970,377.3185399373372
1971,454.8555969238281
1972,439.7719970703125
1973,401.2391784667969
1974,374.3841796875
1975,441.2200978597005
1976,422.06675720214844
1977,469.40532836914065
1978,422.5597290039062
1979,415.247412109375
1980,365.4633026123047
1981,375.30658569335935
1982,329.0243255615234
1983,393.1738220214844
1984,429.25126953125
1985,383.31927998860675
1986,411.7335693359375
1987,354.72852783203126
1988,322.87652282714845
1989,418.1966186523438
1990,342.3221842447917
1991,395.44427490234375
1992,415.87908935546875
1993,418.7873901367187
1994,329.7613098144531
1995,328.82065836588544
1996,392.9948486328125
1997,380.8673400878906
1998,375.23381958007815
1999,353.04526977539064
2000,378.7098642985026
2001,337.32056884765626
2002,328.02869567871096
2003,366.65300903320315
2004,343.053564453125
2005,391.5036214192708
2006,329.91798706054686
2007,353.3974853515625
2008,408.53936767578125
2009,351.5618621826172
2010,402.8864440917969
2011,398.5959899902344
2012,323.21302490234376
2013,331.0356140136719
2014,369.51072387695314
2015,317.9041290283203
2016,364.4087341308594
2017,381.3958679199219
2018,360.979833984375
2019,290.87583312988284
2020,340.16404215494794
2021,345.51970825195315
2022,357.2342956542969
2023,368.2129638671875
2024,322.83014526367185
2025,338.63039143880206
2026,321.67536010742185
2027,320.86240234375
2028,313.48101806640625
2029,380.42279052734375
2030,326.00502014160156
2031,385.2868225097656
2032,320.0123779296875
2033,386.1176025390625
2034,345.069384765625
2035,341.97747294108075
2036,299.5426330566406
2037,293.73540649414065
2038,309.10646057128906
2039,271.543603515625
2040,332.76646423339844
2041,400.65142822265625
2042,353.5847961425781
2043,338.1780944824219
2044,355.7782287597656
2045,305.52696228027344
2046,387.1462707519531
2047,342.30084228515625
2048,398.7987518310547
2049,346.08701171875
2050,394.23578389485675
2051,388.58251037597654
2052,304.2424011230469
2053,387.08490600585935
2054,374.4521179199219
2055,420.6103210449219
2056,370.8185241699219
2057,453.82496948242186
2058,342.0555847167969
2059,361.2366455078125
2060,320.55799611409503
2061,364.34970703125
2062,384.15180053710935
2063,387.7535827636719
2064,322.1218627929687
2065,376.4710286458333
2066,454.58750610351564
2067,441.94675903320314
2068,451.8598388671875
2069,447.92393188476564
2070,401.13128153483075
2071,367.5127746582031
2072,311.7021911621094
2073,349.28321533203126
2074,339.33788146972654
2075,343.2859395345052
2076,331.1666564941406
2077,304.0026794433594
2078,342.728564453125
2079,349.45802612304686
2080,410.24403889973956
2081,418.0868408203125
2082,431.3904724121094
2083,499.7452819824219
2084,451.31416015625
2085,403.274658203125
2086,471.70408935546874
2087,484.225439453125
2088,412.16119384765625
2089,386.83904418945315
2090,352.0705973307292
2091,321.69052734375
2092,312.9196075439453
2093,306.9107727050781
2094,336.7076721191406
2095,318.17261759440106
2096,288.4159240722656
2097,266.83791198730466
2098,306.7227783203125
2099,294.7528015136719
2100,287.1429748535156
2101,328.62462158203124
2102,325.8020751953125
2103,307.9257385253906
2104,299.64036254882814
2105,314.7446823120117
2106,307.3497314453125
2107,320.7327941894531
2108,369.4637145996094
2109,287.8917236328125
2110,313.82712809244794
2111,301.12464294433596
2112,307.396875
2113,264.3991302490234
2114,329.2834106445313
2115,338.2560577392578
2116,294.6288787841797
2117,352.0256713867187
2118,327.2185974121094
2119,368.6359436035156
2120,355.7008361816406
2121,322.53265991210935
2122,323.2154541015625
2123,426.0835021972656
2124,345.77344970703126
2125,369.0540364583333
2126,362.2989135742188
2127,324.83662109375
2128,391.5873779296875
2129,268.8509918212891
2130,342.22378794352215
2131,348.0304321289062
2132,315.8366638183594
2133,343.61121826171876
2134,292.9928680419922
2135,269.20081837972003
2136,345.93927612304685
2137,330.46795349121095
2138,319.59360656738284
2139,325.4486389160156
2140,303.0593897501628
2141,354.1274108886719
2142,393.4168701171875
2143,436.8210144042969
2144,344.9670837402344
2145,324.00025431315106
2146,342.85963745117186
2147,347.29234619140624
2148,272.4625244140625
2149,275.24729919433594
2150,275.633061726888
2151,281.2428466796875
2152,288.8659301757813
2153,354.9447265625
2154,290.9574829101563
2155,290.7783432006836
2156,348.9023071289063
2157,366.4908142089844
2158,317.77667541503905
2159,264.09467163085935
2160,299.24219767252606
2161,272.19740600585936
2162,314.1964904785156
2163,360.62608032226564
2164,295.30674438476564
2165,307.1517690022786
2166,318.17261962890626
2167,308.45093688964846
2168,304.4890502929687
2169,289.75055541992185
2170,349.8636423746745
2171,311.2492401123047
2172,288.51881103515626
2173,329.1478637695312
2174,297.32257080078125
2175,283.5945587158203
2176,244.41361083984376
2177,275.0740478515625
2178,353.07440185546875
2179,366.19773864746094
2180,366.8773956298828
2181,432.0555419921875
2182,328.8103393554687
2183,357.38054809570315
2184,357.675537109375
2185,319.8087209065755
2186,305.6137969970703
2187,306.791748046875
2188,305.2305847167969
2189,281.79603576660156
2190,290.72746022542316
2191,314.92161254882814
2192,318.7766052246094
2193,327.5004943847656
2194,302.6137298583984
2195,343.8007354736328
2196,320.804345703125
2197,319.4216064453125
2198,245.23397827148438
2199,291.9696899414063
2200,318.18724060058594
2201,313.5150512695312
2202,321.9569610595703
2203,300.8795471191406
2204,295.1374938964844
2205,305.84267171223956
2206,329.9880310058594
2207,353.7416076660156
2208,309.325341796875
2209,355.74790649414064
2210,274.1817092895508
2211,257.98085327148436
2212,347.29051513671874
2213,310.3431030273438
2214,282.9356262207031
2215,334.6742528279622
2216,339.21520080566404
2217,239.18594360351562
2218,265.72607421875
2219,279.8329681396484
2220,266.42029062906903
2221,227.82850646972656
2222,234.07187194824218
2223,296.77308044433596
2224,254.7325927734375
2225,289.4529266357422
2226,238.99434814453124
2227,205.7108367919922
2228,212.86670837402343
2229,252.6141815185547
2230,235.4106699625651
2231,202.5371337890625
2232,239.70069274902343
2233,253.06091918945313
2234,234.78048400878907
2235,252.10161844889322
2236,266.3094940185547
2237,245.2828125
2238,282.368603515625
2239,234.98040771484375
2240,266.0769322713216
2241,305.5295928955078
2242,259.6734558105469
2243,310.7803649902344
2244,314.74317626953126
2245,345.09303029378253
2246,362.08372192382814
2247,347.60595703125
2248,310.48759765625
2249,266.8648620605469
2250,220.69961293538412
2251,218.6265869140625
2252,236.63738403320312
2253,200.6187316894531
2254,193.58791809082032
2255,240.40353647867838
2256,267.23399658203124
2257,218.58165893554687
2258,238.9285675048828
2259,232.29152221679686
2260,210.66217803955078
2261,216.0969451904297
2262,227.4748504638672
2263,213.5354217529297
2264,303.87049560546876
2265,217.57039642333984
2266,247.84788818359374
2267,224.7139923095703
2268,240.8066162109375
2269,214.09429016113282
2270,194.82278442382812
2271,192.4962127685547
2272,196.8737030029297
2273,211.99746704101562
2274,204.87035522460937
2275,210.2428970336914
2276,244.08444213867188
2277,238.6923400878906
2278,212.25432739257812
2279,266.19591064453124
2280,336.5944188435872
2281,350.37599487304686
2282,285.5917053222656
2283,255.0941192626953
2284,268.0801635742188
2285,248.53721364339194
2286,278.0319549560547
2287,339.6735565185547
2288,372.68474731445315
2289,350.5398742675781
2290,302.0826721191406
2291,370.790380859375
2292,263.0837066650391
2293,280.45957641601564
2294,294.6183227539062
2295,271.75848388671875
2296,219.44597778320312
2297,207.95006103515624
2298,192.58522338867186
2299,216.51016845703126
2300,237.31592814127603
2301,267.506396484375
2302,246.1440002441406
2303,268.9750091552734
2304,314.24017333984375
2305,271.99873606363934
2306,206.80181884765625
2307,254.8201873779297
2308,292.965625
2309,262.25083312988284
2310,257.76753997802734
2311,193.3254150390625
2312,202.79189758300782
2313,207.95661010742188
2314,170.7370132446289
2315,169.32762400309244
2316,169.74542846679688
2317,164.20562744140625
2318,205.00427856445313
2319,224.75587768554686
2320,167.36085510253906
2321,205.02129211425782
2322,187.48428649902343
2323,190.47020874023437
2324,197.94863586425782
2325,222.37546030680338
2326,198.29434509277343
2327,176.80870056152344
2328,185.06559143066406
2329,194.93917541503907
2330,172.8382771809896
2331,187.55031127929686
2332,197.6375244140625
2333,179.95135192871095
2334,151.86570587158204
2335,170.0828374226888
2336,141.20164489746094
2337,129.07347259521484
2338,167.14873657226562
2339,145.1039047241211
2340,181.5137710571289
2341,132.04601593017577
2342,165.34694213867186
2343,156.0293991088867
2344,166.87077941894532
2345,145.8250503540039
2346,179.5886962890625
2347,136.71814575195313
2348,122.60387573242187
2349,154.5833953857422
2350,172.96634419759116
2351,139.9241165161133
2352,173.40402221679688
2353,166.99715881347657
2354,201.30029907226563
2355,240.713742574056
2356,216.0755584716797
2357,223.11492462158202
2358,285.8715850830078
2359,194.68099060058594
2360,200.03874969482422
2361,231.72489013671876
2362,211.6836364746094
2363,195.06168518066406
2364,185.98078308105468
2365,163.4815190633138
2366,165.99288330078124
2367,194.5237579345703
2368,185.28915710449218
2369,196.55141906738282
2370,225.975954691569
2371,176.86817626953126
2372,181.27456665039062
2373,231.6831024169922
2374,226.59259338378905
2375,177.7593231201172
2376,148.69721069335938
2377,194.20832214355468
2378,142.53380737304687
2379,150.39309387207032
2380,173.41660817464194
2381,150.03870849609376
2382,136.1912414550781
2383,142.95659790039062
2384,144.40282745361327
2385,140.5938631693522
2386,140.73246002197266
2387,126.91254272460938
2388,106.90262298583984
2389,106.49890594482422
2390,98.78766632080078
2391,148.50259704589843
2392,169.88694763183594
2393,183.07318725585938
2394,193.78175354003906
2395,178.46411895751953
2396,177.08993835449218
2397,138.466748046875
2398,146.6735870361328
2399,122.86503753662109
2400,112.59950510660808
2401,127.37488098144532
2402,121.54093933105469
2403,142.26530075073242
2404,143.25040740966796
2405,152.8118642171224
2406,151.25778198242188
2407,131.12364349365234
2408,160.68365783691405
2409,201.59758605957032
2410,185.32102711995444
2411,215.7366516113281
2412,259.75873107910155
2413,199.8898132324219
2414,151.8854751586914
2415,157.9521509806315
2416,152.48045349121094
2417,135.16351776123048
2418,128.89913940429688
2419,134.25152130126952
2420,118.40220832824707
2421,149.04635467529297
2422,132.97579650878907
2423,121.63573303222657
2424,134.92728118896486
2425,138.0848134358724
2426,148.15573272705078
2427,117.73370513916015
2428,159.84447326660157
2429,125.01985168457031
2430,125.37636439005534
2431,114.95221862792968
2432,107.06838760375976
2433,211.7699981689453
2434,145.2906692504883
2435,162.10266240437826
2436,167.7739501953125
2437,104.41758880615234
2438,149.3766098022461
2439,147.19912414550782
2440,130.1223627726237
2441,120.2819808959961
2442,111.68166580200196
2443,94.43863525390626
2444,111.88388671875
2445,124.28344217936198
2446,104.12478332519531
2447,141.6606658935547
2448,178.09940490722656
2449,125.8587432861328
2450,184.4874521891276
2451,184.5725067138672
2452,179.8707763671875
2453,176.00188446044922
2454,157.18809661865234
2455,150.8378702799479
2456,179.2772186279297
2457,135.93694000244142
2458,125.53200988769531
2459,89.25143890380859
2460,121.4912223815918
2461,97.23495635986328
2462,114.70531158447265
2463,148.6421325683594
2464,171.09698181152345
2465,141.93596013387045
2466,148.49580993652344
2467,130.11968994140625
2468,118.74275512695313
2469,105.98412170410157
2470,100.51857376098633
2471,104.10282745361329
2472,96.5398162841797
2473,103.2592788696289
2474,150.91265106201172
2475,112.8433125813802
2476,124.82915802001953
2477,110.43853302001953
2478,113.42615051269532
2479,108.20608749389649
2480,127.42493947347005
2481,125.43145446777343
2482,136.39191284179688
2483,135.77257385253907
2484,132.96483306884767
2485,183.48099263509116
2486,206.58909301757814
2487,165.59788360595704
2488,258.2873901367187
2489,150.1818054199219
2490,146.26324844360352
2491,125.78861389160156
2492,132.44493713378907
2493,150.66098022460938
2494,131.5433807373047
2495,89.0145886739095
2496,129.4602020263672
2497,94.24270324707031
2498,73.79747772216797
2499,99.20790252685546
2500,140.915896097819
2501,225.9155731201172
2502,175.94390869140625
2503,204.92918243408204
2504,179.7749282836914
2505,113.13977114359538
2506,88.85057983398437
2507,95.44922409057617
2508,100.86732330322266
2509,91.97325439453125
2510,78.1090768178304
2511,87.86183013916016
2512,85.88204727172851
2513,85.14389190673828
2514,93.36729354858399
2515,75.48019854227702
2516,83.94544143676758
2517,102.74239959716797
2518,119.59969177246094
2519,89.4122329711914
2520,105.01986440022786
2521,96.6748062133789
2522,101.02986450195313
2523,90.91090698242188
2524,84.02817077636719
2525,103.8618761698405
2526,89.2517303466797
2527,153.65398712158202
2528,133.60487060546876
2529,129.54027404785157
2530,118.13441848754883
2531,125.93629608154296
2532,84.82184753417968
2533,83.3897102355957
2534,87.94845886230469
2535,87.40684954325359
2536,106.01851425170898
2537,293.98292541503906
2538,216.1657928466797
2539,214.2557861328125
2540,204.12425486246744
2541,237.79246978759767
2542,149.45320892333984
2543,133.54333953857423
2544,146.71250762939454
2545,131.5197893778483
2546,128.8684814453125
2547,91.9656494140625
2548,95.77586517333984
2549,84.38304138183594
2550,89.13912582397461
2551,88.88228607177734
2552,84.30128021240235
2553,75.54059448242188
2554,80.71021728515625
2555,91.3594144185384
2556,72.4575096130371
2557,71.55302352905274
2558,86.1762908935547
2559,82.4561378479004
2560,87.50996589660645
2561,114.35493774414063
2562,81.83020477294922
2563,77.22666015625
2564,103.75899658203124
2565,91.45685768127441
2566,157.4322540283203
2567,151.56720886230468
2568,248.13648071289063
2569,159.0244369506836
2570,205.50676854451498
2571,143.98025665283203
2572,105.46448822021485
2573,110.162548828125
2574,192.5928466796875
2575,192.94184112548828
2576,222.060888671875
2577,181.0476806640625
2578,237.57381286621094
2579,203.5326171875
2580,160.93594360351562
2581,159.6656494140625
2582,165.98967895507812
2583,169.9639404296875
2584,106.79454345703125
2585,102.59318542480469
2586,148.9947982788086
2587,102.4733901977539
2588,85.77029724121094
2589,104.24414978027343
2590,84.89075787862141
2591,92.21919555664063
2592,80.4014045715332
2593,103.41461334228515
2594,103.42859191894532
2595,103.51218287150066
2596,124.95954742431641
2597,117.28309173583985
2598,133.11968383789062
2599,119.64418334960938
2600,104.5725491841634
2601,98.65528869628906
2602,103.43257141113281
2603,131.88060150146484
2604,132.35052032470702
2605,111.28798039754231
2606,143.46364135742186
2607,128.0784896850586
2608,101.27922821044922
2609,123.02513427734375
2610,91.04783630371094
2611,82.69170379638672
2612,94.13940200805663
2613,75.04742126464843
2614,72.42306671142578
2615,79.28886032104492
2616,73.58207244873047
2617,85.73547744750977
2618,134.23109588623046
2619,106.90847091674804
2620,155.50779088338217
2621,134.00269165039063
2622,107.745556640625
2623,73.52741241455078
2624,117.72909240722656
2625,119.8132807413737
2626,105.60040283203125
2627,100.75590362548829
2628,112.19667358398438
2629,83.52647399902344
2630,82.16158994038899
2631,70.78304901123047
2632,65.45625839233398
2633,70.60586624145508
2634,71.89451446533204
2635,81.46864700317383
2636,76.6754524230957
2637,91.97406005859375
2638,111.93083343505859
2639,105.84806671142579
2640,100.16481971740723
2641,149.187939453125
2642,169.54923095703126
2643,175.2303466796875
2644,160.48941345214843
2645,132.08091354370117
2646,153.84075927734375
2647,134.45635681152345
2648,120.07741775512696
2649,144.74229278564454
2650,143.13038635253906
2651,130.45826873779296
2652,113.50498657226562
2653,116.37780303955078
2654,91.16687469482422
2655,90.40374692281087
2656,67.52024459838867
2657,61.743798828125
2658,58.438595581054685
2659,61.66259231567383
2660,55.970872243245445
2661,86.12239990234374
2662,102.80603332519532
2663,87.5700912475586
2664,88.75833587646484
2665,98.9535566965739
2666,107.99390258789063
2667,108.3415428161621
2668,137.1473815917969
2669,123.96800079345704
2670,142.91528828938803
2671,85.81033706665039
2672,94.29838714599609
2673,61.98299942016602
2674,104.42385711669922
2675,101.35621007283528
2676,87.61493530273438
2677,114.53197326660157
2678,149.93486328125
2679,116.68290252685547
2680,101.27097447713216
2681,105.10962982177735
2682,86.04368743896484
2683,81.27755279541016
2684,79.77949676513671
2685,71.40390523274739
2686,60.948072052001955
2687,122.81311645507813
2688,121.859130859375
2689,157.17862854003906
2690,145.30791473388672
2691,194.0612762451172
2692,150.4742172241211
2693,109.93310852050782
2694,97.69513854980468
2695,121.34578959147136
2696,97.2598976135254
2697,77.9680679321289
2698,66.14571990966797
2699,73.19733200073242
2700,61.10911877950033
2701,87.79334869384766
2702,83.62582855224609
2703,95.23128967285156
2704,65.72680969238282
2705,71.45295842488606
2706,64.47307815551758
2707,53.21829605102539
2708,57.06119575500488
2709,54.408207702636716
2710,53.43526522318522
2711,47.193651580810545
2712,58.73357925415039
2713,68.1076904296875
2714,81.09540252685547
2715,72.29688135782878
2716,79.69771804809571
2717,52.28894882202148
2718,61.79999694824219
2719,88.09408874511719
2720,93.57745043436687
2721,91.95841674804687
2722,106.56157073974609
2723,96.7576904296875
2724,76.99985580444336
2725,70.39396985371907
2726,76.57869186401368
2727,104.76909942626953
2728,79.23873748779297
2729,61.65236053466797
2730,80.20954895019531
2731,55.707400512695315
2732,54.65409698486328
2733,49.526390838623044
2734,52.04650115966797
2735,48.77907053629557
2736,70.94559173583984
2737,61.231031799316405
2738,91.6480926513672
2739,132.43953857421874
2740,134.43246714274088
2741,171.01416015625
2742,116.4501708984375
2743,161.56807022094728
2744,114.17274017333985
2745,81.81189727783203
2746,59.664373779296874
2747,52.977699279785156
2748,60.15230865478516
2749,65.87384948730468
2750,56.39215342203776
2751,50.77519989013672
2752,85.6352294921875
2753,96.62612075805664
2754,89.71099853515625
2755,71.09940719604492
2756,64.65579605102539
2757,52.46021575927735
2758,43.75798034667969
2759,40.543739318847656
2760,42.02028719584147
2761,38.91475830078125
2762,41.28949737548828
2763,35.424979782104494
2764,85.46012878417969
2765,129.56209818522134
2766,105.21646881103516
2767,166.40990600585937
2768,162.27958984375
2769,90.99751892089844
2770,77.45082219441731
2771,53.33137130737305
2772,38.57496452331543
2773,50.27390098571777
2774,49.30612640380859
2775,42.51159985860189
2776,45.46087875366211
2777,42.530350875854495
2778,42.96963958740234
2779,46.1444595336914
2780,38.4523557027181
2781,61.795492553710936
2782,88.3623260498047
2783,43.396483421325684
2784,65.97652816772461
2785,75.88345845540364
2786,92.45909576416015
2787,71.50054168701172
2788,68.74711990356445
2789,53.97598571777344
2790,51.23324012756348
2791,48.86863403320312
2792,73.79246215820312
2793,67.06792373657227
2794,81.37584686279297
2795,47.14114125569662
2796,43.91157150268555
2797,28.542074966430665
2798,38.17460556030274
2799,83.00388259887696
2800,65.99121475219727
2801,80.5857780456543
2802,74.04730072021485
2803,73.3806526184082
2804,55.11130981445312
2805,44.20969104766846
2806,91.5911865234375
2807,116.39774475097656
2808,120.62854461669922
2809,154.78855590820314
2810,119.99110539754231
2811,86.62754364013672
2812,71.30665817260743
2813,41.787367248535155
2814,31.751253128051758
2815,35.559116999308266
2816,28.39266929626465
2817,38.633287811279295
2818,48.62459106445313
2819,44.45385665893555
2820,35.44481817881266
2821,42.83042602539062
2822,27.466597747802734
2823,41.3228645324707
2824,27.039493370056153
2825,32.67237790425619
2826,34.67208061218262
2827,32.63669891357422
2828,38.060062408447266
2829,120.84313201904297
2830,110.86752827962239
2831,112.89203186035157
2832,115.17879943847656
2833,70.10315475463867
2834,82.58341369628906
2835,88.46091842651367
2836,226.07353668212892
2837,108.35082550048828
2838,197.3604965209961
2839,80.50527267456054
2840,102.22740999857585
2841,79.46773872375488
2842,90.56197357177734
2843,104.70262908935547
2844,114.91905517578125
2845,105.22593943277995
2846,83.96893272399902
2847,84.93386688232422
2848,78.36731185913087
2849,60.579708099365234
2850,70.08274714152019
2851,76.94650840759277
2852,41.18913688659668
2853,47.60624694824219
2854,61.08870162963867
2855,59.768065770467125
2856,49.769613647460936
2857,48.264776611328124
2858,46.166725158691406
2859,47.017015075683595
2860,42.825647036234535
2861,44.25334548950195
2862,43.007818603515624
2863,46.918217468261716
2864,38.02273941040039
2865,27.60589027404785
2866,33.7684944152832
2867,33.22060356140137
2868,29.53203430175781
2869,27.016857528686522
2870,28.73667844136556
2871,42.75618629455566
2872,61.168270874023435
2873,63.737406158447264
2874,41.24238929748535
2875,46.146291414896645
2876,45.16030578613281
2877,30.983666229248048
2878,41.92144546508789
2879,29.272381591796876
2880,38.7149403889974
2881,22.757555770874024
2882,30.21897659301758
2883,29.04708137512207
2884,35.61070556640625
2885,33.12959543863932
2886,21.83363208770752
2887,15.770284080505371
2888,15.955872344970704
2889,15.855780982971192
2890,13.687146345774332
2891,16.650201416015626
2892,18.85507698059082
2893,23.581889724731447
2894,17.582947731018066
2895,52.165706952412926
2896,63.662379837036134
2897,75.92649612426757
2898,132.15210723876953
2899,166.90379638671874
2900,119.01861826578777
2901,99.89217147827148
2902,63.803437042236325
2903,32.46848068237305
2904,27.23677749633789
2905,17.859990278879803
2906,20.953557205200195
2907,35.32599105834961
2908,35.892662811279294
2909,60.0482780456543
2910,59.01083246866862
2911,65.57843933105468
2912,55.33457641601562
2913,44.01659317016602
2914,17.91855945587158
2915,20.831074237823486
2916,17.612611389160158
2917,16.73925495147705
2918,15.191983604431153
2919,45.58909454345703
2920,85.63523006439209
2921,68.53471908569335
2922,64.84976806640626
2923,51.572051239013675
2924,69.54449691772462
2925,82.16232077280681
2926,70.05890197753907
2927,136.47593460083007
2928,99.42269897460938
2929,82.17904968261719
2930,82.4550838470459
2931,61.860425567626955
2932,41.993081665039064
2933,76.2010482788086
2934,48.01873893737793
2935,51.84704303741455
2936,50.95327301025391
2937,179.36794357299806
2938,149.4286911010742
2939,149.59764709472657
2940,153.94037310282388
2941,66.62727432250976
2942,36.79811668395996
2943,106.56013641357421
2944,168.5968032836914
2945,115.35917727152507
2946,100.1558822631836
2947,131.9125198364258
2948,102.00279541015625
2949,71.90474891662598
2950,46.06461811065674
2951,61.23618087768555
2952,72.22159271240234
2953,89.04938354492188
2954,66.49042587280273
2955,63.58804575602213
2956,82.5896484375
2957,41.92679061889648
2958,32.720822143554685
2959,24.98390998840332
2960,29.1988525390625
2961,30.39474449157715
2962,41.645574951171874
2963,54.25018081665039
2964,48.53241157531738
2965,57.09730815887451
2966,61.474317932128905
2967,46.41150588989258
2968,66.18783874511719
2969,57.117041015625
2970,41.6653200785319
2971,45.47117805480957
2972,35.39038429260254
2973,21.7179817199707
2974,17.86715602874756
2975,15.965253988901773
2976,17.4800235748291
2977,17.12298927307129
2978,15.385830879211426
2979,16.34429168701172
2980,14.333627700805664
2981,12.218748092651367
2982,13.25472297668457
2983,30.07832565307617
2984,52.51107177734375
2985,40.55366579691569
2986,34.27202262878418
2987,38.151837539672854
2988,15.754901695251466
2989,16.24076404571533
2990,13.992276986440023
2991,12.572523880004884
2992,80.06465568542481
2993,60.08667755126953
2994,58.60172653198242
2995,126.5744234720866
2996,135.6357681274414
2997,142.94702529907227
2998,139.09890060424806
2999,128.96653594970704
3000,63.340854008992515
3001,31.303575134277345
3002,23.119617462158203
3003,49.54384307861328
3004,47.83155746459961
3005,45.572733561197914
3006,109.02228088378907
3007,186.07431640625
3008,115.40348510742187
3009,151.4807861328125
3010,106.24601046244304
3011,56.664955139160156
3012,58.56838607788086
3013,67.56153869628906
3014,62.26057815551758
3015,70.15013122558594
3016,63.2690933227539
3017,64.81600952148438
3018,33.598520278930664
3019,21.576052093505858
3020,29.90192461013794
3021,51.45274810791015
3022,58.44349365234375
3023,55.61839218139649
3024,45.026641082763675
3025,32.70898119608561
3026,34.48231964111328
3027,29.176562881469728
3028,31.34717788696289
3029,28.885934829711914
3030,21.569217046101887
3031,99.41218223571778
3032,60.39855308532715
3033,63.5600341796875
3034,48.64910545349121
3035,58.381104469299316
3036,18.722232055664062
3037,17.592006301879884
3038,16.14003791809082
3039,19.139483642578124
3040,16.771816571553547
3041,12.742574691772461
3042,13.985659790039062
3043,14.503122901916504
3044,48.171556282043454
3045,112.30604489644368
3046,109.48852996826172
3047,96.53696136474609
3048,100.68836059570313
3049,85.6915771484375
3050,70.91022682189941
3051,114.73729095458984
3052,106.35980224609375
3053,55.7301326751709
3054,70.90511703491211
3055,40.815004666646324
3056,33.48479804992676
3057,31.834367752075195
3058,33.63883628845215
3059,31.89675636291504
3060,61.73235829671224
3061,54.09406509399414
3062,56.572469329833986
3063,96.69332733154297
3064,48.98305892944336
3065,55.740736961364746
3066,57.19582023620605
3067,80.68086090087891
3068,69.01933517456055
3069,83.83735961914063
3070,129.02135594685873
3071,89.86367111206054
3072,57.436405181884766
3073,41.817447662353516
3074,57.51144981384277
3075,56.09389591217041
3076,49.25105972290039
3077,51.99394989013672
3078,57.00729637145996
3079,22.647848701477052
3080,15.366193930308023
3081,55.345394134521484
3082,34.3982120513916
3083,50.49870491027832
3084,69.16131782531738
3085,98.78621037801106
3086,74.20594787597656
3087,114.58385543823242
3088,69.68245315551758
3089,94.1740219116211
3090,82.02587191263835
3091,74.5307689666748
3092,57.26180648803711
3093,45.5645694732666
3094,71.81487503051758
3095,39.14653968811035
3096,38.80826034545898
3097,32.13902282714844
3098,31.537945556640626
3099,22.641874694824217
3100,15.70532782872518
3101,12.198357009887696
3102,11.19392147064209
3103,25.796140480041505
3104,40.696528625488284
3105,65.14186096191406
3106,89.37578887939453
3107,90.97256164550781
3108,66.90186309814453
3109,48.511182403564455
3110,33.97640482584635
3111,23.36793098449707
3112,25.66067886352539
3113,28.93787956237793
3114,22.65253677368164
3115,34.90974648793539
3116,33.38828964233399
3117,23.42585983276367
3118,23.980948448181152
3119,21.887246704101564
3120,27.26759147644043
3121,27.44285888671875
3122,19.496026229858398
3123,17.870345306396484
3124,18.45381908416748
3125,39.20941480000814
3126,32.294019317626955
3127,95.51701736450195
3128,178.97069549560547
3129,129.2715621948242
3130,108.10947926839192
3131,156.60956420898438
3132,70.07033157348633
3133,32.08251552581787
3134,40.3157356262207
3135,62.6501890818278
3136,88.5988540649414
3137,69.47327346801758
3138,71.6506332397461
3139,71.37640380859375
3140,68.27915700276692
3141,55.35324401855469
3142,92.95101623535156
3143,151.7653434753418
3144,105.894242477417
3145,116.89305750528972
3146,132.42220153808594
3147,120.49775390625
3148,90.93078994750977
3149,137.21361389160157
3150,105.40947596232097
3151,91.19560470581055
3152,47.63110504150391
3153,54.744083404541016
3154,77.04025650024414
3155,70.48831303914388
3156,48.2239013671875
3157,105.20634613037109
3158,31.11061325073242
3159,69.20493831634522
3160,67.76543776194255
3161,11.198862838745118
3162,13.664015769958496
3163,13.42656593322754
3164,13.252996063232422
3165,10.632903893788656
3166,13.975383234024047
3167,14.200423431396484
3168,31.501337432861327
3169,17.28655614852905
3170,17.06290578842163
3171,20.782833099365234
3172,9.65188684463501
3173,9.36740665435791
3174,13.40028648376465
3175,21.64597209294637
3176,26.694334983825684
3177,37.93405036926269
3178,42.55704574584961
3179,30.120353126525877
3180,41.33790564537048
3181,28.326364517211914
3182,29.058225250244142
3183,24.695406341552733
3184,26.045103073120117
3185,20.58324321111043
3186,24.84893913269043
3187,71.52260131835938
3188,52.71535415649414
3189,54.57009353637695
3190,83.38256041208903
3191,97.37666015625
3192,63.56834487915039
3193,75.150732421875
3194,75.74163017272949
3195,51.93544101715088
3196,24.822082138061525
3197,46.46923828125
3198,26.749453735351562
3199,20.430904388427734
3200,18.088229497273762
3201,18.183625411987304
3202,61.88231449127197
3203,45.996972465515135
3204,78.78729820251465
3205,33.555309454600014
3206,32.410378074646
3207,38.45881538391113
3208,44.07049388885498
3209,40.19236259460449
3210,33.209774017333984
3211,43.056329345703126
3212,13.932651329040528
3213,7.05009970664978
3214,7.441735935211182
3215,94.97967433929443
3216,82.17127447128296
3217,49.666761779785155
3218,112.96578903198242
3219,144.43620777130127
3220,15.846790313720703
3221,25.282928276062012
3222,28.416281509399415
3223,37.371131896972656
3224,37.75850219726563
3225,27.2992000579834
3226,11.991969108581543
3227,9.33723850250244
3228,10.45674991607666
3229,14.482082176208497
3230,15.200014034907023
3231,11.210232925415038
3232,15.39991397857666
3233,11.564979553222656
3234,7.840628337860108
3235,7.624210675557454
3236,12.79575080871582
3237,37.471496391296384
3238,75.62128677368165
3239,38.408753395080566
3240,53.48905118306478
3241,60.470991897583005
3242,18.831662559509276
3243,39.74322738647461
3244,39.40278778076172
3245,20.86504554748535
3246,15.406073760986327
3247,21.332824516296387
3248,10.310661506652831
3249,9.780532836914062
3250,7.954189697901408
3251,7.042669105529785
3252,6.670095634460449
3253,6.163855457305909
3254,7.150418853759765
3255,9.38605268796285
3256,7.73531665802002
3257,22.367435932159424
3258,23.09541959762573
3259,62.95663366317749
3260,119.02959823608398
3261,131.7587127685547
3262,141.55221557617188
3263,168.37811584472655
3264,99.72940216064453
3265,149.27849324544272
3266,108.62347564697265
3267,94.15963439941406
3268,88.10639953613281
3269,73.15910949707032
3270,68.25488090515137
3271,58.51419944763184
3272,79.52337036132812
3273,63.44496841430664
3274,38.110831069946286
3275,46.58564058939616
3276,36.674797439575194
3277,56.22242431640625
3278,86.49297561645508
3279,49.38235664367676
3280,57.79225826263428
3281,69.82589149475098
3282,21.617975616455077
3283,19.41905117034912
3284,12.662283134460449
3285,15.25898790359497
3286,17.563402366638183
3287,21.290179824829103
3288,18.7712833404541
3289,21.097981262207032
3290,24.251822153727215
3291,25.81090965270996
3292,37.148371887207034
3293,53.28365058898926
3294,43.16987419128418
3295,42.100016593933105
3296,40.54780044555664
3297,21.39443473815918
3298,16.607976722717286
3299,23.74735794067383
3300,18.11289183298747
3301,24.33243637084961
3302,36.85468940734863
3303,34.602332305908206
3304,93.28083953857421
3305,109.40901692708333
3306,122.14491653442383
3307,96.60818481445312
3308,75.5212615966797
3309,46.59984111785889
3310,8.032352368036905
3311,8.162312698364257
3312,7.965482521057129
3313,17.391347026824953
3314,48.18780431747437
3315,31.752453327178955
3316,36.69343929290771
3317,35.5638069152832
3318,20.537534713745117
3319,9.203410625457764
3320,8.005800565083822
3321,12.896129608154297
3322,17.319378089904784
3323,16.969746589660645
3324,13.757407474517823
3325,26.57444143295288
3326,26.5992169380188
3327,65.6602569580078
3328,46.406102657318115
3329,48.88294448852539
3330,57.14029471079508
3331,36.23064041137695
3332,8.500074291229248
3333,31.842863845825196
3334,18.246625900268555
3335,20.446863492329914
3336,20.44016056060791
3337,32.43116436004639
3338,26.42193470001221
3339,21.933344268798827
3340,22.015006860097248
3341,27.86820755004883
3342,34.074859619140625
3343,25.94860725402832
3344,42.84521980285645
3345,109.36912727355957
3346,119.6585563659668
3347,160.27018203735352
3348,103.37721405029296
3349,106.58805274963379
3350,32.361534118652344
3351,60.2244155883789
3352,59.030082321166994
3353,70.64390258789062
3354,64.71293563842774
3355,107.05508677164714
3356,83.34072570800781
3357,120.53023681640624
3358,103.73880157470703
3359,81.81704406738281
3360,90.46084721883138
3361,53.61179618835449
3362,59.780719947814944
3363,34.13048839569092
3364,56.05501518249512
3365,37.67861286799113
3366,81.32794647216797
3367,58.08040504455566
3368,36.97322731018066
3369,64.51638793945312
3370,47.76006571451823
3371,21.155461883544923
3372,13.985895729064941
3373,9.5595139503479
3374,8.963002777099609
3375,45.244812647501625
3376,52.63895854949951
3377,60.040611267089844
3378,54.843788146972656
3379,62.665890502929685
3380,45.57510471343994
3381,71.75056915283203
3382,45.88187217712402
3383,54.74642333984375
3384,42.94448623657227
3385,41.696452617645264
3386,48.54126472473145
3387,70.93627471923828
3388,67.6408483505249
3389,51.33168249130249
3390,48.5949002901713
3391,57.32654724121094
3392,12.501337623596191
3393,62.193573760986325
3394,62.512701416015624
3395,84.86582946777344
3396,92.5335189819336
3397,56.51955642700195
3398,61.67869110107422
3399,39.49052467346191
3400,47.52977307637533
3401,34.33175888061523
3402,35.70323715209961
3403,29.38908157348633
3404,16.556547260284425
3405,12.066697041193644
3406,20.593172073364258
3407,28.43101577758789
3408,23.518168449401855
3409,22.802472019195555
3410,29.037944714228313
3411,31.475646018981934
3412,5.548832988739013
3413,5.447131419181824
3414,6.634180927276612
3415,4.984169205029805
3416,5.341693782806397
3417,4.285256433486938
3418,4.797562217712402
3419,16.19307255744934
3420,28.29222011566162
3421,16.760405349731446
3422,19.62114562988281
3423,20.804015350341796
3424,22.582734870910645
3425,34.20097748438517
3426,41.4829704284668
3427,76.04675407409668
3428,71.26130905151368
3429,64.46070556640625
3430,67.86506366729736
3431,52.96318588256836
3432,53.51724624633789
3433,16.674890804290772
3434,6.522388553619384
3435,7.845383882522583
3436,11.830691051483154
3437,16.799656867980957
3438,37.565412521362305
3439,21.93924732208252
3440,32.20540483792623
3441,19.03482894897461
3442,30.5042667388916
3443,18.964308738708496
3444,29.121486854553222
3445,37.731034437815346
3446,32.776712608337405
3447,73.1325439453125
3448,63.22876453399658
3449,84.524072265625
3450,38.74933703740438
3451,34.99720802307129
3452,11.384868812561034
3453,10.022578144073487
3454,8.665754222869873
3455,11.833035945892334
3456,10.341768741607666
3457,10.40415554046631
3458,9.637709808349609
3459,9.492135810852051
3460,5.658241311709086
3461,12.587149143218994
3462,16.499368953704835
3463,18.081565189361573
3464,57.27435989379883
3465,53.254587173461914
3466,85.46923904418945
3467,78.79406433105468
3468,53.36953887939453
3469,64.50434646606445
3470,43.126918156941734
3471,77.77528400421143
3472,103.46683502197266
3473,129.87944316864014
3474,82.66812324523926
3475,76.7397027015686
3476,26.9637619972229
3477,29.736243057250977
3478,29.92281265258789
3479,49.99731216430664
3480,50.33729489644369
3481,34.258568954467776
3482,26.48989372253418
3483,30.181703186035158
3484,14.486330604553222
3485,6.811470111211141
3486,7.817721843719482
3487,35.83104476928711
3488,59.37060375213623
3489,85.69350051879883
3490,75.07662296295166
3491,79.01126976013184
3492,30.86571846008301
3493,23.15108299255371
3494,62.309991455078126
3495,52.5382350285848
3496,53.3512882232666
3497,49.301924514770505
3498,33.1464864730835
3499,18.473217964172363
3500,11.918986638387045
3501,13.426546382904053
3502,19.943622016906737
3503,20.15645866394043
3504,22.344197082519532
3505,20.974181811014812
3506,29.879528045654297
3507,25.399228286743163
3508,19.898545837402345
3509,14.699431800842286
3510,16.36824091275533
3511,7.606377363204956
3512,35.31988468170166
3513,27.588177490234376
3514,58.07790679931641
3515,26.013030370076496
3516,22.121525001525878
3517,82.98954162597656
3518,148.42564697265624
3519,137.05810089111327
3520,41.473716735839844
3521,62.46649322509766
3522,39.04788665771484
3523,36.09338722229004
3524,33.62509765625
3525,37.742605209350586
3526,43.84603443145752
3527,9.573468112945557
3528,5.654378986358642
3529,7.1498089790344235
3530,7.631423473358154
3531,15.052107238769532
3532,27.161322402954102
3533,12.529681587219239
3534,33.08251657485962
3535,17.36032732327779
3536,12.944787979125977
3537,12.25827465057373
3538,15.3236515045166
3539,10.177252864837646
3540,16.331536372502644
3541,45.85981740951538
3542,59.66598968505859
3543,61.07850189208985
3544,71.74756126403808
3545,61.066983222961426
3546,10.378146362304687
3547,13.392561912536621
3548,6.654102993011475
3549,5.693868732452392
3550,7.8387073675791425
3551,9.071597290039062
3552,9.92026491165161
3553,10.827749443054199
3554,11.687728881835938
3555,13.827919403711954
3556,9.423226737976075
3557,11.088555145263673
3558,10.32343406677246
3559,8.966391563415527
3560,9.811303536097208
3561,9.58484354019165
3562,9.596819496154785
3563,14.669765663146972
3564,24.141508102416992
3565,39.94251489639282
3566,51.19957313537598
3567,59.93648471832275
3568,74.95117435455322
3569,69.96421823501586
3570,45.64255174001058
3571,43.498468208312985
3572,19.392580223083495
3573,12.48415584564209
3574,31.35203399658203
3575,39.40614493687948
3576,37.25224571228027
3577,54.94750213623047
3578,47.516099548339845
3579,27.863485908508302
3580,33.13361104329427
3581,28.73941535949707
3582,20.81281089782715
3583,91.9611660003662
3584,59.746834182739256
3585,80.16528924306233
3586,79.08557434082032
3587,142.0067932128906
3588,83.93362579345703
3589,34.02688770294189
3590,107.74438778559367
3591,68.10367012023926
3592,61.104601287841795
3593,45.82677955627442
3594,62.366837882995604
3595,79.59371757507324
3596,27.49250774383545
3597,16.486053943634033
3598,10.578919982910156
3599,29.127713012695313
3600,21.036924839019775
3601,51.22624263763428
3602,54.52820358276367
3603,62.47128620147705
3604,36.874322509765626
3605,40.19346364339193
3606,27.853178787231446
3607,8.937630224227906
3608,41.91701240539551
3609,64.92265625
3610,46.21302684148153
3611,40.522931289672854
3612,56.01206817626953
3613,15.796576690673827
3614,7.692582893371582
3615,25.337251663208008
3616,19.301657104492186
3617,31.131510162353514
3618,37.918114852905276
3619,32.344003677368164
3620,27.26176643371582
3621,12.642752170562744
3622,6.4616645812988285
3623,5.598280334472657
3624,7.591620540618896
3625,21.362991094589233
3626,33.21130485534668
3627,41.36024837493896
3628,38.68046636581421
3629,64.00990428924561
3630,31.790041208267212
3631,21.553543376922608
3632,50.42092990875244
3633,34.814015579223636
3634,19.56533031463623
3635,23.06613294283549
3636,44.01932277679443
3637,23.677463626861574
3638,32.56108102798462
3639,22.71686906814575
3640,20.76058618227641
3641,6.251506519317627
3642,6.10044150352478
3643,5.482295513153076
3644,8.705065441131591
3645,6.207613468170166
3646,36.598003482818605
3647,54.06686515808106
3648,52.203543472290036
3649,21.870472526550294
3650,22.484405199686687
3651,7.921125984191894
3652,98.39840450286866
3653,113.26038970947266
3654,137.77558555603028
3655,89.57074324289958
3656,139.9964569091797
3657,11.561989212036133
3658,5.728041076660157
3659,4.273607349395752
3660,4.478044350941976
3661,9.34104871749878
3662,16.13868112564087
3663,27.851258945465087
3664,27.744073581695556
3665,20.3974289894104
3666,26.04716262817383
3667,26.90421314239502
3668,26.002034378051757
3669,15.911742401123046
3670,13.575812339782715
3671,22.960612869262697
3672,11.865857887268067
3673,10.02300796508789
3674,9.975083684921264
3675,14.98385500907898
3676,12.143278312683105
3677,29.43562412261963
3678,23.138846969604494
3679,9.825565910339355
3680,35.12207833925883
3681,24.439006805419922
3682,16.206562757492065
3683,17.72730722427368
3684,15.331100463867188
3685,23.240589141845703
3686,26.954155349731444
3687,20.459793281555175
3688,14.206005191802978
3689,15.424645805358887
3690,7.599602421124776
3691,3.8042904853820803
3692,3.5884172439575197
3693,6.245210647583008
3694,17.968939065933228
3695,31.573942979176838
3696,81.07267227172852
3697,65.0592254638672
3698,68.14541244506836
3699,62.2132869720459
3700,54.660021940867104
3701,5.79412727355957
3702,35.75278453826904
3703,42.168225860595705
3704,32.82186508178711
3705,26.67566641171773
3706,46.37658042907715
3707,29.293964385986328
3708,44.47729263305664
3709,50.39293518066406
3710,80.71688906351726
3711,67.00670051574707
3712,48.440947723388675
3713,34.312631607055664
3714,33.034477615356444
3715,23.421691576639812
3716,22.69387283325195
3717,52.642142868041994
3718,41.3054277420044
3719,34.43496322631836
3720,20.111129760742188
3721,13.782497882843018
3722,117.91622467041016
3723,86.39725341796876
3724,102.72976989746094
3725,79.12963167826335
3726,61.13077507019043
3727,18.472119331359863
3728,27.01119155883789
3729,22.46295280456543
3730,18.865151405334473
3731,27.322701263427735
3732,37.05556793212891
3733,16.009992599487305
3734,32.204114532470705
3735,40.17372067769369
3736,57.64096221923828
3737,65.07422637939453
3738,68.80502624511719
3739,42.58641529083252
3740,44.70246950785319
3741,21.15127944946289
3742,5.1063769340515135
3743,4.334450769424438
3744,6.800684642791748
3745,25.79349684715271
3746,52.37227773666382
3747,22.394604873657226
3748,13.587225914001465
3749,46.0516453742981
3750,9.655036131540934
3751,7.1791376113891605
3752,4.9299674987792965
3753,5.165947341918946
3754,8.616995143890382
3755,15.231515725453695
3756,12.273716354370118
3757,18.367216300964355
3758,23.22897834777832
3759,17.127827453613282
3760,33.233132203420006
3761,28.919352340698243
3762,22.715276336669923
3763,15.599127197265625
3764,15.119383239746094
3765,8.660632967948914
3766,12.012091445922852
3767,5.927201938629151
3768,6.166372489929199
3769,18.9109769821167
3770,27.47414477666219
3771,17.314841508865356
3772,17.762764835357665
3773,35.06282272338867
3774,11.679694843292236
3775,5.553724447886149
3776,5.500478792190552
3777,5.055367851257325
3778,10.100828552246094
3779,13.774524211883545
3780,24.778568625450134
3781,38.27504253387451
3782,44.56311111450195
3783,38.37232437133789
3784,36.11592273712158
3785,33.15357780456543
3786,16.732572937011717
3787,20.510644340515135
3788,21.512575912475587
3789,20.80789966583252
3790,15.979950110117594
3791,17.949484062194824
3792,22.200864791870117
3793,25.653632354736327
3794,40.78208618164062
3795,39.662336349487305
3796,51.27651863098144
3797,74.38333206176758
3798,42.30441856384277
3799,28.827045822143553
3800,17.462058703104656
3801,15.300815200805664
3802,9.975187683105469
3803,12.045576095581055
3804,24.966094303131104
3805,25.62664556503296
3806,31.057606506347657
3807,16.56642093658447
3808,20.806903839111328
3809,11.01163215637207
3810,26.404358386993408
3811,21.117682266235352
3812,18.732468795776366
3813,34.265882873535155
3814,35.84327850341797
3815,20.741102695465088
3816,18.92990913391113
3817,14.948902893066407
3818,5.970151042938232
3819,4.226961946487426
3820,4.351281364758809
3821,16.681517553329467
3822,11.913127231597901
3823,8.11719274520874
3824,8.297982215881348
3825,22.07364312807719
3826,17.525811195373535
3827,11.65677251815796
3828,23.255066871643066
3829,35.63564872741699
3830,41.781710624694824
3831,63.359256744384766
3832,70.43909225463867
3833,82.31972045898438
3834,52.58019180297852
3835,64.36705112457275
3836,57.13255386352539
3837,49.00209617614746
3838,110.9757469177246
3839,83.15648384094239
3840,55.68563254674276
3841,105.75956115722656
3842,147.60105247497557
3843,97.11780433654785
3844,72.19273986816407
3845,101.19587135314941
3846,9.188886737823486
3847,5.45726957321167
3848,5.815322494506836
3849,13.867792415618897
3850,31.854175249735516
3851,39.76025199890137
3852,33.44097900390625
3853,18.731641387939455
3854,24.499289894104002
3855,9.067641496658325
3856,4.34315938949585
3857,3.537666988372803
3858,11.549784994125366
3859,19.510526275634767
3860,11.450391292572021
3861,7.0743499279022215
3862,14.05024528503418
3863,9.27575044631958
3864,5.404637336730957
3865,21.985141038894653
3866,19.60002326965332
3867,29.60282955169678
3868,25.22023410797119
3869,28.01062297821045
3870,8.669977267583212
3871,15.179289627075196
3872,31.131624031066895
3873,32.14947147369385
3874,51.89265480041504
3875,38.900671323140465
3876,48.776109886169436
3877,30.548863220214844
3878,32.80334815979004
3879,21.40188503265381
3880,20.532130082448322
3881,9.749531936645507
3882,5.935909843444824
3883,5.00617733001709
3884,4.57414436340332
3885,3.533352851867676
3886,4.247012996673584
3887,5.006081533432007
3888,8.511712074279785
3889,31.282472229003908
3890,27.62883996963501
3891,69.5143325805664
3892,69.88551788330078
3893,37.85161151885986
3894,23.263807106018067
3895,54.003552754720054
3896,40.06396083831787
3897,31.054618787765502
3898,17.74445695877075
3899,17.138230895996095
3900,20.114643812179565
3901,3.537134790420532
3902,2.7387086868286135
3903,6.141340017318726
3904,12.538323998451233
3905,36.8537867863973
3906,32.84650802612305
3907,34.17043342590332
3908,61.875628280639646
3909,63.52070617675781
3910,56.61708386739095
3911,23.47118854522705
3912,26.821753883361815
3913,36.16861190795898
3914,29.131808471679687
3915,57.300901095072426
3916,44.20239086151123
3917,50.64149475097656
3918,29.734502410888673
3919,34.37147064208985
3920,29.31413682301839
3921,24.72786750793457
3922,17.093303680419922
3923,15.317436599731446
3924,18.73560447692871
3925,11.063547372817993
3926,8.553057765960693
3927,9.129942512512207
3928,5.651046943664551
3929,7.790677165985107
3930,8.930731217066446
3931,12.374783325195313
3932,25.732207107543946
3933,35.55800733566284
3934,39.317488479614255
3935,62.8559824625651
3936,65.20268325805664
3937,56.422346878051755
3938,51.12422142028809
3939,63.75453643798828
3940,55.6208823521932
3941,69.97521133422852
3942,22.573942184448242
3943,14.03981876373291
3944,15.835691261291505
3945,15.3784392674764
3946,28.748870849609375
3947,42.75353107452393
3948,49.39054794311524
3949,31.98212413787842
3950,43.31921100616455
3951,31.068376731872558
3952,36.771185302734374
3953,24.811936569213866
3954,11.490835571289063
3955,11.204471349716187
3956,10.021110916137696
3957,13.224393939971923
3958,13.931314373016358
3959,7.955739879608155
3960,11.14713458220164
3961,7.221301174163818
3962,6.459999847412109
3963,8.645569896697998
3964,17.551044464111328
3965,11.934074401855469
3966,6.140044355392456
3967,14.089153289794922
3968,17.5132719039917
3969,2.4991600036621096
3970,6.69282329082489
3971,28.313301038742065
3972,36.02199592590332
3973,33.53799037933349
3974,47.30963478088379
3975,29.58497627576192
3976,17.57099266052246
3977,13.931139183044433
3978,5.791442632675171
3979,20.758316421508788
3980,37.462331771850586
3981,29.428556060791017
3982,22.400909423828125
3983,23.62040195465088
3984,26.027114486694337
3985,27.17399787902832
3986,15.675811386108398
3987,17.149026489257814
3988,17.81015281677246
3989,8.294182062149048
3990,17.40974485874176
3991,17.527706336975097
3992,13.489455604553223
3993,13.530686950683593
3994,14.315252304077148
3995,10.090279897054037
3996,8.41242847442627
3997,6.1666816711425785
3998,4.745573425292969
3999,2.8415064334869387
4000,3.234223564465841
4001,2.2453557729721068
4002,16.164182710647584
4003,9.16443030834198
4004,16.778391218185426
4005,42.45389048258463
4006,47.84878654479981
4007,36.8638521194458
4008,19.919680309295654
4009,22.448397827148437
4010,11.370044072469076
4011,17.256828546524048
4012,28.4558274269104
4013,27.88598313331604
4014,32.751405811309816
4015,22.235129316647846
4016,14.275811147689819
4017,1.9074702739715577
4018,20.55854735374451
4019,22.46290054321289
4020,43.42427416642507
4021,19.11028919219971
4022,47.93767127990723
4023,48.544059371948244
4024,38.28418388366699
4025,38.40186341603597
4026,58.585998916625975
4027,44.94090957641602
4028,30.216259765625
4029,36.23131141662598
4030,25.323015848795574
4031,11.415966987609863
4032,24.63764343261719
4033,15.747613716125489
4034,20.281452941894532
4035,28.101170539855957
4036,28.26856460571289
4037,24.444546699523926
4038,21.434467697143553
4039,26.0308988571167
4040,25.016050338745117
4041,30.085287666320802
4042,42.84123153686524
4043,27.188649940490723
4044,21.441438102722167
4045,22.00710614522298
4046,10.088388919830322
4047,4.914125156402588
4048,4.99856595993042
4049,3.680973482131958
4050,40.94184140364329
4051,18.088510704040527
4052,40.08909873962402
4053,57.59322280883789
4054,49.79921245574951
4055,36.511691649754844
4056,12.840213584899903
4057,8.077426862716674
4058,23.780936455726625
4059,47.531247520446776
4060,59.68282572428385
4061,19.33806438446045
4062,37.3185830116272
4063,18.63661379814148
4064,6.1078790664672855
4065,9.122817794481913
4066,2.3261245489120483
4067,2.4690452098846434
4068,1.9274140834808349
4069,2.1893157005310058
4070,2.0827834208806357
4071,2.235616087913513
4072,2.1481541633605956
4073,2.632440519332886
4074,103.17934112548828
4075,131.60149892171225
4076,82.22519054412842
4077,84.3682014465332
4078,60.40170192718506
4079,6.428659868240357
4080,10.443886439005533
4081,8.70937533378601
4082,12.726384925842286
4083,14.648532295227051
4084,23.96210479736328
4085,13.812506675720215
4086,11.919352149963379
4087,35.13827400207519
4088,49.487175369262694
4089,53.802981567382815
4090,38.19715770085653
4091,40.66122694015503
4092,8.6876962184906
4093,4.317463731765747
4094,3.9161662578582765
4095,3.5560137033462524
4096,3.083167552947998
4097,42.51728186607361
4098,39.20155067443848
4099,71.58592834472657
4100,118.47314071655273
4101,73.70001678466797
4102,45.015048599243165
4103,43.45191421508789
4104,16.328212356567384
4105,10.720898230870565
4106,6.657201194763184
4107,7.465518951416016
4108,5.1082727909088135
4109,3.474502182006836
4110,3.3798460165659585
4111,2.54212806224823
4112,2.1088298082351686
4113,1.7623532295227051
4114,1.412384557723999
4115,1.2900216778119404
4116,1.2701441287994384
4117,2.4661049604415894
4118,4.132515573501587
4119,14.03868751525879
4120,20.63278826077779
4121,14.3421049118042
4122,12.901877307891846
4123,15.314505290985107
4124,3.1960612773895263
4125,2.0154757499694824
4126,2.1427757501602174
4127,2.055782437324524
4128,1.7127264738082886
4129,1.6907809257507325
4130,1.393093764781952
4131,3.9014670133590696
4132,4.278587865829468
4133,2.987424004077911
4134,5.588929748535156
4135,10.495436668395996
4136,10.90182945728302
4137,7.1420567512512205
4138,11.59053840637207
4139,26.339743041992186
4140,16.71974007288615
4141,19.864439010620117
4142,30.812686920166016
4143,25.204895782470704
4144,24.000508117675782
4145,15.57568351427714
4146,24.913392639160158
4147,13.619471263885497
4148,14.841730308532714
4149,16.40839557647705
4150,4.7851236661275225
4151,4.260432147979737
4152,8.398535442352294
4153,22.67164421081543
4154,27.650759506225587
4155,29.35424868265788
4156,41.82761154174805
4157,30.68634796142578
4158,33.93098316192627
4159,27.809926414489745
4160,16.915043512980144
4161,20.158020782470704
4162,24.52175407409668
4163,24.703623962402343
4164,28.03371925354004
4165,19.193554242451984
4166,19.332301712036134
4167,15.758062934875488
4168,10.715650653839111
4169,9.400668334960937
4170,6.3810726801554365
4171,4.965507984161377
4172,5.468836545944214
4173,3.2805978775024416
4174,3.049338960647583
4175,2.58622678120931
4176,13.805179023742676
4177,22.946232795715332
4178,19.651251077651978
4179,38.89125213623047
4180,62.993200620015465
4181,41.04728288650513
4182,70.02230453491211
4183,79.57085266113282
4184,33.36991310119629
4185,18.87853256861369
4186,18.492180633544923
4187,9.453138637542725
4188,7.283885765075683
4189,7.931437015533447
4190,11.037087758382162
4191,16.95323314666748
4192,41.433963775634766
4193,38.562872314453124
4194,37.382881546020506
4195,34.51199595133463
4196,26.538696670532225
4197,13.468676567077637
4198,12.033417510986329
4199,6.805971908569336
4200,13.988588889439901
4201,28.551997947692872
4202,16.14726366996765
4203,18.324496841430665
4204,10.633737373352051
4205,22.96329132715861
4206,22.6985990524292
4207,13.477860450744629
4208,20.730332565307616
4209,19.6227596282959
4210,18.360989888509113
4211,13.591117477416992
4212,12.240522289276123
4213,15.775305271148682
4214,9.969978046417236
4215,7.128312071164449
4216,8.218943309783935
4217,3.186402153968811
4218,3.397124195098877
4219,1.6937034130096436
4220,1.8806349039077759
4221,2.994046139717102
4222,17.889430904388426
4223,64.94962911605835
4224,78.33402557373047
4225,49.39464441935221
4226,63.62078094482422
4227,31.779720306396484
4228,35.51016216278076
4229,42.03610610961914
4230,48.61103995641073
4231,45.640113067626956
4232,21.107469749450683
4233,11.344864654541016
4234,12.853847408294678
4235,8.608869552612305
4236,11.64426555633545
4237,7.532302379608154
4238,7.544549751281738
4239,4.106751918792725
4240,3.5232725540796914
4241,2.9032187938690184
4242,2.45533766746521
4243,2.6264921903610228
4244,2.516098070144653
4245,8.4601309299469
4246,14.80284252166748
4247,25.215104866027833
4248,4.9791676044464115
4249,17.244692277908324
4250,13.140640219052633
4251,2.035886859893799
4252,1.9425349235534668
4253,4.663272047042847
4254,9.375063419342041
4255,10.78542947769165
4256,7.002675151824951
4257,7.594371032714844
4258,5.237633609771729
4259,1.7612138271331788
4260,1.2099783221880596
4261,1.06943199634552
4262,1.1996002674102784
4263,4.3269834280014035
4264,7.790376806259156
4265,32.50634411970774
4266,47.89127616882324
4267,24.68336296081543
4268,21.653089904785155
4269,65.02314720153808
4270,48.935047467549644
4271,24.753688526153564
4272,39.538032913208006
4273,47.79294490814209
4274,4.344302225112915
4275,4.207157452901204
4276,14.244016027450561
4277,17.37605619430542
4278,10.586307382583618
4279,9.655375766754151
4280,20.571397304534912
4281,14.02078356742859
4282,2.4425282001495363
4283,1.4565322399139404
4284,1.3075466394424438
4285,1.3406544129053752
4286,1.1748356223106384
4287,44.352349042892456
4288,56.386844635009766
4289,38.00163040161133
4290,50.2989501953125
4291,41.332786560058594
4292,43.469716262817386
4293,17.076455116271973
4294,29.817894172668456
4295,43.94121138254801
4296,43.95507278442383
4297,18.723997497558592
4298,26.454529762268066
4299,20.06662063598633
4300,17.31119426091512
4301,23.474385595321657
4302,42.69764099121094
4303,12.703288316726685
4304,6.6696038246154785
4305,5.641649961471558
4306,5.105042552947998
4307,4.840782308578492
4308,7.871925163269043
4309,8.724000167846679
4310,7.060114761193593
4311,14.900276374816894
4312,41.80732955932617
4313,46.1816593170166
4314,39.55219020843506
4315,22.157387892405193
4316,22.95145492553711
4317,10.39750874042511
4318,2.281215691566467
4319,2.8654052019119263
4320,2.512413720289866
4321,2.5854350328445435
4322,6.363309335708618
4323,5.627003288269043
4324,5.649235248565674
4325,8.413355827331543
4326,26.34663791656494
4327,19.851286697387696
4328,18.697935938835144
4329,29.184086036682128
4330,10.988001465797424
4331,68.50578117370605
4332,77.77302627563476
4333,102.55607452392579
4334,88.56894378662109
4335,89.03658676147461
4336,37.98160591125488
4337,16.752811241149903
4338,31.72232666015625
4339,42.23744430541992
4340,32.608181635538735
4341,65.54963684082031
4342,46.69287185668945
4343,53.34716987609863
4344,36.70834579467773
4345,55.93975512186686
4346,31.530762100219725
4347,55.13558769226074
4348,35.09026870727539
4349,21.973730754852294
4350,49.859753449757896
4351,49.82570686340332
4352,42.978675842285156
4353,63.39372863769531
4354,46.51542148590088
4355,36.9912223815918
4356,11.82765817642212
4357,13.101180267333984
4358,13.448415184020996
4359,14.394622611999512
4360,10.486584345499674
4361,17.99895324707031
4362,19.01721534729004
4363,13.154360961914062
4364,13.897806549072266
4365,25.53902546564738
4366,16.00419340133667
4367,28.817956733703614
4368,16.354535388946534
4369,18.189941692352296
4370,13.10751454035441
4371,33.8861701965332
4372,19.037272453308105
4373,26.723212051391602
4374,16.526669883728026
4375,22.723411083221436
4376,4.166787338256836
4377,7.866306114196777
4378,4.2923205375671385
4379,10.814152669906616
4380,24.35767638683319
4381,15.738859176635742
4382,27.347383499145508
4383,18.50221891403198
4384,23.021428489685057
4385,11.72307030359904
4386,14.282905101776123
4387,18.734144592285155
4388,8.616196727752685
4389,19.38498134613037
4390,17.048637708028156
4391,21.68257131576538
4392,35.58306875228882
4393,34.39601593017578
4394,6.717424201965332
4395,4.354847550392151
4396,3.870277166366577
4397,2.668771743774414
4398,4.101426410675049
4399,3.352625918388367
4400,2.838606317838033
4401,15.796244764328003
4402,10.431716823577881
4403,14.830137920379638
4404,14.162701225280761
4405,12.609732866287231
4406,10.332525634765625
4407,4.939904499053955
4408,11.460645484924317
4409,17.352688026428222
4410,27.39632797241211
4411,14.872523641586303
4412,53.61129879951477
4413,40.250528526306155
4414,40.58118257522583
4415,65.73352750142415
4416,81.68284931182862
4417,24.03138313293457
4418,9.496129035949707
4419,18.182470893859865
4420,13.000744183858236
4421,7.293847322463989
4422,7.493391513824463
4423,12.463194274902344
4424,10.698912239074707
4425,11.257942835489908
4426,7.226500749588013
4427,12.499733829498291
4428,18.751330757141112
4429,14.459233856201172
4430,25.209715525309246
4431,15.017120552062988
4432,20.41291570663452
4433,3.185159158706665
4434,3.1256160736083984
4435,6.061994910240173
4436,9.725589370727539
4437,5.263934755325318
4438,7.908870029449463
4439,5.679051613807678
4440,8.73705263932546
4441,7.054049491882324
4442,5.17057237625122
4443,7.228151416778564
4444,6.549819898605347
4445,3.5812153021494546
4446,1.689887523651123
4447,1.16274995803833
4448,1.243979287147522
4449,1.2078223943710327
4450,0.8240568240483602
4451,0.8479367017745971
4452,1.2254594564437866
4453,1.4076913475990296
4454,1.541700506210327
4455,2.4779244462649026
4456,2.7163965940475463
4457,2.0450876235961912
4458,4.810875296592712
4459,4.4096239566802975
4460,1.6705613334973652
4461,1.7100776195526124
4462,8.495210218429566
4463,11.850021839141846
4464,22.483092021942138
4465,19.300371487935383
4466,17.545573234558105
4467,17.661298561096192
4468,23.398105430603028
4469,4.417785358428955
4470,5.627486189206441
4471,5.203718852996826
4472,5.771545648574829
4473,3.575710415840149
4474,3.501918983459473
4475,7.394014914830525
4476,70.9510630607605
4477,72.00574760437011
4478,64.49489288330078
4479,60.53256759643555
4480,75.72329457600911
4481,22.04414005279541
4482,21.32359924316406
4483,9.749582481384277
4484,9.993936157226562
4485,22.68121083577474
4486,17.36360607147217
4487,10.252633190155029
4488,8.97329921722412
4489,5.7189476013183596
4490,5.629545609156291
4491,8.385494184494018
4492,19.157503509521483
4493,15.997761917114257
4494,15.924135208129883
4495,9.11420726776123
4496,3.511058712005615
4497,4.164337110519409
4498,1.575374960899353
4499,1.687242317199707
4500,2.2839365005493164
4501,2.01301372051239
4502,1.8342273235321045
4503,4.206897711753845
4504,9.990007400512695
4505,9.52739953994751
4506,10.143635940551757
4507,10.537358283996582
4508,4.37903311252594
4509,6.7393961429595945
4510,9.701158384482065
4511,32.1749568939209
4512,28.92144355773926
4513,31.140568447113036
4514,36.08456687927246
4515,18.5828963915507
4516,10.153630447387695
4517,8.712053775787354
4518,6.636354541778564
4519,4.239123725891114
4520,4.744802673657735
4521,13.319682502746582
4522,24.84281234741211
4523,11.497771215438842
4524,15.310768508911133
4525,10.202708204587301
4526,3.7030210494995117
4527,16.934677505493163
4528,19.495465421676634
4529,18.630371856689454
4530,36.31080190340678
4531,35.51454734802246
4532,22.854668426513673
4533,22.651049995422362
4534,16.381729698181154
4535,16.65018041928609
4536,18.39027633666992
4537,12.669122123718262
4538,10.405238723754882
4539,45.26738014221191
4540,38.079423904418945
4541,18.26033411026001
4542,31.67193293571472
4543,30.265232801437378
4544,9.28993878364563
4545,5.105939785639445
4546,4.260639381408692
4547,5.690980434417725
4548,4.888660717010498
4549,16.454286670684816
4550,23.784564812978108
4551,20.97934799194336
4552,26.194777488708496
4553,34.366994094848636
4554,26.993121910095216
4555,17.51629892985026
4556,17.454240989685058
4557,19.10793228149414
4558,40.74362926483154
4559,51.31899223327637
4560,48.478757540384926
4561,44.97367763519287
4562,13.431771850585937
4563,3.335011291503906
4564,2.741191792488098
4565,11.236239035924276
4566,17.296756744384766
4567,20.45419864654541
4568,24.55581283569336
4569,18.58491439819336
4570,10.166367689768473
4571,2.1085569858551025
4572,2.5583874702453615
4573,1.7695500612258912
4574,1.2480224132537843
4575,2.684927841027578
4576,10.52433090209961
4577,15.354541015625
4578,13.748075103759765
4579,9.031074047088623
4580,17.632148901621502
4581,16.253476428985596
4582,11.166008377075196
4583,25.401298141479494
4584,29.859231376647948
4585,20.00147291024526
4586,21.362499046325684
4587,11.98101577758789
4588,10.225268793106078
4589,3.9520771503448486
4590,8.98504638671875
4591,10.25708074569702
4592,6.840757846832275
4593,7.741625738143921
4594,11.446551275253295
4595,8.415842036406199
4596,8.776748633384704
4597,5.297287797927856
4598,11.817202854156495
4599,8.140411901474
4600,5.0492111047108965
4601,6.989105200767517
4602,9.802653694152832
4603,5.055095481872558
4604,5.913510954380035
4605,4.41588282585144
4606,3.0970253229141234
4607,12.264744663238526
4608,13.964537620544434
4609,26.791614532470703
4610,19.006086349487305
4611,19.73343667984009
4612,7.497649097442627
4613,6.355774402618408
4614,13.320965003967284
4615,4.754307051499684
4616,1.699566650390625
4617,1.7891522645950317
4618,2.6437535762786863
4619,2.3437474966049194
4620,2.0810723106066384
4621,1.717623233795166
4622,5.406168365478516
4623,5.009877943992615
4624,3.888099527359009
4625,3.9059495528539023
4626,18.851455974578858
4627,32.41213207244873
4628,15.530663871765137
4629,37.85083713531494
4630,40.05304463704427
4631,28.0777946472168
4632,9.776906585693359
4633,7.591012573242187
4634,5.06068172454834
4635,1.5119538108507793
4636,1.7275718927383423
4637,0.9668013572692871
4638,0.8994678020477295
4639,0.8355892777442933
